订单ID,订单日期,用户ID,邮寄方式,地区,省/自治区,商品类别,子类别,制造商,产品名称,订单量,销售额
A1000001,2018/1/1,CG-12520,二级,中南,湖南,家具,桌子,Barricks,"Barricks 圆桌, 白色",1.0,731.94
A1000003,2018/1/2,BH-11710,二级,华东,福建,技术,复印机,佳能,"佳能 墨水, 红色",1.0,7.28
A1000003,2018/1/2,BH-11710,二级,华东,福建,技术,电话,诺基亚,"诺基亚 充电器, 混合尺寸",8.0,907.152
A1000004,2018/1/3,BH-11710,标准级,东北,辽宁,办公用品,器具,Cuisinart,"Cuisinart 炉灶, 白色",1.0,911.424
A1000004,2018/1/3,IM-15070,标准级,东北,辽宁,办公用品,装订机,Ibico,"Ibico 装订机盖, 透明",10.0,407.976
A1000004,2018/1/3,HP-14815,标准级,东北,辽宁,家具,椅子,Harbour Creations,"Harbour Creations 椅垫, 红色",1.0,68.81
A1000004,2018/1/3,HP-14815,标准级,东北,辽宁,技术,复印机,佳能,"佳能 墨水, 数字化",1.0,2.544
A1000004,2018/1/3,PK-19075,标准级,东北,辽宁,技术,电话,思科,"思科 充电器, 混合尺寸",4.0,665.88
A1000005,2018/1/4,AG-10270,标准级,中南,广西,办公用品,标签,Avery,"Avery 文件夹标签, 可调",5.0,55.5
A1000006,2018/1/4,ZD-21925,二级,华北,北京,办公用品,纸张,Green Bar,"Green Bar 笔记本, 优质",10.0,213.48
A1000006,2018/1/4,ZD-21925,二级,华北,北京,家具,椅子,Hon,"Hon 摇椅, 每套两件",1.0,222.72
A1000010,2018/1/5,KB-16585,一级,西南,云南,办公用品,系固件,Accos,"Accos 按钉, 金属",1.0,60.34
A1000009,2018/1/5,SF-20065,二级,华北,河北,办公用品,收纳具,Rogers,"Rogers 锁柜, 蓝色",1.0,71.372
A1000009,2018/1/5,EB-13870,二级,华北,河北,办公用品,收纳具,Smead,"Smead 盒, 单宽度",2.0,1044.63
A1000009,2018/1/5,EH-13945,二级,华北,河北,家具,书架,Safco,"Safco 墙角架, 黑色",1.0,211.648
A1000007,2018/1/5,TB-21520,标准级,东北,辽宁,办公用品,装订机,Ibico,"Ibico 装订机, 透明",1.0,3083.43
A1000011,2018/1/6,TB-21520,一级,东北,吉林,办公用品,标签,Avery,"Avery 文件夹标签, 白色",1.0,9.618
A1000011,2018/1/6,TB-21520,一级,东北,吉林,技术,配件,SanDisk,"SanDisk 键区, 回收",1.0,124.2
A1000012,2018/1/7,TB-21520,标准级,东北,辽宁,办公用品,器具,Hoover,"Hoover 微波炉, 黑色",1.0,3.264
A1000012,2018/1/7,TB-21520,标准级,东北,辽宁,办公用品,标签,Smead,"Smead 运输标签, 红色",1.0,86.304
A1000012,2018/1/7,TB-21520,标准级,东北,辽宁,办公用品,美术,Binney & Smith,"Binney & Smith 记号笔, 金属",1.0,6.858
A1000012,2018/1/7,TB-21520,标准级,东北,辽宁,家具,椅子,Harbour Creations,"Harbour Creations 扶手椅, 可调",1.0,15.76
A1000012,2018/1/7,MA-17560,标准级,东北,辽宁,技术,电话,思科,"思科 办公室电话机, 蓝色",1.0,29.472
A1000013,2018/1/8,GH-14485,一级,中南,广东,办公用品,用品,Kleencut,"Kleencut 尺子, 工业",1.0,1097.544
A1000013,2018/1/8,GH-14485,一级,中南,广东,办公用品,系固件,Stockwell,"Stockwell 图钉, 金属",1.0,190.92
A1000013,2018/1/8,SN-20710,一级,中南,广东,办公用品,纸张,施乐,"施乐 计划信息表, 回收",1.0,113.328
A1000013,2018/1/8,SN-20710,一级,中南,广东,家具,书架,Sauder,"Sauder 书库, 白色",1.0,532.3992
A1000013,2018/1/8,SN-20710,一级,中南,广东,技术,电话,三星,"三星 耳机, 混合尺寸",1.0,212.058
A1000014,2018/1/9,SN-20710,标准级,东北,辽宁,办公用品,系固件,Stockwell,"Stockwell 橡皮筋, 整包",1.0,371.168
A1000016,2018/1/9,LC-16930,二级,华东,福建,办公用品,用品,Stiletto,"Stiletto 尺子, 蓝色",1.0,147.168
A1000015,2018/1/9,RA-19885,二级,华东,山东,办公用品,器具,Hoover,"Hoover 微波炉, 银色",1.0,77.88
A1000014,2018/1/9,ES-14080,标准级,东北,辽宁,技术,电话,苹果,"苹果 音频基座, 整包",1.0,95.616
A1000016,2018/1/9,ON-18715,二级,华东,福建,技术,设备,松下,"松下 计算器, 白色",1.0,45.98
A1000015,2018/1/9,ON-18715,二级,华东,山东,技术,配件,Memorex,"Memorex 键盘, 回收",1.0,17.46
A1000017,2018/1/10,PO-18865,二级,华东,上海,办公用品,纸张,Enermax,"Enermax 信纸, 优质",1.0,211.96
A1000017,2018/1/10,LH-16900,二级,华东,上海,办公用品,纸张,Enermax,"Enermax 备忘录便条, 回收",1.0,45.0
A1000018,2018/1/10,LH-16900,标准级,华北,天津,办公用品,纸张,施乐,"施乐 备忘录便条, 回收",1.0,21.8
A1000019,2018/1/11,DP-13000,一级,华北,天津,办公用品,信封,Kraft,"Kraft 局间信封, 红色",1.0,38.22
A1000021,2018/1/11,DP-13000,标准级,中南,湖南,办公用品,收纳具,Eldon,"Eldon 盒, 工业",1.0,75.18
A1000021,2018/1/11,DP-13000,标准级,中南,湖南,办公用品,用品,Acme,"Acme 大剪刀, 工业",1.0,6.16
A1000020,2018/1/11,DP-13000,标准级,西北,陕西,办公用品,用品,Fiskars,"Fiskars 修剪器, 蓝色",1.0,89.99
A1000023,2018/1/11,JM-15265,标准级,东北,黑龙江,办公用品,用品,Acme,"Acme 美工刀, 工业",1.0,15.26
A1000023,2018/1/11,JM-15265,标准级,东北,黑龙江,办公用品,系固件,Accos,"Accos 按钉, 整包",1.0,1029.95
A1000023,2018/1/11,TB-21055,标准级,东北,黑龙江,技术,配件,罗技,"罗技 键区, 实惠",1.0,208.56
A1000022,2018/1/11,TB-21055,标准级,华北,山西,技术,配件,罗技,"罗技 鼠标, 实惠",1.0,32.4
A1000025,2018/1/12,TB-21055,当日,中南,河南,办公用品,收纳具,Smead,"Smead 文件夹, 蓝色",1.0,319.41
A1000025,2018/1/12,TB-21055,当日,中南,河南,家具,椅子,Hon,"Hon 椅垫, 可调",1.0,14.56
A1000025,2018/1/12,TB-21055,当日,中南,河南,家具,椅子,Novimex,"Novimex 凳子, 每套两件",1.0,30.0
A1000024,2018/1/12,TB-21055,标准级,东北,辽宁,办公用品,系固件,Stockwell,"Stockwell 夹子, 每包 12 个",1.0,48.48
A1000026,2018/1/13,TB-21055,一级,华东,安徽,家具,椅子,Safco,"SAFCO 椅垫, 可调",1.0,1.68
A1000027,2018/1/13,KM-16720,一级,华北,天津,家具,用具,Deflect-O,"Deflect-O 分层置放架, 优质",1.0,13.98
A1000027,2018/1/13,KM-16720,一级,华北,天津,家具,用具,Rubbermaid,"Rubvermaid 闹钟, 黑色",1.0,25.824
A1000028,2018/1/13,KM-16720,标准级,中南,广东,办公用品,系固件,Accos,"Accos 图钉, 金属",1.0,146.73
A1000028,2018/1/13,KM-16720,标准级,中南,广东,办公用品,纸张,Green Bar,"Green Bar 信纸, 优质",1.0,79.76
A1000028,2018/1/13,PS-18970,标准级,中南,广东,办公用品,装订机,Acco,"Acco 装订机, 实惠",1.0,213.115
A1000028,2018/1/13,BS-11590,标准级,中南,广东,家具,用具,Deflect-O,"Deflect-O 框架, 优质",1.0,1113.024
A1000029,2018/1/16,BS-11590,标准级,华北,北京,办公用品,美术,Binney & Smith,"Binney & Smith 铅笔刀, 蓝色",1.0,167.968
A1000032,2018/1/17,KD-16270,一级,华北,天津,家具,用具,Eldon,"Eldon 框架, 黑色",1.0,75.88
A1000032,2018/1/17,HM-14980,一级,华北,天津,家具,用具,Eldon,"Eldon 灯泡, 黑色",1.0,4.616
A1000033,2018/1/17,TB-21520,标准级,中南,河南,办公用品,用品,Acme,"Acme 开信刀, 锯齿状",1.0,19.05
A1000033,2018/1/17,JE-15745,标准级,中南,河南,技术,电话,诺基亚,"诺基亚 音频基座, 蓝色",1.0,831.936
A1000030,2018/1/17,JE-15745,二级,华北,北京,办公用品,收纳具,Rogers,"Rogers 文件车, 单宽度",1.0,97.04
A1000030,2018/1/17,JE-15745,二级,华北,北京,家具,用具,Eldon,"Eldon 框架, 优质",1.0,72.784
A1000031,2018/1/17,KB-16600,标准级,中南,广东,家具,椅子,Office Star,"Office Star 扶手椅, 红色",1.0,1.248
A1000035,2018/1/18,KB-16600,二级,东北,吉林,办公用品,器具,KitchenAid,"KitchenAid 咖啡研磨机, 红色",1.0,9.708
A1000034,2018/1/18,KB-16600,二级,华东,安徽,办公用品,系固件,OIC,"OIC 订书钉, 每包 12 个",1.0,27.24
A1000039,2018/1/21,JE-15745,一级,东北,吉林,家具,书架,宜家,"宜家 搁架, 白色",1.0,19.3
A1000037,2018/1/21,SC-20770,一级,中南,广东,办公用品,标签,Harbour Creations,"Harbour Creations 运输标签, 耐用",1.0,208.16
A1000037,2018/1/21,SC-20770,一级,中南,广东,办公用品,系固件,Stockwell,"Stockwell 回形针, 混合尺寸",1.0,16.74
A1000036,2018/1/21,DN-13690,二级,华东,安徽,办公用品,收纳具,Eldon,"Eldon 搁板, 金属",1.0,14.9
A1000038,2018/1/21,DN-13690,一级,东北,辽宁,办公用品,系固件,OIC,"OIC 按钉, 混合尺寸",1.0,21.39
A1000038,2018/1/21,JC-16105,一级,东北,辽宁,办公用品,装订机,Acco,"Acco 孔加固材料, 实惠",1.0,200.984
A1000038,2018/1/21,CS-12400,一级,东北,辽宁,家具,用具,Deflect-O,"Deflect-O 相框, 耐用",1.0,230.376
A1000040,2018/1/22,PO-18865,标准级,中南,河南,办公用品,收纳具,Rogers,"Rogers 盘, 金属",1.0,301.96
A1000040,2018/1/22,PG-18895,标准级,中南,河南,办公用品,装订机,Acco,"Acco 打孔机, 回收",1.0,19.99
A1000041,2018/1/23,PG-18895,二级,华北,山西,办公用品,器具,KitchenAid,"KitchenAid 炉灶, 白色",1.0,6.16
A1000041,2018/1/23,GM-14455,二级,华北,山西,家具,书架,宜家,"宜家 墙角架, 传统",1.0,158.368
A1000043,2018/1/25,JS-15685,二级,华东,山东,办公用品,器具,Breville,"Breville 搅拌机, 红色",1.0,20.1
A1000043,2018/1/25,JS-15685,二级,华东,山东,办公用品,装订机,Acco,"Acco 孔加固材料, 实惠",1.0,73.584
A1000043,2018/1/25,JS-15685,二级,华东,山东,办公用品,装订机,Cardinal,"Cardinal 打孔机, 回收",1.0,6.48
A1000043,2018/1/25,KB-16315,二级,华东,山东,技术,复印机,夏普,"夏普 无线传真机, 红色",1.0,12.96
A1000042,2018/1/25,KB-16315,标准级,华北,山西,家具,书架,Dania,"Dania 搁架, 传统",1.0,53.34
A1000044,2018/1/26,KB-16315,一级,西南,重庆,办公用品,用品,Fiskars,"Fiskars 美工刀, 蓝色",1.0,32.96
A1000044,2018/1/26,RB-19705,一级,西南,重庆,办公用品,装订机,Avery,"Avery 装订机, 耐用",1.0,5.682
A1000045,2018/1/26,PN-18775,二级,华北,河北,办公用品,装订机,Acco,"Acco 装订机盖, 实惠",1.0,96.53
A1000044,2018/1/26,KD-16345,一级,西南,重庆,技术,电话,摩托罗拉,"摩托罗拉 信号增强器, 全尺寸",1.0,51.312
A1000046,2018/1/26,ER-13855,二级,华东,上海,办公用品,用品,Fiskars,"Fiskars 开信刀, 钢",1.0,77.88
A1000046,2018/1/26,RB-19465,二级,华东,上海,办公用品,装订机,Avery,"Avery 装订机, 耐用",1.0,64.624
A1000046,2018/1/26,RB-19465,二级,华东,上海,家具,桌子,Chromcraft,"Chromcraft 木桌, 黑色",1.0,95.976
A1000046,2018/1/26,RB-19465,二级,华东,上海,技术,电话,三星,"三星 智能手机, 混合尺寸",1.0,1.788
A1000046,2018/1/26,GZ-14470,二级,华东,上海,技术,电话,思科,"思科 充电器, 整包",1.0,23.92
A1000047,2018/1/27,LC-16870,当日,中南,湖北,办公用品,信封,Cameo,"Cameo 商业信封, 回收",1.0,238.896
A1000047,2018/1/27,LC-16870,当日,中南,湖北,办公用品,装订机,Acco,"Acco 订书机, 耐用",1.0,102.36
A1000049,2018/1/27,LC-16870,一级,华东,上海,办公用品,收纳具,Tenex,"Tenex 文件车, 单宽度",1.0,36.882
A1000049,2018/1/27,JM-15250,一级,华东,上海,办公用品,标签,Avery,"Avery 合法证物标签, 耐用",1.0,74.112
A1000049,2018/1/27,JM-15250,一级,华东,上海,办公用品,美术,Boston,"Boston 画布, 整包",1.0,27.992
A1000049,2018/1/27,JM-15250,一级,华东,上海,技术,设备,爱普生,"爱普生 打印机, 白色",1.0,3.304
A1000048,2018/1/27,PA-19060,标准级,华东,山东,技术,电话,诺基亚,"诺基亚 信号增强器, 蓝色",1.0,339.96
A1000050,2018/1/30,CV-12805,二级,东北,黑龙江,办公用品,器具,Breville,"Breville 炉灶, 红色",1.0,41.96
A1000050,2018/1/30,CL-12565,二级,东北,黑龙江,办公用品,标签,Novimex,"Novimex 运输标签, 白色",1.0,75.96
A1000050,2018/1/30,CL-12565,二级,东北,黑龙江,办公用品,用品,Kleencut,"Kleencut 剪刀, 锯齿状",1.0,27.24
A1000050,2018/1/30,RC-19960,二级,东北,黑龙江,办公用品,美术,BIC,"BIC 铅笔刀, 金属",1.0,40.096
A1000050,2018/1/30,RC-19960,二级,东北,黑龙江,办公用品,装订机,Acco,"Acco 标签, 耐用",1.0,4.72
A1000050,2018/1/30,RC-19960,二级,东北,黑龙江,家具,椅子,Office Star,"Office Star 摇椅, 每套两件",1.0,23.976
A1000050,2018/1/30,RC-19960,二级,东北,黑龙江,技术,配件,罗技,"罗技 记忆卡, 可编程",1.0,130.464
A1000050,2018/1/30,DK-13090,二级,东北,黑龙江,技术,配件,罗技,"罗技 闪存驱动器, 可编程",1.0,787.53
A1000052,2018/1/30,GG-14650,标准级,西北,陕西,办公用品,用品,Fiskars,"Fiskars 开信刀, 蓝色",1.0,157.794
A1000052,2018/1/30,SC-20725,标准级,西北,陕西,技术,电话,苹果,"苹果 充电器, 全尺寸",1.0,47.04
A1000051,2018/1/30,SC-20725,标准级,华东,山东,办公用品,收纳具,Tenex,"Tenex 盘, 蓝色",1.0,30.84
A1000051,2018/1/30,SC-20725,标准级,华东,山东,家具,椅子,Harbour Creations,"Harbour Creations 凳子, 可调",1.0,226.56
A1000051,2018/1/30,SC-20725,标准级,华东,山东,家具,椅子,Hon,"Hon 扶手椅, 黑色",1.0,115.02
A1000053,2018/1/31,SC-20725,标准级,华东,江苏,家具,书架,Dania,"Dania 书架, 金属",1.0,68.04
A1000053,2018/1/31,AD-10180,标准级,华东,江苏,技术,设备,StarTech,"StarTech 卡片打印机, 耐用",1.0,600.558
A1000053,2018/1/31,PF-19165,标准级,华东,江苏,技术,配件,Enermax,"Enermax 键盘, 可编程",1.0,617.7
A1000054,2018/2/1,TS-21610,一级,西北,陕西,家具,椅子,Safco,"SAFCO 沙滩椅, 可调",1.0,2.388
A1000058,2018/2/1,TS-21610,二级,中南,广东,办公用品,装订机,Ibico,"Ibico 装订机, 实惠",1.0,243.992
A1000057,2018/2/1,LS-16975,二级,中南,湖北,技术,设备,冲电器,"冲电器 打印机, 耐用",1.0,81.424
A1000055,2018/2/1,LS-16975,标准级,华北,内蒙古,家具,椅子,Safco,"SAFCO 扶手椅, 黑色",1.0,238.56
A1000055,2018/2/1,DW-13585,标准级,华北,内蒙古,技术,配件,贝尔金,"贝尔金 键盘, 实惠",1.0,59.97
A1000056,2018/2/1,DW-13585,标准级,西南,云南,办公用品,信封,GlobeWeis,"GlobeWeis 局间信封, 回收",1.0,78.304
A1000056,2018/2/1,DW-13585,标准级,西南,云南,家具,书架,Safco,"Safco 书架, 金属",1.0,21.456
A1000063,2018/2/2,LC-16885,一级,华东,上海,办公用品,纸张,Green Bar,"Green Bar 笔记本, 每包 12 个",1.0,20.04
A1000059,2018/2/2,LC-16885,二级,华东,江苏,办公用品,用品,Elite,"Elite 大剪刀, 蓝色",1.0,35.44
A1000061,2018/2/2,LC-16885,标准级,东北,黑龙江,家具,用具,Tenex,"Tenex 闹钟, 耐用",1.0,11.52
A1000064,2018/2/2,LC-16885,标准级,中南,广东,办公用品,用品,Elite,"Elite 剪刀, 蓝色",1.0,4.02
A1000062,2018/2/2,LC-16885,标准级,华北,河北,办公用品,信封,Jiffy,"Jiffy 邮寄品, 回收",1.0,76.176
A1000062,2018/2/2,LC-16885,标准级,华北,河北,办公用品,装订机,Avery,"Avery 装订机盖, 耐用",1.0,65.88
A1000062,2018/2/2,LC-16885,标准级,华北,河北,家具,桌子,Bevis,"Bevis 会议桌, 组装",1.0,43.12
A1000062,2018/2/2,JD-15895,标准级,华北,河北,家具,用具,Rubbermaid,"Rubvermaid 框架, 黑色",1.0,82.8
A1000060,2018/2/2,SH-19975,标准级,华东,山东,技术,复印机,佳能,"佳能 传真复印机, 红色",1.0,8.82
A1000065,2018/2/6,SH-19975,标准级,中南,湖南,办公用品,信封,Ames,"Ames 搭扣信封, 回收",1.0,10.86
A1000065,2018/2/6,SH-19975,标准级,中南,湖南,办公用品,标签,Harbour Creations,"Harbour Creations 合法证物标签, 耐用",1.0,143.7
A1000065,2018/2/6,SG-20080,标准级,中南,湖南,办公用品,标签,Hon,"Hon 合法证物标签, 可调",1.0,839.43
A1000065,2018/2/6,HA-14920,标准级,中南,湖南,办公用品,装订机,Wilson Jones,"Wilson Jones 订书机, 透明",1.0,671.93
A1000065,2018/2/6,MG-17680,标准级,中南,湖南,技术,复印机,Hewlett,"Hewlett 墨水, 数字化",1.0,93.888
A1000065,2018/2/6,JE-16165,标准级,中南,湖南,技术,电话,苹果,"苹果 办公室电话机, 整包",1.0,384.45
A1000065,2018/2/6,JE-16165,标准级,中南,湖南,技术,设备,柯尼卡,"柯尼卡 喷墨打印机, 耐用",1.0,149.97
A1000066,2018/2/7,JE-16165,标准级,西南,四川,家具,书架,Safco,"Safco 书库, 白色",1.0,1951.84
A1000066,2018/2/7,JE-16165,标准级,西南,四川,家具,书架,宜家,"宜家 书架, 白色",1.0,171.55
A1000069,2018/2/8,TW-21025,二级,西北,陕西,家具,椅子,Office Star,"Office Star 折叠椅, 每套两件",1.0,157.92
A1000067,2018/2/8,TW-21025,二级,中南,湖北,家具,桌子,Hon,"Hon 木桌, 白色",1.0,203.184
A1000068,2018/2/8,SP-20650,标准级,中南,湖南,办公用品,器具,Hoover,"Hoover 搅拌机, 银色",1.0,58.38
A1000068,2018/2/8,SP-20650,标准级,中南,湖南,办公用品,标签,Avery,"Avery 文件夹标签, 可调",1.0,105.52
A1000068,2018/2/8,SP-20650,标准级,中南,湖南,办公用品,装订机,Cardinal,"Cardinal 孔加固材料, 回收",1.0,80.88
A1000068,2018/2/8,NK-18490,标准级,中南,湖南,技术,设备,柯尼卡,"柯尼卡 计算器, 红色",1.0,6.63
A1000070,2018/2/11,DB-13060,标准级,华北,天津,家具,用具,Deflect-O,"Deflect-O 灯泡, 一包多件",1.0,457.568
A1000071,2018/2/12,NP-18670,一级,中南,广东,办公用品,信封,Kraft,"Kraft 马尼拉纸信封, 回收",1.0,14.62
A1000072,2018/2/13,NP-18670,一级,华东,山东,办公用品,装订机,Acco,"Acco 打孔机, 透明",1.0,944.93
A1000072,2018/2/13,TT-21070,一级,华东,山东,家具,书架,宜家,"宜家 搁架, 黑色",1.0,5.98
A1000072,2018/2/13,EM-13960,一级,华东,山东,家具,椅子,Harbour Creations,"Harbour Creations 椅垫, 每套两件",1.0,54.384
A1000073,2018/2/13,RD-19900,二级,华北,山西,办公用品,装订机,Acco,"Acco 订书机, 回收",1.0,28.4
A1000073,2018/2/13,MJ-17740,二级,华北,山西,技术,电话,摩托罗拉,"摩托罗拉 耳机, 整包",1.0,27.68
A1000073,2018/2/13,BM-11140,二级,华北,山西,技术,配件,Enermax,"Enermax 鼠标, 回收",1.0,9.936
A1000073,2018/2/13,BM-11140,二级,华北,山西,技术,配件,贝尔金,"贝尔金 记忆卡, 可编程",1.0,8159.952
A1000076,2018/2/14,BM-11140,当日,东北,黑龙江,办公用品,装订机,Acco,"Acco 订书机, 耐用",1.0,275.928
A1000075,2018/2/14,BM-11140,标准级,西南,四川,办公用品,信封,Jiffy,"Jiffy 局间信封, 银色",1.0,1740.06
A1000074,2018/2/14,BM-11140,标准级,华北,河北,办公用品,信封,GlobeWeis,"GlobeWeis 局间信封, 每套 50 个",1.0,32.064
A1000074,2018/2/14,BM-11140,标准级,华北,河北,办公用品,系固件,Stockwell,"Stockwell 夹子, 混合尺寸",1.0,177.98
A1000077,2018/2/15,BM-11140,二级,中南,广东,家具,椅子,Office Star,"Office Star 折叠椅, 可调",1.0,143.976
A1000077,2018/2/15,CS-12130,二级,中南,广东,技术,电话,三星,"三星 音频基座, 整包",1.0,20.94
A1000078,2018/2/15,CS-12130,一级,华东,福建,办公用品,标签,Harbour Creations,"Harbour Creations 合法证物标签, 可调",1.0,110.96
A1000078,2018/2/15,CS-12130,一级,华东,福建,家具,用具,Tenex,"Tenex 分层置放架, 优质",1.0,340.144
A1000078,2018/2/15,JB-15400,一级,华东,福建,技术,配件,Memorex,"Memorex 闪存驱动器, 回收",1.0,52.448
A1000079,2018/2/16,JB-15400,二级,华北,北京,办公用品,器具,KitchenAid,"KitchenAid 烤面包机, 银色",1.0,20.16
A1000079,2018/2/16,SJ-20500,二级,华北,北京,办公用品,装订机,Ibico,"Ibico 装订机盖, 回收",1.0,97.264
A1000079,2018/2/16,JE-15745,二级,华北,北京,办公用品,装订机,Wilson Jones,"Wilson Jones 孔加固材料, 实惠",1.0,396.802
A1000082,2018/2/17,JE-15745,一级,中南,湖南,办公用品,系固件,Advantus,"Advantus 按钉, 混合尺寸",1.0,15.88
A1000081,2018/2/17,JK-15640,二级,中南,广东,办公用品,用品,Elite,"Elite 美工刀, 蓝色",1.0,3.28
A1000080,2018/2/17,DK-13150,标准级,华东,山东,办公用品,收纳具,Eldon,"Eldon 文件夹, 单宽度",1.0,24.816
A1000083,2018/2/17,DK-13150,标准级,东北,辽宁,办公用品,用品,Elite,"Elite 开信刀, 锯齿状",1.0,408.744
A1000084,2018/2/19,RM-19675,二级,中南,广东,办公用品,系固件,Stockwell,"Stockwell 订书钉, 金属",1.0,503.96
A1000084,2018/2/19,RM-19675,二级,中南,广东,办公用品,装订机,Cardinal,"Cardinal 订书机, 回收",1.0,149.95
A1000087,2018/2/20,RM-19675,二级,华东,福建,办公用品,系固件,Advantus,"Advantus 橡皮筋, 混合尺寸",1.0,29.0
A1000087,2018/2/20,SK-19990,二级,华东,福建,家具,书架,Dania,"Dania 搁架, 金属",1.0,7.16
A1000087,2018/2/20,FM-14290,二级,华东,福建,家具,书架,Sauder,"Sauder 搁架, 黑色",1.0,176.8
A1000087,2018/2/20,AM-10360,二级,华东,福建,家具,用具,Rubbermaid,"Rubvermaid 分层置放架, 一包多件",1.0,37.224
A1000085,2018/2/20,AM-10360,标准级,东北,黑龙江,办公用品,信封,Cameo,"Cameo 局间信封, 银色",1.0,20.016
A1000085,2018/2/20,MP-17470,标准级,东北,黑龙江,办公用品,美术,Binney & Smith,"Binney & Smith 钢笔, 整包",1.0,899.136
A1000085,2018/2/20,MP-17470,标准级,东北,黑龙江,办公用品,装订机,Ibico,"Ibico 装订机, 耐用",1.0,71.76
A1000085,2018/2/20,MP-17470,标准级,东北,黑龙江,家具,椅子,Safco,"SAFCO 凳子, 可调",1.0,51.84
A1000085,2018/2/20,MP-17470,标准级,东北,黑龙江,技术,设备,冲电器,"冲电器 喷墨打印机, 多色",1.0,626.352
A1000086,2018/2/20,MP-17470,标准级,华东,安徽,技术,复印机,惠普,"惠普 无线传真机, 每套两件",1.0,19.9
A1000088,2018/2/21,MZ-17515,标准级,中南,广东,办公用品,收纳具,Eldon,"Eldon 盒, 工业",1.0,14.28
A1000088,2018/2/21,CB-12025,标准级,中南,广东,家具,椅子,Hon,"Hon 椅垫, 可调",1.0,7.408
A1000090,2018/2/22,CB-12025,二级,华东,安徽,办公用品,信封,GlobeWeis,"GlobeWeis 马尼拉纸信封, 每套 50 个",1.0,6.048
A1000090,2018/2/22,VM-21685,二级,华东,安徽,办公用品,纸张,Green Bar,"Green Bar 信纸, 多色",1.0,46.26
A1000090,2018/2/22,FH-14365,二级,华东,安徽,办公用品,纸张,施乐,"施乐 计划信息表, 每包 12 个",1.0,2.946
A1000089,2018/2/22,FH-14365,标准级,华东,福建,办公用品,美术,BIC,"BIC 记号笔, 蓝色",1.0,16.056
A1000091,2018/2/23,MB-17305,二级,中南,广西,办公用品,装订机,Ibico,"Ibico 订书机, 耐用",1.0,21.744
A1000092,2018/2/24,BS-11755,标准级,华东,山东,家具,椅子,Harbour Creations,"Harbour Creations 摇椅, 红色",1.0,218.75
A1000093,2018/2/24,BS-11755,标准级,中南,广东,办公用品,器具,Breville,"Breville 烤面包机, 红色",1.0,2.6
A1000093,2018/2/24,LC-17140,标准级,中南,广东,办公用品,标签,Novimex,"Novimex 运输标签, 可调",1.0,66.284
A1000093,2018/2/24,HK-14890,标准级,中南,广东,家具,书架,Bush,"Bush 书库, 白色",1.0,35.168
A1000094,2018/2/27,LE-16810,二级,东北,黑龙江,技术,电话,诺基亚,"诺基亚 信号增强器, 整包",1.0,444.768
A1000095,2018/3/1,JH-15985,二级,中南,湖北,办公用品,系固件,OIC,"OIC 橡皮筋, 混合尺寸",1.0,83.92
A1000095,2018/3/1,JH-15985,二级,中南,湖北,办公用品,系固件,Stockwell,"Stockwell 按钉, 整包",1.0,131.98
A1000096,2018/3/1,JH-15985,标准级,华东,安徽,办公用品,器具,KitchenAid,"KitchenAid 炉灶, 黑色",1.0,15.92
A1000096,2018/3/1,JH-15985,标准级,华东,安徽,技术,配件,贝尔金,"贝尔金 记忆卡, 可编程",1.0,52.29
A1000098,2018/3/2,JH-15985,一级,华东,山东,办公用品,纸张,Eaton,"Eaton 备忘录便条, 每包 12 个",1.0,91.99
A1000098,2018/3/2,MS-17980,一级,华东,山东,办公用品,装订机,Ibico,"Ibico 打孔机, 透明",1.0,20.8
A1000097,2018/3/2,VW-21775,标准级,华东,江苏,办公用品,用品,Stiletto,"Stiletto 尺子, 锯齿状",1.0,23.68
A1000097,2018/3/2,VW-21775,标准级,华东,江苏,家具,书架,Bush,"Bush 墙角架, 金属",1.0,452.45
A1000097,2018/3/2,VW-21775,标准级,华东,江苏,家具,椅子,Novimex,"Novimex 沙滩椅, 红色",1.0,62.982
A1000097,2018/3/2,VW-21775,标准级,华东,江苏,技术,配件,Memorex,"Memorex 鼠标, 回收",1.0,1188.0
A1000100,2018/3/3,VW-21775,二级,华东,山东,技术,复印机,佳能,"佳能 个人复印机, 红色",1.0,89.584
A1000099,2018/3/3,JH-15910,标准级,中南,湖南,办公用品,收纳具,Rogers,"Rogers 锁柜, 单宽度",1.0,93.06
A1000099,2018/3/3,JH-15910,标准级,中南,湖南,家具,椅子,Hon,"Hon 扶手椅, 黑色",1.0,302.376
A1000101,2018/3/4,JB-15925,标准级,中南,广东,办公用品,纸张,Eaton,"Eaton 计划信息表, 回收",1.0,5.584
A1000102,2018/3/4,JB-15925,标准级,中南,湖北,技术,电话,诺基亚,"诺基亚 耳机, 整包",1.0,22.704
A1000105,2018/3/8,JB-15925,一级,华东,福建,家具,椅子,Safco,"SAFCO 椅垫, 红色",1.0,19.776
A1000103,2018/3/8,JB-15925,标准级,华东,福建,办公用品,装订机,Ibico,"Ibico 装订机盖, 回收",1.0,72.704
A1000103,2018/3/8,JB-15925,标准级,华东,福建,家具,椅子,Hon,"Hon 摇椅, 黑色",1.0,479.988
A1000104,2018/3/8,JB-15925,标准级,东北,黑龙江,办公用品,系固件,Accos,"Accos 回形针, 金属",1.0,27.168
A1000107,2018/3/9,DS-13180,标准级,西北,甘肃,家具,书架,Safco,"Safco 搁架, 金属",1.0,2.2
A1000107,2018/3/9,DS-13180,标准级,西北,甘肃,技术,电话,摩托罗拉,"摩托罗拉 智能手机, 整包",1.0,622.45
A1000106,2018/3/9,DS-13180,标准级,中南,湖南,技术,配件,罗技,"罗技 键盘, 实惠",1.0,21.98
A1000109,2018/3/11,VD-21670,一级,中南,广东,办公用品,器具,Cuisinart,"Cuisinart 微波炉, 银色",1.0,161.568
A1000109,2018/3/11,VD-21670,一级,中南,广东,办公用品,收纳具,Tenex,"Tenex 文件车, 单宽度",1.0,389.696
A1000108,2018/3/11,EA-14035,一级,华东,浙江,办公用品,美术,Binney & Smith,"Binney & Smith 速写本, 混合尺寸",1.0,18.648
A1000110,2018/3/12,CS-12400,标准级,西南,云南,技术,配件,Memorex,"Memorex 键区, 可编程",1.0,233.86
A1000113,2018/3/15,CS-12400,二级,西南,重庆,家具,椅子,Office Star,"Office Star 凳子, 黑色",1.0,620.6145
A1000113,2018/3/15,CS-12400,二级,西南,重庆,家具,椅子,Office Star,"Office Star 扶手椅, 可调",1.0,5.328
A1000113,2018/3/15,CS-12400,二级,西南,重庆,技术,电话,三星,"三星 信号增强器, 全尺寸",1.0,258.072
A1000113,2018/3/15,CS-12400,二级,西南,重庆,技术,电话,苹果,"苹果 耳机, 混合尺寸",1.0,617.976
A1000111,2018/3/15,DB-13120,二级,中南,广东,技术,电话,思科,"思科 办公室电话机, 蓝色",1.0,10.56
A1000112,2018/3/15,KL-16645,标准级,华北,内蒙古,家具,椅子,Novimex,"Novimex 折叠椅, 可调",1.0,25.92
A1000115,2018/3/16,KL-16645,标准级,东北,辽宁,办公用品,系固件,Stockwell,"Stockwell 橡皮筋, 混合尺寸",1.0,419.68
A1000114,2018/3/16,KL-16645,标准级,西南,重庆,办公用品,装订机,Wilson Jones,"Wilson Jones 订书机, 透明",1.0,11.688
A1000114,2018/3/16,KL-16645,标准级,西南,重庆,家具,椅子,Safco,"SAFCO 折叠椅, 红色",1.0,31.984
A1000116,2018/3/18,KL-16645,标准级,中南,广东,办公用品,美术,Binney & Smith,"Binney & Smith 钢笔, 金属",1.0,177.225
A1000116,2018/3/18,KL-16645,标准级,中南,广东,技术,电话,三星,"三星 办公室电话机, 全尺寸",1.0,4.044
A1000120,2018/3/19,KL-16645,二级,华东,浙江,技术,设备,柯尼卡,"柯尼卡 喷墨打印机, 耐用",1.0,7.408
A1000118,2018/3/19,DW-13480,二级,华北,河北,家具,椅子,Novimex,"Novimex 摇椅, 每套两件",1.0,2001.86
A1000119,2018/3/19,DW-13480,标准级,东北,吉林,办公用品,信封,Jiffy,"Jiffy 邮寄品, 红色",1.0,166.72
A1000119,2018/3/19,DW-13480,标准级,东北,吉林,办公用品,器具,Cuisinart,"Cuisinart 微波炉, 白色",1.0,47.88
A1000119,2018/3/19,DW-13480,标准级,东北,吉林,办公用品,纸张,Green Bar,"Green Bar 信纸, 每包 12 个",1.0,1503.25
A1000119,2018/3/19,DW-13480,标准级,东北,吉林,办公用品,装订机,Wilson Jones,"Wilson Jones 订书机, 耐用",1.0,25.92
A1000119,2018/3/19,LH-17155,标准级,东北,吉林,家具,桌子,Lesro,"Lesro 会议桌, 白色",1.0,321.568
A1000119,2018/3/19,KC-16540,标准级,东北,吉林,技术,配件,罗技,"罗技 键区, 实惠",1.0,7.61
A1000117,2018/3/19,KC-16540,标准级,中南,广东,办公用品,美术,Stanley,"Stanley 荧光笔, 金属",1.0,3347.37
A1000117,2018/3/19,DL-13315,标准级,中南,广东,技术,电话,苹果,"苹果 音频基座, 全尺寸",1.0,80.58
A1000122,2018/3/21,DL-13315,标准级,东北,黑龙江,办公用品,器具,KitchenAid,"KitchenAid 冰箱, 黑色",1.0,361.92
A1000121,2018/3/21,DR-12880,标准级,中南,河南,办公用品,器具,KitchenAid,"KitchenAid 咖啡研磨机, 红色",1.0,12.132
A1000123,2018/3/22,DR-12880,二级,中南,广东,办公用品,标签,Novimex,"Novimex 可去除的标签, 可调",1.0,82.368
A1000124,2018/3/22,DR-12880,标准级,东北,黑龙江,办公用品,收纳具,Fellowes,"Fellowes 锁柜, 单宽度",1.0,53.92
A1000124,2018/3/22,DR-12880,标准级,东北,黑龙江,办公用品,收纳具,Smead,"Smead 文件夹, 蓝色",1.0,647.904
A1000124,2018/3/22,CC-12670,标准级,东北,黑龙江,办公用品,用品,Kleencut,"Kleencut 修剪器, 锯齿状",1.0,20.37
A1000128,2018/3/23,CC-12670,二级,华东,福建,家具,书架,Bush,"Bush 书架, 白色",1.0,221.55
A1000125,2018/3/23,CC-12670,二级,华东,福建,技术,电话,苹果,"苹果 充电器, 蓝色",1.0,17.52
A1000126,2018/3/23,Dl-13600,标准级,中南,湖南,办公用品,标签,Harbour Creations,"Harbour Creations 可去除的标签, 白色",1.0,1.624
A1000127,2018/3/23,SB-20290,标准级,中南,广西,办公用品,器具,KitchenAid,"KitchenAid 冰箱, 黑色",1.0,3059.982
A1000130,2018/3/24,SB-20290,标准级,中南,河南,办公用品,装订机,Cardinal,"Cardinal 订书机, 回收",1.0,2519.958
A1000129,2018/3/24,RC-19825,标准级,中南,广东,家具,用具,Eldon,"Eldon 闹钟, 黑色",1.0,328.224
A1000131,2018/3/25,AH-10210,当日,西南,云南,办公用品,用品,Kleencut,"Kleencut 修剪器, 工业",1.0,79.9
A1000131,2018/3/25,CB-12535,当日,西南,云南,办公用品,系固件,Advantus,"Advantus 图钉, 整包",1.0,14.016
A1000131,2018/3/25,PG-18895,当日,西南,云南,办公用品,美术,BIC,"BIC 铅笔刀, 蓝色",1.0,7.56
A1000131,2018/3/25,CA-12310,当日,西南,云南,家具,椅子,Office Star,"Office Star 凳子, 每套两件",1.0,37.208
A1000131,2018/3/25,CA-12310,当日,西南,云南,技术,复印机,Hewlett,"Hewlett 传真复印机, 数字化",1.0,57.576
A1000132,2018/3/25,KH-16690,标准级,中南,湖南,办公用品,器具,Cuisinart,"Cuisinart 炉灶, 银色",1.0,725.84
A1000132,2018/3/25,HA-14920,标准级,中南,湖南,办公用品,装订机,Acco,"Acco 装订机, 耐用",1.0,209.93
A1000132,2018/3/25,HA-14920,标准级,中南,湖南,家具,桌子,Lesro,"Lesro 电脑桌, 长方形",1.0,5.28
A1000132,2018/3/25,HA-14920,标准级,中南,湖南,技术,复印机,夏普,"夏普 个人复印机, 彩色",1.0,10.92
A1000132,2018/3/25,BB-10990,标准级,中南,湖南,技术,设备,StarTech,"StarTech 电话, 白色",1.0,8.82
A1000132,2018/3/25,BB-10990,标准级,中南,湖南,技术,设备,松下,"松下 计算器, 多色",1.0,5.98
A1000134,2018/3/28,AG-10495,二级,中南,湖南,办公用品,信封,Kraft,"Kraft 商业信封, 回收",1.0,11.648
A1000133,2018/3/28,AG-10495,标准级,华东,山东,技术,设备,冲电器,"冲电器 卡片打印机, 多色",1.0,18.176
A1000135,2018/3/29,AG-10495,一级,西北,陕西,家具,用具,Deflect-O,"Deflect-O 分层置放架, 优质",1.0,59.712
A1000137,2018/3/30,AG-10495,一级,华东,江苏,办公用品,用品,Kleencut,"Kleencut 修剪器, 工业",1.0,24.84
A1000136,2018/3/30,SC-20725,标准级,华北,山西,技术,电话,思科,"思科 充电器, 全尺寸",1.0,2.08
A1000139,2018/3/31,SC-20725,标准级,西北,甘肃,家具,书架,Dania,"Dania 墙角架, 传统",1.0,1114.4
A1000139,2018/3/31,JO-15280,标准级,西北,甘肃,家具,椅子,Safco,"SAFCO 椅垫, 每套两件",1.0,1038.84
A1000139,2018/3/31,TB-21520,标准级,西北,甘肃,技术,配件,贝尔金,"贝尔金 键盘, 实惠",1.0,141.76
A1000138,2018/3/31,TB-21520,标准级,中南,湖北,办公用品,收纳具,Smead,"Smead 锁柜, 金属",1.0,239.8
A1000140,2018/4/1,TB-21520,标准级,中南,河南,办公用品,纸张,Green Bar,"Green Bar 信纸, 多色",1.0,31.104
A1000140,2018/4/1,AH-10195,标准级,中南,河南,办公用品,美术,Binney & Smith,"Binney & Smith 画布, 整包",1.0,254.058
A1000143,2018/4/1,AH-10195,标准级,中南,河南,办公用品,纸张,Green Bar,"Green Bar 令, 每包 12 个",1.0,194.528
A1000143,2018/4/1,AH-10195,标准级,中南,河南,办公用品,美术,Sanford,"Sanford 画布, 蓝色",1.0,961.48
A1000141,2018/4/1,NZ-18565,标准级,华北,河北,办公用品,系固件,Advantus,"Advantus 夹子, 金属",1.0,19.096
A1000141,2018/4/1,NZ-18565,标准级,华北,河北,办公用品,装订机,Avery,"Avery 孔加固材料, 耐用",1.0,18.496
A1000143,2018/4/1,NZ-18565,标准级,中南,河南,家具,椅子,Hon,"Hon 凳子, 每套两件",1.0,255.984
A1000141,2018/4/1,NZ-18565,标准级,华北,河北,家具,椅子,Hon,"Hon 椅垫, 可调",1.0,86.97
A1000142,2018/4/1,KL-16555,标准级,华东,安徽,办公用品,信封,Jiffy,"Jiffy 局间信封, 回收",1.0,300.416
A1000142,2018/4/1,KL-16555,标准级,华东,安徽,家具,椅子,Hon,"Hon 凳子, 每套两件",1.0,230.352
A1000142,2018/4/1,KL-16555,标准级,华东,安徽,家具,椅子,Novimex,"Novimex 摇椅, 红色",1.0,218.352
A1000144,2018/4/2,KL-16555,二级,东北,辽宁,办公用品,纸张,施乐,"施乐 笔记本, 优质",1.0,78.6
A1000145,2018/4/4,KL-16555,标准级,华北,内蒙古,办公用品,信封,Jiffy,"Jiffy 搭扣信封, 每套 50 个",1.0,27.552
A1000145,2018/4/4,JD-15895,标准级,华北,内蒙古,办公用品,标签,Smead,"Smead 可去除的标签, 白色",1.0,32.4
A1000145,2018/4/4,JD-15895,标准级,华北,内蒙古,家具,用具,Tenex,"Tenex 分层置放架, 黑色",1.0,1082.48
A1000146,2018/4/5,JD-15895,二级,华东,浙江,办公用品,系固件,Advantus,"Advantus 按钉, 金属",1.0,56.91
A1000146,2018/4/5,JD-15895,二级,华东,浙江,办公用品,纸张,Enermax,"Enermax 备忘录便条, 每包 12 个",1.0,77.6
A1000146,2018/4/5,JD-15895,二级,华东,浙江,家具,椅子,Novimex,"Novimex 沙滩椅, 可调",1.0,14.28
A1000150,2018/4/5,JH-15910,标准级,中南,湖南,办公用品,标签,Avery,"Avery 有色标签, 可调",1.0,219.075
A1000149,2018/4/5,AS-10225,标准级,中南,湖南,办公用品,装订机,Ibico,"Ibico 标签, 透明",1.0,26.8
A1000147,2018/4/5,KB-16600,标准级,中南,河南,办公用品,美术,Boston,"Boston 画布, 蓝色",1.0,9.84
A1000147,2018/4/5,CR-12625,标准级,中南,河南,办公用品,装订机,Ibico,"Ibico 打孔机, 实惠",1.0,45.48
A1000150,2018/4/5,CR-12625,标准级,中南,湖南,家具,书架,Sauder,"Sauder 墙角架, 黑色",1.0,289.2
A1000148,2018/4/5,SH-20395,标准级,华东,浙江,家具,椅子,Safco,"SAFCO 折叠椅, 红色",1.0,4.89
A1000150,2018/4/5,BP-11185,标准级,中南,湖南,家具,椅子,Harbour Creations,"Harbour Creations 凳子, 红色",1.0,15.136
A1000149,2018/4/5,BP-11185,标准级,中南,湖南,技术,配件,贝尔金,"贝尔金 记忆卡, 耐用",1.0,466.768
A1000151,2018/4/7,BP-11185,二级,华东,山东,办公用品,器具,Cuisinart,"Cuisinart 烤面包机, 白色",1.0,15.232
A1000152,2018/4/7,BP-11185,二级,华北,河北,办公用品,标签,Novimex,"Novimex 文件夹标签, 可调",1.0,6.264
A1000152,2018/4/7,TS-21205,二级,华北,河北,办公用品,标签,Novimex,"Novimex 运输标签, 白色",1.0,87.54
A1000152,2018/4/7,AG-10525,二级,华北,河北,办公用品,系固件,OIC,"OIC 按钉, 金属",1.0,178.384
A1000153,2018/4/7,AG-10525,二级,华北,河北,家具,用具,Tenex,"Tenex 分层置放架, 一包多件",1.0,15.552
A1000154,2018/4/7,SP-20860,标准级,华东,福建,技术,复印机,惠普,"惠普 个人复印机, 数字化",1.0,99.136
A1000155,2018/4/8,NM-18445,二级,东北,吉林,办公用品,装订机,Cardinal,"Cardinal 打孔机, 透明",1.0,135.882
A1000156,2018/4/11,NM-18445,二级,华北,河北,办公用品,器具,Cuisinart,"Cuisinart 搅拌机, 白色",1.0,3991.98
A1000156,2018/4/11,NM-18445,二级,华北,河北,办公用品,标签,Avery,"Avery 合法证物标签, 耐用",1.0,275.94
A1000156,2018/4/11,NM-18445,二级,华北,河北,办公用品,用品,Elite,"Elite 美工刀, 工业",1.0,360.0
A1000156,2018/4/11,NM-18445,二级,华北,河北,家具,书架,Bush,"Bush 墙角架, 黑色",1.0,43.57
A1000156,2018/4/11,FA-14230,二级,华北,河北,家具,书架,Sauder,"Sauder 柜, 金属",1.0,7.16
A1000156,2018/4/11,GK-14620,二级,华北,河北,家具,椅子,Safco,"SAFCO 凳子, 黑色",1.0,251.52
A1000159,2018/4/12,GK-14620,当日,中南,河南,办公用品,信封,Jiffy,"Jiffy 局间信封, 每套 50 个",1.0,99.99
A1000158,2018/4/12,DJ-13510,标准级,东北,黑龙江,办公用品,美术,BIC,"BIC 速写本, 金属",1.0,15.992
A1000157,2018/4/12,PO-18850,标准级,华东,山东,办公用品,美术,Stanley,"Stanley 速写本, 金属",1.0,290.898
A1000157,2018/4/12,PO-18850,标准级,华东,山东,技术,复印机,Brother,"Brother 无线传真机, 数字化",1.0,54.224
A1000160,2018/4/13,PO-18850,标准级,华北,天津,办公用品,信封,GlobeWeis,"GlobeWeis 商业信封, 银色",1.0,786.744
A1000160,2018/4/13,PO-18850,标准级,华北,天津,办公用品,器具,Hoover,"Hoover 搅拌机, 黑色",1.0,100.24
A1000160,2018/4/13,PO-18850,标准级,华北,天津,办公用品,收纳具,Rogers,"Rogers 文件夹, 金属",1.0,37.764
A1000160,2018/4/13,JL-15850,标准级,华北,天津,办公用品,纸张,Green Bar,"Green Bar 计划信息表, 回收",1.0,82.8
A1000160,2018/4/13,JL-15850,标准级,华北,天津,家具,书架,Bush,"Bush 古典书架, 金属",1.0,20.724
A1000160,2018/4/13,JL-15850,标准级,华北,天津,家具,用具,Rubbermaid,"Rubvermaid 分层置放架, 一包多件",1.0,4.896
A1000160,2018/4/13,DB-13615,标准级,华北,天津,技术,配件,Memorex,"Memorex 键区, 耐用",1.0,4.752
A1000161,2018/4/14,DB-13615,二级,华东,福建,家具,桌子,Lesro,"Lesro 培训桌, 白色",1.0,959.984
A1000162,2018/4/16,DB-13615,标准级,华东,浙江,办公用品,信封,Kraft,"Kraft 外皮和封条, 每套 50 个",1.0,14.368
A1000163,2018/4/19,AC-10420,标准级,华东,山东,家具,书架,Bush,"Bush 搁架, 白色",1.0,7.712
A1000163,2018/4/19,AC-10420,标准级,华东,山东,家具,书架,Dania,"Dania 墙角架, 金属",1.0,698.352
A1000163,2018/4/19,KL-16645,标准级,华东,山东,技术,复印机,夏普,"夏普 个人复印机, 彩色",1.0,4.96
A1000165,2018/4/20,JD-15895,一级,华东,上海,办公用品,器具,Breville,"Breville 咖啡研磨机, 白色",1.0,17.856
A1000165,2018/4/20,JD-15895,一级,华东,上海,家具,椅子,Hon,"Hon 沙滩椅, 红色",1.0,509.97
A1000168,2018/4/20,JD-15895,一级,中南,广东,办公用品,收纳具,Fellowes,"Fellowes 文件夹, 单宽度",1.0,30.992
A1000168,2018/4/20,JD-15895,一级,中南,广东,办公用品,美术,Binney & Smith,"Binney & Smith 钢笔, 蓝色",1.0,71.928
A1000164,2018/4/20,CS-12130,一级,华东,山东,办公用品,装订机,Avery,"Avery 孔加固材料, 透明",1.0,88.8
A1000168,2018/4/20,CC-12550,一级,中南,广东,家具,椅子,Office Star,"Office Star 摇椅, 可调",1.0,47.976
A1000168,2018/4/20,TD-20995,一级,中南,广东,家具,椅子,Office Star,"Office Star 摇椅, 每套两件",1.0,7.56
A1000168,2018/4/20,TD-20995,一级,中南,广东,家具,用具,Deflect-O,"Deflect-O 框架, 一包多件",1.0,24.56
A1000166,2018/4/20,TD-20995,标准级,华东,安徽,办公用品,收纳具,Eldon,"Eldon 盘, 蓝色",1.0,12.96
A1000166,2018/4/20,AB-10060,标准级,华东,安徽,办公用品,纸张,Enermax,"Enermax 信纸, 每包 12 个",1.0,6.79
A1000166,2018/4/20,AB-10060,标准级,华东,安徽,家具,用具,Eldon,"Eldon 门挡, 黑色",1.0,24.56
A1000166,2018/4/20,AB-10060,标准级,华东,安徽,家具,用具,Tenex,"Tenex 分层置放架, 一包多件",1.0,3.048
A1000167,2018/4/20,AB-10060,标准级,华东,上海,办公用品,信封,Kraft,"Kraft 局间信封, 红色",1.0,49.12
A1000170,2018/4/22,AB-10060,标准级,中南,湖南,办公用品,纸张,施乐,"施乐 信纸, 优质",1.0,4355.168
A1000169,2018/4/22,JL-15505,标准级,华东,山东,办公用品,装订机,Avery,"Avery 孔加固材料, 透明",1.0,388.704
A1000171,2018/4/26,JL-15505,标准级,华东,浙江,家具,书架,Sauder,"Sauder 古典书架, 白色",1.0,8.26
A1000172,2018/4/26,JL-15505,标准级,中南,河南,技术,设备,冲电器,"冲电器 计算器, 白色",1.0,17.04
A1000173,2018/4/27,JL-15505,标准级,西南,云南,办公用品,装订机,Acco,"Acco 孔加固材料, 耐用",1.0,34.4
A1000174,2018/4/27,HK-14890,标准级,华东,福建,办公用品,器具,Breville,"Breville 冰箱, 黑色",1.0,36.24
A1000174,2018/4/27,VB-21745,标准级,华东,福建,办公用品,标签,Avery,"Avery 圆形标签, 白色",1.0,647.84
A1000174,2018/4/27,VB-21745,标准级,华东,福建,办公用品,用品,Fiskars,"Fiskars 尺子, 工业",1.0,20.7
A1000174,2018/4/27,KW-16435,标准级,华东,福建,办公用品,纸张,Green Bar,"Green Bar 羊皮纸, 多色",1.0,20.7
A1000174,2018/4/27,KW-16435,标准级,华东,福建,办公用品,纸张,施乐,"施乐 信纸, 优质",1.0,488.646
A1000174,2018/4/27,KW-16435,标准级,华东,福建,技术,配件,SanDisk,"SanDisk 键盘, 可编程",1.0,5.56
A1000176,2018/4/28,KW-16435,二级,东北,吉林,办公用品,收纳具,Tenex,"Tenex 文件夹, 工业",1.0,47.12
A1000176,2018/4/28,JD-16060,二级,东北,吉林,技术,配件,贝尔金,"贝尔金 路由器, 可编程",1.0,211.96
A1000175,2018/4/28,MK-17905,二级,西北,陕西,办公用品,收纳具,Rogers,"Rogers 锁柜, 单宽度",1.0,23.2
A1000179,2018/4/29,MK-17905,当日,华东,上海,办公用品,系固件,Advantus,"Advantus 按钉, 整包",1.0,7.36
A1000177,2018/4/29,MK-17905,一级,华东,上海,办公用品,用品,Kleencut,"Kleencut 修剪器, 钢",1.0,104.79
A1000177,2018/4/29,MK-17905,一级,华东,上海,家具,用具,Advantus,"Advantus 闹钟, 一包多件",1.0,1043.92
A1000178,2018/4/29,GT-14755,标准级,华东,福建,办公用品,美术,Boston,"Boston 钢笔, 金属",1.0,25.92
A1000181,2018/4/30,GT-14755,标准级,中南,广东,办公用品,器具,Hamilton Beach,"Hamilton Beach 咖啡研磨机, 白色",1.0,53.424
A1000181,2018/4/30,AG-10900,标准级,中南,广东,办公用品,收纳具,Fellowes,"Fellowes 盘, 单宽度",1.0,8.16
A1000180,2018/4/30,AG-10900,标准级,西南,重庆,办公用品,纸张,Eaton,"Eaton 信纸, 优质",1.0,1023.936
A1000183,2018/5/1,AG-10900,二级,华东,江苏,家具,椅子,Harbour Creations,"Harbour Creations 扶手椅, 可调",1.0,9.24
A1000184,2018/5/1,AG-10900,标准级,中南,广西,办公用品,标签,Novimex,"Novimex 文件夹标签, 白色",1.0,479.04
A1000182,2018/5/1,MM-18280,标准级,中南,湖北,家具,用具,Advantus,"Advantus 分层置放架, 一包多件",1.0,99.136
A1000182,2018/5/1,AR-10405,标准级,中南,湖北,技术,电话,摩托罗拉,"摩托罗拉 耳机, 整包",1.0,1488.424
A1000185,2018/5/2,RA-19915,标准级,西南,重庆,办公用品,美术,Boston,"Boston 记号笔, 整包",1.0,8.652
A1000185,2018/5/2,RA-19915,标准级,西南,重庆,技术,设备,柯尼卡,"柯尼卡 电话, 白色",1.0,23.832
A1000186,2018/5/3,RA-19915,二级,华北,内蒙古,办公用品,信封,Kraft,"Kraft 外皮和封条, 每套 50 个",1.0,12.176
A1000186,2018/5/3,AS-10285,二级,华北,内蒙古,办公用品,器具,Cuisinart,"Cuisinart 咖啡研磨机, 黑色",1.0,50.96
A1000186,2018/5/3,AS-10285,二级,华北,内蒙古,技术,复印机,惠普,"惠普 传真机, 每套两件",1.0,49.536
A1000189,2018/5/3,LA-16780,标准级,华东,山东,办公用品,标签,Hon,"Hon 文件夹标签, 白色",1.0,41.9
A1000189,2018/5/3,DO-13435,标准级,华东,山东,技术,电话,思科,"思科 办公室电话机, 全尺寸",1.0,375.4575
A1000187,2018/5/3,DO-13435,二级,华东,福建,办公用品,标签,Harbour Creations,"Harbour Creations 圆形标签, 白色",1.0,83.976
A1000187,2018/5/3,DK-13225,二级,华东,福建,办公用品,用品,Elite,"Elite 尺子, 钢",1.0,482.34
A1000188,2018/5/3,DK-13225,标准级,中南,广东,办公用品,纸张,Eaton,"Eaton 令, 每包 12 个",1.0,2.96
A1000193,2018/5/4,NG-18430,一级,华东,福建,技术,复印机,Brother,"Brother 墨水, 红色",1.0,2.624
A1000193,2018/5/4,MV-18190,一级,华东,福建,技术,电话,思科,"思科 耳机, 混合尺寸",1.0,23.36
A1000190,2018/5/4,MV-18190,二级,中南,广东,办公用品,系固件,Stockwell,"Stockwell 订书钉, 整包",1.0,39.98
A1000191,2018/5/4,JG-15115,二级,中南,广东,办公用品,器具,Cuisinart,"Cuisinart 炉灶, 银色",1.0,246.384
A1000190,2018/5/4,JG-15115,二级,中南,广东,家具,书架,宜家,"宜家 书架, 白色",1.0,1799.97
A1000190,2018/5/4,BP-11095,二级,中南,广东,家具,椅子,Harbour Creations,"Harbour Creations 摇椅, 每套两件",1.0,12.462
A1000190,2018/5/4,VP-21730,二级,中南,广东,家具,椅子,Safco,"SAFCO 扶手椅, 每套两件",1.0,75.792
A1000191,2018/5/4,SS-20140,二级,中南,广东,家具,书架,Dania,"Dania 古典书架, 金属",1.0,49.96
A1000190,2018/5/4,SS-20140,二级,中南,广东,技术,配件,Enermax,"Enermax 闪存驱动器, 可编程",1.0,12.96
A1000191,2018/5/4,HP-14815,二级,中南,广东,技术,设备,爱普生,"爱普生 喷墨打印机, 红色",1.0,70.12
A1000192,2018/5/4,AG-10675,标准级,西北,陕西,技术,设备,爱普生,"爱普生 计算器, 耐用",1.0,35.952
A1000194,2018/5/4,AG-10675,标准级,华东,山东,办公用品,收纳具,Eldon,"Eldon 盒, 单宽度",1.0,2396.2656
A1000195,2018/5/5,AG-10675,标准级,中南,广东,家具,椅子,Novimex,"Novimex 扶手椅, 红色",1.0,131.136
A1000197,2018/5/6,AG-10675,当日,西南,云南,技术,配件,贝尔金,"贝尔金 鼠标, 回收",1.0,57.584
A1000196,2018/5/6,LF-17185,二级,中南,广东,办公用品,收纳具,Fellowes,"Fellowes 盒, 单宽度",1.0,9.568
A1000198,2018/5/6,SP-20650,标准级,东北,黑龙江,家具,用具,Deflect-O,"Deflect-O 相框, 优质",1.0,39.072
A1000199,2018/5/7,RF-19840,标准级,东北,吉林,办公用品,装订机,Avery,"Avery 孔加固材料, 耐用",1.0,35.91
A1000202,2018/5/9,KH-16510,当日,华东,山东,技术,复印机,佳能,"佳能 传真复印机, 红色",1.0,179.95
A1000201,2018/5/9,KH-16510,二级,华北,北京,办公用品,收纳具,Fellowes,"Fellowes 搁板, 蓝色",1.0,1199.976
A1000201,2018/5/9,KH-16510,二级,华北,北京,办公用品,用品,Kleencut,"Kleencut 尺子, 锯齿状",1.0,27.15
A1000204,2018/5/9,KH-16510,一级,中南,湖北,技术,复印机,Hewlett,"Hewlett 个人复印机, 数字化",1.0,1004.024
A1000203,2018/5/9,KH-16510,标准级,中南,广东,办公用品,用品,Kleencut,"Kleencut 美工刀, 蓝色",1.0,9.68
A1000200,2018/5/9,KH-16510,二级,中南,广西,办公用品,收纳具,Rogers,"Rogers 锁柜, 单宽度",1.0,28.35
A1000200,2018/5/9,KH-16510,二级,中南,广西,办公用品,纸张,Green Bar,"Green Bar 信纸, 优质",1.0,55.98
A1000205,2018/5/10,KH-16510,二级,华北,天津,办公用品,器具,Cuisinart,"Cuisinart 咖啡研磨机, 黑色",1.0,1336.829
A1000206,2018/5/10,KH-16510,标准级,东北,辽宁,办公用品,系固件,Advantus,"Advantus 橡皮筋, 混合尺寸",1.0,113.568
A1000207,2018/5/11,KC-16675,标准级,西北,陕西,办公用品,系固件,Advantus,"Advantus 夹子, 混合尺寸",1.0,139.86
A1000208,2018/5/11,KC-16675,标准级,东北,黑龙江,技术,配件,贝尔金,"贝尔金 闪存驱动器, 回收",1.0,307.136
A1000212,2018/5/12,CJ-12010,一级,东北,吉林,办公用品,器具,Breville,"Breville 微波炉, 白色",1.0,95.92
A1000212,2018/5/12,PB-19150,一级,东北,吉林,办公用品,用品,Elite,"Elite 修剪器, 工业",1.0,383.8
A1000212,2018/5/12,VB-21745,一级,东北,吉林,办公用品,用品,Stiletto,"Stiletto 大剪刀, 锯齿状",1.0,5.78
A1000210,2018/5/12,SP-20860,标准级,中南,广东,办公用品,纸张,施乐,"施乐 备忘录便条, 回收",1.0,9.32
A1000209,2018/5/12,SP-20860,标准级,华东,江苏,办公用品,标签,Avery,"Avery 可去除的标签, 耐用",1.0,15.25
A1000209,2018/5/12,JE-15745,标准级,华东,江苏,办公用品,美术,Boston,"Boston 钢笔, 整包",1.0,196.752
A1000209,2018/5/12,MP-17965,标准级,华东,江苏,办公用品,装订机,Ibico,"Ibico 装订机, 耐用",1.0,56.56
A1000209,2018/5/12,MP-17965,标准级,华东,江苏,家具,用具,Rubbermaid,"Rubvermaid 相框, 一包多件",1.0,32.7
A1000211,2018/5/12,NF-18385,标准级,中南,河南,办公用品,纸张,Enermax,"Enermax 信纸, 回收",1.0,866.4
A1000213,2018/5/12,JM-15265,标准级,中南,湖南,办公用品,器具,Hamilton Beach,"Hamilton Beach 炉灶, 白色",1.0,28.4
A1000217,2018/5/13,JM-15265,二级,东北,辽宁,办公用品,收纳具,Tenex,"Tenex 搁板, 工业",1.0,287.92
A1000216,2018/5/13,SD-20485,二级,华北,北京,家具,书架,Dania,"Dania 书库, 金属",1.0,69.99
A1000214,2018/5/13,KH-16630,标准级,中南,湖南,办公用品,收纳具,Tenex,"Tenex 文件夹, 蓝色",1.0,6.672
A1000215,2018/5/13,RB-19795,标准级,华北,河北,办公用品,器具,Hoover,"Hoover 微波炉, 银色",1.0,189.588
A1000215,2018/5/13,RB-19795,标准级,华北,河北,办公用品,用品,Stiletto,"Stiletto 修剪器, 锯齿状",1.0,408.744
A1000215,2018/5/13,RB-19795,标准级,华北,河北,家具,桌子,Bevis,"Bevis 会议桌, 组装",1.0,291.96
A1000214,2018/5/13,RB-19795,标准级,中南,湖南,技术,设备,松下,"松下 卡片打印机, 多色",1.0,4.768
A1000218,2018/5/15,DB-13060,二级,华东,福建,办公用品,收纳具,Eldon,"Eldon 锁柜, 蓝色",1.0,714.3
A1000219,2018/5/16,MK-18160,标准级,华北,天津,办公用品,系固件,Stockwell,"Stockwell 橡皮筋, 每包 12 个",1.0,4.812
A1000219,2018/5/16,MK-18160,标准级,华北,天津,办公用品,纸张,Enermax,"Enermax 计划信息表, 优质",1.0,247.8
A1000219,2018/5/16,PO-19180,标准级,华北,天津,家具,椅子,Hon,"Hon 摇椅, 每套两件",1.0,1007.979
A1000219,2018/5/16,PO-19180,标准级,华北,天津,技术,设备,StarTech,"StarTech 电话, 耐用",1.0,313.488
A1000221,2018/5/16,BB-11545,标准级,东北,吉林,技术,设备,StarTech,"StarTech 计算器, 白色",1.0,31.872
A1000220,2018/5/16,CV-12805,标准级,东北,辽宁,家具,书架,Sauder,"Sauder 书架, 传统",1.0,207.846
A1000225,2018/5/17,PK-19075,二级,中南,河南,办公用品,纸张,Enermax,"Enermax 备忘录便条, 每包 12 个",1.0,12.22
A1000227,2018/5/17,PK-19075,标准级,华北,北京,办公用品,收纳具,Smead,"Smead 文件夹, 工业",1.0,194.94
A1000227,2018/5/17,PK-19075,标准级,华北,北京,办公用品,标签,Avery,"Avery 有色标签, 可调",1.0,70.95
A1000227,2018/5/17,PK-19075,标准级,华北,北京,办公用品,用品,Kleencut,"Kleencut 大剪刀, 工业",1.0,91.36
A1000222,2018/5/17,PK-19075,标准级,华北,天津,办公用品,信封,Kraft,"Kraft 商业信封, 每套 50 个",1.0,242.94
A1000223,2018/5/17,PK-19075,标准级,华东,安徽,办公用品,标签,Novimex,"Novimex 可去除的标签, 红色",1.0,22.05
A1000223,2018/5/17,TB-21595,标准级,华东,安徽,办公用品,纸张,施乐,"施乐 信纸, 回收",1.0,2.91
A1000222,2018/5/17,RB-19360,标准级,华北,天津,家具,椅子,Hon,"Hon 折叠椅, 每套两件",1.0,59.52
A1000227,2018/5/17,RB-19360,标准级,华北,北京,技术,设备,柯尼卡,"柯尼卡 打印机, 红色",1.0,161.94
A1000226,2018/5/17,RB-19360,二级,东北,辽宁,办公用品,收纳具,Fellowes,"Fellowes 锁柜, 蓝色",1.0,263.88
A1000226,2018/5/17,RB-19360,二级,东北,辽宁,办公用品,美术,Sanford,"Sanford 钢笔, 混合尺寸",1.0,30.48
A1000224,2018/5/17,RB-19360,标准级,东北,辽宁,办公用品,器具,KitchenAid,"KitchenAid 搅拌机, 银色",1.0,9.84
A1000224,2018/5/17,RB-19360,标准级,东北,辽宁,办公用品,收纳具,Rogers,"Rogers 盒, 蓝色",1.0,35.12
A1000224,2018/5/17,EB-13705,标准级,东北,辽宁,办公用品,纸张,Eaton,"Eaton 计划信息表, 优质",1.0,284.364
A1000228,2018/5/18,EB-13705,一级,中南,湖南,家具,用具,Tenex,"Tenex 分层置放架, 黑色",1.0,665.408
A1000229,2018/5/19,KH-16630,标准级,西南,四川,办公用品,装订机,Avery,"Avery 打孔机, 实惠",1.0,63.88
A1000229,2018/5/19,SC-20095,标准级,西南,四川,办公用品,装订机,Avery,"Avery 订书机, 回收",1.0,129.568
A1000230,2018/5/19,NF-18385,标准级,西南,四川,办公用品,器具,Hamilton Beach,"Hamilton Beach 烤面包机, 银色",1.0,747.558
A1000231,2018/5/20,NF-18385,当日,中南,河南,办公用品,纸张,Enermax,"Enermax 令, 每包 12 个",1.0,8.928
A1000231,2018/5/20,JH-15985,当日,中南,河南,家具,椅子,Harbour Creations,"Harbour Creations 摇椅, 黑色",1.0,103.92
A1000231,2018/5/20,JH-15985,当日,中南,河南,家具,用具,Deflect-O,"Deflect-O 框架, 黑色",1.0,899.91
A1000231,2018/5/20,JH-15985,当日,中南,河南,技术,配件,Enermax,"Enermax 键盘, 实惠",1.0,51.312
A1000234,2018/5/20,TN-21040,二级,华北,河北,办公用品,标签,Avery,"Avery 运输标签, 可调",1.0,23.56
A1000233,2018/5/20,TN-21040,标准级,华东,浙江,办公用品,用品,Fiskars,"Fiskars 修剪器, 钢",1.0,1272.63
A1000232,2018/5/20,TN-21040,标准级,中南,河南,技术,配件,Enermax,"Enermax 键盘, 耐用",1.0,28.485
A1000235,2018/5/20,TN-21040,标准级,西南,云南,家具,椅子,Harbour Creations,"Harbour Creations 折叠椅, 每套两件",1.0,185.376
A1000237,2018/5/21,TN-21040,二级,华东,安徽,技术,配件,Enermax,"Enermax 鼠标, 实惠",1.0,78.272
A1000238,2018/5/21,JS-15940,标准级,中南,河南,办公用品,装订机,Avery,"Avery 孔加固材料, 实惠",1.0,254.744
A1000236,2018/5/21,DS-13180,标准级,华东,安徽,技术,电话,苹果,"苹果 耳机, 蓝色",1.0,205.3328
A1000241,2018/5/23,CC-12670,当日,西北,甘肃,家具,椅子,Safco,"SAFCO 折叠椅, 每套两件",1.0,4.788
A1000241,2018/5/23,MH-17785,当日,西北,甘肃,技术,复印机,Hewlett,"Hewlett 墨水, 红色",1.0,55.48
A1000242,2018/5/23,JP-15520,二级,华东,安徽,家具,椅子,Office Star,"Office Star 椅垫, 黑色",1.0,340.92
A1000239,2018/5/23,JP-15520,二级,华东,浙江,家具,用具,Eldon,"Eldon 框架, 一包多件",1.0,222.666
A1000240,2018/5/23,JP-15520,标准级,东北,辽宁,技术,配件,罗技,"罗技 闪存驱动器, 回收",1.0,703.968
A1000243,2018/5/23,JP-15520,二级,东北,吉林,办公用品,纸张,Eaton,"Eaton 计划信息表, 每包 12 个",1.0,92.52
A1000243,2018/5/23,JP-15520,二级,东北,吉林,办公用品,美术,Boston,"Boston 画布, 金属",1.0,62.65
A1000243,2018/5/23,JP-15520,二级,东北,吉林,家具,书架,Sauder,"Sauder 书库, 黑色",1.0,94.85
A1000243,2018/5/23,KH-16690,二级,东北,吉林,技术,配件,Enermax,"Enermax 闪存驱动器, 实惠",1.0,95.76
A1000247,2018/5/24,JE-15475,二级,华东,安徽,办公用品,纸张,Green Bar,"Green Bar 令, 优质",1.0,40.2
A1000247,2018/5/24,JG-15805,二级,华东,安徽,家具,椅子,Novimex,"Novimex 扶手椅, 黑色",1.0,14.7
A1000246,2018/5/24,JG-15805,标准级,中南,海南,办公用品,收纳具,Smead,"Smead 文件车, 工业",1.0,704.25
A1000245,2018/5/24,XP-21865,标准级,华东,山东,办公用品,收纳具,Rogers,"Rogers 搁板, 单宽度",1.0,9.09
A1000244,2018/5/24,EM-14065,标准级,华北,北京,办公用品,标签,Harbour Creations,"Harbour Creations 文件夹标签, 可调",1.0,5.96
A1000249,2018/5/25,EM-14065,标准级,华北,内蒙古,办公用品,标签,Avery,"Avery 运输标签, 可调",1.0,159.98
A1000248,2018/5/25,MT-18070,标准级,华东,上海,办公用品,用品,Fiskars,"Fiskars 剪刀, 工业",1.0,29.6
A1000248,2018/5/25,MT-18070,标准级,华东,上海,技术,复印机,佳能,"佳能 传真机, 数字化",1.0,514.165
A1000251,2018/5/27,MT-18070,标准级,华北,内蒙古,办公用品,信封,Jiffy,"Jiffy 搭扣信封, 银色",1.0,279.96
A1000251,2018/5/27,SA-20830,标准级,华北,内蒙古,办公用品,收纳具,Fellowes,"Fellowes 搁板, 工业",1.0,2735.952
A1000250,2018/5/27,CW-11905,标准级,东北,辽宁,办公用品,标签,Smead,"Smead 圆形标签, 红色",1.0,7.992
A1000253,2018/5/28,CW-11905,标准级,华北,河北,办公用品,标签,Novimex,"Novimex 圆形标签, 耐用",1.0,63.984
A1000253,2018/5/28,CW-11905,标准级,华北,河北,家具,书架,Dania,"Dania 墙角架, 白色",1.0,70.368
A1000253,2018/5/28,AJ-10960,标准级,华北,河北,家具,椅子,Harbour Creations,"Harbour Creations 凳子, 黑色",1.0,449.15
A1000253,2018/5/28,AJ-10960,标准级,华北,河北,家具,椅子,Office Star,"Office Star 椅垫, 每套两件",1.0,11.07
A1000253,2018/5/28,SS-20590,标准级,华北,河北,家具,用具,Tenex,"Tenex 分层置放架, 黑色",1.0,93.98
A1000253,2018/5/28,RO-19780,标准级,华北,河北,家具,用具,Tenex,"Tenex 门挡, 优质",1.0,189.882
A1000253,2018/5/28,MD-17350,标准级,华北,河北,技术,配件,Enermax,"Enermax 闪存驱动器, 耐用",1.0,105.42
A1000253,2018/5/28,SC-20095,标准级,华北,河北,技术,配件,贝尔金,"贝尔金 路由器, 耐用",1.0,119.616
A1000252,2018/5/28,SC-20095,标准级,中南,河南,办公用品,标签,Avery,"Avery 圆形标签, 红色",1.0,255.76
A1000252,2018/5/28,SC-20095,标准级,中南,河南,办公用品,美术,Boston,"Boston 荧光笔, 整包",1.0,241.568
A1000252,2018/5/28,SC-20095,标准级,中南,河南,办公用品,装订机,Acco,"Acco 孔加固材料, 回收",1.0,69.3
A1000303,2018/6/14,CK-12205,一级,华北,天津,技术,配件,贝尔金,"贝尔金 记忆卡, 可编程",1.0,494.376
A1000305,2018/6/14,CK-12205,标准级,中南,湖北,办公用品,收纳具,Eldon,"Eldon 文件夹, 工业",1.0,5.84
A1000305,2018/6/14,AS-10240,标准级,中南,湖北,办公用品,装订机,Cardinal,"Cardinal 孔加固材料, 回收",1.0,45.696
A1000305,2018/6/14,AS-10240,标准级,中南,湖北,家具,书架,Safco,"Safco 书库, 白色",1.0,131.904
A1000305,2018/6/14,AR-10510,标准级,中南,湖北,技术,电话,三星,"三星 智能手机, 混合尺寸",1.0,3.282
A1000299,2018/6/14,AR-10510,标准级,东北,辽宁,办公用品,信封,Ames,"Ames 外皮和封条, 银色",1.0,55.188
A1000301,2018/6/14,NB-18655,标准级,西南,重庆,办公用品,信封,Cameo,"Cameo 马尼拉纸信封, 每套 50 个",1.0,369.576
A1000301,2018/6/14,GD-14590,标准级,西南,重庆,办公用品,美术,Sanford,"Sanford 速写本, 金属",1.0,8.448
A1000304,2018/6/14,GD-14590,标准级,华东,山东,家具,用具,Deflect-O,"Deflect-O 分层置放架, 耐用",1.0,728.946
A1000308,2018/6/15,CK-12595,标准级,中南,广东,办公用品,信封,Cameo,"Cameo 马尼拉纸信封, 红色",1.0,3.648
A1000309,2018/6/16,NG-18355,一级,西南,四川,办公用品,装订机,Avery,"Avery 装订机, 耐用",1.0,107.424
A1000309,2018/6/16,NG-18355,一级,西南,四川,办公用品,装订机,Ibico,"Ibico 订书机, 耐用",1.0,37.91
A1000310,2018/6/16,CA-12265,标准级,西南,四川,家具,书架,Safco,"Safco 书架, 黑色",1.0,8.69
A1000312,2018/6/17,SF-20965,标准级,东北,黑龙江,办公用品,器具,KitchenAid,"KitchenAid 微波炉, 红色",1.0,523.48
A1000312,2018/6/17,LC-17140,标准级,东北,黑龙江,办公用品,系固件,Stockwell,"Stockwell 订书钉, 整包",1.0,15.24
A1000315,2018/6/18,BD-11605,二级,中南,广东,办公用品,标签,Hon,"Hon 可去除的标签, 红色",1.0,17.88
A1000314,2018/6/18,BD-11605,二级,东北,辽宁,办公用品,系固件,Stockwell,"Stockwell 夹子, 每包 12 个",1.0,235.944
A1000314,2018/6/18,DJ-13420,二级,东北,辽宁,办公用品,美术,Sanford,"Sanford 钢笔, 蓝色",1.0,392.94
A1000314,2018/6/18,ME-17725,二级,东北,辽宁,技术,电话,思科,"思科 智能手机, 全尺寸",1.0,122.328
A1000316,2018/6/19,RB-19465,标准级,中南,河南,办公用品,收纳具,Smead,"Smead 盒, 蓝色",1.0,1049.2
A1000318,2018/6/20,JD-16150,标准级,西南,四川,办公用品,纸张,SanDisk,"SanDisk 信纸, 优质",1.0,18.84
A1000322,2018/6/22,SC-20305,标准级,华北,河北,办公用品,信封,GlobeWeis,"GlobeWeis 马尼拉纸信封, 回收",1.0,132.52
A1000322,2018/6/22,TW-21025,标准级,华北,河北,办公用品,器具,Cuisinart,"Cuisinart 搅拌机, 黑色",1.0,6.48
A1000322,2018/6/22,BB-10990,标准级,华北,河北,办公用品,用品,Stiletto,"Stiletto 美工刀, 蓝色",1.0,30.144
A1000319,2018/6/22,AR-10825,标准级,华东,上海,办公用品,系固件,OIC,"OIC 图钉, 整包",1.0,14.8
A1000322,2018/6/22,AR-10405,标准级,华北,河北,家具,椅子,Office Star,"Office Star 椅垫, 可调",1.0,97.82
A1000324,2018/6/23,AR-10405,二级,华东,山东,办公用品,器具,Breville,"Breville 搅拌机, 白色",1.0,103.12
A1000328,2018/6/23,CB-12025,二级,中南,湖南,办公用品,系固件,Stockwell,"Stockwell 按钉, 整包",1.0,999.432
A1000323,2018/6/23,CB-12025,标准级,西南,云南,办公用品,信封,GlobeWeis,"GlobeWeis 局间信封, 每套 50 个",1.0,724.08
A1000323,2018/6/23,RC-19825,标准级,西南,云南,办公用品,系固件,Stockwell,"Stockwell 夹子, 整包",1.0,10.74
A1000323,2018/6/23,TH-21235,标准级,西南,云南,办公用品,纸张,Eaton,"Eaton 备忘录便条, 每包 12 个",1.0,23.76
A1000323,2018/6/23,TH-21235,标准级,西南,云南,办公用品,美术,Stanley,"Stanley 记号笔, 混合尺寸",1.0,85.056
A1000323,2018/6/23,TH-21235,标准级,西南,云南,家具,书架,Bush,"Bush 书库, 金属",1.0,381.576
A1000323,2018/6/23,RP-19390,标准级,西南,云南,家具,桌子,Barricks,"Barricks 培训桌, 长方形",1.0,30.36
A1000323,2018/6/23,MO-17800,标准级,西南,云南,家具,椅子,Safco,"SAFCO 摇椅, 红色",1.0,23.976
A1000326,2018/6/23,MO-17800,标准级,东北,黑龙江,办公用品,器具,KitchenAid,"KitchenAid 咖啡研磨机, 红色",1.0,36.352
A1000327,2018/6/23,TD-20995,标准级,中南,湖南,家具,椅子,Office Star,"Office Star 摇椅, 每套两件",1.0,19.56
A1000332,2018/6/24,RB-19570,二级,东北,黑龙江,办公用品,纸张,Eaton,"Eaton 备忘录便条, 多色",1.0,99.39
A1000332,2018/6/24,CD-11980,二级,东北,黑龙江,技术,复印机,佳能,"佳能 墨水, 数字化",1.0,27.816
A1000331,2018/6/24,DJ-13630,标准级,华东,江苏,办公用品,器具,KitchenAid,"KitchenAid 微波炉, 银色",1.0,14.352
A1000331,2018/6/24,DJ-13630,标准级,华东,江苏,办公用品,装订机,Cardinal,"Cardinal 孔加固材料, 回收",1.0,64.96
A1000330,2018/6/24,DJ-13630,标准级,中南,广东,家具,椅子,Novimex,"Novimex 椅垫, 每套两件",1.0,68.6
A1000334,2018/6/25,GT-14635,当日,华东,安徽,办公用品,美术,BIC,"BIC 画布, 蓝色",1.0,7999.98
A1000333,2018/6/25,MC-17845,标准级,中南,广东,办公用品,纸张,SanDisk,"SanDisk 令, 回收",1.0,479.97
A1000333,2018/6/25,MC-17845,标准级,中南,广东,办公用品,装订机,Wilson Jones,"Wilson Jones 装订机盖, 回收",1.0,14.62
A1000339,2018/6/27,MC-17845,二级,华东,福建,家具,桌子,Chromcraft,"Chromcraft 咖啡桌, 组装",5.0,19.44
A1000338,2018/6/27,RA-19285,二级,华东,福建,家具,书架,Sauder,"Sauder 书库, 白色",9.0,191.984
A1000336,2018/6/27,NP-18325,标准级,东北,黑龙江,技术,复印机,夏普,"夏普 无线传真机, 数字化",5.0,104.01
A1000337,2018/6/27,NP-18325,标准级,中南,河南,办公用品,美术,BIC,"BIC 画布, 混合尺寸",8.0,284.82
A1000335,2018/6/27,NP-18325,标准级,华东,安徽,家具,椅子,Office Star,"Office Star 凳子, 每套两件",5.0,36.84
A1000337,2018/6/27,AB-10165,标准级,中南,河南,技术,电话,诺基亚,"诺基亚 音频基座, 整包",8.0,166.24
A1000341,2018/6/28,AB-10165,标准级,华东,浙江,办公用品,纸张,Green Bar,"Green Bar 羊皮纸, 多色",10.0,33.4
A1000340,2018/6/28,JO-15550,标准级,华东,上海,办公用品,器具,KitchenAid,"KitchenAid 炉灶, 红色",2.0,198.272
A1000344,2018/6/29,JO-15550,标准级,华北,河北,办公用品,收纳具,Tenex,"Tenex 锁柜, 金属",7.0,47.36
A1000344,2018/6/29,JO-15550,标准级,华北,河北,办公用品,用品,Fiskars,"Fiskars 大剪刀, 工业",9.0,200.984
A1000344,2018/6/29,JO-15550,标准级,华北,河北,办公用品,系固件,Stockwell,"Stockwell 图钉, 混合尺寸",3.0,97.696
A1000344,2018/6/29,JO-15550,标准级,华北,河北,办公用品,纸张,施乐,"施乐 羊皮纸, 每包 12 个",7.0,2.696
A1000343,2018/6/29,JO-15550,标准级,中南,湖南,家具,用具,Eldon,"Eldon 相框, 黑色",2.0,18.588
A1000344,2018/6/29,JO-15550,标准级,华北,河北,技术,电话,苹果,"苹果 办公室电话机, 整包",3.0,4.896
A1000344,2018/6/29,Dl-13600,标准级,华北,河北,技术,设备,冲电器,"冲电器 喷墨打印机, 白色",2.0,15.072
A1000342,2018/6/29,AS-10285,二级,华东,江苏,办公用品,信封,Cameo,"Cameo 商业信封, 每套 50 个",4.0,209.88
A1000342,2018/6/29,JK-15370,二级,华东,江苏,办公用品,纸张,Enermax,"Enermax 令, 回收",4.0,369.912
A1000345,2018/6/29,BN-11470,标准级,西南,云南,办公用品,信封,Ames,"Ames 邮寄品, 银色",1.0,10.368
A1000347,2018/6/30,BN-11470,一级,华东,山东,办公用品,用品,Kleencut,"Kleencut 尺子, 工业",1.0,166.84
A1000346,2018/6/30,BN-11470,标准级,华北,天津,办公用品,纸张,施乐,"施乐 计划信息表, 每包 12 个",1.0,15.216
A1000349,2018/7/1,DP-13165,一级,东北,辽宁,办公用品,纸张,Green Bar,"Green Bar 备忘录便条, 回收",3.0,119.96
A1000348,2018/7/1,DP-13165,标准级,华东,上海,办公用品,纸张,Eaton,"Eaton 笔记本, 多色",7.0,883.92
A1000348,2018/7/1,DP-13165,标准级,华东,上海,技术,复印机,夏普,"夏普 传真复印机, 红色",2.0,46.72
A1000350,2018/7/2,TH-21550,一级,华北,山西,办公用品,信封,Kraft,"Kraft 外皮和封条, 回收",1.0,55.48
A1000350,2018/7/2,AP-10915,一级,华北,山西,办公用品,器具,Breville,"Breville 炉灶, 白色",5.0,24.448
A1000350,2018/7/2,RS-19765,一级,华北,山西,技术,配件,SanDisk,"SanDisk 记忆卡, 回收",6.0,281.34
A1000351,2018/7/2,RS-19765,标准级,华东,山东,技术,设备,松下,"松下 计算器, 红色",10.0,307.98
A1000354,2018/7/4,RS-19765,二级,华东,山东,办公用品,收纳具,Tenex,"Tenex 搁板, 金属",3.0,299.97
A1000352,2018/7/4,Dl-13600,标准级,东北,黑龙江,家具,用具,Advantus,"Advantus 框架, 优质",5.0,19.92
A1000353,2018/7/4,SV-20365,标准级,华东,安徽,办公用品,美术,Binney & Smith,"Binney & Smith 记号笔, 金属",3.0,9.94
A1000355,2018/7/5,KC-16540,二级,西南,重庆,办公用品,用品,Kleencut,"Kleencut 美工刀, 钢",1.0,103.056
A1000355,2018/7/5,CK-12325,二级,西南,重庆,办公用品,装订机,Ibico,"Ibico 订书机, 回收",10.0,59.808
A1000356,2018/7/6,CK-12325,二级,东北,黑龙江,办公用品,纸张,Green Bar,"Green Bar 笔记本, 优质",5.0,73.32
A1000358,2018/7/6,RD-19810,标准级,东北,吉林,技术,电话,思科,"思科 耳机, 混合尺寸",1.0,146.82
A1000359,2018/7/6,MP-17965,标准级,华东,上海,办公用品,标签,Hon,"Hon 运输标签, 白色",7.0,1652.94
A1000359,2018/7/6,MP-17965,标准级,华东,上海,办公用品,系固件,OIC,"OIC 订书钉, 每包 12 个",10.0,296.37
A1000357,2018/7/6,MR-17545,标准级,中南,广东,办公用品,纸张,Eaton,"Eaton 令, 每包 12 个",10.0,129.92
A1000357,2018/7/6,SC-20695,标准级,中南,广东,家具,书架,Dania,"Dania 柜, 黑色",2.0,45.584
A1000357,2018/7/6,JF-15355,标准级,中南,广东,技术,电话,苹果,"苹果 信号增强器, 全尺寸",5.0,17.568
A1000357,2018/7/6,JF-15355,标准级,中南,广东,技术,配件,Memorex,"Memorex 路由器, 耐用",8.0,55.992
A1000360,2018/7/7,EG-13900,标准级,东北,吉林,技术,电话,诺基亚,"诺基亚 充电器, 全尺寸",3.0,182.72
A1000361,2018/7/7,EG-13900,标准级,东北,吉林,办公用品,信封,Jiffy,"Jiffy 搭扣信封, 每套 50 个",5.0,400.032
A1000361,2018/7/7,EG-13900,标准级,东北,吉林,办公用品,标签,Hon,"Hon 有色标签, 白色",4.0,33.63
A1000362,2018/7/8,EG-13900,一级,中南,湖北,办公用品,标签,Avery,"Avery 可去除的标签, 白色",1.0,542.646
A1000362,2018/7/8,EG-13900,一级,中南,湖北,办公用品,纸张,施乐,"施乐 令, 回收",8.0,6.3
A1000362,2018/7/8,DS-13030,一级,中南,湖北,办公用品,装订机,Cardinal,"Cardinal 订书机, 回收",1.0,242.94
A1000362,2018/7/8,DS-13030,一级,中南,湖北,家具,书架,Dania,"Dania 古典书架, 白色",9.0,179.97
A1000362,2018/7/8,DS-13030,一级,中南,湖北,家具,椅子,Office Star,"Office Star 椅垫, 黑色",10.0,99.696
A1000362,2018/7/8,DS-13030,一级,中南,湖北,技术,电话,诺基亚,"诺基亚 办公室电话机, 全尺寸",2.0,27.936
A1000363,2018/7/11,DS-13030,标准级,华东,江西,家具,书架,Bush,"Bush 柜, 金属",5.0,84.98
A1000363,2018/7/11,DS-13030,标准级,华东,江西,家具,书架,Dania,"Dania 书架, 黑色",2.0,18.72
A1000363,2018/7/11,GZ-14470,标准级,华东,江西,家具,书架,Safco,"Safco 墙角架, 白色",3.0,49.98
A1000363,2018/7/11,PO-19195,标准级,华东,江西,家具,桌子,Chromcraft,"Chromcraft 圆桌, 组装",2.0,11.784
A1000364,2018/7/12,PO-19195,一级,中南,湖北,办公用品,收纳具,Smead,"Smead 文件夹, 金属",5.0,272.736
A1000364,2018/7/12,PO-19195,一级,中南,湖北,办公用品,装订机,Ibico,"Ibico 装订机, 透明",10.0,3.54
A1000366,2018/7/12,SS-20875,一级,华东,山东,办公用品,系固件,Advantus,"Advantus 按钉, 金属",4.0,51.52
A1000366,2018/7/12,SS-20875,一级,华东,山东,办公用品,纸张,Eaton,"Eaton 计划信息表, 多色",6.0,3.528
A1000364,2018/7/12,SS-20875,一级,中南,湖北,家具,用具,Tenex,"Tenex 框架, 一包多件",8.0,4.624
A1000364,2018/7/12,SS-20875,一级,中南,湖北,技术,复印机,夏普,"夏普 无线传真机, 彩色",2.0,55.168
A1000365,2018/7/12,MH-17785,标准级,华东,安徽,办公用品,信封,Ames,"Ames 马尼拉纸信封, 每套 50 个",2.0,567.12
A1000365,2018/7/12,MH-17785,标准级,华东,安徽,家具,椅子,Hon,"Hon 折叠椅, 可调",8.0,359.32
A1000367,2018/7/13,PB-19105,一级,中南,广东,技术,电话,思科,"思科 智能手机, 全尺寸",3.0,11.992
A1000368,2018/7/14,RF-19735,标准级,华东,江苏,办公用品,信封,GlobeWeis,"GlobeWeis 邮寄品, 回收",10.0,58.05
A1000368,2018/7/14,RF-19735,标准级,华东,江苏,办公用品,信封,Jiffy,"Jiffy 局间信封, 银色",5.0,157.74
A1000368,2018/7/14,RF-19735,标准级,华东,江苏,办公用品,器具,KitchenAid,"KitchenAid 烤面包机, 红色",2.0,56.98
A1000368,2018/7/14,RF-19735,标准级,华东,江苏,办公用品,收纳具,Tenex,"Tenex 锁柜, 金属",2.0,2.88
A1000368,2018/7/14,YC-21895,标准级,华东,江苏,办公用品,系固件,Advantus,"Advantus 夹子, 混合尺寸",5.0,1199.976
A1000368,2018/7/14,MS-17830,标准级,华东,江苏,办公用品,纸张,SanDisk,"SanDisk 信纸, 每包 12 个",5.0,79.92
A1000368,2018/7/14,NB-18655,标准级,华东,江苏,办公用品,装订机,Cardinal,"Cardinal 孔加固材料, 回收",5.0,383.438
A1000368,2018/7/14,DC-13285,标准级,华东,江苏,办公用品,装订机,Cardinal,"Cardinal 装订机, 耐用",9.0,24.56
A1000368,2018/7/14,DC-13285,标准级,华东,江苏,家具,椅子,Harbour Creations,"Harbour Creations 沙滩椅, 可调",3.0,119.8
A1000369,2018/7/16,CP-12340,标准级,华东,山东,办公用品,美术,Boston,"Boston 荧光笔, 金属",9.0,13.128
A1000372,2018/7/18,BF-11020,一级,中南,广东,办公用品,系固件,Advantus,"Advantus 按钉, 混合尺寸",10.0,22.72
A1000372,2018/7/18,AR-10510,一级,中南,广东,家具,椅子,Novimex,"Novimex 沙滩椅, 黑色",5.0,58.32
A1000371,2018/7/18,JC-16105,标准级,华北,北京,家具,书架,宜家,"宜家 古典书架, 黑色",4.0,12.39
A1000371,2018/7/18,LH-17020,标准级,华北,北京,家具,椅子,Novimex,"Novimex 沙滩椅, 可调",6.0,107.982
A1000371,2018/7/18,CS-12250,标准级,华北,北京,技术,配件,Enermax,"Enermax 鼠标, 回收",3.0,11.36
A1000370,2018/7/18,CS-12250,标准级,西南,四川,办公用品,装订机,Avery,"Avery 打孔机, 耐用",4.0,50.94
A1000370,2018/7/18,CS-12250,标准级,西南,四川,家具,用具,Advantus,"Advantus 灯泡, 一包多件",4.0,646.74
A1000373,2018/7/20,CS-12250,一级,华东,安徽,办公用品,信封,Kraft,"Kraft 搭扣信封, 银色",5.0,5.64
A1000373,2018/7/20,CS-12250,一级,华东,安徽,办公用品,装订机,Acco,"Acco 装订机盖, 回收",1.0,572.58
A1000373,2018/7/20,AJ-10795,一级,华东,安徽,家具,用具,Tenex,"Tenex 相框, 一包多件",2.0,310.88
A1000374,2018/7/20,LE-16810,标准级,华北,河北,家具,椅子,Hon,"Hon 椅垫, 黑色",1.0,641.96
A1000374,2018/7/20,BV-11245,标准级,华北,河北,技术,复印机,Hewlett,"Hewlett 传真机, 每套两件",2.0,18.28
A1000375,2018/7/21,BV-11245,标准级,华东,安徽,家具,椅子,Office Star,"Office Star 椅垫, 每套两件",4.0,207.0
A1000376,2018/7/22,BV-11245,标准级,东北,黑龙江,技术,复印机,佳能,"佳能 无线传真机, 彩色",4.0,32.35
A1000377,2018/7/23,BV-11245,二级,华东,安徽,办公用品,系固件,Stockwell,"Stockwell 订书钉, 整包",4.0,7.71
A1000377,2018/7/23,BV-11245,二级,华东,安徽,技术,复印机,佳能,"佳能 传真机, 彩色",9.0,40.3
A1000377,2018/7/23,BV-11245,二级,华东,安徽,技术,配件,贝尔金,"贝尔金 路由器, 回收",3.0,34.58
A1000378,2018/7/25,DL-12865,标准级,中南,湖南,办公用品,美术,Boston,"Boston 铅笔刀, 蓝色",5.0,32.76
A1000378,2018/7/25,NZ-18565,标准级,中南,湖南,家具,椅子,Novimex,"Novimex 凳子, 红色",2.0,544.008
A1000378,2018/7/25,NZ-18565,标准级,中南,湖南,技术,复印机,Brother,"Brother 传真机, 红色",8.0,59.94
A1000379,2018/7/25,NZ-18565,标准级,华东,安徽,办公用品,用品,Acme,"Acme 大剪刀, 钢",9.0,23.92
A1000379,2018/7/25,NZ-18565,标准级,华东,安徽,办公用品,纸张,Green Bar,"Green Bar 羊皮纸, 多色",10.0,4.28
A1000379,2018/7/25,BM-11785,标准级,华东,安徽,办公用品,美术,BIC,"BIC 荧光笔, 金属",8.0,32.07
A1000380,2018/7/26,BM-11785,二级,中南,广东,办公用品,信封,Kraft,"Kraft 商业信封, 每套 50 个",2.0,24.0
A1000380,2018/7/26,BM-11785,二级,中南,广东,办公用品,器具,Breville,"Breville 炉灶, 白色",2.0,35.49
A1000383,2018/7/27,BM-11785,一级,中南,湖北,技术,电话,思科,"思科 智能手机, 整包",2.0,47.984
A1000381,2018/7/27,EA-14035,二级,西北,新疆,办公用品,纸张,Eaton,"Eaton 令, 每包 12 个",1.0,186.69
A1000382,2018/7/27,CL-12565,标准级,中南,广东,办公用品,纸张,Eaton,"Eaton 备忘录便条, 每包 12 个",4.0,17.456
A1000382,2018/7/27,LT-17110,标准级,中南,广东,技术,复印机,惠普,"惠普 无线传真机, 彩色",5.0,348.928
A1000386,2018/7/28,SA-20830,标准级,中南,海南,办公用品,美术,Binney & Smith,"Binney & Smith 画布, 蓝色",4.0,143.96
A1000384,2018/7/28,SA-20830,标准级,西南,云南,技术,电话,三星,"三星 智能手机, 蓝色",2.0,15.42
A1000385,2018/7/28,SA-20830,标准级,华北,河北,办公用品,器具,Hamilton Beach,"Hamilton Beach 搅拌机, 银色",3.0,43.04
A1000388,2018/7/29,SA-20830,一级,华东,安徽,办公用品,收纳具,Smead,"Smead 文件车, 蓝色",1.0,332.94
A1000388,2018/7/29,JK-15730,一级,华东,安徽,办公用品,标签,Smead,"Smead 有色标签, 耐用",8.0,1363.96
A1000388,2018/7/29,ES-14020,一级,华东,安徽,家具,用具,Advantus,"Advantus 闹钟, 耐用",2.0,9.96
A1000387,2018/7/29,ES-14020,标准级,中南,广东,办公用品,美术,Sanford,"Sanford 画布, 混合尺寸",3.0,21.72
A1000387,2018/7/29,RH-19495,标准级,中南,广东,技术,配件,Enermax,"Enermax 鼠标, 实惠",2.0,20.16
A1000389,2018/7/29,DB-13120,标准级,东北,吉林,办公用品,标签,Avery,"Avery 文件夹标签, 白色",7.0,132.79
A1000390,2018/7/30,DB-13120,标准级,华东,福建,办公用品,装订机,Avery,"Avery 装订机盖, 耐用",5.0,12.96
A1000392,2018/8/1,DB-13120,标准级,华北,河北,办公用品,信封,Ames,"Ames 马尼拉纸信封, 红色",5.0,21.56
A1000392,2018/8/1,CD-11920,标准级,华北,河北,技术,电话,思科,"思科 充电器, 全尺寸",1.0,283.92
A1000392,2018/8/1,HW-14935,标准级,华北,河北,技术,配件,Memorex,"Memorex 路由器, 可编程",4.0,22.23
A1000391,2018/8/1,HW-14935,二级,东北,辽宁,办公用品,收纳具,Smead,"Smead 搁板, 单宽度",8.0,215.968
A1000391,2018/8/1,HW-14935,二级,东北,辽宁,办公用品,收纳具,Tenex,"Tenex 文件夹, 单宽度",5.0,355.32
A1000391,2018/8/1,MC-18130,二级,东北,辽宁,技术,复印机,夏普,"夏普 复印机, 红色",6.0,12.96
A1000395,2018/8/2,GM-14440,标准级,华东,安徽,办公用品,美术,Sanford,"Sanford 钢笔, 整包",10.0,18.28
A1000394,2018/8/2,RA-19915,标准级,中南,河南,办公用品,信封,Ames,"Ames 商业信封, 红色",2.0,43.176
A1000393,2018/8/2,RA-19915,标准级,华北,北京,家具,用具,Advantus,"Advantus 框架, 一包多件",7.0,1983.968
A1000393,2018/8/2,AA-10375,标准级,华北,北京,家具,用具,Rubbermaid,"Rubvermaid 相框, 一包多件",9.0,28.4
A1000395,2018/8/2,AA-10375,标准级,华东,安徽,技术,电话,摩托罗拉,"摩托罗拉 智能手机, 整包",2.0,149.97
A1000396,2018/8/3,ZC-21910,标准级,华东,山东,技术,复印机,夏普,"夏普 复印机, 每套两件",2.0,11.52
A1000398,2018/8/3,ZC-21910,标准级,西南,四川,家具,用具,Deflect-O,"Deflect-O 门挡, 一包多件",1.0,1298.55
A1000397,2018/8/3,ZC-21910,标准级,中南,广东,办公用品,纸张,施乐,"施乐 羊皮纸, 回收",10.0,213.92
A1000399,2018/8/4,ZC-21910,标准级,东北,吉林,技术,配件,SanDisk,"SanDisk 路由器, 回收",3.0,25.78
A1000402,2018/8/5,PJ-19015,当日,华北,天津,办公用品,收纳具,Tenex,"Tenex 搁板, 蓝色",1.0,18.28
A1000400,2018/8/5,PJ-19015,标准级,东北,吉林,家具,书架,Sauder,"Sauder 古典书架, 金属",10.0,1399.93
A1000401,2018/8/5,BW-11110,二级,中南,广东,技术,复印机,惠普,"惠普 无线传真机, 红色",3.0,51.84
A1000400,2018/8/5,DB-13210,标准级,东北,吉林,技术,电话,三星,"三星 耳机, 蓝色",5.0,5.344
A1000403,2018/8/5,CA-12775,标准级,华东,福建,办公用品,标签,Harbour Creations,"Harbour Creations 可去除的标签, 耐用",2.0,41.472
A1000403,2018/8/5,CA-12775,标准级,华东,福建,家具,椅子,Novimex,"Novimex 凳子, 每套两件",2.0,3.168
A1000405,2018/8/6,CA-12775,一级,东北,吉林,办公用品,收纳具,Smead,"Smead 搁板, 单宽度",3.0,1228.465
A1000405,2018/8/6,CA-12775,一级,东北,吉林,家具,椅子,Harbour Creations,"Harbour Creations 扶手椅, 可调",3.0,31.086
A1000404,2018/8/6,CA-12775,二级,中南,广西,办公用品,标签,Avery,"Avery 文件夹标签, 可调",7.0,335.52
A1000406,2018/8/6,TR-21325,二级,中南,湖北,办公用品,用品,Acme,"Acme 开信刀, 锯齿状",3.0,239.97
A1000404,2018/8/6,TR-21325,二级,中南,广西,家具,椅子,Novimex,"Novimex 扶手椅, 黑色",1.0,9.82
A1000406,2018/8/6,PG-18820,二级,中南,湖北,家具,椅子,Safco,"SAFCO 摇椅, 黑色",1.0,67.8
A1000404,2018/8/6,PG-18820,二级,中南,广西,技术,配件,贝尔金,"贝尔金 闪存驱动器, 耐用",5.0,167.97
A1000409,2018/8/8,GT-14710,当日,中南,河南,办公用品,用品,Elite,"Elite 开信刀, 工业",10.0,35.0
A1000411,2018/8/8,GT-14710,标准级,华北,山西,办公用品,系固件,Advantus,"Advantus 回形针, 金属",7.0,37.24
A1000410,2018/8/8,GT-14710,标准级,西北,宁夏,家具,用具,Deflect-O,"Deflect-O 相框, 黑色",9.0,15.28
A1000408,2018/8/8,JE-15745,标准级,华东,安徽,技术,复印机,Brother,"Brother 传真复印机, 红色",5.0,301.96
A1000408,2018/8/8,JE-15745,标准级,华东,安徽,技术,配件,贝尔金,"贝尔金 路由器, 回收",4.0,180.66
A1000407,2018/8/8,JE-15745,标准级,华北,山西,办公用品,收纳具,Smead,"Smead 文件夹, 单宽度",5.0,191.98
A1000417,2018/8/9,JE-15745,一级,华东,山东,办公用品,收纳具,Rogers,"Rogers 锁柜, 单宽度",10.0,65.99
A1000417,2018/8/9,JB-15400,一级,华东,山东,办公用品,纸张,SanDisk,"SanDisk 笔记本, 优质",3.0,35.216
A1000412,2018/8/9,JB-15400,二级,华北,天津,办公用品,信封,Jiffy,"Jiffy 邮寄品, 回收",10.0,23.696
A1000412,2018/8/9,JB-15400,二级,华北,天津,办公用品,器具,Hamilton Beach,"Hamilton Beach 炉灶, 白色",1.0,265.475
A1000412,2018/8/9,LH-17020,二级,华北,天津,办公用品,用品,Elite,"Elite 开信刀, 蓝色",1.0,51.184
A1000412,2018/8/9,JL-15175,二级,华北,天津,家具,桌子,Bevis,"Bevis 咖啡桌, 长方形",10.0,9.664
A1000415,2018/8/9,EB-13705,二级,中南,广东,家具,桌子,Chromcraft,"Chromcraft 圆桌, 白色",10.0,21.072
A1000418,2018/8/9,BM-11650,标准级,中南,海南,家具,书架,Sauder,"Sauder 书库, 传统",5.0,60.45
A1000414,2018/8/9,BM-11650,标准级,中南,湖南,办公用品,器具,KitchenAid,"KitchenAid 咖啡研磨机, 银色",2.0,11.52
A1000414,2018/8/9,BM-11650,标准级,中南,湖南,办公用品,美术,Boston,"Boston 速写本, 混合尺寸",9.0,186.048
A1000413,2018/8/9,EM-14095,标准级,西南,云南,技术,设备,冲电器,"冲电器 收据打印机, 多色",6.0,37.44
A1000416,2018/8/9,EM-14095,标准级,东北,黑龙江,办公用品,装订机,Avery,"Avery 装订机盖, 回收",6.0,26.976
A1000421,2018/8/10,EM-14095,二级,西北,陕西,办公用品,用品,Elite,"Elite 大剪刀, 工业",3.0,11.36
A1000419,2018/8/10,EM-14095,二级,华东,山东,技术,电话,苹果,"苹果 耳机, 蓝色",8.0,14.62
A1000421,2018/8/10,AF-10885,二级,西北,陕西,技术,配件,SanDisk,"SanDisk 鼠标, 耐用",1.0,83.72
A1000420,2018/8/10,AF-10885,标准级,中南,广东,办公用品,收纳具,Eldon,"Eldon 文件夹, 单宽度",1.0,287.94
A1000424,2018/8/11,GA-14725,当日,华北,内蒙古,办公用品,信封,Cameo,"Cameo 外皮和封条, 回收",5.0,48.896
A1000424,2018/8/11,CK-12760,当日,华北,内蒙古,办公用品,收纳具,Tenex,"Tenex 盒, 单宽度",8.0,115.36
A1000424,2018/8/11,DP-13105,当日,华北,内蒙古,办公用品,装订机,Avery,"Avery 订书机, 回收",4.0,5.16
A1000423,2018/8/11,DP-13105,一级,西北,陕西,办公用品,美术,Sanford,"Sanford 画布, 整包",5.0,38.88
A1000423,2018/8/11,VD-21670,一级,西北,陕西,办公用品,装订机,Avery,"Avery 打孔机, 实惠",9.0,185.88
A1000422,2018/8/11,GT-14710,标准级,东北,黑龙江,办公用品,收纳具,Rogers,"Rogers 搁板, 金属",5.0,44.46
A1000422,2018/8/11,GT-14710,标准级,东北,黑龙江,办公用品,标签,Novimex,"Novimex 有色标签, 可调",9.0,242.94
A1000422,2018/8/11,BK-11260,标准级,东北,黑龙江,办公用品,用品,Kleencut,"Kleencut 修剪器, 钢",2.0,39.96
A1000422,2018/8/11,BK-11260,标准级,东北,黑龙江,家具,书架,Safco,"Safco 搁架, 白色",2.0,102.3
A1000422,2018/8/11,BK-11260,标准级,东北,黑龙江,技术,复印机,惠普,"惠普 个人复印机, 每套两件",5.0,21.36
A1000425,2018/8/11,SJ-20125,标准级,中南,湖南,办公用品,纸张,Eaton,"Eaton 笔记本, 每包 12 个",4.0,7.61
A1000425,2018/8/11,SJ-20125,标准级,中南,湖南,办公用品,美术,BIC,"BIC 记号笔, 蓝色",7.0,7.16
A1000426,2018/8/11,CM-12445,标准级,华东,山东,家具,书架,宜家,"宜家 柜, 黑色",1.0,7.36
A1000425,2018/8/11,CM-12445,标准级,中南,湖南,技术,配件,Enermax,"Enermax 路由器, 回收",1.0,23.1
A1000425,2018/8/11,AJ-10795,标准级,中南,湖南,技术,配件,Memorex,"Memorex 路由器, 实惠",2.0,191.472
A1000428,2018/8/12,AJ-10795,二级,东北,辽宁,办公用品,标签,Smead,"Smead 可去除的标签, 耐用",1.0,5.248
A1000428,2018/8/12,AJ-10795,二级,东北,辽宁,家具,用具,Eldon,"Eldon 分层置放架, 耐用",2.0,59.184
A1000429,2018/8/12,AJ-10780,二级,东北,吉林,技术,复印机,Hewlett,"Hewlett 传真机, 红色",3.0,2.89
A1000427,2018/8/12,AJ-10780,二级,中南,湖北,技术,电话,思科,"思科 信号增强器, 整包",4.0,51.94
A1000427,2018/8/12,LS-16945,二级,中南,湖北,技术,配件,罗技,"罗技 鼠标, 可编程",2.0,15.936
A1000430,2018/8/12,GP-14740,标准级,华北,北京,办公用品,信封,Jiffy,"Jiffy 马尼拉纸信封, 银色",7.0,44.91
A1000430,2018/8/12,PK-18910,标准级,华北,北京,办公用品,纸张,Eaton,"Eaton 羊皮纸, 多色",3.0,1141.47
A1000432,2018/8/13,PK-18910,一级,中南,广东,办公用品,美术,Stanley,"Stanley 记号笔, 整包",3.0,280.782
A1000431,2018/8/13,TB-21520,标准级,华东,安徽,家具,椅子,Harbour Creations,"Harbour Creations 扶手椅, 可调",4.0,34.44
A1000433,2018/8/15,SM-20005,二级,华东,福建,家具,书架,Sauder,"Sauder 搁架, 传统",9.0,11.36
A1000435,2018/8/15,SM-20005,标准级,西北,陕西,办公用品,装订机,Avery,"Avery 订书机, 回收",5.0,106.344
A1000435,2018/8/15,GA-14725,标准级,西北,陕西,办公用品,装订机,Wilson Jones,"Wilson Jones 订书机, 耐用",5.0,192.16
A1000435,2018/8/15,CC-12430,标准级,西北,陕西,家具,桌子,Chromcraft,"Chromcraft 咖啡桌, 组装",2.0,322.59
A1000435,2018/8/15,CC-12430,标准级,西北,陕西,家具,椅子,Hon,"Hon 凳子, 每套两件",1.0,29.99
A1000434,2018/8/15,CC-12430,标准级,东北,吉林,技术,电话,苹果,"苹果 智能手机, 全尺寸",1.0,371.97
A1000436,2018/8/16,AG-10765,标准级,华东,上海,办公用品,装订机,Cardinal,"Cardinal 打孔机, 实惠",2.0,5.892
A1000438,2018/8/16,HP-14815,标准级,中南,广西,办公用品,器具,Cuisinart,"Cuisinart 冰箱, 红色",9.0,68.472
A1000438,2018/8/16,HP-14815,标准级,中南,广西,办公用品,标签,Smead,"Smead 运输标签, 耐用",8.0,1242.9
A1000438,2018/8/16,DK-13090,标准级,中南,广西,技术,配件,Enermax,"Enermax 键盘, 可编程",3.0,30.84
A1000437,2018/8/16,GZ-14470,二级,中南,湖北,家具,用具,Deflect-O,"Deflect-O 灯泡, 优质",3.0,13.48
A1000439,2018/8/16,PM-19135,标准级,中南,广西,办公用品,标签,Hon,"Hon 文件夹标签, 耐用",7.0,31.4
A1000439,2018/8/16,LL-16840,标准级,中南,广西,技术,复印机,惠普,"惠普 无线传真机, 红色",5.0,17.46
A1000440,2018/8/17,JS-15595,一级,中南,河南,办公用品,用品,Kleencut,"Kleencut 开信刀, 蓝色",3.0,13.944
A1000440,2018/8/17,OT-18730,一级,中南,河南,家具,椅子,Harbour Creations,"Harbour Creations 摇椅, 可调",3.0,83.76
A1000442,2018/8/17,EL-13735,二级,东北,辽宁,技术,配件,罗技,"罗技 鼠标, 可编程",6.0,37.66
A1000441,2018/8/17,CK-12760,一级,西南,云南,办公用品,纸张,Green Bar,"Green Bar 备忘录便条, 回收",3.0,34.68
A1000443,2018/8/17,JE-15475,二级,华东,山东,办公用品,器具,Cuisinart,"Cuisinart 炉灶, 黑色",2.0,149.95
A1000446,2018/8/18,JE-15475,当日,中南,广东,办公用品,装订机,Cardinal,"Cardinal 打孔机, 实惠",7.0,51.312
A1000446,2018/8/18,TH-21550,当日,中南,广东,技术,复印机,Brother,"Brother 个人复印机, 彩色",3.0,4.54
A1000445,2018/8/18,TH-21550,二级,中南,广东,办公用品,系固件,Accos,"Accos 夹子, 金属",6.0,15.92
A1000444,2018/8/18,TH-21550,标准级,华北,山西,办公用品,纸张,施乐,"施乐 计划信息表, 优质",10.0,543.92
A1000447,2018/8/18,PC-18745,标准级,东北,辽宁,办公用品,用品,Fiskars,"Fiskars 尺子, 锯齿状",9.0,155.82
A1000444,2018/8/18,PC-18745,标准级,华北,山西,家具,书架,Sauder,"Sauder 搁架, 白色",10.0,70.008
A1000447,2018/8/18,HL-15040,标准级,东北,辽宁,技术,配件,贝尔金,"贝尔金 鼠标, 实惠",2.0,15.648
A1000450,2018/8/19,MS-17365,当日,西北,陕西,办公用品,用品,Stiletto,"Stiletto 大剪刀, 钢",2.0,103.6
A1000448,2018/8/19,GB-14530,标准级,华东,山东,办公用品,装订机,Acco,"Acco 订书机, 实惠",7.0,46.96
A1000449,2018/8/19,JR-16210,二级,华东,江苏,技术,配件,Enermax,"Enermax 键区, 回收",2.0,8.904
A1000498,2018/9/8,FM-14290,当日,华北,山西,办公用品,装订机,Avery,"Avery 孔加固材料, 实惠",3.0,44.02
A1000498,2018/9/8,RH-19495,当日,华北,山西,办公用品,装订机,Cardinal,"Cardinal 孔加固材料, 透明",7.0,2309.65
A1000501,2018/9/9,RH-19495,一级,华东,山东,办公用品,信封,Ames,"Ames 外皮和封条, 回收",1.0,1090.782
A1000501,2018/9/9,RH-19495,一级,华东,山东,办公用品,收纳具,Smead,"Smead 盒, 金属",1.0,19.44
A1000501,2018/9/9,RA-19945,一级,华东,山东,办公用品,纸张,SanDisk,"SanDisk 羊皮纸, 优质",5.0,484.65
A1000500,2018/9/9,JK-15730,二级,中南,广东,办公用品,标签,Avery,"Avery 可去除的标签, 白色",4.0,115.296
A1000500,2018/9/9,MT-17815,二级,中南,广东,办公用品,纸张,施乐,"施乐 计划信息表, 回收",9.0,7.08
A1000499,2018/9/9,MT-17815,标准级,华东,山东,办公用品,信封,Cameo,"Cameo 局间信封, 红色",10.0,4.401
A1000499,2018/9/9,PO-18850,标准级,华东,山东,技术,设备,冲电器,"冲电器 卡片打印机, 白色",1.0,44.75
A1000499,2018/9/9,AT-10735,标准级,华东,山东,技术,配件,SanDisk,"SanDisk 记忆卡, 耐用",2.0,95.984
A1000503,2018/9/10,VG-21790,一级,东北,吉林,办公用品,收纳具,Fellowes,"Fellowes 文件夹, 金属",1.0,151.72
A1000503,2018/9/10,PF-19165,一级,东北,吉林,办公用品,装订机,Wilson Jones,"Wilson Jones 打孔机, 实惠",1.0,155.25
A1000503,2018/9/10,PF-19165,一级,东北,吉林,办公用品,装订机,Wilson Jones,"Wilson Jones 装订机, 回收",1.0,14.03
A1000503,2018/9/10,JS-15880,一级,东北,吉林,技术,复印机,夏普,"夏普 墨水, 红色",5.0,1618.37
A1000502,2018/9/10,JS-15880,标准级,华东,山东,办公用品,收纳具,Smead,"Smead 盒, 单宽度",1.0,99.6
A1000504,2018/9/10,MO-17800,标准级,华东,浙江,办公用品,标签,Harbour Creations,"Harbour Creations 有色标签, 红色",2.0,32.4
A1000504,2018/9/10,KM-16225,标准级,华东,浙江,办公用品,美术,Binney & Smith,"Binney & Smith 荧光笔, 整包",5.0,13.96
A1000504,2018/9/10,KM-16225,标准级,华东,浙江,技术,配件,Enermax,"Enermax 键区, 实惠",3.0,155.82
A1000504,2018/9/10,KM-16225,标准级,华东,浙江,技术,配件,贝尔金,"贝尔金 路由器, 回收",5.0,124.95
A1000505,2018/9/11,KM-16225,一级,东北,黑龙江,办公用品,器具,Hoover,"Hoover 咖啡研磨机, 白色",1.0,601.65
A1000505,2018/9/11,GT-14710,一级,东北,黑龙江,办公用品,装订机,Ibico,"Ibico 打孔机, 回收",1.0,22.74
A1000505,2018/9/11,GT-14710,一级,东北,黑龙江,家具,书架,Sauder,"Sauder 搁架, 金属",2.0,1267.53
A1000506,2018/9/12,GT-14710,标准级,华北,北京,家具,椅子,Safco,"SAFCO 沙滩椅, 红色",2.0,1379.92
A1000507,2018/9/13,PB-19150,当日,东北,黑龙江,办公用品,器具,Breville,"Breville 炉灶, 银色",3.0,6.208
A1000507,2018/9/13,HR-14770,当日,东北,黑龙江,办公用品,标签,Smead,"Smead 圆形标签, 白色",2.0,11.808
A1000507,2018/9/13,DE-13255,当日,东北,黑龙江,办公用品,美术,Binney & Smith,"Binney & Smith 画布, 金属",10.0,15.552
A1000508,2018/9/13,DE-13255,一级,东北,黑龙江,办公用品,信封,Ames,"Ames 外皮和封条, 银色",3.0,63.312
A1000508,2018/9/13,DE-13255,一级,东北,黑龙江,办公用品,系固件,Stockwell,"Stockwell 图钉, 每包 12 个",1.0,15.588
A1000508,2018/9/13,LA-16780,一级,东北,黑龙江,办公用品,装订机,Wilson Jones,"Wilson Jones 标签, 耐用",10.0,177.2
A1000513,2018/9/14,LA-16780,当日,华东,山东,办公用品,收纳具,Tenex,"Tenex 文件车, 金属",6.0,197.97
A1000513,2018/9/14,LA-16780,当日,华东,山东,办公用品,标签,Smead,"Smead 合法证物标签, 白色",3.0,854.94
A1000513,2018/9/14,LA-16780,当日,华东,山东,办公用品,系固件,Stockwell,"Stockwell 图钉, 每包 12 个",6.0,124.11
A1000513,2018/9/14,LA-16780,当日,华东,山东,办公用品,装订机,Avery,"Avery 订书机, 回收",2.0,14.4
A1000513,2018/9/14,AG-10390,当日,华东,山东,家具,椅子,Safco,"SAFCO 凳子, 黑色",8.0,15.696
A1000510,2018/9/14,AG-10390,二级,西南,重庆,家具,用具,Rubbermaid,"Rubvermaid 门挡, 黑色",6.0,2.628
A1000510,2018/9/14,AG-10390,二级,西南,重庆,技术,电话,摩托罗拉,"摩托罗拉 智能手机, 全尺寸",9.0,14.427
A1000512,2018/9/14,EL-13735,标准级,华东,安徽,技术,复印机,Hewlett,"Hewlett 传真复印机, 每套两件",8.0,86.62
A1000511,2018/9/14,JJ-15445,标准级,华东,上海,技术,复印机,夏普,"夏普 传真复印机, 彩色",6.0,36.624
A1000509,2018/9/14,JH-15430,标准级,华东,山东,办公用品,信封,Ames,"Ames 局间信封, 红色",10.0,23.968
A1000509,2018/9/14,JH-15430,标准级,华东,山东,办公用品,纸张,Green Bar,"Green Bar 笔记本, 每包 12 个",3.0,28.728
A1000509,2018/9/14,RD-19660,标准级,华东,山东,技术,复印机,佳能,"佳能 个人复印机, 红色",7.0,697.16
A1000519,2018/9/15,MO-17500,当日,东北,吉林,办公用品,信封,Jiffy,"Jiffy 商业信封, 红色",8.0,31.86
A1000519,2018/9/15,MO-17500,当日,东北,吉林,家具,桌子,Barricks,"Barricks 电脑桌, 白色",5.0,722.352
A1000517,2018/9/15,NS-18640,一级,西南,云南,家具,桌子,Barricks,"Barricks 电脑桌, 长方形",1.0,8.84
A1000514,2018/9/15,NS-18640,二级,西北,甘肃,技术,电话,三星,"三星 信号增强器, 整包",2.0,58.464
A1000514,2018/9/15,SN-20710,二级,西北,甘肃,技术,电话,苹果,"苹果 音频基座, 全尺寸",1.0,254.604
A1000515,2018/9/15,ZC-21910,标准级,华东,江苏,办公用品,器具,Breville,"Breville 咖啡研磨机, 黑色",1.0,1363.96
A1000515,2018/9/15,ZC-21910,标准级,华东,江苏,办公用品,收纳具,Fellowes,"Fellowes 盘, 蓝色",2.0,102.36
A1000515,2018/9/15,LC-16885,标准级,华东,江苏,办公用品,收纳具,Rogers,"Rogers 文件车, 蓝色",8.0,1113.504
A1000515,2018/9/15,LC-16885,标准级,华东,江苏,家具,桌子,Lesro,"Lesro 培训桌, 黑色",5.0,99.99
A1000515,2018/9/15,DG-13300,标准级,华东,江苏,家具,用具,Deflect-O,"Deflect-O 分层置放架, 优质",9.0,168.464
A1000518,2018/9/15,DG-13300,标准级,东北,吉林,办公用品,器具,Hoover,"Hoover 烤面包机, 红色",8.0,6.72
A1000518,2018/9/15,DG-13300,标准级,东北,吉林,办公用品,用品,Kleencut,"Kleencut 剪刀, 工业",6.0,282.888
A1000518,2018/9/15,NF-18595,标准级,东北,吉林,技术,配件,Enermax,"Enermax 记忆卡, 耐用",9.0,11.16
A1000516,2018/9/15,NF-18595,标准级,东北,黑龙江,办公用品,纸张,施乐,"施乐 令, 优质",9.0,108.4
A1000516,2018/9/15,NF-18595,标准级,东北,黑龙江,技术,电话,摩托罗拉,"摩托罗拉 充电器, 全尺寸",10.0,82.344
A1000516,2018/9/15,NF-18595,标准级,东北,黑龙江,技术,电话,诺基亚,"诺基亚 耳机, 全尺寸",5.0,9.088
A1000516,2018/9/15,BP-11185,标准级,东北,黑龙江,技术,配件,罗技,"罗技 键区, 耐用",2.0,19.936
A1000520,2018/9/17,BP-11185,标准级,华东,浙江,办公用品,收纳具,Tenex,"Tenex 盒, 工业",5.0,65.568
A1000522,2018/9/19,MG-17650,一级,华北,河北,家具,桌子,Hon,"Hon 圆桌, 黑色",4.0,4.416
A1000522,2018/9/19,JD-16060,一级,华北,河北,技术,复印机,Brother,"Brother 墨水, 每套两件",3.0,107.772
A1000521,2018/9/19,TS-21160,标准级,华北,北京,办公用品,标签,Novimex,"Novimex 合法证物标签, 白色",10.0,45.216
A1000521,2018/9/19,TS-21160,标准级,华北,北京,家具,椅子,Novimex,"Novimex 折叠椅, 每套两件",5.0,10.416
A1000521,2018/9/19,TS-21160,标准级,华北,北京,技术,复印机,Hewlett,"Hewlett 个人复印机, 彩色",9.0,7.872
A1000521,2018/9/19,TS-21160,标准级,华北,北京,技术,复印机,Hewlett,"Hewlett 个人复印机, 数字化",2.0,118.782
A1000524,2018/9/19,TS-21160,二级,西北,陕西,办公用品,标签,Smead,"Smead 有色标签, 耐用",5.0,1.448
A1000524,2018/9/19,TS-21160,二级,西北,陕西,技术,电话,摩托罗拉,"摩托罗拉 办公室电话机, 混合尺寸",1.0,55.47
A1000523,2018/9/19,BD-11620,标准级,东北,黑龙江,办公用品,器具,KitchenAid,"KitchenAid 冰箱, 黑色",5.0,194.848
A1000523,2018/9/19,CM-12160,标准级,东北,黑龙江,办公用品,系固件,Stockwell,"Stockwell 订书钉, 金属",10.0,1.744
A1000523,2018/9/19,RB-19795,标准级,东北,黑龙江,家具,椅子,Novimex,"Novimex 折叠椅, 黑色",2.0,25.176
A1000527,2018/9/20,SN-20560,当日,东北,黑龙江,家具,用具,Advantus,"Advantus 闹钟, 耐用",4.0,19.46
A1000526,2018/9/20,EH-14005,标准级,华东,福建,技术,电话,苹果,"苹果 智能手机, 蓝色",9.0,29.472
A1000525,2018/9/20,FO-14305,标准级,中南,广东,办公用品,收纳具,Tenex,"Tenex 盘, 金属",6.0,8.64
A1000528,2018/9/21,MS-17710,当日,华东,江苏,家具,椅子,Safco,"SAFCO 椅垫, 红色",4.0,6.27
A1000533,2018/9/21,MS-17710,一级,华东,浙江,办公用品,用品,Fiskars,"Fiskars 开信刀, 蓝色",3.0,4.368
A1000533,2018/9/21,MS-17710,一级,华东,浙江,办公用品,装订机,Acco,"Acco 标签, 实惠",2.0,31.984
A1000533,2018/9/21,CC-12100,一级,华东,浙江,办公用品,装订机,Cardinal,"Cardinal 订书机, 耐用",1.0,40.88
A1000533,2018/9/21,DW-13540,一级,华东,浙江,家具,椅子,Novimex,"Novimex 凳子, 黑色",6.0,119.96
A1000529,2018/9/21,DW-13540,一级,华东,江苏,办公用品,装订机,Acco,"Acco 孔加固材料, 耐用",2.0,31.44
A1000530,2018/9/21,DW-13540,二级,华东,山东,办公用品,信封,Kraft,"Kraft 搭扣信封, 银色",1.0,6.88
A1000529,2018/9/21,BT-11395,一级,华东,江苏,家具,椅子,Novimex,"Novimex 凳子, 黑色",5.0,19.92
A1000529,2018/9/21,BT-11395,一级,华东,江苏,家具,用具,Eldon,"Eldon 门挡, 优质",2.0,1106.91
A1000529,2018/9/21,KD-16270,一级,华东,江苏,技术,配件,罗技,"罗技 路由器, 耐用",2.0,836.592
A1000531,2018/9/21,KD-16270,标准级,中南,广西,家具,书架,Safco,"Safco 书库, 传统",2.0,26.38
A1000531,2018/9/21,KD-16270,标准级,中南,广西,家具,桌子,Hon,"Hon 木桌, 黑色",3.0,362.92
A1000532,2018/9/21,KD-16270,标准级,华北,内蒙古,办公用品,用品,Acme,"Acme 大剪刀, 锯齿状",1.0,4899.93
A1000535,2018/9/22,LC-16870,二级,中南,河南,办公用品,标签,Novimex,"Novimex 可去除的标签, 可调",1.0,6.48
A1000534,2018/9/22,CY-12745,标准级,华东,上海,办公用品,信封,Jiffy,"Jiffy 局间信封, 每套 50 个",5.0,71.976
A1000539,2018/9/23,CY-12745,标准级,华北,河北,办公用品,标签,Hon,"Hon 有色标签, 红色",3.0,3.15
A1000539,2018/9/23,LW-16990,标准级,华北,河北,办公用品,系固件,Accos,"Accos 订书钉, 金属",1.0,31.984
A1000542,2018/9/23,LW-16990,标准级,东北,辽宁,办公用品,装订机,Ibico,"Ibico 孔加固材料, 耐用",5.0,71.984
A1000537,2018/9/23,NP-18325,标准级,华东,上海,办公用品,纸张,施乐,"施乐 令, 每包 12 个",4.0,120.15
A1000536,2018/9/23,NP-18325,标准级,华东,福建,办公用品,收纳具,Eldon,"Eldon 文件夹, 单宽度",4.0,219.184
A1000541,2018/9/23,BT-11485,标准级,中南,广东,办公用品,信封,Jiffy,"Jiffy 马尼拉纸信封, 银色",9.0,28.9
A1000541,2018/9/23,BT-11485,标准级,中南,广东,办公用品,器具,Hoover,"Hoover 烤面包机, 红色",4.0,355.96
A1000541,2018/9/23,PS-19045,标准级,中南,广东,办公用品,收纳具,Eldon,"Eldon 锁柜, 单宽度",6.0,348.208
A1000541,2018/9/23,PS-19045,标准级,中南,广东,办公用品,收纳具,Rogers,"Rogers 搁板, 工业",1.0,35.784
A1000541,2018/9/23,NS-18640,标准级,中南,广东,办公用品,收纳具,Rogers,"Rogers 锁柜, 蓝色",9.0,447.84
A1000541,2018/9/23,PV-18985,标准级,中南,广东,办公用品,标签,Hon,"Hon 合法证物标签, 白色",9.0,7.04
A1000541,2018/9/23,PV-18985,标准级,中南,广东,办公用品,系固件,Stockwell,"Stockwell 图钉, 整包",1.0,8.73
A1000541,2018/9/23,PV-18985,标准级,中南,广东,办公用品,装订机,Acco,"Acco 孔加固材料, 耐用",9.0,29.29
A1000541,2018/9/23,PV-18985,标准级,中南,广东,办公用品,装订机,Wilson Jones,"Wilson Jones 装订机, 回收",5.0,8.64
A1000536,2018/9/23,RP-19390,标准级,华东,福建,家具,书架,Dania,"Dania 墙角架, 金属",10.0,2.694
A1000540,2018/9/23,RP-19390,标准级,华东,上海,家具,椅子,Harbour Creations,"Harbour Creations 扶手椅, 可调",1.0,2.934
A1000541,2018/9/23,NM-18520,标准级,中南,广东,家具,椅子,Novimex,"Novimex 椅垫, 可调",1.0,22.92
A1000541,2018/9/23,EH-13945,标准级,中南,广东,家具,用具,Deflect-O,"Deflect-O 分层置放架, 一包多件",4.0,100.704
A1000538,2018/9/23,EH-13945,标准级,中南,湖北,家具,桌子,Barricks,"Barricks 电脑桌, 白色",10.0,2.328
A1000543,2018/9/24,EH-13945,二级,西南,重庆,办公用品,用品,Fiskars,"Fiskars 美工刀, 钢",3.0,10.78
A1000543,2018/9/24,EH-13945,二级,西南,重庆,办公用品,纸张,Enermax,"Enermax 笔记本, 优质",3.0,58.368
A1000543,2018/9/24,EH-13945,二级,西南,重庆,办公用品,纸张,SanDisk,"SanDisk 笔记本, 回收",1.0,40.968
A1000543,2018/9/24,EH-13945,二级,西南,重庆,家具,书架,Safco,"Safco 柜, 传统",2.0,71.96
A1000544,2018/9/24,EH-13945,标准级,华东,安徽,办公用品,美术,Binney & Smith,"Binney & Smith 荧光笔, 金属",2.0,10.368
A1000544,2018/9/24,EH-13945,标准级,华东,安徽,技术,电话,思科,"思科 音频基座, 整包",2.0,1.192
A1000544,2018/9/24,RA-19915,标准级,华东,安徽,技术,设备,柯尼卡,"柯尼卡 电话, 白色",1.0,46.672
A1000546,2018/9/25,RA-19915,标准级,华东,福建,办公用品,器具,KitchenAid,"KitchenAid 炉灶, 红色",5.0,119.833
A1000546,2018/9/25,RA-19915,标准级,华东,福建,办公用品,收纳具,Rogers,"Rogers 文件车, 金属",5.0,119.98
A1000546,2018/9/25,DL-13495,标准级,华东,福建,办公用品,收纳具,Tenex,"Tenex 文件夹, 蓝色",10.0,6.3
A1000546,2018/9/25,CS-12355,标准级,华东,福建,办公用品,系固件,Advantus,"Advantus 橡皮筋, 整包",4.0,279.9
A1000546,2018/9/25,CS-12355,标准级,华东,福建,家具,书架,Bush,"Bush 墙角架, 黑色",2.0,619.95
A1000546,2018/9/25,CS-12355,标准级,华东,福建,家具,椅子,Office Star,"Office Star 扶手椅, 可调",2.0,4.36
A1000546,2018/9/25,CS-12355,标准级,华东,福建,技术,复印机,Brother,"Brother 墨水, 彩色",5.0,15.28
A1000546,2018/9/25,HL-15040,标准级,华东,福建,技术,电话,诺基亚,"诺基亚 充电器, 整包",2.0,699.93
A1000545,2018/9/25,HL-15040,标准级,中南,河南,办公用品,装订机,Avery,"Avery 孔加固材料, 耐用",1.0,22.96
A1000549,2018/9/26,HL-15040,当日,华北,山西,办公用品,收纳具,Rogers,"Rogers 搁板, 工业",4.0,38.6
A1000549,2018/9/26,HL-15040,当日,华北,山西,技术,复印机,佳能,"佳能 个人复印机, 数字化",5.0,6.63
A1000549,2018/9/26,HL-15040,当日,华北,山西,技术,电话,三星,"三星 信号增强器, 混合尺寸",9.0,23.34
A1000547,2018/9/26,HL-15040,一级,东北,黑龙江,办公用品,信封,GlobeWeis,"GlobeWeis 邮寄品, 每套 50 个",2.0,1067.94
A1000547,2018/9/26,PA-19060,一级,东北,黑龙江,办公用品,器具,Hoover,"Hoover 冰箱, 银色",9.0,10.16
A1000547,2018/9/26,PA-19060,一级,东北,黑龙江,办公用品,用品,Stiletto,"Stiletto 修剪器, 蓝色",7.0,101.88
A1000547,2018/9/26,BD-11605,一级,东北,黑龙江,办公用品,装订机,Avery,"Avery 孔加固材料, 耐用",1.0,343.92
A1000548,2018/9/26,BD-11605,标准级,东北,辽宁,技术,复印机,Hewlett,"Hewlett 传真机, 每套两件",10.0,40.99
A1000550,2018/9/26,BD-11605,标准级,华东,浙江,家具,书架,Sauder,"Sauder 搁架, 传统",7.0,63.9
A1000551,2018/9/26,GG-14650,二级,华东,山东,家具,书架,Bush,"Bush 古典书架, 白色",10.0,19.44
A1000551,2018/9/26,JS-15940,二级,华东,山东,技术,电话,三星,"三星 办公室电话机, 蓝色",2.0,124.608
A1000551,2018/9/26,JS-15940,二级,华东,山东,技术,设备,松下,"松下 计算器, 白色",3.0,7.56
A1000552,2018/9/27,LR-16915,一级,华东,山东,办公用品,系固件,Stockwell,"Stockwell 图钉, 混合尺寸",3.0,85.224
A1000552,2018/9/27,FH-14275,一级,华东,山东,办公用品,装订机,Wilson Jones,"Wilson Jones 标签, 耐用",8.0,287.52
A1000556,2018/9/27,FH-14275,标准级,华东,安徽,办公用品,系固件,OIC,"OIC 夹子, 金属",9.0,37.68
A1000556,2018/9/27,FH-14275,标准级,华东,安徽,办公用品,系固件,Stockwell,"Stockwell 按钉, 混合尺寸",6.0,19.98
A1000553,2018/9/27,FH-14275,二级,华东,江西,家具,椅子,Harbour Creations,"Harbour Creations 折叠椅, 红色",6.0,20.58
A1000554,2018/9/27,FH-14275,标准级,华东,山东,家具,椅子,Novimex,"Novimex 摇椅, 每套两件",7.0,17.38
A1000557,2018/9/27,AP-10915,标准级,西南,四川,办公用品,装订机,Acco,"Acco 装订机盖, 耐用",1.0,204.6
A1000555,2018/9/27,AP-10915,标准级,华北,山西,技术,电话,摩托罗拉,"摩托罗拉 充电器, 混合尺寸",7.0,8.72
A1000559,2018/9/28,AP-10915,二级,东北,吉林,技术,电话,三星,"三星 智能手机, 混合尺寸",5.0,6.48
A1000558,2018/9/28,AP-10915,标准级,华北,河北,办公用品,信封,Ames,"Ames 商业信封, 红色",3.0,686.32
A1000560,2018/9/29,AP-10915,标准级,中南,广东,办公用品,用品,Kleencut,"Kleencut 修剪器, 钢",4.0,62.18
A1000563,2018/9/29,NC-18340,标准级,华东,福建,办公用品,收纳具,Eldon,"Eldon 盒, 单宽度",2.0,644.076
A1000564,2018/9/29,NC-18340,标准级,华东,山东,技术,复印机,惠普,"惠普 墨水, 红色",9.0,5.84
A1000562,2018/9/29,NC-18340,标准级,华东,山东,办公用品,用品,Kleencut,"Kleencut 开信刀, 锯齿状",3.0,12.76
A1000561,2018/9/29,NC-18340,标准级,中南,湖南,办公用品,用品,Elite,"Elite 尺子, 钢",7.0,10.95
A1000561,2018/9/29,NC-18340,标准级,中南,湖南,办公用品,系固件,Accos,"Accos 回形针, 整包",8.0,599.98
A1000566,2018/9/30,CB-12535,标准级,华东,江苏,办公用品,信封,Ames,"Ames 邮寄品, 红色",8.0,8.352
A1000566,2018/9/30,KL-16555,标准级,华东,江苏,办公用品,收纳具,Rogers,"Rogers 文件车, 工业",10.0,3.64
A1000566,2018/9/30,KL-16555,标准级,华东,江苏,家具,椅子,Novimex,"Novimex 扶手椅, 每套两件",2.0,159.768
A1000567,2018/9/30,PS-19045,标准级,华东,浙江,家具,用具,Advantus,"Advantus 闹钟, 一包多件",1.0,122.48
A1000566,2018/9/30,PS-19045,标准级,华东,江苏,技术,复印机,Brother,"Brother 传真复印机, 每套两件",5.0,2244.48
A1000566,2018/9/30,PS-19045,标准级,华东,江苏,技术,电话,三星,"三星 办公室电话机, 全尺寸",3.0,62.31
A1000566,2018/9/30,PS-19045,标准级,华东,江苏,技术,电话,苹果,"苹果 智能手机, 混合尺寸",4.0,455.1
A1000567,2018/9/30,GB-14530,标准级,华东,浙江,技术,设备,StarTech,"StarTech 电话, 多色",10.0,195.184
A1000565,2018/9/30,AA-10315,标准级,西南,西藏,办公用品,系固件,OIC,"OIC 按钉, 每包 12 个",1.0,362.94
A1000568,2018/10/1,AA-10315,二级,华东,江苏,办公用品,信封,GlobeWeis,"GlobeWeis 外皮和封条, 银色",7.0,11.54
A1000569,2018/10/1,LT-16765,二级,中南,湖南,办公用品,用品,Elite,"Elite 尺子, 钢",8.0,53.94
A1000570,2018/10/3,AP-10720,标准级,中南,河南,办公用品,收纳具,Tenex,"Tenex 文件夹, 工业",4.0,9.99
A1000570,2018/10/3,AP-10720,标准级,中南,河南,办公用品,系固件,Accos,"Accos 夹子, 混合尺寸",2.0,125.76
A1000572,2018/10/3,AP-10720,二级,中南,海南,办公用品,收纳具,Rogers,"Rogers 搁板, 工业",6.0,25.32
A1000572,2018/10/3,PM-18940,二级,中南,海南,办公用品,纸张,Green Bar,"Green Bar 笔记本, 每包 12 个",3.0,46.8
A1000571,2018/10/3,KC-16540,标准级,中南,广东,家具,椅子,Hon,"Hon 折叠椅, 红色",1.0,447.93
A1000570,2018/10/3,DL-13315,标准级,中南,河南,技术,电话,三星,"三星 信号增强器, 全尺寸",7.0,109.48
A1000574,2018/10/4,DL-13315,标准级,华东,上海,办公用品,器具,Cuisinart,"Cuisinart 微波炉, 白色",2.0,272.94
A1000574,2018/10/4,DL-13315,标准级,华东,上海,办公用品,收纳具,Rogers,"Rogers 文件车, 蓝色",7.0,19.44
A1000575,2018/10/4,DL-13315,标准级,东北,黑龙江,办公用品,信封,Jiffy,"Jiffy 商业信封, 红色",5.0,31.92
A1000574,2018/10/4,SW-20275,标准级,华东,上海,家具,用具,Rubbermaid,"Rubvermaid 框架, 耐用",5.0,22.38
A1000577,2018/10/4,AA-10375,标准级,东北,吉林,家具,桌子,Chromcraft,"Chromcraft 培训桌, 黑色",4.0,16.52
A1000573,2018/10/4,LT-17110,标准级,华北,北京,办公用品,器具,Hoover,"Hoover 炉灶, 银色",3.0,5.176
A1000573,2018/10/4,DP-13105,标准级,华北,北京,技术,配件,Enermax,"Enermax 记忆卡, 回收",1.0,50.112
A1000576,2018/10/4,AB-10060,标准级,中南,河南,办公用品,装订机,Acco,"Acco 打孔机, 实惠",1.0,27.93
A1000582,2018/10/5,AT-10435,二级,华东,山东,办公用品,器具,Cuisinart,"Cuisinart 微波炉, 黑色",1.0,11.56
A1000579,2018/10/5,JE-15745,二级,东北,辽宁,技术,复印机,佳能,"佳能 无线传真机, 红色",1.0,172.5
A1000579,2018/10/5,JE-15745,二级,东北,辽宁,技术,配件,Enermax,"Enermax 路由器, 耐用",5.0,179.97
A1000579,2018/10/5,CA-12055,二级,东北,辽宁,技术,配件,Memorex,"Memorex 闪存驱动器, 实惠",5.0,258.696
A1000581,2018/10/5,DB-13060,二级,东北,黑龙江,办公用品,标签,Avery,"Avery 合法证物标签, 可调",2.0,1322.93
A1000581,2018/10/5,DB-13060,二级,东北,黑龙江,办公用品,装订机,Wilson Jones,"Wilson Jones 装订机, 回收",8.0,3.76
A1000578,2018/10/5,RB-19570,标准级,中南,湖南,办公用品,装订机,Avery,"Avery 打孔机, 耐用",5.0,21.744
A1000581,2018/10/5,RB-19570,二级,东北,黑龙江,家具,椅子,Hon,"Hon 扶手椅, 红色",10.0,7.92
A1000581,2018/10/5,HR-14830,二级,东北,黑龙江,家具,用具,Advantus,"Advantus 门挡, 耐用",2.0,12.096
A1000581,2018/10/5,HR-14830,二级,东北,黑龙江,技术,电话,三星,"三星 音频基座, 蓝色",7.0,485.88
A1000578,2018/10/5,HR-14830,标准级,中南,湖南,技术,电话,诺基亚,"诺基亚 智能手机, 蓝色",2.0,25.92
A1000580,2018/10/5,HR-14830,标准级,华东,江西,办公用品,用品,Kleencut,"Kleencut 剪刀, 锯齿状",1.0,197.58
A1000580,2018/10/5,BT-11530,标准级,华东,江西,办公用品,纸张,Green Bar,"Green Bar 计划信息表, 优质",7.0,81.92
A1000585,2018/10/6,BT-11530,二级,华北,内蒙古,办公用品,装订机,Cardinal,"Cardinal 标签, 耐用",3.0,889.536
A1000587,2018/10/6,BT-11530,一级,东北,黑龙江,办公用品,收纳具,Eldon,"Eldon 盒, 工业",7.0,892.224
A1000587,2018/10/6,BT-11530,一级,东北,黑龙江,办公用品,收纳具,Fellowes,"Fellowes 文件夹, 工业",7.0,223.92
A1000587,2018/10/6,BT-11530,一级,东北,黑龙江,办公用品,装订机,Wilson Jones,"Wilson Jones 装订机, 耐用",3.0,23.12
A1000586,2018/10/6,NG-18355,二级,东北,黑龙江,办公用品,收纳具,Tenex,"Tenex 文件夹, 工业",10.0,15.552
A1000586,2018/10/6,NG-18355,二级,东北,黑龙江,办公用品,系固件,Accos,"Accos 回形针, 混合尺寸",2.0,15.712
A1000586,2018/10/6,NG-18355,二级,东北,黑龙江,办公用品,美术,Stanley,"Stanley 荧光笔, 金属",1.0,24.672
A1000584,2018/10/6,NG-18355,标准级,华东,安徽,办公用品,标签,Smead,"Smead 文件夹标签, 耐用",2.0,55.968
A1000584,2018/10/6,ZC-21910,标准级,华东,安徽,技术,复印机,Brother,"Brother 墨水, 数字化",5.0,431.928
A1000588,2018/10/6,ZC-21910,标准级,中南,广东,办公用品,用品,Elite,"Elite 尺子, 蓝色",5.0,95.984
A1000588,2018/10/6,ZC-21910,标准级,中南,广东,办公用品,用品,Kleencut,"Kleencut 剪刀, 锯齿状",10.0,1088.792
A1000588,2018/10/6,LS-16945,标准级,中南,广东,家具,椅子,Safco,"SAFCO 扶手椅, 可调",3.0,544.008
A1000584,2018/10/6,LS-16945,标准级,华东,安徽,家具,椅子,Safco,"SAFCO 沙滩椅, 红色",8.0,1.872
A1000588,2018/10/6,LS-16945,标准级,中南,广东,技术,配件,贝尔金,"贝尔金 闪存驱动器, 实惠",3.0,854.352
A1000583,2018/10/6,LS-16945,标准级,华北,天津,办公用品,标签,Harbour Creations,"Harbour Creations 合法证物标签, 白色",2.0,593.568
A1000583,2018/10/6,LS-16945,标准级,华北,天津,办公用品,用品,Elite,"Elite 大剪刀, 蓝色",8.0,338.04
A1000583,2018/10/6,LH-16750,标准级,华北,天津,办公用品,纸张,Green Bar,"Green Bar 备忘录便条, 每包 12 个",6.0,271.96
A1000583,2018/10/6,SW-20755,标准级,华北,天津,家具,书架,Sauder,"Sauder 墙角架, 黑色",7.0,11.21
A1000583,2018/10/6,SW-20755,标准级,华北,天津,家具,椅子,Novimex,"Novimex 摇椅, 红色",2.0,9.144
A1000589,2018/10/7,SW-20755,二级,东北,黑龙江,办公用品,美术,Boston,"Boston 记号笔, 混合尺寸",7.0,14.07
A1000592,2018/10/7,SW-20755,二级,华东,山东,办公用品,用品,Kleencut,"Kleencut 剪刀, 锯齿状",2.0,41.86
A1000592,2018/10/7,SW-20755,二级,华东,山东,办公用品,纸张,Enermax,"Enermax 笔记本, 每包 12 个",8.0,8.544
A1000591,2018/10/7,SW-20755,一级,华北,河北,家具,书架,Safco,"Safco 书架, 金属",8.0,579.136
A1000591,2018/10/7,SP-20620,一级,华北,河北,家具,用具,Rubbermaid,"Rubvermaid 灯泡, 黑色",5.0,141.372
A1000590,2018/10/7,SP-20620,标准级,东北,黑龙江,办公用品,用品,Kleencut,"Kleencut 大剪刀, 蓝色",3.0,3.036
A1000590,2018/10/7,SP-20620,标准级,东北,黑龙江,办公用品,纸张,Eaton,"Eaton 备忘录便条, 每包 12 个",5.0,4.503
A1000593,2018/10/8,SP-20620,标准级,东北,辽宁,技术,复印机,惠普,"惠普 个人复印机, 数字化",3.0,4.672
A1000594,2018/10/8,SP-20620,标准级,东北,辽宁,办公用品,信封,GlobeWeis,"GlobeWeis 外皮和封条, 红色",10.0,95.88
A1000594,2018/10/8,SP-20620,标准级,东北,辽宁,办公用品,标签,Avery,"Avery 合法证物标签, 耐用",6.0,17.024
A1000594,2018/10/8,SP-20620,标准级,东北,辽宁,家具,书架,宜家,"宜家 柜, 金属",9.0,258.696
A1000596,2018/10/10,SP-20620,一级,东北,辽宁,家具,书架,Bush,"Bush 书架, 黑色",4.0,1931.958
A1000596,2018/10/10,BF-11170,一级,东北,辽宁,家具,椅子,Safco,"SAFCO 凳子, 黑色",1.0,249.75
A1000597,2018/10/10,BF-11170,二级,东北,黑龙江,家具,椅子,Harbour Creations,"Harbour Creations 折叠椅, 可调",3.0,255.936
A1000596,2018/10/10,BM-11140,一级,东北,辽宁,技术,复印机,夏普,"夏普 传真机, 每套两件",6.0,113.79
A1000596,2018/10/10,BM-11140,一级,东北,辽宁,技术,配件,Memorex,"Memorex 键区, 耐用",2.0,78.15
A1000595,2018/10/10,BM-11140,标准级,华北,北京,家具,桌子,Lesro,"Lesro 圆桌, 黑色",3.0,1.728
A1000600,2018/10/11,BM-11140,二级,中南,广西,家具,椅子,Office Star,"Office Star 扶手椅, 黑色",9.0,40.56
A1000600,2018/10/11,BM-11140,二级,中南,广西,家具,用具,Deflect-O,"Deflect-O 框架, 耐用",10.0,182.94
A1000599,2018/10/11,BM-11140,二级,东北,辽宁,技术,复印机,夏普,"夏普 传真复印机, 红色",10.0,193.86
A1000602,2018/10/11,ZC-21910,标准级,东北,吉林,办公用品,信封,GlobeWeis,"GlobeWeis 外皮和封条, 银色",5.0,15.28
A1000602,2018/10/11,ZC-21910,标准级,东北,吉林,办公用品,器具,Cuisinart,"Cuisinart 烤面包机, 黑色",3.0,8.73
A1000598,2018/10/11,ZC-21910,标准级,东北,黑龙江,办公用品,系固件,Accos,"Accos 图钉, 整包",1.0,5.68
A1000601,2018/10/11,KT-16480,标准级,东北,黑龙江,办公用品,收纳具,Rogers,"Rogers 盘, 蓝色",8.0,2.78
A1000601,2018/10/11,BG-11695,标准级,东北,黑龙江,办公用品,用品,Acme,"Acme 开信刀, 钢",2.0,839.988
A1000601,2018/10/11,PG-18820,标准级,东北,黑龙江,办公用品,系固件,Stockwell,"Stockwell 图钉, 金属",3.0,47.952
A1000603,2018/10/11,PG-18820,标准级,东北,吉林,办公用品,收纳具,Fellowes,"Fellowes 盘, 工业",5.0,37.425
A1000603,2018/10/11,PG-18820,标准级,东北,吉林,办公用品,收纳具,Fellowes,"Fellowes 锁柜, 单宽度",2.0,63.968
A1000603,2018/10/11,PG-18820,标准级,东北,吉林,办公用品,标签,Harbour Creations,"Harbour Creations 合法证物标签, 红色",9.0,165.048
A1000603,2018/10/11,GM-14680,标准级,东北,吉林,办公用品,纸张,SanDisk,"SanDisk 信纸, 优质",10.0,12.35
A1000606,2018/10/12,GM-14680,二级,华北,内蒙古,家具,用具,Advantus,"Advantus 框架, 黑色",9.0,40.97
A1000605,2018/10/12,GM-14680,二级,华北,山西,技术,配件,Memorex,"Memorex 鼠标, 耐用",3.0,22.96
A1000604,2018/10/12,MO-17800,一级,华北,天津,办公用品,收纳具,Smead,"Smead 搁板, 单宽度",7.0,22.0
A1000604,2018/10/12,PG-18820,一级,华北,天津,技术,设备,柯尼卡,"柯尼卡 收据打印机, 多色",3.0,398.352
A1000608,2018/10/13,PG-18820,一级,东北,辽宁,办公用品,信封,GlobeWeis,"GlobeWeis 马尼拉纸信封, 每套 50 个",1.0,8.72
A1000608,2018/10/13,EJ-14155,一级,东北,辽宁,办公用品,标签,Smead,"Smead 圆形标签, 白色",1.0,48.69
A1000608,2018/10/13,NP-18700,一级,东北,辽宁,办公用品,系固件,Accos,"Accos 夹子, 金属",5.0,764.688
A1000608,2018/10/13,NP-18700,一级,东北,辽宁,办公用品,纸张,Green Bar,"Green Bar 笔记本, 回收",3.0,3610.848
A1000608,2018/10/13,NP-18700,一级,东北,辽宁,家具,桌子,Chromcraft,"Chromcraft 会议桌, 长方形",9.0,254.9745
A1000608,2018/10/13,DJ-13630,一级,东北,辽宁,家具,椅子,Novimex,"Novimex 摇椅, 可调",10.0,38.82
A1000608,2018/10/13,DJ-13630,一级,东北,辽宁,技术,设备,爱普生,"爱普生 卡片打印机, 耐用",8.0,1141.938
A1000607,2018/10/13,DJ-13630,标准级,东北,吉林,家具,书架,Bush,"Bush 搁架, 金属",9.0,1704.56
A1000609,2018/10/14,DJ-13630,一级,中南,广东,办公用品,用品,Acme,"Acme 剪刀, 锯齿状",9.0,3.2
A1000609,2018/10/14,IM-15070,一级,中南,广东,家具,椅子,Novimex,"Novimex 扶手椅, 红色",9.0,1099.96
A1000610,2018/10/14,MH-18115,标准级,中南,河南,办公用品,收纳具,Fellowes,"Fellowes 盘, 蓝色",6.0,5.248
A1000610,2018/10/14,MH-18115,标准级,中南,河南,家具,椅子,Novimex,"Novimex 椅垫, 黑色",2.0,35.91
A1000610,2018/10/14,MH-18115,标准级,中南,河南,家具,用具,Eldon,"Eldon 灯泡, 优质",3.0,6.696
A1000611,2018/10/15,MH-18115,标准级,中南,河南,办公用品,器具,Hoover,"Hoover 烤面包机, 银色",10.0,43.872
A1000612,2018/10/16,RB-19795,二级,华东,山东,办公用品,纸张,Enermax,"Enermax 令, 回收",10.0,27.882
A1000613,2018/10/17,RB-19795,二级,中南,河南,办公用品,标签,Hon,"Hon 可去除的标签, 耐用",10.0,540.048
A1000616,2018/10/17,RB-19795,二级,中南,湖北,办公用品,系固件,OIC,"OIC 订书钉, 混合尺寸",2.0,255.68
A1000617,2018/10/17,JR-15700,标准级,华北,河北,家具,用具,Rubbermaid,"Rubvermaid 分层置放架, 一包多件",2.0,863.88
A1000616,2018/10/17,SM-20950,二级,中南,湖北,家具,椅子,Harbour Creations,"Harbour Creations 沙滩椅, 红色",1.0,17.616
A1000614,2018/10/17,CS-12355,标准级,中南,湖北,家具,书架,Safco,"Safco 柜, 金属",1.0,17.472
A1000615,2018/10/17,CC-12220,标准级,华东,山东,办公用品,器具,Hoover,"Hoover 烤面包机, 银色",8.0,69.9
A1000619,2018/10/18,CC-12220,一级,西北,陕西,办公用品,器具,Breville,"Breville 搅拌机, 银色",5.0,41.85
A1000620,2018/10/18,PF-19225,标准级,华东,山东,办公用品,器具,Breville,"Breville 炉灶, 银色",6.0,6.57
A1000621,2018/10/18,JC-16105,标准级,中南,广东,办公用品,器具,Breville,"Breville 搅拌机, 银色",2.0,142.86
A1000621,2018/10/18,JC-16105,标准级,中南,广东,家具,用具,Rubbermaid,"Rubvermaid 框架, 优质",3.0,292.272
A1000618,2018/10/18,BG-11695,标准级,华东,山东,办公用品,标签,Smead,"Smead 文件夹标签, 红色",2.0,29.328
A1000622,2018/10/19,DC-12850,一级,华东,浙江,技术,复印机,佳能,"佳能 传真机, 每套两件",3.0,12.48
A1000622,2018/10/19,SP-20545,一级,华东,浙江,技术,配件,Memorex,"Memorex 键盘, 回收",7.0,102.336
A1000624,2018/10/19,SP-20545,二级,东北,吉林,家具,椅子,Hon,"Hon 扶手椅, 每套两件",2.0,48.792
A1000624,2018/10/19,SP-20545,二级,东北,吉林,技术,设备,冲电器,"冲电器 计算器, 红色",8.0,44.848
A1000624,2018/10/19,MS-17710,二级,东北,吉林,技术,配件,贝尔金,"贝尔金 鼠标, 耐用",10.0,10.368
A1000623,2018/10/19,MS-17710,标准级,华东,安徽,办公用品,标签,Harbour Creations,"Harbour Creations 运输标签, 耐用",10.0,388.43
A1000623,2018/10/19,MS-17710,标准级,华东,安徽,办公用品,标签,Novimex,"Novimex 有色标签, 可调",4.0,14.352
A1000623,2018/10/19,MS-17710,标准级,华东,安徽,技术,配件,Memorex,"Memorex 路由器, 实惠",6.0,63.992
A1000626,2018/10/20,BD-11770,一级,西南,贵州,办公用品,器具,KitchenAid,"KitchenAid 搅拌机, 红色",5.0,86.352
A1000626,2018/10/20,KC-16255,一级,西南,贵州,家具,椅子,Office Star,"Office Star 扶手椅, 黑色",1.0,32.97
A1000626,2018/10/20,KC-16255,一级,西南,贵州,技术,复印机,佳能,"佳能 墨水, 彩色",4.0,83.88
A1000625,2018/10/20,TR-21325,标准级,西北,陕西,办公用品,收纳具,Eldon,"Eldon 盒, 蓝色",7.0,278.4
A1000631,2018/10/21,SA-20830,二级,东北,辽宁,办公用品,收纳具,Eldon,"Eldon 锁柜, 工业",1.0,15.12
A1000631,2018/10/21,SA-20830,二级,东北,辽宁,家具,用具,Advantus,"Advantus 分层置放架, 优质",2.0,17.43
A1000630,2018/10/21,SA-20830,标准级,华东,福建,办公用品,用品,Fiskars,"Fiskars 大剪刀, 钢",2.0,251.64
A1000627,2018/10/21,KW-16435,标准级,华东,山东,办公用品,系固件,Stockwell,"Stockwell 回形针, 混合尺寸",5.0,2.772
A1000628,2018/10/21,GM-14500,标准级,华北,天津,办公用品,收纳具,Fellowes,"Fellowes 文件夹, 蓝色",2.0,14.9
A1000628,2018/10/21,AD-10180,标准级,华北,天津,办公用品,标签,Harbour Creations,"Harbour Creations 运输标签, 可调",3.0,15.48
A1000629,2018/10/21,TB-21355,标准级,华北,河北,办公用品,器具,Breville,"Breville 搅拌机, 黑色",6.0,39.88
A1000629,2018/10/21,TB-21355,标准级,华北,河北,办公用品,收纳具,Eldon,"Eldon 文件夹, 工业",8.0,12.192
A1000627,2018/10/21,TB-21355,标准级,华东,山东,家具,书架,Bush,"Bush 书架, 白色",9.0,20.82
A1000627,2018/10/21,CC-12430,标准级,华东,山东,家具,用具,Rubbermaid,"Rubvermaid 灯泡, 耐用",5.0,13.216
A1000628,2018/10/21,CC-12430,标准级,华北,天津,技术,配件,Memorex,"Memorex 闪存驱动器, 耐用",2.0,32.4
A1000632,2018/10/22,PF-19165,当日,中南,湖南,办公用品,信封,Cameo,"Cameo 外皮和封条, 每套 50 个",5.0,32.94
A1000633,2018/10/22,PF-19165,当日,华北,河北,技术,设备,冲电器,"冲电器 打印机, 红色",5.0,114.2
A1000635,2018/10/24,PF-19165,当日,西北,陕西,办公用品,用品,Elite,"Elite 开信刀, 锯齿状",8.0,3.08
A1000635,2018/10/24,JH-16180,当日,西北,陕西,办公用品,系固件,Stockwell,"Stockwell 回形针, 金属",8.0,845.728
A1000637,2018/10/24,EB-13975,二级,西北,陕西,办公用品,标签,Smead,"Smead 圆形标签, 可调",7.0,13.904
A1000636,2018/10/24,EB-13975,标准级,中南,湖北,办公用品,收纳具,Tenex,"Tenex 锁柜, 单宽度",6.0,20.72
A1000636,2018/10/24,QJ-19255,标准级,中南,湖北,办公用品,用品,Acme,"Acme 剪刀, 工业",2.0,114.95
A1000634,2018/10/24,AA-10315,标准级,华东,福建,办公用品,装订机,Acco,"Acco 装订机盖, 实惠",5.0,26.96
A1000634,2018/10/24,LC-17140,标准级,华东,福建,家具,椅子,Hon,"Hon 摇椅, 可调",7.0,572.76
A1000638,2018/10/24,LC-17140,标准级,华北,内蒙古,家具,用具,Rubbermaid,"Rubvermaid 相框, 耐用",6.0,286.38
A1000639,2018/10/25,TC-21535,标准级,中南,河南,办公用品,标签,Smead,"Smead 运输标签, 红色",1.0,61.96
A1000641,2018/10/25,CS-12460,标准级,华北,河北,办公用品,标签,Harbour Creations,"Harbour Creations 有色标签, 红色",2.0,23.99
A1000640,2018/10/25,CS-12460,标准级,中南,湖南,办公用品,收纳具,Smead,"Smead 锁柜, 蓝色",5.0,287.97
A1000640,2018/10/25,BM-11785,标准级,中南,湖南,技术,复印机,惠普,"惠普 传真机, 每套两件",3.0,419.944
A1000645,2018/10/26,RC-19825,二级,华东,浙江,技术,电话,诺基亚,"诺基亚 信号增强器, 蓝色",1.0,46.76
A1000644,2018/10/26,RC-19825,标准级,东北,辽宁,办公用品,器具,Hoover,"Hoover 咖啡研磨机, 白色",10.0,17.712
A1000644,2018/10/26,RC-19825,标准级,东北,辽宁,家具,椅子,Hon,"Hon 凳子, 每套两件",6.0,21.78
A1000644,2018/10/26,RC-19825,标准级,东北,辽宁,家具,椅子,Novimex,"Novimex 扶手椅, 黑色",5.0,161.94
A1000644,2018/10/26,RC-19825,标准级,东北,辽宁,家具,用具,Rubbermaid,"Rubvermaid 门挡, 一包多件",9.0,161.568
A1000642,2018/10/26,FM-14380,标准级,中南,湖南,办公用品,信封,Jiffy,"Jiffy 局间信封, 红色",1.0,3.69
A1000642,2018/10/26,FM-14380,标准级,中南,湖南,办公用品,美术,Boston,"Boston 荧光笔, 蓝色",8.0,122.12
A1000642,2018/10/26,PK-19075,标准级,中南,湖南,家具,椅子,Hon,"Hon 凳子, 可调",10.0,155.372
A1000643,2018/10/26,HG-14965,标准级,华北,河北,办公用品,用品,Kleencut,"Kleencut 美工刀, 蓝色",5.0,38.88
A1000643,2018/10/26,HG-14965,标准级,华北,河北,办公用品,系固件,Stockwell,"Stockwell 图钉, 每包 12 个",1.0,183.84
A1000643,2018/10/26,HG-14965,标准级,华北,河北,家具,用具,Advantus,"Advantus 灯泡, 优质",2.0,579.3
A1000648,2018/10/27,HA-14920,二级,西南,云南,办公用品,器具,Hoover,"Hoover 烤面包机, 黑色",4.0,14.2
A1000648,2018/10/27,LW-16825,二级,西南,云南,家具,椅子,Safco,"SAFCO 扶手椅, 红色",5.0,575.92
A1000648,2018/10/27,LW-16825,二级,西南,云南,技术,复印机,夏普,"夏普 传真复印机, 红色",10.0,5.184
A1000646,2018/10/27,MC-17575,标准级,华东,山东,办公用品,系固件,Stockwell,"Stockwell 图钉, 每包 12 个",4.0,5.229
A1000646,2018/10/27,MC-17575,标准级,华东,山东,办公用品,纸张,施乐,"施乐 备忘录便条, 回收",5.0,285.552
A1000647,2018/10/27,LP-17095,标准级,华北,河北,办公用品,器具,Hamilton Beach,"Hamilton Beach 微波炉, 红色",5.0,72.8
A1000647,2018/10/27,EB-14170,标准级,华北,河北,办公用品,系固件,Stockwell,"Stockwell 按钉, 整包",1.0,10.816
A1000647,2018/10/27,GZ-14545,标准级,华北,河北,办公用品,美术,Binney & Smith,"Binney & Smith 荧光笔, 整包",5.0,46.26
A1000649,2018/10/28,LE-16810,当日,中南,广东,家具,用具,Tenex,"Tenex 相框, 一包多件",1.0,17.46
A1000650,2018/10/28,AD-10180,标准级,东北,黑龙江,办公用品,收纳具,Tenex,"Tenex 盘, 金属",10.0,51.072
A1000651,2018/10/29,CP-12085,二级,华东,福建,家具,用具,Deflect-O,"Deflect-O 灯泡, 一包多件",2.0,11.34
A1000651,2018/10/29,FG-14260,二级,华东,福建,技术,复印机,Hewlett,"Hewlett 复印机, 彩色",5.0,87.92
A1000655,2018/10/31,LD-17005,当日,华东,浙江,办公用品,纸张,Green Bar,"Green Bar 计划信息表, 每包 12 个",3.0,37.05
A1000655,2018/10/31,AB-10255,当日,华东,浙江,办公用品,美术,Stanley,"Stanley 速写本, 蓝色",9.0,2.97
A1000655,2018/10/31,AB-10255,标准级,华东,浙江,办公用品,信封,Jiffy,"Jiffy 局间信封, 银色",7.0,27.44
A1000655,2018/10/31,MN-17935,标准级,华东,浙江,办公用品,收纳具,Tenex,"Tenex 搁板, 工业",2.0,1.08
A1000655,2018/10/31,MN-17935,标准级,华东,浙江,办公用品,用品,Acme,"Acme 美工刀, 工业",1.0,7.96
A1000655,2018/10/31,HP-14815,标准级,华东,浙江,办公用品,装订机,Acco,"Acco 孔加固材料, 耐用",4.0,140.736
A1000652,2018/10/31,JR-15670,标准级,华东,山东,家具,书架,Bush,"Bush 书库, 传统",10.0,552.56
A1000655,2018/10/31,JF-15190,标准级,华东,浙江,家具,书架,Dania,"Dania 书架, 金属",10.0,25.11
A1000655,2018/10/31,CM-12115,标准级,华东,浙江,家具,用具,Eldon,"Eldon 灯泡, 黑色",9.0,29.78
A1000655,2018/10/31,CM-12115,标准级,华东,浙江,技术,电话,三星,"三星 充电器, 整包",3.0,677.58
A1000653,2018/10/31,CM-12115,标准级,东北,辽宁,办公用品,标签,Harbour Creations,"Harbour Creations 有色标签, 红色",1.0,75.04
A1000654,2018/10/31,AS-10045,标准级,东北,黑龙江,办公用品,系固件,Accos,"Accos 橡皮筋, 混合尺寸",5.0,695.7
A1000653,2018/10/31,AS-10045,标准级,东北,辽宁,家具,书架,Bush,"Bush 搁架, 传统",3.0,15.66
A1000656,2018/11/1,AS-10045,一级,华北,河北,办公用品,信封,GlobeWeis,"GlobeWeis 外皮和封条, 银色",4.0,28.854
A1000656,2018/11/1,KB-16315,一级,华北,河北,办公用品,系固件,Stockwell,"Stockwell 回形针, 金属",9.0,47.82
A1000658,2018/11/1,KB-16315,标准级,华东,福建,家具,椅子,Safco,"SAFCO 扶手椅, 黑色",8.0,13.05
A1000657,2018/11/1,BN-11515,标准级,华北,河北,办公用品,信封,GlobeWeis,"GlobeWeis 商业信封, 红色",5.0,93.78
A1000657,2018/11/1,BN-11515,标准级,华北,河北,办公用品,美术,Sanford,"Sanford 速写本, 混合尺寸",6.0,47.18
A1000659,2018/11/1,BN-11515,标准级,中南,广东,技术,电话,三星,"三星 智能手机, 蓝色",6.0,19.68
A1000661,2018/11/2,BN-11515,标准级,中南,河南,家具,椅子,Novimex,"Novimex 椅垫, 红色",5.0,53.4
A1000661,2018/11/2,BN-11515,标准级,中南,河南,技术,复印机,佳能,"佳能 复印机, 彩色",5.0,35.88
A1000660,2018/11/2,BP-11290,标准级,华北,山西,办公用品,信封,Jiffy,"Jiffy 外皮和封条, 红色",2.0,258.279
A1000660,2018/11/2,AS-10045,标准级,华北,山西,办公用品,美术,BIC,"BIC 铅笔刀, 混合尺寸",3.0,31.4
A1000660,2018/11/2,LW-16990,标准级,华北,山西,技术,电话,苹果,"苹果 音频基座, 全尺寸",4.0,183.96
A1000660,2018/11/2,LW-16990,标准级,华北,山西,技术,配件,罗技,"罗技 键区, 回收",1.0,17.61
A1000663,2018/11/3,LW-16990,二级,华东,福建,家具,用具,Advantus,"Advantus 灯泡, 黑色",3.0,300.904
A1000662,2018/11/3,DC-12850,二级,西南,贵州,技术,复印机,佳能,"佳能 个人复印机, 红色",8.0,220.776
A1000662,2018/11/3,DC-12850,二级,西南,贵州,技术,电话,思科,"思科 耳机, 混合尺寸",2.0,281.424
A1000668,2018/11/4,ND-18370,当日,东北,吉林,办公用品,信封,Cameo,"Cameo 局间信封, 每套 50 个",2.0,79.14
A1000668,2018/11/4,LB-16735,当日,东北,吉林,家具,用具,Deflect-O,"Deflect-O 相框, 耐用",2.0,1.988
A1000668,2018/11/4,KT-16465,当日,东北,吉林,技术,配件,Memorex,"Memorex 鼠标, 实惠",6.0,145.568
A1000667,2018/11/4,HM-14860,二级,中南,广东,办公用品,美术,Boston,"Boston 记号笔, 混合尺寸",7.0,123.256
A1000666,2018/11/4,HM-14860,标准级,华北,河北,办公用品,器具,Breville,"Breville 炉灶, 银色",2.0,23.68
A1000665,2018/11/4,HM-14860,标准级,华东,安徽,技术,复印机,Brother,"Brother 传真机, 彩色",5.0,309.576
A1000665,2018/11/4,AB-10600,标准级,华东,安徽,技术,复印机,夏普,"夏普 无线传真机, 彩色",1.0,38.388
A1000664,2018/11/4,AB-10600,标准级,华北,天津,办公用品,用品,Fiskars,"Fiskars 修剪器, 钢",3.0,95.994
A1000664,2018/11/4,AB-10600,标准级,华北,天津,办公用品,装订机,Ibico,"Ibico 打孔机, 透明",1.0,239.952
A1000664,2018/11/4,AB-10600,标准级,华北,天津,技术,配件,SanDisk,"SanDisk 键区, 回收",3.0,201.584
A1000669,2018/11/5,AB-10600,二级,东北,吉林,办公用品,收纳具,Tenex,"Tenex 搁板, 金属",5.0,899.136
A1000669,2018/11/5,SZ-20035,二级,东北,吉林,办公用品,美术,BIC,"BIC 记号笔, 整包",7.0,145.9
A1000669,2018/11/5,JR-15670,二级,东北,吉林,家具,用具,Eldon,"Eldon 闹钟, 耐用",10.0,590.058
A1000673,2018/11/7,JR-15670,一级,中南,广东,办公用品,系固件,Advantus,"Advantus 订书钉, 整包",8.0,14.04
A1000673,2018/11/7,MG-17890,一级,中南,广东,办公用品,系固件,OIC,"OIC 图钉, 每包 12 个",6.0,49.08
A1000673,2018/11/7,KM-16720,一级,中南,广东,技术,电话,诺基亚,"诺基亚 耳机, 整包",1.0,29.6
A1000676,2018/11/7,KM-16720,标准级,中南,广东,办公用品,用品,Acme,"Acme 美工刀, 蓝色",1.0,17.088
A1000671,2018/11/7,CA-12265,标准级,西南,贵州,办公用品,纸张,Eaton,"Eaton 备忘录便条, 回收",3.0,912.75
A1000674,2018/11/7,VD-21670,标准级,华东,山东,办公用品,标签,Harbour Creations,"Harbour Creations 文件夹标签, 白色",6.0,1089.75
A1000674,2018/11/7,VD-21670,标准级,华东,山东,办公用品,装订机,Cardinal,"Cardinal 装订机盖, 回收",9.0,447.84
A1000677,2018/11/7,VD-21670,标准级,东北,辽宁,办公用品,收纳具,Tenex,"Tenex 文件夹, 金属",5.0,16.4
A1000677,2018/11/7,VD-21670,标准级,东北,辽宁,办公用品,用品,Elite,"Elite 尺子, 蓝色",5.0,399.96
A1000677,2018/11/7,VD-21670,标准级,东北,辽宁,办公用品,系固件,Advantus,"Advantus 夹子, 整包",7.0,158.9
A1000671,2018/11/7,VD-21670,标准级,西南,贵州,家具,椅子,Novimex,"Novimex 扶手椅, 可调",8.0,13.184
A1000672,2018/11/7,JK-16120,标准级,华北,内蒙古,办公用品,美术,Stanley,"Stanley 荧光笔, 蓝色",6.0,83.952
A1000672,2018/11/7,PP-18955,标准级,华北,内蒙古,办公用品,装订机,Ibico,"Ibico 孔加固材料, 回收",5.0,80.98
A1000672,2018/11/7,PP-18955,标准级,华北,内蒙古,办公用品,装订机,Ibico,"Ibico 打孔机, 实惠",5.0,348.84
A1000672,2018/11/7,PP-18955,标准级,华北,内蒙古,家具,书架,Sauder,"Sauder 墙角架, 白色",2.0,9.45
A1000672,2018/11/7,PP-18955,标准级,华北,内蒙古,家具,书架,Sauder,"Sauder 墙角架, 金属",2.0,18.84
A1000672,2018/11/7,PP-18955,标准级,华北,内蒙古,技术,电话,三星,"三星 充电器, 整包",3.0,239.98
A1000675,2018/11/7,PP-18955,标准级,中南,湖北,技术,复印机,Hewlett,"Hewlett 复印机, 红色",7.0,167.96
A1000675,2018/11/7,PP-18955,标准级,中南,湖北,技术,电话,诺基亚,"诺基亚 音频基座, 混合尺寸",1.0,104.85
A1000670,2018/11/7,PP-18955,标准级,东北,吉林,办公用品,美术,Binney & Smith,"Binney & Smith 荧光笔, 整包",2.0,484.83
A1000678,2018/11/8,PP-18955,一级,东北,黑龙江,办公用品,收纳具,Eldon,"Eldon 盒, 蓝色",1.0,122.97
A1000678,2018/11/8,PP-18955,一级,东北,黑龙江,家具,书架,Safco,"Safco 书架, 黑色",1.0,154.44
A1000680,2018/11/8,PP-18955,二级,华东,山东,办公用品,用品,Elite,"Elite 开信刀, 钢",8.0,342.37
A1000679,2018/11/8,YS-21880,标准级,华北,河北,办公用品,装订机,Wilson Jones,"Wilson Jones 装订机, 透明",2.0,9.552
A1000682,2018/11/9,CK-12760,二级,西北,新疆,办公用品,用品,Fiskars,"Fiskars 剪刀, 锯齿状",6.0,652.45
A1000682,2018/11/9,CK-12760,二级,西北,新疆,技术,设备,松下,"松下 收据打印机, 耐用",5.0,66.645
A1000683,2018/11/9,NC-18340,标准级,华北,河北,办公用品,用品,Stiletto,"Stiletto 剪刀, 锯齿状",1.0,17.216
A1000683,2018/11/9,NC-18340,标准级,华北,河北,办公用品,装订机,Acco,"Acco 订书机, 回收",8.0,11.56
A1000681,2018/11/9,NC-18340,标准级,华东,浙江,办公用品,器具,Cuisinart,"Cuisinart 炉灶, 黑色",6.0,88.4
A1000686,2018/11/10,NC-18340,一级,中南,湖北,办公用品,信封,Jiffy,"Jiffy 商业信封, 回收",6.0,6.48
A1000686,2018/11/10,KM-16375,一级,中南,湖北,办公用品,收纳具,Tenex,"Tenex 锁柜, 单宽度",1.0,21.8
A1000686,2018/11/10,KM-16375,一级,中南,湖北,家具,椅子,Hon,"Hon 凳子, 黑色",4.0,251.79
A1000685,2018/11/10,GM-14455,一级,中南,河南,办公用品,器具,Breville,"Breville 搅拌机, 黑色",10.0,205.176
A1000685,2018/11/10,GM-14455,一级,中南,河南,办公用品,收纳具,Fellowes,"Fellowes 盘, 工业",10.0,419.4
A1000685,2018/11/10,SD-20485,一级,中南,河南,办公用品,标签,Novimex,"Novimex 有色标签, 白色",6.0,10.304
A1000684,2018/11/10,SD-20485,标准级,华东,山东,家具,椅子,Novimex,"Novimex 折叠椅, 可调",4.0,154.764
A1000690,2018/11/11,SD-20485,当日,华北,河北,办公用品,标签,Hon,"Hon 运输标签, 可调",6.0,116.784
A1000693,2018/11/11,KD-16270,标准级,华东,山东,办公用品,装订机,Acco,"Acco 装订机盖, 透明",2.0,75.48
A1000688,2018/11/11,KD-16270,标准级,华东,上海,办公用品,信封,Ames,"Ames 局间信封, 红色",9.0,39.98
A1000688,2018/11/11,AB-10105,标准级,华东,上海,办公用品,系固件,OIC,"OIC 夹子, 混合尺寸",3.0,393.165
A1000687,2018/11/11,SZ-20035,标准级,中南,广东,办公用品,信封,GlobeWeis,"GlobeWeis 邮寄品, 回收",2.0,23.68
A1000687,2018/11/11,JD-15895,标准级,中南,广东,办公用品,用品,Acme,"Acme 剪刀, 蓝色",8.0,408.006
A1000687,2018/11/11,JD-15895,标准级,中南,广东,办公用品,用品,Stiletto,"Stiletto 修剪器, 钢",7.0,165.28
A1000691,2018/11/11,HA-14905,标准级,中南,河南,办公用品,信封,Jiffy,"Jiffy 外皮和封条, 银色",3.0,334.768
A1000689,2018/11/11,BT-11305,标准级,华北,北京,家具,书架,Dania,"Dania 墙角架, 金属",10.0,239.97
A1000687,2018/11/11,BT-11305,标准级,中南,广东,家具,椅子,Safco,"SAFCO 沙滩椅, 可调",9.0,37.74
A1000687,2018/11/11,SV-20815,标准级,中南,广东,技术,复印机,夏普,"夏普 墨水, 每套两件",1.0,946.344
A1000687,2018/11/11,SV-20815,标准级,中南,广东,技术,电话,三星,"三星 办公室电话机, 蓝色",2.0,151.2
A1000692,2018/11/11,SV-20815,标准级,中南,广东,办公用品,系固件,Stockwell,"Stockwell 回形针, 整包",3.0,4.928
A1000694,2018/11/12,RW-19540,标准级,东北,黑龙江,办公用品,收纳具,Smead,"Smead 锁柜, 工业",2.0,86.272
A1000694,2018/11/12,RW-19540,标准级,东北,黑龙江,办公用品,纸张,Green Bar,"Green Bar 信纸, 回收",4.0,72.588
A1000696,2018/11/13,RW-19540,标准级,华东,福建,办公用品,用品,Stiletto,"Stiletto 尺子, 锯齿状",9.0,60.672
A1000695,2018/11/13,RW-19540,标准级,华东,福建,家具,椅子,Novimex,"Novimex 折叠椅, 可调",1.0,77.031
A1000697,2018/11/14,RW-19540,标准级,华东,江西,办公用品,用品,Acme,"Acme 尺子, 工业",2.0,119.904
A1000698,2018/11/15,RW-19540,二级,华东,福建,办公用品,装订机,Avery,"Avery 订书机, 耐用",5.0,263.96
A1000699,2018/11/15,RW-19540,二级,华北,河北,家具,用具,Deflect-O,"Deflect-O 灯泡, 优质",2.0,363.648
A1000698,2018/11/15,DK-12835,二级,华东,福建,家具,书架,Sauder,"Sauder 柜, 白色",4.0,9.728
A1000700,2018/11/16,DK-12835,一级,华东,山东,办公用品,器具,KitchenAid,"KitchenAid 烤面包机, 黑色",2.0,14.75
A1000700,2018/11/16,DK-12835,一级,华东,山东,办公用品,纸张,Enermax,"Enermax 笔记本, 优质",7.0,29.8
A1000700,2018/11/16,DK-12835,一级,华东,山东,办公用品,美术,Binney & Smith,"Binney & Smith 记号笔, 蓝色",4.0,427.42
A1000700,2018/11/16,LT-17110,一级,华东,山东,家具,书架,Safco,"Safco 搁架, 黑色",1.0,220.752
A1000702,2018/11/16,IM-15070,标准级,华东,安徽,办公用品,信封,GlobeWeis,"GlobeWeis 外皮和封条, 回收",2.0,152.76
A1000702,2018/11/16,IM-15070,标准级,华东,安徽,办公用品,信封,Kraft,"Kraft 商业信封, 红色",9.0,7.27
A1000702,2018/11/16,IM-15070,标准级,华东,安徽,办公用品,信封,Kraft,"Kraft 搭扣信封, 每套 50 个",7.0,1819.86
A1000702,2018/11/16,FP-14320,标准级,华东,安徽,办公用品,收纳具,Tenex,"Tenex 文件夹, 金属",8.0,33.9
A1000701,2018/11/16,ST-20530,标准级,中南,湖南,技术,复印机,惠普,"惠普 传真机, 每套两件",5.0,31.104
A1000705,2018/11/16,ST-20530,标准级,华东,江苏,家具,书架,Bush,"Bush 搁架, 黑色",1.0,5.248
A1000705,2018/11/16,JE-15745,标准级,华东,江苏,家具,椅子,Novimex,"Novimex 折叠椅, 可调",3.0,263.88
A1000704,2018/11/16,JE-15745,标准级,华东,浙江,办公用品,系固件,Advantus,"Advantus 回形针, 金属",9.0,2453.43
A1000703,2018/11/16,BD-11320,标准级,华东,江苏,办公用品,信封,GlobeWeis,"GlobeWeis 局间信封, 银色",10.0,29.7
A1000703,2018/11/16,BD-11320,标准级,华东,江苏,办公用品,器具,KitchenAid,"KitchenAid 搅拌机, 白色",5.0,39.96
A1000703,2018/11/16,MM-17920,标准级,华东,江苏,办公用品,收纳具,Tenex,"Tenex 文件夹, 金属",6.0,36.672
A1000703,2018/11/16,PW-19030,标准级,华东,江苏,办公用品,收纳具,Tenex,"Tenex 盘, 工业",5.0,13.76
A1000703,2018/11/16,SC-20440,标准级,华东,江苏,家具,椅子,Novimex,"Novimex 摇椅, 每套两件",2.0,139.424
A1000710,2018/11/17,KL-16645,一级,东北,辽宁,办公用品,美术,Stanley,"Stanley 钢笔, 蓝色",10.0,1979.928
A1000708,2018/11/17,SD-20485,一级,华东,浙江,办公用品,系固件,Stockwell,"Stockwell 回形针, 混合尺寸",1.0,164.736
A1000708,2018/11/17,SD-20485,一级,华东,浙江,技术,复印机,夏普,"夏普 复印机, 数字化",1.0,470.302
A1000709,2018/11/17,SD-20485,标准级,西南,云南,技术,复印机,Brother,"Brother 传真复印机, 数字化",5.0,47.984
A1000707,2018/11/17,TS-21160,标准级,西南,四川,办公用品,收纳具,Eldon,"Eldon 搁板, 金属",6.0,2.502
A1000707,2018/11/17,JB-15400,标准级,西南,四川,办公用品,收纳具,Rogers,"Rogers 盘, 工业",1.0,88.752
A1000707,2018/11/17,TS-21085,标准级,西南,四川,办公用品,收纳具,Rogers,"Rogers 盘, 金属",6.0,2.025
A1000707,2018/11/17,MC-17425,标准级,西南,四川,办公用品,装订机,Wilson Jones,"Wilson Jones 孔加固材料, 实惠",7.0,70.98
A1000706,2018/11/17,MC-17425,标准级,中南,湖南,办公用品,标签,Hon,"Hon 有色标签, 白色",6.0,91.68
A1000713,2018/11/18,MC-17425,标准级,东北,辽宁,办公用品,标签,Harbour Creations,"Harbour Creations 合法证物标签, 红色",10.0,33.75
A1000713,2018/11/18,MC-17425,标准级,东北,辽宁,办公用品,美术,Sanford,"Sanford 荧光笔, 混合尺寸",3.0,3040.0
A1000712,2018/11/18,ME-17320,标准级,华东,安徽,办公用品,系固件,Advantus,"Advantus 橡皮筋, 整包",8.0,91.2
A1000711,2018/11/18,ME-17320,标准级,东北,吉林,办公用品,信封,Ames,"Ames 商业信封, 红色",10.0,452.94
A1000714,2018/11/18,SC-20440,二级,东北,吉林,办公用品,收纳具,Rogers,"Rogers 文件车, 单宽度",1.0,52.2
A1000714,2018/11/18,NH-18610,二级,东北,吉林,办公用品,系固件,Stockwell,"Stockwell 夹子, 混合尺寸",5.0,15.936
A1000714,2018/11/18,AA-10480,二级,东北,吉林,技术,配件,SanDisk,"SanDisk 记忆卡, 实惠",8.0,27.46
A1000715,2018/11/19,LC-17140,标准级,中南,广东,办公用品,装订机,Avery,"Avery 标签, 耐用",3.0,55.424
A1000715,2018/11/19,MB-18085,标准级,中南,广东,家具,椅子,Safco,"SAFCO 扶手椅, 每套两件",7.0,244.006
A1000717,2018/11/19,LC-16930,标准级,中南,海南,家具,书架,Safco,"Safco 搁架, 金属",4.0,159.984
A1000716,2018/11/19,LC-16930,标准级,中南,河南,办公用品,系固件,OIC,"OIC 回形针, 整包",7.0,1024.716
A1000716,2018/11/19,KD-16495,标准级,中南,河南,技术,设备,爱普生,"爱普生 喷墨打印机, 白色",8.0,3.68
A1000718,2018/11/21,MB-17305,二级,中南,海南,技术,电话,摩托罗拉,"摩托罗拉 信号增强器, 全尺寸",1.0,121.376
A1000719,2018/11/21,MB-17305,标准级,中南,广西,办公用品,美术,Boston,"Boston 荧光笔, 整包",1.0,95.976
A1000719,2018/11/21,TH-21550,标准级,中南,广西,办公用品,美术,Sanford,"Sanford 画布, 金属",9.0,255.968
A1000719,2018/11/21,DK-12835,标准级,中南,广西,家具,椅子,Office Star,"Office Star 椅垫, 每套两件",3.0,872.94
A1000719,2018/11/21,DK-12835,标准级,中南,广西,家具,椅子,Safco,"SAFCO 摇椅, 黑色",6.0,41.54
A1000719,2018/11/21,DK-12835,标准级,中南,广西,家具,用具,Tenex,"Tenex 相框, 耐用",3.0,12.96
A1000724,2018/11/22,ON-18715,当日,东北,吉林,办公用品,系固件,Stockwell,"Stockwell 橡皮筋, 金属",1.0,6.848
A1000721,2018/11/22,KN-16390,当日,华北,河北,技术,复印机,佳能,"佳能 无线传真机, 红色",5.0,8.67
A1000724,2018/11/22,NM-18520,当日,东北,吉林,技术,配件,Memorex,"Memorex 路由器, 可编程",8.0,6.688
A1000723,2018/11/22,NP-18685,二级,东北,吉林,办公用品,装订机,Wilson Jones,"Wilson Jones 标签, 回收",2.0,17.28
A1000720,2018/11/22,NP-18685,二级,华东,安徽,办公用品,收纳具,Rogers,"Rogers 搁板, 工业",3.0,17.712
A1000720,2018/11/22,CG-12040,二级,华东,安徽,办公用品,装订机,Avery,"Avery 打孔机, 耐用",3.0,28.91
A1000720,2018/11/22,CS-12505,二级,华东,安徽,办公用品,装订机,Avery,"Avery 标签, 实惠",5.0,52.136
A1000720,2018/11/22,KD-16345,二级,华东,安徽,家具,椅子,Hon,"Hon 扶手椅, 可调",8.0,31.968
A1000722,2018/11/22,MK-18160,标准级,华东,山东,办公用品,用品,Elite,"Elite 美工刀, 蓝色",3.0,25.92
A1000722,2018/11/22,MK-18160,标准级,华东,山东,办公用品,用品,Stiletto,"Stiletto 开信刀, 钢",1.0,40.46
A1000722,2018/11/22,MK-18160,标准级,华东,山东,技术,复印机,夏普,"夏普 传真复印机, 彩色",1.0,33.87
A1000727,2018/11/23,DW-13540,当日,华东,山东,家具,用具,Eldon,"Eldon 门挡, 一包多件",2.0,9.728
A1000727,2018/11/23,DW-13540,当日,华东,山东,技术,配件,SanDisk,"SanDisk 键盘, 耐用",10.0,3.424
A1000728,2018/11/23,CP-12340,标准级,华北,河北,办公用品,器具,KitchenAid,"KitchenAid 咖啡研磨机, 白色",2.0,177.0
A1000728,2018/11/23,MS-17770,标准级,华北,河北,技术,复印机,佳能,"佳能 无线传真机, 数字化",5.0,3.76
A1000728,2018/11/23,CM-12655,标准级,华北,河北,技术,电话,诺基亚,"诺基亚 智能手机, 混合尺寸",8.0,1212.848
A1000726,2018/11/23,CM-12655,标准级,华北,内蒙古,办公用品,器具,Hoover,"Hoover 冰箱, 银色",2.0,89.97
A1000726,2018/11/23,CM-12655,标准级,华北,内蒙古,办公用品,收纳具,Rogers,"Rogers 文件夹, 工业",2.0,42.6
A1000726,2018/11/23,Co-12640,标准级,华北,内蒙古,办公用品,纸张,Eaton,"Eaton 羊皮纸, 回收",1.0,5.04
A1000726,2018/11/23,DL-13495,标准级,华北,内蒙古,家具,桌子,Hon,"Hon 咖啡桌, 长方形",2.0,62.96
A1000726,2018/11/23,TS-21370,标准级,华北,内蒙古,家具,用具,Advantus,"Advantus 分层置放架, 耐用",7.0,5.88
A1000725,2018/11/23,TS-21370,标准级,华北,山西,办公用品,收纳具,Rogers,"Rogers 文件夹, 金属",1.0,977.292
A1000731,2018/11/24,JW-15220,一级,华北,山西,办公用品,美术,Stanley,"Stanley 铅笔刀, 混合尺寸",8.0,9.64
A1000730,2018/11/24,RF-19840,标准级,中南,广西,家具,椅子,Harbour Creations,"Harbour Creations 椅垫, 红色",1.0,40.05
A1000729,2018/11/24,JD-15790,标准级,华北,河北,办公用品,用品,Fiskars,"Fiskars 修剪器, 蓝色",3.0,10.192
A1000737,2018/11/25,JD-15790,当日,中南,广东,办公用品,信封,Jiffy,"Jiffy 邮寄品, 回收",9.0,16.784
A1000737,2018/11/25,JD-15790,当日,中南,广东,办公用品,收纳具,Fellowes,"Fellowes 文件夹, 单宽度",2.0,13.12
A1000737,2018/11/25,NK-18490,当日,中南,广东,办公用品,美术,Stanley,"Stanley 画布, 整包",7.0,18.16
A1000737,2018/11/25,NG-18430,当日,中南,广东,技术,复印机,夏普,"夏普 墨水, 红色",6.0,16.056
A1000737,2018/11/25,NG-18430,当日,中南,广东,技术,复印机,夏普,"夏普 复印机, 每套两件",6.0,223.056
A1000737,2018/11/25,NG-18430,当日,中南,广东,技术,电话,苹果,"苹果 充电器, 蓝色",2.0,540.048
A1000737,2018/11/25,AT-10435,当日,中南,广东,技术,配件,Enermax,"Enermax 键区, 回收",5.0,33.52
A1000735,2018/11/25,AT-10435,标准级,中南,广东,技术,设备,爱普生,"爱普生 电话, 红色",8.0,9.94
A1000734,2018/11/25,PC-19000,标准级,东北,黑龙江,办公用品,器具,KitchenAid,"KitchenAid 冰箱, 红色",3.0,6.72
A1000733,2018/11/25,PC-19000,二级,华东,江西,家具,用具,Tenex,"Tenex 相框, 一包多件",2.0,1004.976
A1000733,2018/11/25,AR-10540,二级,华东,江西,技术,配件,Memorex,"Memorex 路由器, 可编程",1.0,17.88
A1000738,2018/11/25,CS-12505,标准级,中南,河南,办公用品,美术,BIC,"BIC 钢笔, 蓝色",2.0,396.0
A1000738,2018/11/25,LS-16975,标准级,中南,河南,技术,复印机,佳能,"佳能 传真机, 彩色",1.0,34.5
A1000732,2018/11/25,JM-15535,标准级,华东,山东,办公用品,标签,Hon,"Hon 圆形标签, 耐用",4.0,8.36
A1000736,2018/11/25,NH-18610,标准级,华东,上海,技术,电话,苹果,"苹果 音频基座, 蓝色",2.0,385.6
A1000739,2018/11/26,NH-18610,标准级,华北,内蒙古,办公用品,信封,Kraft,"Kraft 搭扣信封, 回收",2.0,35.82
A1000741,2018/11/28,RA-19915,一级,华东,安徽,办公用品,信封,Jiffy,"Jiffy 马尼拉纸信封, 红色",6.0,200.064
A1000741,2018/11/28,RA-19915,一级,华东,安徽,办公用品,美术,Binney & Smith,"Binney & Smith 荧光笔, 混合尺寸",5.0,21.38
A1000741,2018/11/28,RA-19915,一级,华东,安徽,办公用品,装订机,Wilson Jones,"Wilson Jones 订书机, 耐用",3.0,6.744
A1000740,2018/11/28,AI-10855,标准级,华东,山东,技术,设备,松下,"松下 喷墨打印机, 白色",3.0,63.686
A1000742,2018/11/28,MC-17845,标准级,中南,湖南,办公用品,收纳具,Tenex,"Tenex 文件夹, 工业",5.0,1669.6
A1000749,2018/11/29,TB-21400,一级,华北,河北,办公用品,收纳具,Fellowes,"Fellowes 锁柜, 单宽度",5.0,83.84
A1000749,2018/11/29,TB-21400,一级,华北,河北,办公用品,系固件,Advantus,"Advantus 按钉, 混合尺寸",1.0,13.272
A1000750,2018/11/29,VW-21775,二级,西北,甘肃,办公用品,装订机,Cardinal,"Cardinal 孔加固材料, 实惠",3.0,21.336
A1000749,2018/11/29,PL-18925,一级,华北,河北,家具,书架,Safco,"Safco 书架, 传统",8.0,16.52
A1000746,2018/11/29,GH-14425,一级,华东,浙江,家具,用具,Advantus,"Advantus 框架, 一包多件",5.0,206.112
A1000749,2018/11/29,GH-14425,一级,华北,河北,技术,配件,SanDisk,"SanDisk 路由器, 可编程",5.0,19.92
A1000747,2018/11/29,GH-14425,二级,中南,湖南,技术,设备,柯尼卡,"柯尼卡 打印机, 白色",8.0,198.272
A1000743,2018/11/29,GH-14425,二级,华东,山东,办公用品,信封,GlobeWeis,"GlobeWeis 商业信封, 回收",2.0,247.104
A1000744,2018/11/29,GH-14425,一级,中南,广东,家具,椅子,Hon,"Hon 扶手椅, 可调",2.0,86.304
A1000748,2018/11/29,CJ-12010,标准级,华东,山东,技术,电话,三星,"三星 音频基座, 蓝色",2.0,4.16
A1000745,2018/11/29,CJ-12010,标准级,中南,广东,办公用品,器具,KitchenAid,"KitchenAid 微波炉, 银色",3.0,11.648
A1000745,2018/11/29,MC-18130,标准级,中南,广东,办公用品,装订机,Acco,"Acco 装订机, 实惠",8.0,26.18
A1000753,2018/11/30,MC-18130,一级,华东,江苏,办公用品,收纳具,Tenex,"Tenex 搁板, 蓝色",2.0,7.3
A1000753,2018/11/30,BV-11245,一级,华东,江苏,办公用品,装订机,Avery,"Avery 装订机盖, 回收",7.0,74.352
A1000751,2018/11/30,JF-15490,二级,华东,山东,办公用品,标签,Hon,"Hon 可去除的标签, 红色",1.0,10.744
A1000751,2018/11/30,JF-15490,二级,华东,山东,办公用品,美术,Stanley,"Stanley 钢笔, 金属",5.0,8.376
A1000754,2018/11/30,EB-13840,二级,华东,安徽,办公用品,器具,Breville,"Breville 冰箱, 红色",5.0,212.88
A1000754,2018/11/30,MP-18175,二级,华东,安徽,办公用品,装订机,Acco,"Acco 订书机, 耐用",2.0,203.983
A1000755,2018/11/30,JM-15655,二级,华东,浙江,办公用品,系固件,Stockwell,"Stockwell 图钉, 每包 12 个",9.0,40.74
A1000755,2018/11/30,JM-15655,二级,华东,浙江,办公用品,美术,Sanford,"Sanford 荧光笔, 金属",1.0,11.67
A1000755,2018/11/30,CL-11890,二级,华东,浙江,家具,椅子,Hon,"Hon 摇椅, 红色",7.0,39.99
A1000752,2018/11/30,CL-11890,标准级,华东,上海,办公用品,器具,Cuisinart,"Cuisinart 冰箱, 白色",8.0,16.28
A1000756,2018/11/30,CL-11890,标准级,华东,山东,办公用品,装订机,Acco,"Acco 订书机, 实惠",5.0,782.94
A1000756,2018/11/30,CL-11890,标准级,华东,山东,家具,桌子,Hon,"Hon 圆桌, 白色",5.0,242.48
A1000756,2018/11/30,CK-12205,标准级,华东,山东,家具,椅子,Safco,"SAFCO 凳子, 红色",8.0,8.32
A1000756,2018/11/30,CK-12205,标准级,华东,山东,技术,复印机,佳能,"佳能 复印机, 红色",4.0,10.464
A1000758,2018/12/1,DB-13270,二级,中南,河南,办公用品,收纳具,Rogers,"Rogers 文件车, 工业",8.0,82.896
A1000758,2018/12/1,DB-13270,二级,中南,河南,家具,书架,宜家,"宜家 古典书架, 传统",4.0,34.24
A1000758,2018/12/1,PC-18745,二级,中南,河南,家具,桌子,Hon,"Hon 木桌, 组装",9.0,1573.488
A1000758,2018/12/1,VB-21745,二级,中南,河南,技术,电话,思科,"思科 信号增强器, 混合尺寸",2.0,335.52
A1000757,2018/12/1,VB-21745,标准级,西南,云南,办公用品,收纳具,Tenex,"Tenex 文件夹, 金属",4.0,23.912
A1000757,2018/12/1,VB-21745,标准级,西南,云南,办公用品,用品,Acme,"Acme 剪刀, 工业",3.0,27.056
A1000757,2018/12/1,EP-13915,标准级,西南,云南,办公用品,系固件,OIC,"OIC 回形针, 每包 12 个",5.0,559.992
A1000757,2018/12/1,ME-17320,标准级,西南,云南,办公用品,美术,Binney & Smith,"Binney & Smith 记号笔, 整包",6.0,9.324
A1000757,2018/12/1,IG-15085,标准级,西南,云南,办公用品,装订机,Ibico,"Ibico 孔加固材料, 回收",3.0,111.96
A1000757,2018/12/1,JS-15940,标准级,西南,云南,家具,椅子,Novimex,"Novimex 摇椅, 红色",4.0,21.56
A1000757,2018/12/1,BO-11425,标准级,西南,云南,家具,用具,Rubbermaid,"Rubvermaid 门挡, 一包多件",7.0,124.75
A1000757,2018/12/1,VW-21775,标准级,西南,云南,技术,配件,罗技,"罗技 键盘, 回收",2.0,5.28
A1000759,2018/12/2,AB-10150,标准级,华东,浙江,办公用品,器具,Breville,"Breville 冰箱, 白色",5.0,91.96
A1000760,2018/12/2,JW-16075,标准级,中南,湖南,家具,椅子,Office Star,"Office Star 沙滩椅, 每套两件",2.0,9.344
A1000761,2018/12/2,JW-16075,二级,东北,辽宁,办公用品,器具,Hoover,"Hoover 咖啡研磨机, 白色",7.0,79.36
A1000761,2018/12/2,JE-15475,二级,东北,辽宁,办公用品,用品,Acme,"Acme 剪刀, 工业",3.0,171.96
A1000761,2018/12/2,EB-13750,二级,东北,辽宁,办公用品,用品,Stiletto,"Stiletto 修剪器, 钢",7.0,35.352
A1000761,2018/12/2,PK-18910,二级,东北,辽宁,办公用品,装订机,Wilson Jones,"Wilson Jones 订书机, 回收",1.0,18.9
A1000763,2018/12/3,CS-12400,标准级,中南,广东,办公用品,美术,BIC,"BIC 画布, 蓝色",8.0,2.78
A1000762,2018/12/3,SG-20470,标准级,华北,北京,办公用品,信封,Kraft,"Kraft 商业信封, 回收",2.0,1044.63
A1000764,2018/12/5,CM-12190,一级,中南,湖北,办公用品,系固件,Accos,"Accos 夹子, 混合尺寸",8.0,11.352
A1000767,2018/12/6,CL-12565,当日,东北,辽宁,技术,电话,思科,"思科 音频基座, 整包",4.0,354.9
A1000766,2018/12/6,JO-15550,标准级,中南,广东,办公用品,收纳具,Fellowes,"Fellowes 锁柜, 单宽度",4.0,453.576
A1000766,2018/12/6,AW-10840,标准级,中南,广东,家具,用具,Deflect-O,"Deflect-O 闹钟, 黑色",7.0,21.48
A1000765,2018/12/6,AW-10840,标准级,华东,山东,家具,椅子,Office Star,"Office Star 摇椅, 黑色",1.0,8.784
A1000768,2018/12/7,DV-13465,标准级,东北,辽宁,办公用品,装订机,Cardinal,"Cardinal 订书机, 透明",5.0,122.97
A1000769,2018/12/7,AH-10075,标准级,中南,河南,办公用品,美术,Boston,"Boston 画布, 混合尺寸",3.0,12.84
A1000769,2018/12/7,SC-20095,标准级,中南,河南,家具,桌子,Hon,"Hon 圆桌, 长方形",5.0,603.92
A1000771,2018/12/8,SC-20095,当日,西南,贵州,办公用品,标签,Hon,"Hon 运输标签, 白色",4.0,21.84
A1000771,2018/12/8,SC-20095,当日,西南,贵州,办公用品,装订机,Acco,"Acco 装订机盖, 透明",7.0,29.99
A1000771,2018/12/8,SC-20095,当日,西南,贵州,办公用品,装订机,Ibico,"Ibico 打孔机, 透明",7.0,381.44
A1000777,2018/12/8,MC-18100,二级,华东,山东,办公用品,器具,Hamilton Beach,"Hamilton Beach 烤面包机, 银色",5.0,40.68
A1000774,2018/12/8,MC-18100,二级,东北,吉林,办公用品,纸张,Eaton,"Eaton 备忘录便条, 优质",7.0,763.28
A1000776,2018/12/8,TT-21460,一级,东北,辽宁,办公用品,用品,Kleencut,"Kleencut 大剪刀, 钢",3.0,23.952
A1000770,2018/12/8,AP-10720,标准级,东北,辽宁,办公用品,信封,Jiffy,"Jiffy 外皮和封条, 银色",3.0,4.98
A1000770,2018/12/8,DL-12865,标准级,东北,辽宁,办公用品,信封,Kraft,"Kraft 商业信封, 回收",4.0,170.88
A1000770,2018/12/8,NP-18325,标准级,东北,辽宁,办公用品,器具,Hamilton Beach,"Hamilton Beach 烤面包机, 银色",8.0,307.98
A1000770,2018/12/8,NP-18325,标准级,东北,辽宁,办公用品,标签,Avery,"Avery 文件夹标签, 耐用",1.0,382.806
A1000770,2018/12/8,NP-18325,标准级,东北,辽宁,家具,用具,Advantus,"Advantus 门挡, 黑色",1.0,41.96
A1000770,2018/12/8,NP-18325,标准级,东北,辽宁,技术,电话,诺基亚,"诺基亚 办公室电话机, 全尺寸",2.0,1217.568
A1000775,2018/12/8,NP-18325,二级,华东,江西,办公用品,系固件,Stockwell,"Stockwell 订书钉, 混合尺寸",3.0,47.04
A1000772,2018/12/8,NP-18325,标准级,华北,天津,办公用品,标签,Avery,"Avery 圆形标签, 耐用",2.0,6.16
A1000773,2018/12/8,NP-18325,标准级,西南,四川,家具,椅子,Office Star,"Office Star 椅垫, 可调",3.0,979.95
A1000772,2018/12/8,NP-18325,标准级,华北,天津,家具,椅子,Office Star,"Office Star 折叠椅, 可调",10.0,143.7
A1000772,2018/12/8,NP-18325,标准级,华北,天津,家具,椅子,Safco,"SAFCO 扶手椅, 每套两件",8.0,10.65
A1000778,2018/12/9,NP-18325,二级,华东,江西,办公用品,收纳具,Eldon,"Eldon 搁板, 单宽度",5.0,247.8
A1000778,2018/12/9,VG-21805,二级,华东,江西,技术,电话,摩托罗拉,"摩托罗拉 智能手机, 混合尺寸",9.0,10.96
A1000781,2018/12/9,MY-18295,二级,中南,广西,办公用品,收纳具,Tenex,"Tenex 盒, 蓝色",1.0,33.488
A1000781,2018/12/9,MY-18295,二级,中南,广西,办公用品,美术,Boston,"Boston 钢笔, 混合尺寸",2.0,8.04
A1000781,2018/12/9,RD-19480,二级,中南,广西,家具,用具,Tenex,"Tenex 分层置放架, 优质",8.0,201.568
A1000781,2018/12/9,JF-15490,二级,中南,广西,技术,电话,摩托罗拉,"摩托罗拉 办公室电话机, 混合尺寸",10.0,13.44
A1000780,2018/12/9,DP-13390,标准级,华北,山西,办公用品,器具,Cuisinart,"Cuisinart 搅拌机, 黑色",5.0,359.058
A1000779,2018/12/9,MD-17350,标准级,华东,浙江,办公用品,装订机,Acco,"Acco 装订机, 透明",8.0,47.992
A1000779,2018/12/9,MY-17380,标准级,华东,浙江,家具,书架,Bush,"Bush 搁架, 白色",10.0,547.3
A1000779,2018/12/9,AB-10150,标准级,华东,浙江,家具,椅子,Novimex,"Novimex 椅垫, 红色",9.0,16.896
A1000779,2018/12/9,AB-10150,标准级,华东,浙江,技术,复印机,佳能,"佳能 墨水, 彩色",2.0,6.672
A1000779,2018/12/9,AB-10150,标准级,华东,浙江,技术,设备,爱普生,"爱普生 卡片打印机, 白色",5.0,99.136
A1000782,2018/12/10,AB-10150,当日,华北,河北,办公用品,标签,Smead,"Smead 合法证物标签, 可调",10.0,15.992
A1000783,2018/12/12,GB-14530,二级,中南,河南,家具,书架,宜家,"宜家 书库, 黑色",9.0,211.96
A1000788,2018/12/12,CA-12775,一级,中南,广东,技术,复印机,夏普,"夏普 传真复印机, 彩色",10.0,6.672
A1000788,2018/12/12,ME-17725,一级,中南,广东,技术,电话,苹果,"苹果 智能手机, 蓝色",4.0,155.94
A1000788,2018/12/12,JO-15280,一级,中南,广东,技术,配件,SanDisk,"SanDisk 键盘, 耐用",9.0,39.96
A1000786,2018/12/12,JO-15280,标准级,中南,河南,家具,用具,Advantus,"Advantus 门挡, 耐用",5.0,5.46
A1000785,2018/12/12,JO-15280,标准级,西北,宁夏,办公用品,系固件,Stockwell,"Stockwell 图钉, 整包",10.0,73.2
A1000785,2018/12/12,JO-15280,标准级,西北,宁夏,家具,用具,Eldon,"Eldon 分层置放架, 耐用",4.0,5.84
A1000785,2018/12/12,JO-15280,标准级,西北,宁夏,技术,电话,诺基亚,"诺基亚 耳机, 全尺寸",8.0,22.72
A1000784,2018/12/12,JO-15280,标准级,东北,黑龙江,家具,书架,Safco,"Safco 墙角架, 传统",2.0,9.336
A1000787,2018/12/12,ML-17395,标准级,华北,北京,家具,用具,Rubbermaid,"Rubvermaid 相框, 耐用",2.0,290.666
A1000784,2018/12/12,ML-17395,标准级,东北,黑龙江,技术,复印机,Brother,"Brother 无线传真机, 彩色",1.0,201.584
A1000790,2018/12/13,ML-17395,当日,东北,吉林,办公用品,用品,Acme,"Acme 大剪刀, 钢",4.0,83.984
A1000790,2018/12/13,YS-21880,当日,东北,吉林,技术,复印机,夏普,"夏普 个人复印机, 红色",6.0,1000.02
A1000789,2018/12/13,PL-18925,标准级,东北,黑龙江,办公用品,器具,Cuisinart,"Cuisinart 炉灶, 银色",2.0,83.976
A1000789,2018/12/13,JK-16120,标准级,东北,黑龙江,家具,椅子,Hon,"Hon 扶手椅, 黑色",3.0,3.75
A1000795,2018/12/14,JK-16120,一级,华北,河北,办公用品,信封,Jiffy,"Jiffy 邮寄品, 每套 50 个",10.0,41.4
A1000794,2018/12/14,JK-16120,二级,东北,黑龙江,办公用品,信封,Ames,"Ames 商业信封, 每套 50 个",1.0,29.79
A1000794,2018/12/14,PN-18775,二级,东北,黑龙江,办公用品,器具,KitchenAid,"KitchenAid 搅拌机, 黑色",1.0,59.48
A1000794,2018/12/14,PN-18775,二级,东北,黑龙江,办公用品,美术,Boston,"Boston 画布, 金属",2.0,6.69
A1000793,2018/12/14,JC-15385,一级,华北,河北,办公用品,装订机,Cardinal,"Cardinal 孔加固材料, 实惠",4.0,198.46
A1000792,2018/12/14,JC-15385,标准级,中南,湖南,办公用品,美术,Stanley,"Stanley 速写本, 金属",6.0,786.48
A1000791,2018/12/14,JC-15385,标准级,中南,湖南,技术,电话,思科,"思科 充电器, 混合尺寸",2.0,23.168
A1000799,2018/12/15,JC-15385,一级,中南,湖南,办公用品,系固件,Stockwell,"Stockwell 夹子, 每包 12 个",5.0,50.0
A1000798,2018/12/15,JG-15160,标准级,华东,安徽,家具,书架,Dania,"Dania 柜, 黑色",3.0,675.96
A1000798,2018/12/15,JG-15160,标准级,华东,安徽,家具,用具,Deflect-O,"Deflect-O 分层置放架, 黑色",7.0,1265.85
A1000798,2018/12/15,PO-19180,标准级,华东,安徽,家具,用具,Rubbermaid,"Rubvermaid 分层置放架, 黑色",5.0,523.25
A1000798,2018/12/15,MC-17275,标准级,华东,安徽,家具,用具,Tenex,"Tenex 灯泡, 优质",2.0,517.5
A1000798,2018/12/15,AS-10240,标准级,华东,安徽,技术,电话,思科,"思科 智能手机, 全尺寸",5.0,17.92
A1000797,2018/12/15,AS-10240,二级,华东,山东,办公用品,标签,Harbour Creations,"Harbour Creations 合法证物标签, 耐用",4.0,41.256
A1000796,2018/12/15,CL-12565,标准级,华东,山东,家具,椅子,Harbour Creations,"Harbour Creations 沙滩椅, 红色",7.0,1006.056
A1000796,2018/12/15,CL-12565,标准级,华东,山东,家具,用具,Advantus,"Advantus 灯泡, 一包多件",4.0,10.688
A1000796,2018/12/15,CL-12565,标准级,华东,山东,家具,用具,Eldon,"Eldon 相框, 耐用",1.0,10.368
A1000800,2018/12/15,CL-12565,标准级,中南,河南,办公用品,信封,Cameo,"Cameo 商业信封, 每套 50 个",10.0,25.12
A1000800,2018/12/15,CL-12565,标准级,中南,河南,办公用品,收纳具,Fellowes,"Fellowes 文件夹, 金属",2.0,58.112
A1000800,2018/12/15,NW-18400,标准级,中南,河南,办公用品,标签,Avery,"Avery 运输标签, 耐用",7.0,15.552
A1000800,2018/12/15,NW-18400,标准级,中南,河南,办公用品,装订机,Avery,"Avery 标签, 透明",5.0,669.08
A1000801,2018/12/16,NW-18400,当日,东北,辽宁,办公用品,器具,Breville,"Breville 咖啡研磨机, 红色",9.0,438.336
A1000801,2018/12/16,TB-21280,当日,东北,辽宁,办公用品,收纳具,Rogers,"Rogers 盘, 蓝色",10.0,19.44
A1000801,2018/12/16,TB-21280,当日,东北,辽宁,办公用品,标签,Avery,"Avery 文件夹标签, 耐用",6.0,9.64
A1000801,2018/12/16,TB-21280,当日,东北,辽宁,办公用品,标签,Smead,"Smead 运输标签, 红色",10.0,12.7
A1000801,2018/12/16,TB-21280,当日,东北,辽宁,办公用品,用品,Elite,"Elite 大剪刀, 钢",5.0,41.37
A1000801,2018/12/16,BS-11380,当日,东北,辽宁,办公用品,装订机,Avery,"Avery 标签, 透明",4.0,12.624
A1000801,2018/12/16,FH-14365,当日,东北,辽宁,家具,椅子,Safco,"SAFCO 沙滩椅, 黑色",2.0,1247.64
A1000802,2018/12/17,FH-14365,标准级,西南,云南,办公用品,用品,Fiskars,"Fiskars 尺子, 工业",1.0,3149.93
A1000804,2018/12/17,FH-14365,标准级,中南,广东,家具,书架,Sauder,"Sauder 古典书架, 传统",4.0,209.7
A1000804,2018/12/17,VM-21685,标准级,中南,广东,家具,用具,Advantus,"Advantus 分层置放架, 黑色",3.0,35.36
A1000803,2018/12/17,VM-21685,标准级,华东,江苏,办公用品,收纳具,Tenex,"Tenex 锁柜, 工业",2.0,3.168
A1000805,2018/12/18,SF-20200,标准级,中南,湖北,家具,椅子,Office Star,"Office Star 折叠椅, 可调",2.0,121.104
A1000805,2018/12/18,SF-20200,标准级,中南,湖北,家具,用具,Rubbermaid,"Rubvermaid 灯泡, 耐用",1.0,45.894
A1000808,2018/12/19,HH-15010,二级,东北,黑龙江,办公用品,收纳具,Rogers,"Rogers 锁柜, 蓝色",8.0,109.92
A1000808,2018/12/19,HH-15010,二级,东北,黑龙江,办公用品,装订机,Ibico,"Ibico 打孔机, 回收",3.0,13.36
A1000808,2018/12/19,CD-12280,二级,东北,黑龙江,办公用品,装订机,Ibico,"Ibico 标签, 实惠",9.0,169.68
A1000808,2018/12/19,CD-12280,二级,东北,黑龙江,技术,复印机,惠普,"惠普 个人复印机, 红色",1.0,132.52
A1000807,2018/12/19,CD-12280,标准级,华北,河北,办公用品,器具,Hoover,"Hoover 微波炉, 黑色",5.0,2.96
A1000806,2018/12/19,CD-12280,标准级,华东,江苏,办公用品,用品,Fiskars,"Fiskars 尺子, 工业",1.0,8.448
A1000806,2018/12/19,CD-12280,标准级,华东,江苏,办公用品,系固件,Accos,"Accos 按钉, 混合尺寸",3.0,95.94
A1000806,2018/12/19,HL-15040,标准级,华东,江苏,办公用品,美术,BIC,"BIC 荧光笔, 整包",2.0,34.79
A1000806,2018/12/19,TH-21100,标准级,华东,江苏,家具,书架,Sauder,"Sauder 书架, 白色",3.0,160.776
A1000809,2018/12/20,MM-18055,标准级,西南,四川,办公用品,器具,Breville,"Breville 咖啡研磨机, 黑色",2.0,88.752
A1000809,2018/12/20,MM-18055,标准级,西南,四川,技术,电话,思科,"思科 智能手机, 全尺寸",2.0,13.904
A1000812,2018/12/21,QJ-19255,当日,西北,陕西,办公用品,收纳具,Tenex,"Tenex 文件夹, 单宽度",8.0,677.58
A1000812,2018/12/21,QJ-19255,当日,西北,陕西,家具,书架,宜家,"宜家 古典书架, 白色",1.0,13.896
A1000811,2018/12/21,NS-18505,一级,西南,云南,办公用品,系固件,Stockwell,"Stockwell 订书钉, 每包 12 个",1.0,41.92
A1000813,2018/12/21,NS-18505,一级,西南,云南,办公用品,标签,Novimex,"Novimex 运输标签, 红色",2.0,297.576
A1000813,2018/12/21,NS-18505,一级,西南,云南,办公用品,美术,Boston,"Boston 画布, 蓝色",2.0,4.344
A1000814,2018/12/21,NS-18505,二级,西南,重庆,办公用品,纸张,Green Bar,"Green Bar 令, 回收",4.0,94.992
A1000810,2018/12/21,NS-18505,一级,华东,山东,家具,书架,Bush,"Bush 搁架, 金属",3.0,74.352
A1000813,2018/12/21,NS-18505,一级,西南,云南,家具,用具,Eldon,"Eldon 灯泡, 耐用",7.0,14.04
A1000815,2018/12/22,MM-17920,一级,华东,山东,办公用品,装订机,Ibico,"Ibico 订书机, 透明",1.0,1018.104
A1000815,2018/12/22,RD-19480,一级,华东,山东,办公用品,装订机,Wilson Jones,"Wilson Jones 标签, 实惠",2.0,16.68
A1000815,2018/12/22,RB-19645,一级,华东,山东,技术,配件,Memorex,"Memorex 闪存驱动器, 耐用",2.0,58.58
A1000818,2018/12/22,RD-19585,二级,东北,辽宁,技术,设备,爱普生,"爱普生 计算器, 耐用",3.0,167.968
A1000816,2018/12/22,SW-20455,一级,华东,安徽,技术,复印机,惠普,"惠普 传真复印机, 彩色",3.0,196.62
A1000817,2018/12/22,SF-20965,标准级,中南,河南,办公用品,收纳具,Rogers,"Rogers 盒, 单宽度",3.0,21.936
A1000817,2018/12/22,SF-20965,标准级,中南,河南,家具,书架,宜家,"宜家 柜, 白色",1.0,6.588
A1000817,2018/12/22,EB-13930,标准级,中南,河南,技术,配件,Enermax,"Enermax 键盘, 实惠",1.0,104.28
A1000824,2018/12/23,EB-13930,当日,华东,山东,办公用品,信封,Jiffy,"Jiffy 商业信封, 每套 50 个",4.0,17.94
A1000819,2018/12/23,SB-20290,一级,华北,内蒙古,办公用品,装订机,Avery,"Avery 标签, 耐用",3.0,64.784
A1000823,2018/12/23,SB-20290,标准级,华北,北京,办公用品,标签,Harbour Creations,"Harbour Creations 圆形标签, 耐用",3.0,32.382
A1000823,2018/12/23,SB-20290,标准级,华北,北京,办公用品,装订机,Avery,"Avery 装订机盖, 实惠",10.0,42.368
A1000821,2018/12/23,SB-20290,标准级,东北,吉林,办公用品,标签,Hon,"Hon 圆形标签, 耐用",8.0,399.54
A1000821,2018/12/23,PS-18760,标准级,东北,吉林,办公用品,标签,Novimex,"Novimex 合法证物标签, 可调",5.0,18.97
A1000821,2018/12/23,CB-12535,标准级,东北,吉林,办公用品,系固件,Accos,"Accos 橡皮筋, 每包 12 个",3.0,14.82
A1000822,2018/12/23,DK-12835,标准级,东北,辽宁,办公用品,装订机,Avery,"Avery 装订机盖, 回收",1.0,99.28
A1000823,2018/12/23,DK-12835,标准级,华北,北京,家具,书架,Dania,"Dania 柜, 传统",9.0,1.188
A1000823,2018/12/23,DK-12835,标准级,华北,北京,家具,书架,宜家,"宜家 书架, 黑色",8.0,7.518
A1000823,2018/12/23,AW-10840,标准级,华北,北京,技术,电话,诺基亚,"诺基亚 智能手机, 全尺寸",4.0,10.368
A1000822,2018/12/23,AW-10840,标准级,东北,辽宁,技术,配件,Memorex,"Memorex 键区, 可编程",5.0,310.88
A1000820,2018/12/23,TS-21610,标准级,华北,山西,办公用品,信封,Cameo,"Cameo 商业信封, 回收",5.0,853.092
A1000820,2018/12/23,HF-14995,标准级,华北,山西,办公用品,器具,Breville,"Breville 咖啡研磨机, 黑色",3.0,33.45
A1000820,2018/12/23,HF-14995,标准级,华北,山西,办公用品,标签,Harbour Creations,"Harbour Creations 运输标签, 耐用",3.0,10.4
A1000820,2018/12/23,HZ-14950,标准级,华北,山西,办公用品,用品,Stiletto,"Stiletto 开信刀, 钢",3.0,21.88
A1000820,2018/12/23,AB-10255,标准级,华北,山西,技术,复印机,佳能,"佳能 传真机, 每套两件",1.0,13.616
A1000825,2018/12/24,PO-19195,二级,华东,上海,技术,配件,贝尔金,"贝尔金 闪存驱动器, 回收",8.0,63.96
A1000828,2018/12/24,PO-19195,标准级,华东,山东,办公用品,用品,Kleencut,"Kleencut 开信刀, 锯齿状",9.0,14.46
A1000828,2018/12/24,PO-19195,标准级,华东,山东,办公用品,装订机,Wilson Jones,"Wilson Jones 标签, 回收",2.0,104.98
A1000827,2018/12/24,AG-10900,标准级,东北,黑龙江,办公用品,器具,Breville,"Breville 炉灶, 黑色",1.0,106.96
A1000827,2018/12/24,AG-10900,标准级,东北,黑龙江,办公用品,装订机,Avery,"Avery 装订机, 耐用",5.0,21.56
A1000828,2018/12/24,SC-20725,标准级,华东,山东,家具,书架,Sauder,"Sauder 墙角架, 黑色",7.0,515.88
A1000828,2018/12/24,ND-18370,标准级,华东,山东,家具,书架,宜家,"宜家 书架, 黑色",5.0,11.808
A1000828,2018/12/24,ND-18370,标准级,华东,山东,家具,椅子,Safco,"SAFCO 折叠椅, 可调",1.0,1931.04
A1000826,2018/12/24,ND-18370,标准级,中南,湖南,办公用品,系固件,Stockwell,"Stockwell 按钉, 金属",1.0,9.96
A1000826,2018/12/24,CD-12790,标准级,中南,湖南,办公用品,装订机,Avery,"Avery 标签, 耐用",2.0,12.35
A1000829,2018/12/26,PG-18820,一级,东北,吉林,办公用品,信封,GlobeWeis,"GlobeWeis 商业信封, 红色",3.0,9.702
A1000829,2018/12/26,IM-15070,一级,东北,吉林,办公用品,器具,Hoover,"Hoover 咖啡研磨机, 白色",3.0,11.61
A1000829,2018/12/26,JK-15205,一级,东北,吉林,家具,椅子,Office Star,"Office Star 凳子, 每套两件",2.0,43.86
A1000829,2018/12/26,JK-15205,一级,东北,吉林,家具,椅子,Office Star,"Office Star 折叠椅, 每套两件",9.0,148.48
A1000831,2018/12/26,JK-15205,标准级,华北,内蒙古,办公用品,信封,GlobeWeis,"GlobeWeis 局间信封, 红色",10.0,7.42
A1000831,2018/12/26,JK-15205,标准级,华北,内蒙古,办公用品,收纳具,Rogers,"Rogers 文件夹, 单宽度",5.0,71.992
A1000831,2018/12/26,JK-15205,标准级,华北,内蒙古,办公用品,收纳具,Tenex,"Tenex 盘, 工业",4.0,19.9
A1000831,2018/12/26,JK-15205,标准级,华北,内蒙古,办公用品,系固件,Accos,"Accos 夹子, 整包",1.0,1702.12
A1000831,2018/12/26,JP-15520,标准级,华北,内蒙古,办公用品,装订机,Avery,"Avery 孔加固材料, 透明",4.0,14.304
A1000831,2018/12/26,MM-18055,标准级,华北,内蒙古,技术,设备,松下,"松下 收据打印机, 多色",4.0,765.625
A1000832,2018/12/26,DC-13285,标准级,东北,吉林,办公用品,信封,Cameo,"Cameo 外皮和封条, 回收",2.0,307.666
A1000832,2018/12/26,JL-15835,标准级,东北,吉林,办公用品,纸张,Enermax,"Enermax 羊皮纸, 多色",4.0,7.712
A1000830,2018/12/26,BN-11515,标准级,华东,上海,技术,电话,摩托罗拉,"摩托罗拉 办公室电话机, 蓝色",5.0,242.9
A1000836,2018/12/27,BN-11515,当日,中南,湖北,办公用品,纸张,Enermax,"Enermax 笔记本, 多色",10.0,454.9
A1000836,2018/12/27,BN-11515,当日,中南,湖北,办公用品,纸张,SanDisk,"SanDisk 笔记本, 多色",3.0,35.92
A1000836,2018/12/27,BN-11515,当日,中南,湖北,家具,椅子,Novimex,"Novimex 椅垫, 可调",2.0,39.76
A1000835,2018/12/27,BN-11515,二级,西北,宁夏,办公用品,信封,Ames,"Ames 马尼拉纸信封, 每套 50 个",5.0,47.744
A1000835,2018/12/27,KD-16345,二级,西北,宁夏,办公用品,器具,Breville,"Breville 微波炉, 银色",4.0,159.984
A1000835,2018/12/27,KD-16345,二级,西北,宁夏,办公用品,美术,Stanley,"Stanley 记号笔, 蓝色",2.0,255.968
A1000835,2018/12/27,KD-16345,二级,西北,宁夏,办公用品,装订机,Avery,"Avery 标签, 实惠",2.0,359.058
A1000835,2018/12/27,JK-15370,二级,西北,宁夏,家具,桌子,Barricks,"Barricks 木桌, 黑色",8.0,434.352
A1000834,2018/12/27,JK-15370,标准级,华东,山东,办公用品,信封,Cameo,"Cameo 马尼拉纸信封, 回收",6.0,3.552
A1000834,2018/12/27,JK-15370,标准级,华东,山东,办公用品,收纳具,Tenex,"Tenex 搁板, 工业",2.0,88.832
A1000833,2018/12/27,FM-14215,二级,中南,湖北,办公用品,信封,Kraft,"Kraft 外皮和封条, 回收",8.0,1048.35
A1000837,2018/12/27,CA-12265,标准级,中南,广东,办公用品,信封,Cameo,"Cameo 搭扣信封, 每套 50 个",4.0,100.0
A1000837,2018/12/27,CA-12265,标准级,中南,广东,办公用品,收纳具,Rogers,"Rogers 文件夹, 金属",4.0,7.83
A1000837,2018/12/27,KD-16495,标准级,中南,广东,家具,桌子,Chromcraft,"Chromcraft 培训桌, 白色",2.0,96.256
A1000837,2018/12/27,KD-16495,标准级,中南,广东,家具,椅子,Office Star,"Office Star 折叠椅, 可调",1.0,10.688
A1000837,2018/12/27,LH-17155,标准级,中南,广东,技术,复印机,佳能,"佳能 个人复印机, 数字化",4.0,338.04
A1000839,2018/12/28,LH-17155,标准级,中南,广东,办公用品,收纳具,Tenex,"Tenex 搁板, 单宽度",4.0,154.24
A1000839,2018/12/28,AG-10675,标准级,中南,广东,办公用品,用品,Stiletto,"Stiletto 修剪器, 蓝色",3.0,34.848
A1000839,2018/12/28,AG-10675,标准级,中南,广东,办公用品,纸张,施乐,"施乐 笔记本, 回收",4.0,22.0
A1000838,2018/12/28,AG-10675,标准级,华东,上海,办公用品,纸张,施乐,"施乐 备忘录便条, 多色",7.0,4.368
A1000839,2018/12/28,DB-13120,标准级,中南,广东,家具,书架,Sauder,"Sauder 柜, 白色",5.0,31.44
A1000838,2018/12/28,DB-13120,标准级,华东,上海,技术,设备,冲电器,"冲电器 喷墨打印机, 多色",5.0,17.9
A1000841,2018/12/29,DB-13120,一级,华东,山东,技术,设备,松下,"松下 喷墨打印机, 红色",2.0,129.45
A1000840,2018/12/29,ED-13885,标准级,华东,上海,办公用品,纸张,Eaton,"Eaton 计划信息表, 多色",2.0,20.88
A1000846,2018/12/30,MC-18100,二级,东北,辽宁,办公用品,装订机,Acco,"Acco 装订机盖, 实惠",5.0,20.736
A1000842,2018/12/30,MC-18100,二级,华北,河北,办公用品,收纳具,Tenex,"Tenex 锁柜, 蓝色",6.0,7.168
A1000844,2018/12/30,MC-18100,一级,华东,福建,办公用品,装订机,Ibico,"Ibico 孔加固材料, 回收",6.0,11.168
A1000843,2018/12/30,MC-18100,标准级,华北,山西,办公用品,美术,BIC,"BIC 荧光笔, 金属",3.0,442.4
A1000845,2018/12/30,BM-11785,标准级,华东,浙江,技术,复印机,惠普,"惠普 传真机, 彩色",10.0,13.36
A1000847,2018/12/31,EM-14065,标准级,中南,河南,办公用品,信封,Cameo,"Cameo 局间信封, 红色",3.0,11.232
A1000847,2018/12/31,EM-14065,标准级,中南,河南,办公用品,装订机,Avery,"Avery 标签, 耐用",1.0,10.272
A1000848,2019/1/1,DA-13450,标准级,东北,黑龙江,办公用品,纸张,Eaton,"Eaton 令, 每包 12 个",1.0,10.368
A1000864,2019/1/10,RP-19855,标准级,中南,湖北,办公用品,装订机,Cardinal,"Cardinal 装订机, 回收",5.0,699.98
A1000864,2019/1/10,RP-19855,标准级,中南,湖北,办公用品,装订机,Ibico,"Ibico 装订机盖, 实惠",8.0,139.95
A1000865,2019/1/10,RA-19915,标准级,中南,河南,家具,用具,Advantus,"Advantus 闹钟, 优质",2.0,48.94
A1000864,2019/1/10,RP-19390,标准级,中南,湖北,家具,书架,Sauder,"Sauder 书架, 金属",9.0,2807.84
A1000864,2019/1/10,RP-19390,标准级,中南,湖北,家具,用具,Eldon,"Eldon 框架, 耐用",4.0,46.64
A1000863,2019/1/10,TB-21175,标准级,西南,重庆,办公用品,装订机,Wilson Jones,"Wilson Jones 装订机盖, 实惠",5.0,60.416
A1000867,2019/1/11,BE-11455,二级,西北,甘肃,办公用品,美术,Binney & Smith,"Binney & Smith 钢笔, 混合尺寸",1.0,107.94
A1000868,2019/1/12,MR-17545,一级,东北,辽宁,办公用品,纸张,Enermax,"Enermax 笔记本, 多色",8.0,63.84
A1000868,2019/1/12,MR-17545,一级,东北,辽宁,办公用品,纸张,施乐,"施乐 笔记本, 优质",2.0,347.97
A1000868,2019/1/12,MR-17545,一级,东北,辽宁,办公用品,美术,Sanford,"Sanford 铅笔刀, 混合尺寸",10.0,37.008
A1000868,2019/1/12,RM-19375,一级,东北,辽宁,家具,用具,Eldon,"Eldon 闹钟, 一包多件",10.0,215.65
A1000869,2019/1/12,JF-15565,二级,华北,河北,技术,电话,三星,"三星 智能手机, 全尺寸",1.0,11.168
A1000872,2019/1/14,JF-15565,标准级,中南,河南,办公用品,美术,Binney & Smith,"Binney & Smith 速写本, 蓝色",6.0,53.952
A1000878,2019/1/18,BT-11680,标准级,华北,天津,办公用品,装订机,Acco,"Acco 标签, 耐用",5.0,77.6
A1000879,2019/1/18,BT-11680,二级,华东,安徽,办公用品,收纳具,Eldon,"Eldon 盘, 金属",7.0,4.656
A1000879,2019/1/18,SP-20620,二级,华东,安徽,办公用品,收纳具,Eldon,"Eldon 锁柜, 单宽度",1.0,170.136
A1000879,2019/1/18,LL-16840,二级,华东,安徽,办公用品,收纳具,Fellowes,"Fellowes 搁板, 蓝色",2.0,7.38
A1000880,2019/1/18,LL-16840,标准级,中南,广西,办公用品,美术,Boston,"Boston 速写本, 整包",2.0,9.26
A1000882,2019/1/20,MC-17575,标准级,东北,吉林,家具,椅子,Safco,"SAFCO 凳子, 可调",1.0,9.96
A1000882,2019/1/20,JL-15235,标准级,东北,吉林,家具,用具,Advantus,"Advantus 分层置放架, 耐用",10.0,75.6
A1000881,2019/1/20,JL-15235,标准级,西南,云南,技术,设备,柯尼卡,"柯尼卡 电话, 多色",5.0,29.32
A1000883,2019/1/21,EA-14035,二级,中南,广西,办公用品,美术,BIC,"BIC 速写本, 蓝色",3.0,92.064
A1000884,2019/1/21,EA-14035,标准级,中南,湖南,办公用品,标签,Avery,"Avery 运输标签, 可调",5.0,6.976
A1000884,2019/1/21,EA-14035,标准级,中南,湖南,办公用品,标签,Novimex,"Novimex 合法证物标签, 白色",2.0,62.958
A1000886,2019/1/23,EA-14035,二级,华东,上海,家具,桌子,Bevis,"Bevis 圆桌, 黑色",3.0,5.184
A1000887,2019/1/23,SA-20830,标准级,西南,重庆,办公用品,标签,Avery,"Avery 圆形标签, 可调",6.0,31.32
A1000887,2019/1/23,SA-20830,标准级,西南,重庆,办公用品,系固件,OIC,"OIC 夹子, 混合尺寸",10.0,11.84
A1000887,2019/1/23,SA-20830,标准级,西南,重庆,办公用品,美术,Boston,"Boston 速写本, 蓝色",1.0,22.784
A1000887,2019/1/23,CH-12070,标准级,西南,重庆,家具,书架,Sauder,"Sauder 古典书架, 金属",8.0,1127.976
A1000887,2019/1/23,ND-18460,标准级,西南,重庆,家具,用具,Deflect-O,"Deflect-O 门挡, 黑色",7.0,38.88
A1000885,2019/1/23,BS-11755,标准级,西南,云南,办公用品,美术,Binney & Smith,"Binney & Smith 画布, 金属",4.0,779.796
A1000885,2019/1/23,SL-20155,标准级,西南,云南,家具,椅子,Safco,"SAFCO 沙滩椅, 可调",2.0,1439.92
A1000885,2019/1/23,SL-20155,标准级,西南,云南,技术,复印机,佳能,"佳能 传真机, 每套两件",9.0,262.11
A1000885,2019/1/23,GB-14530,标准级,西南,云南,技术,配件,Enermax,"Enermax 键区, 可编程",8.0,207.0
A1000889,2019/1/24,AS-10045,一级,中南,湖北,办公用品,收纳具,Tenex,"Tenex 搁板, 金属",2.0,1439.982
A1000888,2019/1/24,AS-10045,标准级,华北,河北,办公用品,器具,Hamilton Beach,"Hamilton Beach 搅拌机, 银色",2.0,36.288
A1000888,2019/1/24,RM-19375,标准级,华北,河北,办公用品,收纳具,Tenex,"Tenex 盘, 蓝色",3.0,21.4
A1000888,2019/1/24,NH-18610,标准级,华北,河北,办公用品,用品,Kleencut,"Kleencut 开信刀, 锯齿状",8.0,1245.86
A1000900,2019/1/27,AC-10420,当日,华东,山东,办公用品,器具,Cuisinart,"Cuisinart 冰箱, 红色",7.0,34.24
A1000900,2019/1/27,JB-15400,当日,华东,山东,办公用品,装订机,Wilson Jones,"Wilson Jones 装订机盖, 耐用",1.0,137.62
A1000900,2019/1/27,JB-15400,当日,华东,山东,家具,书架,Bush,"Bush 搁架, 金属",4.0,100.49
A1000900,2019/1/27,GM-14440,当日,华东,山东,技术,复印机,夏普,"夏普 复印机, 红色",6.0,257.568
A1000901,2019/1/27,GM-14440,标准级,中南,河南,办公用品,信封,Cameo,"Cameo 马尼拉纸信封, 每套 50 个",7.0,119.96
A1000901,2019/1/27,RF-19840,标准级,中南,河南,办公用品,收纳具,Eldon,"Eldon 搁板, 蓝色",5.0,49.632
A1000902,2019/1/29,NC-18625,一级,东北,辽宁,办公用品,标签,Smead,"Smead 可去除的标签, 耐用",5.0,727.45
A1000903,2019/1/30,NC-18625,二级,华东,山东,办公用品,标签,Harbour Creations,"Harbour Creations 圆形标签, 白色",9.0,24.96
A1000903,2019/1/30,NG-18355,二级,华东,山东,办公用品,装订机,Avery,"Avery 标签, 实惠",1.0,370.782
A1000903,2019/1/30,AH-10075,二级,华东,山东,办公用品,装订机,Avery,"Avery 订书机, 透明",9.0,196.45
A1000903,2019/1/30,CH-12070,二级,华东,山东,家具,椅子,Office Star,"Office Star 椅垫, 红色",7.0,31.104
A1000904,2019/1/30,CH-12070,二级,东北,辽宁,办公用品,装订机,Ibico,"Ibico 打孔机, 耐用",3.0,78.256
A1000904,2019/1/30,CC-12145,二级,东北,辽宁,办公用品,装订机,Wilson Jones,"Wilson Jones 孔加固材料, 回收",6.0,6.48
A1000904,2019/1/30,ME-18010,二级,东北,辽宁,技术,电话,三星,"三星 音频基座, 蓝色",5.0,99.2
A1000905,2019/1/31,ME-18010,标准级,华东,江苏,办公用品,收纳具,Rogers,"Rogers 文件车, 单宽度",5.0,81.568
A1000905,2019/1/31,ME-18010,标准级,华东,江苏,办公用品,收纳具,Smead,"Smead 文件车, 工业",1.0,22.848
A1000905,2019/1/31,BP-11230,标准级,华东,江苏,办公用品,用品,Fiskars,"Fiskars 大剪刀, 锯齿状",2.0,70.98
A1000905,2019/1/31,MP-17470,标准级,华东,江苏,办公用品,用品,Kleencut,"Kleencut 剪刀, 锯齿状",8.0,16.224
A1000905,2019/1/31,CJ-12010,标准级,华东,江苏,办公用品,纸张,SanDisk,"SanDisk 信纸, 优质",8.0,176.784
A1000905,2019/1/31,JC-15775,标准级,华东,江苏,家具,用具,Advantus,"Advantus 闹钟, 耐用",10.0,470.376
A1000905,2019/1/31,JG-15160,标准级,华东,江苏,技术,配件,SanDisk,"SanDisk 闪存驱动器, 实惠",5.0,393.568
A1000907,2019/2/1,JG-15160,一级,中南,湖南,办公用品,信封,GlobeWeis,"GlobeWeis 外皮和封条, 红色",1.0,302.376
A1000907,2019/2/1,CK-12760,一级,中南,湖南,办公用品,系固件,Accos,"Accos 橡皮筋, 整包",3.0,68.742
A1000906,2019/2/1,LF-17185,二级,华东,山东,办公用品,器具,Hamilton Beach,"Hamilton Beach 冰箱, 黑色",5.0,29.34
A1000906,2019/2/1,LF-17185,二级,华东,山东,办公用品,系固件,Accos,"Accos 订书钉, 混合尺寸",1.0,383.607
A1000911,2019/2/2,LF-17185,标准级,东北,吉林,办公用品,收纳具,Fellowes,"Fellowes 盘, 工业",6.0,563.4
A1000910,2019/2/2,CC-12430,标准级,华东,山东,办公用品,信封,Kraft,"Kraft 商业信封, 回收",2.0,217.056
A1000909,2019/2/2,DL-12865,标准级,华北,河北,办公用品,美术,Sanford,"Sanford 荧光笔, 混合尺寸",3.0,6.0
A1000909,2019/2/2,PG-18895,标准级,华北,河北,家具,椅子,Novimex,"Novimex 折叠椅, 红色",8.0,31.56
A1000908,2019/2/2,EH-14005,标准级,中南,广东,技术,复印机,夏普,"夏普 复印机, 数字化",6.0,7.104
A1000909,2019/2/2,EH-14005,标准级,华北,河北,技术,设备,冲电器,"冲电器 计算器, 红色",8.0,398.352
A1000912,2019/2/3,TB-21520,标准级,华东,山东,办公用品,系固件,Advantus,"Advantus 回形针, 金属",4.0,121.792
A1000912,2019/2/3,TB-21520,标准级,华东,山东,技术,配件,Memorex,"Memorex 鼠标, 可编程",6.0,409.59
A1000913,2019/2/4,DK-13225,标准级,中南,广西,家具,椅子,Hon,"Hon 扶手椅, 黑色",6.0,10.56
A1000914,2019/2/6,DK-13225,二级,东北,吉林,办公用品,收纳具,Smead,"Smead 盘, 金属",2.0,3.38
A1000915,2019/2/7,JP-15520,二级,华东,福建,家具,用具,Advantus,"Advantus 灯泡, 一包多件",6.0,7.824
A1000917,2019/2/8,CD-11980,一级,华东,浙江,家具,用具,Tenex,"Tenex 分层置放架, 优质",3.0,24.784
A1000916,2019/2/8,AS-10090,标准级,东北,黑龙江,办公用品,信封,Jiffy,"Jiffy 搭扣信封, 每套 50 个",3.0,34.65
A1000916,2019/2/8,JO-15280,标准级,东北,黑龙江,办公用品,标签,Hon,"Hon 有色标签, 红色",7.0,487.984
A1000916,2019/2/8,AC-10450,标准级,东北,黑龙江,办公用品,标签,Smead,"Smead 合法证物标签, 红色",1.0,1793.98
A1000916,2019/2/8,RA-19945,标准级,东北,黑龙江,办公用品,装订机,Wilson Jones,"Wilson Jones 订书机, 回收",7.0,29.808
A1000918,2019/2/9,RA-19945,标准级,东北,辽宁,办公用品,标签,Harbour Creations,"Harbour Creations 可去除的标签, 可调",3.0,505.176
A1000919,2019/2/9,RA-19945,标准级,东北,黑龙江,办公用品,系固件,Stockwell,"Stockwell 夹子, 金属",2.0,174.0585
A1000919,2019/2/9,Co-12640,标准级,东北,黑龙江,家具,用具,Rubbermaid,"Rubvermaid 闹钟, 黑色",2.0,191.88
A1000920,2019/2/10,DW-13480,二级,东北,黑龙江,办公用品,器具,KitchenAid,"KitchenAid 炉灶, 银色",9.0,14.78
A1000920,2019/2/10,DK-12835,二级,东北,黑龙江,办公用品,标签,Avery,"Avery 有色标签, 耐用",3.0,5.184
A1000923,2019/2/13,DK-12835,标准级,西北,陕西,技术,设备,StarTech,"StarTech 收据打印机, 耐用",2.0,28.4
A1000932,2019/2/20,EH-13765,标准级,东北,黑龙江,办公用品,美术,Boston,"Boston 荧光笔, 蓝色",8.0,462.564
A1000933,2019/2/21,MZ-17515,标准级,中南,广东,办公用品,美术,Sanford,"Sanford 钢笔, 整包",3.0,15.008
A1000933,2019/2/21,SC-20230,标准级,中南,广东,技术,复印机,Hewlett,"Hewlett 复印机, 彩色",6.0,863.64
A1000933,2019/2/21,SC-20230,标准级,中南,广东,技术,复印机,佳能,"佳能 个人复印机, 每套两件",5.0,47.616
A1000933,2019/2/21,NP-18325,标准级,中南,广东,技术,电话,思科,"思科 耳机, 蓝色",1.0,92.94
A1000934,2019/2/21,LW-16990,二级,中南,海南,办公用品,用品,Fiskars,"Fiskars 美工刀, 工业",5.0,199.98
A1000935,2019/2/22,GM-14680,当日,东北,吉林,办公用品,器具,Hoover,"Hoover 搅拌机, 红色",7.0,177.48
A1000935,2019/2/22,RH-19495,当日,东北,吉林,家具,用具,Tenex,"Tenex 相框, 一包多件",10.0,88.768
A1000940,2019/2/22,VM-21685,一级,东北,黑龙江,办公用品,纸张,Enermax,"Enermax 计划信息表, 每包 12 个",9.0,6.48
A1000939,2019/2/22,VM-21685,一级,华东,江苏,办公用品,美术,BIC,"BIC 荧光笔, 整包",5.0,46.51
A1000939,2019/2/22,VM-21685,一级,华东,江苏,家具,桌子,Chromcraft,"Chromcraft 电脑桌, 长方形",6.0,659.976
A1000939,2019/2/22,CC-12670,一级,华东,江苏,技术,复印机,Hewlett,"Hewlett 传真机, 数字化",1.0,271.992
A1000937,2019/2/22,SV-20365,标准级,华北,天津,办公用品,用品,Fiskars,"Fiskars 开信刀, 钢",2.0,145.74
A1000937,2019/2/22,SV-20365,标准级,华北,天津,办公用品,装订机,Avery,"Avery 装订机盖, 耐用",2.0,15.4
A1000937,2019/2/22,LW-16990,标准级,华北,天津,家具,书架,宜家,"宜家 书架, 黑色",1.0,244.55
A1000937,2019/2/22,LW-16990,标准级,华北,天津,家具,椅子,Safco,"SAFCO 椅垫, 每套两件",6.0,166.16
A1000937,2019/2/22,NP-18685,标准级,华北,天津,家具,用具,Rubbermaid,"Rubvermaid 闹钟, 一包多件",7.0,14.73
A1000938,2019/2/22,JE-15715,标准级,华北,河北,办公用品,信封,Cameo,"Cameo 搭扣信封, 银色",2.0,19.968
A1000938,2019/2/22,JE-15715,标准级,华北,河北,办公用品,收纳具,Eldon,"Eldon 锁柜, 金属",5.0,33.488
A1000938,2019/2/22,JE-15715,标准级,华北,河北,技术,电话,苹果,"苹果 音频基座, 混合尺寸",6.0,8.736
A1000936,2019/2/22,JE-15715,标准级,华北,河北,办公用品,信封,Cameo,"Cameo 局间信封, 红色",10.0,662.88
A1000936,2019/2/22,CP-12085,标准级,华北,河北,办公用品,系固件,Stockwell,"Stockwell 订书钉, 混合尺寸",4.0,47.36
A1000936,2019/2/22,CP-12085,标准级,华北,河北,家具,书架,Safco,"Safco 墙角架, 金属",8.0,27.44
A1000936,2019/2/22,CP-12085,标准级,华北,河北,家具,用具,Advantus,"Advantus 闹钟, 耐用",1.0,3.24
A1000941,2019/2/24,EA-14035,一级,中南,广西,办公用品,器具,Cuisinart,"Cuisinart 搅拌机, 白色",1.0,95.968
A1000941,2019/2/24,EA-14035,一级,中南,广西,办公用品,装订机,Avery,"Avery 打孔机, 耐用",10.0,10.368
A1000941,2019/2/24,AC-10615,一级,中南,广西,家具,用具,Deflect-O,"Deflect-O 门挡, 黑色",3.0,23.1
A1000941,2019/2/24,AC-10615,一级,中南,广西,技术,配件,Memorex,"Memorex 鼠标, 实惠",9.0,11.54
A1000942,2019/2/24,AC-10615,一级,华东,山东,办公用品,纸张,Eaton,"Eaton 羊皮纸, 多色",7.0,254.526
A1000943,2019/2/24,AC-10615,标准级,东北,黑龙江,办公用品,器具,Cuisinart,"Cuisinart 冰箱, 红色",3.0,12.98
A1000943,2019/2/24,AC-10615,标准级,东北,黑龙江,办公用品,系固件,OIC,"OIC 订书钉, 每包 12 个",3.0,26.432
A1000943,2019/2/24,AC-10615,标准级,东北,黑龙江,办公用品,系固件,Stockwell,"Stockwell 橡皮筋, 每包 12 个",3.0,197.97
A1000943,2019/2/24,AC-10615,标准级,东北,黑龙江,办公用品,纸张,SanDisk,"SanDisk 笔记本, 多色",6.0,18.9
A1000943,2019/2/24,AC-10615,标准级,东北,黑龙江,家具,书架,Sauder,"Sauder 搁架, 金属",4.0,1282.41
A1000943,2019/2/24,AC-10615,标准级,东北,黑龙江,技术,电话,诺基亚,"诺基亚 信号增强器, 混合尺寸",5.0,4.92
A1000945,2019/2/27,AC-10615,标准级,西北,陕西,办公用品,信封,GlobeWeis,"GlobeWeis 邮寄品, 回收",7.0,238.0
A1000945,2019/2/27,AC-10615,标准级,西北,陕西,办公用品,收纳具,Tenex,"Tenex 搁板, 金属",10.0,167.97
A1000944,2019/2/27,AC-10615,标准级,西北,陕西,办公用品,美术,Boston,"Boston 速写本, 混合尺寸",9.0,17.12
A1000944,2019/2/27,RW-19690,标准级,西北,陕西,办公用品,装订机,Ibico,"Ibico 打孔机, 透明",5.0,16.2
A1000948,2019/2/28,RW-19690,二级,西北,陕西,办公用品,器具,Hoover,"Hoover 搅拌机, 红色",3.0,33.99
A1000946,2019/2/28,RW-19690,二级,中南,广东,技术,复印机,夏普,"夏普 传真机, 每套两件",6.0,296.85
A1000946,2019/2/28,RW-19690,二级,中南,广东,技术,电话,苹果,"苹果 办公室电话机, 蓝色",2.0,112.8
A1000947,2019/2/28,RW-19690,标准级,中南,广西,家具,椅子,Harbour Creations,"Harbour Creations 椅垫, 可调",1.0,13.71
A1000949,2019/2/28,RW-19690,标准级,华东,安徽,办公用品,信封,Kraft,"Kraft 局间信封, 红色",2.0,24.9
A1000951,2019/3/1,RW-19690,当日,华东,安徽,办公用品,收纳具,Rogers,"Rogers 搁板, 金属",7.0,286.29
A1000955,2019/3/1,RW-19690,当日,中南,河南,办公用品,收纳具,Eldon,"Eldon 文件车, 金属",6.0,24.18
A1000955,2019/3/1,DB-13210,当日,中南,河南,家具,椅子,Novimex,"Novimex 沙滩椅, 可调",4.0,281.97
A1000952,2019/3/1,DB-13210,标准级,华东,安徽,办公用品,器具,Cuisinart,"Cuisinart 咖啡研磨机, 红色",3.0,69.5
A1000954,2019/3/1,DB-13210,标准级,华东,江苏,技术,复印机,惠普,"惠普 复印机, 红色",3.0,166.44
A1000952,2019/3/1,BD-11320,标准级,华东,安徽,技术,电话,诺基亚,"诺基亚 信号增强器, 整包",5.0,291.96
A1000956,2019/3/1,ML-17755,标准级,中南,广东,办公用品,美术,BIC,"BIC 记号笔, 混合尺寸",5.0,6.408
A1000953,2019/3/1,ML-17755,标准级,华东,山东,办公用品,装订机,Acco,"Acco 孔加固材料, 回收",1.0,408.744
A1000950,2019/3/1,JD-16015,标准级,华东,山东,办公用品,器具,Breville,"Breville 烤面包机, 红色",5.0,5.104
A1000959,2019/3/2,JD-16015,二级,西南,四川,办公用品,纸张,SanDisk,"SanDisk 信纸, 优质",8.0,2.896
A1000959,2019/3/2,JD-16015,二级,西南,四川,技术,电话,三星,"三星 办公室电话机, 蓝色",1.0,35.016
A1000958,2019/3/2,AS-10225,一级,华北,内蒙古,办公用品,系固件,Stockwell,"Stockwell 回形针, 整包",6.0,275.97
A1000957,2019/3/2,AS-10225,标准级,西南,云南,办公用品,装订机,Wilson Jones,"Wilson Jones 装订机, 透明",7.0,1394.95
A1000957,2019/3/2,AS-10225,标准级,西南,云南,家具,用具,Advantus,"Advantus 门挡, 耐用",2.0,545.88
A1000960,2019/3/2,AA-10375,标准级,中南,湖北,办公用品,收纳具,Smead,"Smead 锁柜, 单宽度",3.0,5.248
A1000961,2019/3/3,KT-16465,二级,华东,山东,办公用品,装订机,Wilson Jones,"Wilson Jones 孔加固材料, 实惠",7.0,933.536
A1000962,2019/3/5,KT-16465,标准级,中南,广东,家具,书架,宜家,"宜家 古典书架, 黑色",1.0,42.976
A1000963,2019/3/5,MM-18280,标准级,中南,湖南,办公用品,收纳具,Eldon,"Eldon 锁柜, 蓝色",2.0,3.76
A1000963,2019/3/5,NG-18430,标准级,中南,湖南,家具,椅子,Harbour Creations,"Harbour Creations 折叠椅, 可调",9.0,479.96
A1000963,2019/3/5,LW-16825,标准级,中南,湖南,技术,复印机,Hewlett,"Hewlett 传真机, 每套两件",3.0,320.88
A1000964,2019/3/5,LW-16825,标准级,中南,广东,家具,用具,Eldon,"Eldon 框架, 一包多件",5.0,23.88
A1000965,2019/3/6,LW-16825,二级,西南,云南,办公用品,标签,Avery,"Avery 有色标签, 白色",2.0,26.76
A1000965,2019/3/6,CB-12415,二级,西南,云南,办公用品,美术,Stanley,"Stanley 铅笔刀, 蓝色",5.0,1439.976
A1000966,2019/3/6,AS-10090,标准级,东北,吉林,办公用品,收纳具,Fellowes,"Fellowes 盘, 工业",8.0,17.22
A1000966,2019/3/6,AS-10090,标准级,东北,吉林,技术,配件,SanDisk,"SanDisk 键盘, 回收",9.0,1024.38
A1000968,2019/3/7,AS-10090,标准级,中南,广东,办公用品,收纳具,Eldon,"Eldon 搁板, 金属",1.0,26.22
A1000968,2019/3/7,AS-10090,标准级,中南,广东,家具,椅子,Hon,"Hon 折叠椅, 红色",8.0,17.34
A1000967,2019/3/7,CB-12415,标准级,华东,江苏,办公用品,用品,Kleencut,"Kleencut 美工刀, 锯齿状",8.0,4.956
A1000967,2019/3/7,ML-17755,标准级,华东,江苏,办公用品,美术,Boston,"Boston 钢笔, 混合尺寸",10.0,71.04
A1000969,2019/3/8,ML-17755,一级,西南,云南,办公用品,收纳具,Eldon,"Eldon 盒, 单宽度",8.0,5.344
A1000969,2019/3/8,ML-17755,一级,西南,云南,办公用品,系固件,OIC,"OIC 夹子, 整包",1.0,11.304
A1000969,2019/3/8,JS-16030,一级,西南,云南,技术,电话,摩托罗拉,"摩托罗拉 办公室电话机, 整包",2.0,294.62
A1000970,2019/3/9,JS-16030,一级,华东,福建,技术,复印机,Brother,"Brother 复印机, 每套两件",1.0,8.752
A1000970,2019/3/9,ND-18460,一级,华东,福建,技术,复印机,惠普,"惠普 传真复印机, 每套两件",9.0,15.0
A1000971,2019/3/9,ND-18460,一级,中南,广东,家具,用具,Advantus,"Advantus 门挡, 优质",10.0,161.61
A1000972,2019/3/10,ND-18460,标准级,华东,上海,办公用品,纸张,Eaton,"Eaton 信纸, 多色",3.0,144.95
A1000974,2019/3/10,LW-17215,标准级,西北,陕西,技术,复印机,夏普,"夏普 墨水, 数字化",5.0,199.95
A1000973,2019/3/10,LW-17215,标准级,华东,山东,家具,椅子,Harbour Creations,"Harbour Creations 沙滩椅, 可调",4.0,41.86
A1000973,2019/3/10,JW-15955,标准级,华东,山东,家具,椅子,Office Star,"Office Star 折叠椅, 黑色",1.0,95.94
A1000976,2019/3/12,JW-15955,一级,中南,广西,办公用品,收纳具,Rogers,"Rogers 文件夹, 蓝色",4.0,304.45
A1000976,2019/3/12,SC-20050,一级,中南,广西,办公用品,用品,Stiletto,"Stiletto 尺子, 锯齿状",5.0,11.364
A1000979,2019/3/12,RW-19630,标准级,中南,广东,办公用品,系固件,Accos,"Accos 按钉, 混合尺寸",5.0,29.68
A1000978,2019/3/12,RW-19630,标准级,华东,福建,办公用品,用品,Acme,"Acme 大剪刀, 蓝色",8.0,47.53
A1000977,2019/3/12,CM-12190,标准级,东北,黑龙江,办公用品,系固件,Advantus,"Advantus 夹子, 金属",4.0,183.372
A1000979,2019/3/12,JF-15190,标准级,中南,广东,家具,桌子,Chromcraft,"Chromcraft 木桌, 长方形",1.0,4.224
A1000977,2019/3/12,JF-15190,标准级,东北,黑龙江,家具,椅子,Hon,"Hon 折叠椅, 红色",9.0,333.056
A1000978,2019/3/12,JF-15190,标准级,华东,福建,技术,复印机,佳能,"佳能 墨水, 彩色",1.0,24.896
A1000975,2019/3/12,SC-20800,标准级,华东,江苏,办公用品,美术,Stanley,"Stanley 荧光笔, 金属",5.0,159.984
A1000975,2019/3/12,SC-20800,标准级,华东,江苏,办公用品,装订机,Wilson Jones,"Wilson Jones 装订机盖, 回收",3.0,46.344
A1000980,2019/3/13,AM-10705,标准级,中南,湖南,办公用品,纸张,Eaton,"Eaton 计划信息表, 优质",9.0,350.98
A1000980,2019/3/13,AM-10705,标准级,中南,湖南,办公用品,美术,Sanford,"Sanford 荧光笔, 金属",7.0,13.08
A1000980,2019/3/13,AM-10705,标准级,中南,湖南,家具,椅子,Hon,"Hon 凳子, 每套两件",1.0,900.08
A1000980,2019/3/13,BK-11260,标准级,中南,湖南,家具,椅子,Novimex,"Novimex 椅垫, 红色",5.0,17.568
A1000980,2019/3/13,BK-11260,标准级,中南,湖南,家具,用具,Advantus,"Advantus 闹钟, 优质",6.0,14.62
A1000981,2019/3/14,BK-11260,一级,中南,湖北,办公用品,信封,Cameo,"Cameo 商业信封, 银色",2.0,33.36
A1000982,2019/3/14,BK-11260,二级,华东,江苏,办公用品,纸张,施乐,"施乐 笔记本, 多色",1.0,40.14
A1000982,2019/3/14,RH-19510,二级,华东,江苏,办公用品,装订机,Wilson Jones,"Wilson Jones 装订机, 透明",1.0,1606.23
A1000982,2019/3/14,RH-19510,二级,华东,江苏,家具,用具,Rubbermaid,"Rubvermaid 闹钟, 优质",2.0,17.04
A1000982,2019/3/14,RH-19510,二级,华东,江苏,技术,配件,Memorex,"Memorex 记忆卡, 耐用",3.0,49.53
A1000985,2019/3/15,RH-19510,当日,华东,江苏,家具,用具,Eldon,"Eldon 框架, 优质",5.0,872.32
A1000987,2019/3/15,GM-14500,标准级,华东,上海,办公用品,纸张,Enermax,"Enermax 令, 每包 12 个",3.0,239.12
A1000986,2019/3/15,MC-17275,标准级,东北,黑龙江,办公用品,器具,KitchenAid,"KitchenAid 烤面包机, 红色",8.0,141.96
A1000983,2019/3/15,VM-21685,标准级,华东,山东,办公用品,器具,Hoover,"Hoover 微波炉, 银色",8.0,33.024
A1000984,2019/3/15,VM-21685,标准级,中南,河南,办公用品,纸张,Enermax,"Enermax 令, 回收",5.0,67.136
A1000988,2019/3/16,GP-14740,一级,西南,重庆,家具,书架,宜家,"宜家 搁架, 传统",7.0,14.73
A1000989,2019/3/16,GP-14740,标准级,华东,浙江,办公用品,器具,Hoover,"Hoover 微波炉, 红色",10.0,104.9
A1000989,2019/3/16,GP-14740,标准级,华东,浙江,办公用品,收纳具,Rogers,"Rogers 锁柜, 金属",3.0,61.04
A1000989,2019/3/16,GP-14740,标准级,华东,浙江,办公用品,用品,Acme,"Acme 尺子, 蓝色",2.0,10.95
A1000989,2019/3/16,GB-14530,标准级,华东,浙江,办公用品,系固件,Stockwell,"Stockwell 回形针, 整包",5.0,9.392
A1000990,2019/3/17,GB-14530,二级,华东,福建,办公用品,器具,KitchenAid,"KitchenAid 搅拌机, 银色",4.0,9.328
A1000992,2019/3/19,CT-11995,当日,中南,湖南,办公用品,信封,Cameo,"Cameo 局间信封, 银色",10.0,8.26
A1000992,2019/3/19,CT-11995,当日,中南,湖南,办公用品,纸张,Eaton,"Eaton 令, 多色",10.0,269.97
A1000992,2019/3/19,CW-11905,当日,中南,湖南,家具,椅子,Novimex,"Novimex 折叠椅, 红色",5.0,29.04
A1000991,2019/3/19,CW-11905,标准级,东北,吉林,技术,电话,三星,"三星 充电器, 全尺寸",2.0,14.62
A1000991,2019/3/19,SN-20560,标准级,东北,吉林,技术,配件,贝尔金,"贝尔金 记忆卡, 回收",7.0,11.952
A1000993,2019/3/20,SN-20560,当日,中南,湖北,家具,椅子,Safco,"SAFCO 沙滩椅, 黑色",9.0,4.536
A1000993,2019/3/20,SN-20560,当日,中南,湖北,技术,电话,三星,"三星 充电器, 混合尺寸",4.0,9.156
A1000995,2019/3/20,SN-20560,二级,华东,福建,办公用品,美术,Stanley,"Stanley 荧光笔, 混合尺寸",9.0,75.36
A1000995,2019/3/20,EB-13705,二级,华东,福建,技术,设备,StarTech,"StarTech 卡片打印机, 多色",10.0,57.504
A1000994,2019/3/20,JW-15220,标准级,中南,广东,家具,用具,Tenex,"Tenex 相框, 耐用",2.0,38.864
A1000994,2019/3/20,KB-16585,标准级,中南,广东,技术,复印机,惠普,"惠普 墨水, 彩色",4.0,15.552
A1000997,2019/3/21,MC-17590,一级,华东,安徽,办公用品,收纳具,Smead,"Smead 文件夹, 蓝色",5.0,162.64
A1000996,2019/3/21,MC-17590,二级,西南,云南,办公用品,信封,GlobeWeis,"GlobeWeis 马尼拉纸信封, 银色",9.0,597.0
A1000996,2019/3/21,MC-17590,二级,西南,云南,办公用品,美术,BIC,"BIC 记号笔, 整包",8.0,55.48
A1001000,2019/3/22,CK-12595,一级,华北,天津,家具,椅子,Hon,"Hon 折叠椅, 黑色",5.0,289.8
A1000998,2019/3/22,CK-12595,二级,西南,四川,办公用品,信封,Jiffy,"Jiffy 搭扣信封, 每套 50 个",1.0,2.502
A1000998,2019/3/22,CK-12595,二级,西南,四川,办公用品,收纳具,Smead,"Smead 盘, 金属",9.0,6.48
A1000998,2019/3/22,CK-12595,二级,西南,四川,办公用品,收纳具,Tenex,"Tenex 文件车, 蓝色",4.0,341.488
A1000998,2019/3/22,CK-12595,二级,西南,四川,办公用品,纸张,Enermax,"Enermax 计划信息表, 多色",3.0,11.12
A1000998,2019/3/22,CK-12595,二级,西南,四川,家具,桌子,Bevis,"Bevis 咖啡桌, 黑色",3.0,25.344
A1000998,2019/3/22,RD-19480,二级,西南,四川,家具,用具,Tenex,"Tenex 灯泡, 一包多件",5.0,17.31
A1000998,2019/3/22,TP-21130,二级,西南,四川,技术,电话,思科,"思科 办公室电话机, 整包",9.0,199.95
A1000998,2019/3/22,TP-21130,二级,西南,四川,技术,电话,摩托罗拉,"摩托罗拉 充电器, 混合尺寸",9.0,1586.69
A1000999,2019/3/22,TP-21130,二级,西北,甘肃,技术,复印机,惠普,"惠普 传真复印机, 红色",7.0,84.99
A1001001,2019/3/22,TP-21130,标准级,东北,辽宁,办公用品,纸张,SanDisk,"SanDisk 计划信息表, 优质",8.0,411.8
A1001002,2019/3/22,GG-14650,标准级,东北,吉林,办公用品,器具,Breville,"Breville 咖啡研磨机, 黑色",9.0,11.34
A1001002,2019/3/22,GG-14650,标准级,东北,吉林,办公用品,器具,KitchenAid,"KitchenAid 微波炉, 红色",6.0,80.3
A1001002,2019/3/22,GG-14650,标准级,东北,吉林,办公用品,用品,Acme,"Acme 尺子, 锯齿状",8.0,15.968
A1001002,2019/3/22,GG-14650,标准级,东北,吉林,家具,用具,Rubbermaid,"Rubvermaid 闹钟, 优质",8.0,64.74
A1001003,2019/3/23,GG-14650,标准级,中南,河南,家具,书架,Dania,"Dania 书库, 白色",10.0,19.296
A1001004,2019/3/23,GG-14650,标准级,华北,内蒙古,办公用品,纸张,Enermax,"Enermax 信纸, 每包 12 个",5.0,405.64
A1001004,2019/3/23,GG-14650,标准级,华北,内蒙古,办公用品,纸张,SanDisk,"SanDisk 信纸, 回收",7.0,146.352
A1001004,2019/3/23,GG-14650,标准级,华北,内蒙古,技术,设备,松下,"松下 打印机, 耐用",2.0,251.91
A1001005,2019/3/25,GG-14650,标准级,华东,山东,家具,椅子,Office Star,"Office Star 椅垫, 可调",5.0,12.39
A1001005,2019/3/25,ZC-21910,标准级,华东,山东,技术,复印机,Hewlett,"Hewlett 复印机, 每套两件",5.0,199.96
A1001006,2019/3/26,ZC-21910,当日,华东,江西,办公用品,信封,Jiffy,"Jiffy 局间信封, 回收",1.0,710.832
A1001006,2019/3/26,CC-12610,当日,华东,江西,办公用品,标签,Avery,"Avery 有色标签, 白色",2.0,1.941
A1001006,2019/3/26,KA-16525,当日,华东,江西,办公用品,用品,Kleencut,"Kleencut 修剪器, 钢",1.0,283.92
A1001007,2019/3/26,TC-20980,二级,华东,福建,办公用品,纸张,Enermax,"Enermax 备忘录便条, 回收",5.0,7.312
A1001009,2019/3/26,DB-13270,标准级,中南,湖南,办公用品,标签,Harbour Creations,"Harbour Creations 有色标签, 耐用",3.0,59.97
A1001009,2019/3/26,DB-13270,标准级,中南,湖南,办公用品,装订机,Wilson Jones,"Wilson Jones 订书机, 透明",1.0,761.544
A1001008,2019/3/26,TR-21325,标准级,华北,河北,办公用品,收纳具,Fellowes,"Fellowes 锁柜, 工业",3.0,58.2
A1001008,2019/3/26,BF-11080,标准级,华北,河北,办公用品,用品,Kleencut,"Kleencut 开信刀, 钢",6.0,39.9
A1001010,2019/3/27,BF-11080,当日,西北,陕西,家具,用具,Advantus,"Advantus 相框, 耐用",5.0,90.86
A1001011,2019/3/27,BF-11080,标准级,华东,山东,办公用品,收纳具,Smead,"Smead 文件车, 蓝色",3.0,94.85
A1001011,2019/3/27,MS-17365,标准级,华东,山东,办公用品,用品,Stiletto,"Stiletto 剪刀, 蓝色",5.0,106.232
A1001011,2019/3/27,MS-17365,标准级,华东,山东,办公用品,系固件,Accos,"Accos 橡皮筋, 每包 12 个",5.0,111.984
A1001011,2019/3/27,MS-17365,标准级,华东,山东,办公用品,系固件,Stockwell,"Stockwell 按钉, 金属",7.0,7.712
A1001011,2019/3/27,CK-12595,标准级,华东,山东,办公用品,美术,Sanford,"Sanford 画布, 蓝色",10.0,37.44
A1001011,2019/3/27,ED-13885,标准级,华东,山东,办公用品,美术,Stanley,"Stanley 速写本, 混合尺寸",1.0,23.68
A1001012,2019/3/28,IM-15070,标准级,华东,安徽,办公用品,系固件,Advantus,"Advantus 订书钉, 金属",6.0,122.12
A1001012,2019/3/28,IM-15070,标准级,华东,安徽,技术,设备,松下,"松下 喷墨打印机, 白色",3.0,18.45
A1001013,2019/3/28,IM-15070,标准级,东北,辽宁,办公用品,标签,Novimex,"Novimex 可去除的标签, 耐用",8.0,324.9
A1001013,2019/3/28,IM-15070,标准级,东北,辽宁,办公用品,纸张,SanDisk,"SanDisk 笔记本, 优质",1.0,146.73
A1001014,2019/3/29,IM-15070,标准级,华北,天津,技术,配件,Enermax,"Enermax 闪存驱动器, 可编程",2.0,3.96
A1001015,2019/3/30,MY-17380,二级,华东,安徽,办公用品,装订机,Acco,"Acco 订书机, 回收",2.0,5.76
A1001015,2019/3/30,MM-17260,二级,华东,安徽,办公用品,装订机,Avery,"Avery 装订机, 耐用",5.0,26.55
A1001016,2019/3/31,MM-17260,标准级,华北,天津,办公用品,信封,Jiffy,"Jiffy 马尼拉纸信封, 每套 50 个",7.0,310.443
A1001017,2019/3/31,MP-17470,标准级,东北,黑龙江,办公用品,装订机,Ibico,"Ibico 装订机盖, 透明",8.0,479.9
A1001016,2019/3/31,AW-10840,标准级,华北,天津,家具,用具,Advantus,"Advantus 框架, 耐用",7.0,12.88
A1001018,2019/4/1,SF-20065,标准级,华东,安徽,办公用品,系固件,Stockwell,"Stockwell 图钉, 每包 12 个",6.0,13.12
A1001018,2019/4/1,SN-20710,标准级,华东,安徽,家具,用具,Advantus,"Advantus 框架, 一包多件",3.0,511.84
A1001018,2019/4/1,SN-20710,标准级,华东,安徽,技术,设备,冲电器,"冲电器 喷墨打印机, 耐用",7.0,91.96
A1001019,2019/4/1,SN-20710,标准级,华北,山西,办公用品,装订机,Ibico,"Ibico 打孔机, 回收",5.0,8.34
A1001019,2019/4/1,RD-19900,标准级,华北,山西,技术,复印机,佳能,"佳能 墨水, 数字化",4.0,37.68
A1001020,2019/4/2,RD-19900,标准级,华北,天津,办公用品,装订机,Ibico,"Ibico 孔加固材料, 实惠",2.0,279.944
A1001022,2019/4/2,KT-16480,标准级,中南,广西,技术,设备,StarTech,"StarTech 收据打印机, 耐用",1.0,636.408
A1001022,2019/4/2,KT-16480,标准级,中南,广西,技术,配件,Memorex,"Memorex 鼠标, 可编程",9.0,83.168
A1001021,2019/4/2,AH-10120,标准级,西北,陕西,技术,设备,松下,"松下 电话, 红色",1.0,259.136
A1001024,2019/4/3,BM-11650,一级,华东,山东,技术,设备,StarTech,"StarTech 喷墨打印机, 耐用",1.0,221.92
A1001023,2019/4/3,BM-11650,标准级,东北,吉林,家具,椅子,Novimex,"Novimex 折叠椅, 黑色",2.0,26.0
A1001028,2019/4/4,BW-11200,当日,中南,湖南,家具,桌子,Lesro,"Lesro 培训桌, 白色",2.0,15.552
A1001027,2019/4/4,HG-14965,一级,东北,黑龙江,办公用品,用品,Kleencut,"Kleencut 美工刀, 钢",5.0,0.876
A1001027,2019/4/4,SG-20080,一级,东北,黑龙江,技术,复印机,惠普,"惠普 传真机, 彩色",9.0,19.98
A1001026,2019/4/4,SG-20080,二级,华北,内蒙古,办公用品,信封,Ames,"Ames 邮寄品, 银色",9.0,398.352
A1001026,2019/4/4,SG-20080,二级,华北,内蒙古,技术,电话,摩托罗拉,"摩托罗拉 办公室电话机, 整包",3.0,5.04
A1001025,2019/4/4,SG-20080,标准级,中南,广东,家具,用具,Advantus,"Advantus 门挡, 优质",7.0,17.45
A1001029,2019/4/6,SG-20080,二级,东北,辽宁,办公用品,标签,Hon,"Hon 合法证物标签, 可调",5.0,323.136
A1001030,2019/4/7,SG-20080,二级,华东,上海,办公用品,用品,Kleencut,"Kleencut 尺子, 锯齿状",9.0,29.7
A1001030,2019/4/7,SG-20080,二级,华东,上海,办公用品,纸张,Eaton,"Eaton 笔记本, 优质",5.0,1295.84
A1001030,2019/4/7,SG-20080,二级,华东,上海,办公用品,美术,Stanley,"Stanley 荧光笔, 金属",6.0,46.84
A1001030,2019/4/7,SG-20080,二级,华东,上海,家具,椅子,Novimex,"Novimex 椅垫, 黑色",3.0,425.833
A1001033,2019/4/9,RK-19300,二级,华北,天津,办公用品,收纳具,Tenex,"Tenex 盒, 单宽度",1.0,209.67
A1001032,2019/4/9,SW-20245,一级,中南,广西,办公用品,器具,Cuisinart,"Cuisinart 冰箱, 黑色",6.0,159.88
A1001032,2019/4/9,RW-19630,一级,中南,广西,办公用品,美术,BIC,"BIC 铅笔刀, 蓝色",4.0,5.28
A1001031,2019/4/9,RW-19630,二级,华东,上海,办公用品,收纳具,Eldon,"Eldon 文件车, 蓝色",5.0,895.92
A1001034,2019/4/9,TS-21085,标准级,华东,江苏,办公用品,美术,Sanford,"Sanford 画布, 蓝色",4.0,2.808
A1001035,2019/4/10,JB-15400,一级,华北,天津,办公用品,器具,KitchenAid,"KitchenAid 搅拌机, 黑色",2.0,215.976
A1001035,2019/4/10,EH-14005,一级,华北,天津,技术,配件,罗技,"罗技 键盘, 可编程",6.0,241.96
A1001036,2019/4/11,EH-14005,标准级,华东,上海,办公用品,装订机,Avery,"Avery 装订机, 透明",1.0,27.72
A1001037,2019/4/11,EH-14005,标准级,西南,云南,办公用品,器具,Cuisinart,"Cuisinart 烤面包机, 白色",4.0,104.68
A1001037,2019/4/11,EH-14005,标准级,西南,云南,办公用品,系固件,OIC,"OIC 图钉, 每包 12 个",5.0,62.958
A1001039,2019/4/12,BS-11665,二级,华东,山东,家具,书架,Bush,"Bush 书库, 传统",2.0,86.376
A1001038,2019/4/12,JK-16120,二级,西南,贵州,办公用品,纸张,Green Bar,"Green Bar 笔记本, 每包 12 个",10.0,64.944
A1001040,2019/4/12,JK-16120,二级,华北,河北,办公用品,收纳具,Rogers,"Rogers 搁板, 金属",2.0,20.736
A1001040,2019/4/12,RF-19345,二级,华北,河北,办公用品,纸张,施乐,"施乐 羊皮纸, 每包 12 个",10.0,33.28
A1001040,2019/4/12,RF-19345,二级,华北,河北,办公用品,装订机,Avery,"Avery 标签, 透明",10.0,38.52
A1001038,2019/4/12,RF-19345,二级,西南,贵州,技术,电话,苹果,"苹果 智能手机, 蓝色",3.0,139.86
A1001040,2019/4/12,DL-12865,二级,华北,河北,技术,电话,苹果,"苹果 信号增强器, 混合尺寸",9.0,19.65
A1001040,2019/4/12,WB-21850,二级,华北,河北,技术,设备,爱普生,"爱普生 电话, 耐用",3.0,152.991
A1001041,2019/4/13,WB-21850,标准级,华东,山东,办公用品,装订机,Wilson Jones,"Wilson Jones 打孔机, 实惠",2.0,10.584
A1001042,2019/4/13,WB-21850,标准级,东北,黑龙江,家具,椅子,Office Star,"Office Star 凳子, 黑色",7.0,94.92
A1001042,2019/4/13,TB-21625,标准级,东北,黑龙江,技术,电话,摩托罗拉,"摩托罗拉 信号增强器, 混合尺寸",5.0,14.76
A1001046,2019/4/17,TB-21625,二级,中南,湖北,办公用品,装订机,Ibico,"Ibico 装订机盖, 实惠",5.0,3.656
A1001046,2019/4/17,CB-12415,二级,中南,湖北,家具,书架,Bush,"Bush 书库, 黑色",6.0,146.82
A1001046,2019/4/17,GT-14635,二级,中南,湖北,家具,椅子,Safco,"SAFCO 扶手椅, 红色",1.0,149.544
A1001044,2019/4/17,GT-14635,一级,中南,广东,办公用品,标签,Harbour Creations,"Harbour Creations 文件夹标签, 耐用",2.0,17.14
A1001044,2019/4/17,GT-14635,一级,中南,广东,办公用品,装订机,Avery,"Avery 装订机, 回收",5.0,991.764
A1001043,2019/4/17,DK-13225,一级,东北,吉林,技术,设备,冲电器,"冲电器 收据打印机, 多色",2.0,30.48
A1001045,2019/4/17,DK-13225,标准级,华东,山东,办公用品,器具,Breville,"Breville 烤面包机, 黑色",5.0,23.988
A1001045,2019/4/17,DK-13225,标准级,华东,山东,办公用品,美术,Sanford,"Sanford 钢笔, 金属",3.0,16.688
A1001048,2019/4/18,TS-21160,标准级,中南,河南,办公用品,用品,Stiletto,"Stiletto 大剪刀, 钢",9.0,422.058
A1001048,2019/4/18,TS-21160,标准级,中南,河南,办公用品,装订机,Acco,"Acco 标签, 回收",2.0,38.088
A1001048,2019/4/18,TS-21160,标准级,中南,河南,技术,配件,罗技,"罗技 路由器, 可编程",1.0,254.352
A1001047,2019/4/18,WB-21850,标准级,东北,吉林,办公用品,装订机,Ibico,"Ibico 装订机盖, 耐用",4.0,43.31
A1001047,2019/4/18,DO-13435,标准级,东北,吉林,技术,设备,松下,"松下 计算器, 多色",1.0,84.95
A1001049,2019/4/19,AF-10870,二级,东北,吉林,办公用品,信封,Kraft,"Kraft 外皮和封条, 每套 50 个",7.0,233.058
A1001049,2019/4/19,RB-19435,二级,东北,吉林,办公用品,器具,Hamilton Beach,"Hamilton Beach 烤面包机, 银色",2.0,111.79
A1001049,2019/4/19,AR-10540,二级,东北,吉林,办公用品,标签,Smead,"Smead 可去除的标签, 可调",5.0,14.94
A1001049,2019/4/19,DR-12880,二级,东北,吉林,办公用品,用品,Fiskars,"Fiskars 大剪刀, 蓝色",5.0,14.16
A1001049,2019/4/19,BF-11170,二级,东北,吉林,办公用品,纸张,Eaton,"Eaton 信纸, 优质",10.0,22.608
A1001049,2019/4/19,LB-16735,二级,东北,吉林,技术,电话,诺基亚,"诺基亚 信号增强器, 全尺寸",6.0,21.48
A1001053,2019/4/20,DV-13465,当日,中南,广东,办公用品,纸张,Enermax,"Enermax 计划信息表, 回收",6.0,501.81
A1001053,2019/4/20,DV-13465,当日,中南,广东,办公用品,装订机,Avery,"Avery 订书机, 回收",4.0,161.94
A1001053,2019/4/20,NK-18490,当日,中南,广东,办公用品,装订机,Cardinal,"Cardinal 订书机, 回收",1.0,17.856
A1001053,2019/4/20,CS-11950,当日,中南,广东,家具,书架,Dania,"Dania 柜, 传统",7.0,8.808
A1001053,2019/4/20,LH-17155,当日,中南,广东,家具,用具,Eldon,"Eldon 分层置放架, 优质",7.0,79.384
A1001052,2019/4/20,DW-13480,一级,东北,吉林,办公用品,用品,Fiskars,"Fiskars 大剪刀, 工业",10.0,34.58
A1001052,2019/4/20,KF-16285,一级,东北,吉林,办公用品,美术,Stanley,"Stanley 记号笔, 整包",4.0,314.55
A1001051,2019/4/20,HA-14920,一级,中南,湖北,家具,用具,Advantus,"Advantus 门挡, 黑色",2.0,191.976
A1001051,2019/4/20,HA-14920,一级,中南,湖北,家具,用具,Tenex,"Tenex 门挡, 优质",6.0,8.288
A1001050,2019/4/20,HA-14920,标准级,中南,广东,办公用品,信封,Kraft,"Kraft 局间信封, 回收",7.0,139.92
A1001050,2019/4/20,HA-14920,标准级,中南,广东,技术,电话,思科,"思科 智能手机, 蓝色",2.0,15.872
A1001054,2019/4/21,HA-14920,二级,华东,安徽,办公用品,纸张,SanDisk,"SanDisk 令, 多色",5.0,6.286
A1001054,2019/4/21,JH-15820,二级,华东,安徽,办公用品,装订机,Avery,"Avery 装订机, 回收",1.0,14.016
A1001055,2019/4/21,JH-15820,标准级,东北,吉林,办公用品,信封,Cameo,"Cameo 邮寄品, 每套 50 个",2.0,71.976
A1001055,2019/4/21,JH-15820,标准级,东北,吉林,技术,设备,冲电器,"冲电器 卡片打印机, 耐用",8.0,107.982
A1001059,2019/4/24,LC-16930,一级,中南,广西,办公用品,美术,Stanley,"Stanley 荧光笔, 金属",2.0,305.312
A1001056,2019/4/24,IL-15100,标准级,华北,内蒙古,家具,书架,宜家,"宜家 柜, 传统",2.0,19.752
A1001058,2019/4/24,LS-16975,标准级,华东,山东,办公用品,美术,BIC,"BIC 画布, 金属",3.0,9.264
A1001058,2019/4/24,CC-12610,标准级,华东,山东,办公用品,装订机,Acco,"Acco 订书机, 透明",10.0,61.792
A1001058,2019/4/24,PB-18805,标准级,华东,山东,技术,配件,SanDisk,"SanDisk 路由器, 实惠",3.0,45.68
A1001057,2019/4/24,PB-18805,标准级,东北,黑龙江,家具,书架,宜家,"宜家 墙角架, 传统",5.0,60.12
A1001057,2019/4/24,PB-18805,标准级,东北,黑龙江,技术,复印机,夏普,"夏普 个人复印机, 数字化",3.0,41.72
A1001060,2019/4/25,PB-18805,一级,西南,重庆,办公用品,器具,Hamilton Beach,"Hamilton Beach 搅拌机, 黑色",6.0,71.6
A1001060,2019/4/25,CJ-12010,一级,西南,重庆,办公用品,收纳具,Eldon,"Eldon 文件夹, 单宽度",3.0,85.232
A1001061,2019/4/26,CJ-12010,标准级,华北,山西,办公用品,器具,Breville,"Breville 搅拌机, 红色",5.0,44.4
A1001061,2019/4/26,CJ-12010,标准级,华北,山西,办公用品,标签,Hon,"Hon 有色标签, 耐用",2.0,442.764
A1001061,2019/4/26,CJ-12010,标准级,华北,山西,办公用品,装订机,Acco,"Acco 订书机, 耐用",7.0,3999.95
A1001064,2019/4/27,CJ-12010,标准级,华东,上海,技术,设备,StarTech,"StarTech 电话, 多色",5.0,199.95
A1001062,2019/4/27,CJ-12010,标准级,东北,辽宁,办公用品,标签,Novimex,"Novimex 合法证物标签, 可调",1.0,63.68
A1001063,2019/4/27,HK-14890,标准级,华北,山西,技术,设备,松下,"松下 电话, 多色",1.0,54.896
A1001065,2019/4/28,RH-19600,二级,西南,四川,家具,用具,Advantus,"Advantus 相框, 一包多件",2.0,29.0
A1001066,2019/4/30,IL-15100,标准级,西北,甘肃,家具,椅子,Novimex,"Novimex 折叠椅, 红色",5.0,70.08
A1001068,2019/5/1,IL-15100,一级,华东,山东,办公用品,用品,Stiletto,"Stiletto 大剪刀, 蓝色",8.0,121.3
A1001068,2019/5/1,IL-15100,一级,华东,山东,办公用品,系固件,Stockwell,"Stockwell 按钉, 金属",2.0,1454.49
A1001068,2019/5/1,AS-10240,一级,华东,山东,办公用品,装订机,Acco,"Acco 订书机, 实惠",1.0,60.81
A1001068,2019/5/1,AP-10915,一级,华东,山东,家具,用具,Advantus,"Advantus 闹钟, 一包多件",1.0,153.552
A1001068,2019/5/1,AP-10915,一级,华东,山东,技术,设备,StarTech,"StarTech 喷墨打印机, 多色",6.0,65.34
A1001069,2019/5/1,AP-10915,标准级,华东,浙江,办公用品,美术,Boston,"Boston 铅笔刀, 混合尺寸",2.0,123.92
A1001067,2019/5/1,AP-10915,标准级,东北,黑龙江,办公用品,收纳具,Tenex,"Tenex 文件车, 单宽度",1.0,35.1
A1001067,2019/5/1,AP-10915,标准级,东北,黑龙江,办公用品,标签,Smead,"Smead 可去除的标签, 白色",6.0,44.75
A1001067,2019/5/1,AG-10390,标准级,东北,黑龙江,技术,电话,思科,"思科 耳机, 混合尺寸",3.0,4.704
A1001073,2019/5/2,BF-11080,一级,华北,内蒙古,办公用品,器具,Hamilton Beach,"Hamilton Beach 微波炉, 红色",9.0,14.67
A1001073,2019/5/2,CK-12205,一级,华北,内蒙古,家具,用具,Rubbermaid,"Rubvermaid 相框, 黑色",9.0,15.552
A1001071,2019/5/2,CK-12205,二级,中南,广西,技术,设备,柯尼卡,"柯尼卡 喷墨打印机, 白色",8.0,5.232
A1001074,2019/5/2,LT-17110,二级,华东,江苏,办公用品,信封,GlobeWeis,"GlobeWeis 搭扣信封, 银色",2.0,22.2
A1001074,2019/5/2,LT-17110,二级,华东,江苏,技术,复印机,夏普,"夏普 传真机, 每套两件",9.0,881.93
A1001072,2019/5/2,BT-11305,标准级,中南,海南,办公用品,美术,Boston,"Boston 铅笔刀, 整包",9.0,6.096
A1001070,2019/5/2,BT-11305,标准级,中南,广东,办公用品,装订机,Wilson Jones,"Wilson Jones 标签, 回收",4.0,191.82
A1001070,2019/5/2,SC-20725,标准级,中南,广东,技术,配件,Memorex,"Memorex 记忆卡, 回收",5.0,20.104
A1001077,2019/5/3,CG-12040,标准级,华东,上海,办公用品,器具,Hoover,"Hoover 烤面包机, 红色",2.0,67.56
A1001077,2019/5/3,AW-10930,标准级,华东,上海,家具,椅子,Safco,"SAFCO 折叠椅, 黑色",6.0,29.932
A1001078,2019/5/3,AW-10930,二级,东北,黑龙江,办公用品,美术,Sanford,"Sanford 铅笔刀, 蓝色",7.0,38.272
A1001075,2019/5/3,RB-19705,标准级,中南,河南,办公用品,用品,Elite,"Elite 尺子, 锯齿状",1.0,16.52
A1001076,2019/5/3,ML-17410,标准级,东北,辽宁,家具,桌子,Hon,"Hon 木桌, 长方形",3.0,832.93
A1001076,2019/5/3,ML-17410,标准级,东北,辽宁,家具,椅子,Harbour Creations,"Harbour Creations 折叠椅, 每套两件",5.0,43.8
A1001076,2019/5/3,VB-21745,标准级,东北,辽宁,家具,用具,Deflect-O,"Deflect-O 分层置放架, 一包多件",1.0,167.292
A1001080,2019/5/4,SW-20275,一级,东北,吉林,办公用品,信封,Jiffy,"Jiffy 外皮和封条, 回收",3.0,27.42
A1001083,2019/5/4,NS-18505,二级,中南,湖南,办公用品,信封,Jiffy,"Jiffy 搭扣信封, 红色",1.0,1.44
A1001083,2019/5/4,NS-18505,二级,中南,湖南,办公用品,系固件,Stockwell,"Stockwell 夹子, 金属",2.0,61.776
A1001083,2019/5/4,NS-18505,二级,中南,湖南,办公用品,美术,Boston,"Boston 画布, 整包",8.0,241.96
A1001081,2019/5/4,NS-18505,标准级,东北,吉林,办公用品,装订机,Cardinal,"Cardinal 装订机盖, 回收",7.0,108.608
A1001079,2019/5/4,DB-13555,标准级,中南,广东,办公用品,信封,Cameo,"Cameo 商业信封, 红色",1.0,2.816
A1001079,2019/5/4,MH-17620,标准级,中南,广东,办公用品,标签,Novimex,"Novimex 文件夹标签, 红色",1.0,9.984
A1001079,2019/5/4,MH-17620,标准级,中南,广东,办公用品,用品,Kleencut,"Kleencut 剪刀, 锯齿状",5.0,14.98
A1001079,2019/5/4,MH-17620,标准级,中南,广东,办公用品,美术,Boston,"Boston 钢笔, 蓝色",2.0,1145.6
A1001084,2019/5/4,DK-13375,标准级,华东,江苏,家具,书架,Safco,"Safco 书架, 黑色",1.0,485.94
A1001082,2019/5/4,DK-13375,标准级,中南,广东,技术,配件,贝尔金,"贝尔金 记忆卡, 耐用",5.0,37.376
A1001083,2019/5/4,DK-13375,二级,中南,湖南,技术,复印机,惠普,"惠普 个人复印机, 彩色",3.0,70.686
A1001086,2019/5/7,EA-14035,标准级,华东,山东,办公用品,信封,GlobeWeis,"GlobeWeis 搭扣信封, 银色",8.0,54.816
A1001087,2019/5/7,BT-11440,标准级,东北,黑龙江,技术,配件,罗技,"罗技 键区, 耐用",2.0,72.294
A1001085,2019/5/7,LA-16780,标准级,东北,黑龙江,办公用品,用品,Kleencut,"Kleencut 尺子, 蓝色",1.0,2.896
A1001091,2019/5/8,LA-16780,标准级,中南,广东,家具,桌子,Chromcraft,"Chromcraft 会议桌, 白色",2.0,124.792
A1001091,2019/5/8,GM-14680,标准级,中南,广东,家具,椅子,Harbour Creations,"Harbour Creations 扶手椅, 红色",3.0,330.588
A1001090,2019/5/8,AA-10315,二级,中南,河南,办公用品,器具,Hoover,"Hoover 咖啡研磨机, 黑色",3.0,673.568
A1001089,2019/5/8,AA-10315,标准级,中南,湖北,办公用品,用品,Stiletto,"Stiletto 大剪刀, 钢",9.0,52.98
A1001089,2019/5/8,DB-13405,标准级,中南,湖北,办公用品,美术,BIC,"BIC 钢笔, 金属",1.0,526.45
A1001088,2019/5/8,JH-15820,标准级,西北,陕西,办公用品,用品,Elite,"Elite 大剪刀, 钢",2.0,228.92
A1001089,2019/5/8,DJ-13630,标准级,中南,湖北,家具,椅子,Office Star,"Office Star 椅垫, 每套两件",2.0,319.968
A1001093,2019/5/9,QJ-19255,一级,华东,福建,办公用品,器具,Cuisinart,"Cuisinart 咖啡研磨机, 银色",8.0,205.03
A1001094,2019/5/9,CT-11995,标准级,华东,山东,办公用品,收纳具,Rogers,"Rogers 盘, 单宽度",5.0,190.86
A1001094,2019/5/9,CT-11995,标准级,华东,山东,家具,椅子,Safco,"SAFCO 扶手椅, 红色",8.0,24.32
A1001096,2019/5/9,RH-19510,标准级,中南,河南,办公用品,收纳具,Rogers,"Rogers 搁板, 金属",2.0,44.4
A1001095,2019/5/9,SJ-20125,标准级,中南,河南,办公用品,信封,Kraft,"Kraft 局间信封, 银色",9.0,44.4
A1001095,2019/5/9,TG-21310,标准级,中南,河南,办公用品,美术,Stanley,"Stanley 记号笔, 整包",2.0,1016.792
A1001092,2019/5/9,TG-21310,标准级,东北,辽宁,办公用品,器具,Hoover,"Hoover 咖啡研磨机, 白色",9.0,38.136
A1001100,2019/5/10,CT-11995,标准级,华东,山东,办公用品,用品,Elite,"Elite 剪刀, 工业",1.0,494.982
A1001097,2019/5/10,BF-11005,标准级,西南,四川,办公用品,标签,Hon,"Hon 有色标签, 耐用",6.0,56.56
A1001099,2019/5/10,BF-11005,标准级,东北,黑龙江,办公用品,系固件,Accos,"Accos 回形针, 每包 12 个",8.0,5.56
A1001099,2019/5/10,BF-11005,标准级,东北,黑龙江,家具,椅子,Hon,"Hon 凳子, 可调",8.0,9.02
A1001098,2019/5/10,BF-11005,标准级,华北,天津,办公用品,纸张,Eaton,"Eaton 令, 多色",8.0,8.62
A1001102,2019/5/11,BF-11005,标准级,华北,天津,办公用品,装订机,Ibico,"Ibico 订书机, 耐用",7.0,659.976
A1001104,2019/5/11,JM-16195,二级,华东,安徽,家具,书架,Dania,"Dania 搁架, 黑色",2.0,13.36
A1001104,2019/5/11,JM-16195,二级,华东,安徽,家具,书架,宜家,"宜家 书架, 金属",5.0,41.72
A1001101,2019/5/11,JM-16195,标准级,华北,内蒙古,家具,书架,Sauder,"Sauder 书库, 白色",6.0,11.52
A1001102,2019/5/11,JM-16195,标准级,华北,天津,家具,用具,Eldon,"Eldon 分层置放架, 耐用",3.0,541.44
A1001103,2019/5/11,JM-16195,标准级,中南,广西,办公用品,纸张,施乐,"施乐 羊皮纸, 优质",3.0,19.44
A1001105,2019/5/12,JK-16120,标准级,中南,广东,办公用品,纸张,Enermax,"Enermax 备忘录便条, 优质",7.0,143.7
A1001107,2019/5/14,HG-14965,一级,东北,辽宁,办公用品,纸张,SanDisk,"SanDisk 备忘录便条, 回收",2.0,43.26
A1001106,2019/5/14,HG-14965,标准级,东北,黑龙江,家具,书架,Safco,"Safco 古典书架, 黑色",1.0,43.56
A1001108,2019/5/14,LA-16780,二级,东北,吉林,技术,配件,Enermax,"Enermax 闪存驱动器, 实惠",8.0,437.85
A1001111,2019/5/15,LA-16780,标准级,华东,山东,家具,书架,Safco,"Safco 搁架, 白色",4.0,109.48
A1001115,2019/5/15,TS-21610,二级,华北,内蒙古,家具,椅子,Harbour Creations,"Harbour Creations 沙滩椅, 可调",4.0,1212.96
A1001113,2019/5/15,TS-21610,标准级,东北,黑龙江,办公用品,收纳具,Tenex,"Tenex 盒, 单宽度",6.0,18.54
A1001113,2019/5/15,MZ-17335,标准级,东北,黑龙江,办公用品,用品,Fiskars,"Fiskars 大剪刀, 工业",1.0,5.0
A1001110,2019/5/15,MZ-17335,标准级,西北,陕西,家具,椅子,Harbour Creations,"Harbour Creations 扶手椅, 每套两件",1.0,371.97
A1001110,2019/5/15,MW-18220,标准级,西北,陕西,家具,用具,Deflect-O,"Deflect-O 相框, 一包多件",4.0,166.24
A1001113,2019/5/15,MV-17485,标准级,东北,黑龙江,技术,设备,StarTech,"StarTech 卡片打印机, 多色",2.0,359.97
A1001109,2019/5/15,AA-10375,标准级,东北,吉林,技术,配件,贝尔金,"贝尔金 闪存驱动器, 实惠",2.0,499.98
A1001114,2019/5/15,AA-10375,标准级,华东,安徽,办公用品,收纳具,Eldon,"Eldon 盘, 蓝色",10.0,5.28
A1001114,2019/5/15,AA-10375,标准级,华东,安徽,家具,椅子,Office Star,"Office Star 凳子, 黑色",2.0,8.26
A1001114,2019/5/15,SM-20320,标准级,华东,安徽,家具,用具,Deflect-O,"Deflect-O 灯泡, 优质",5.0,7.968
A1001114,2019/5/15,TP-21415,标准级,华东,安徽,技术,设备,爱普生,"爱普生 卡片打印机, 耐用",10.0,12.96
A1001112,2019/5/15,DK-13225,标准级,东北,辽宁,家具,用具,Eldon,"Eldon 相框, 耐用",5.0,6.48
A1001118,2019/5/16,DK-13225,一级,东北,黑龙江,技术,复印机,Brother,"Brother 复印机, 红色",3.0,6.984
A1001117,2019/5/16,MK-17905,标准级,华东,江苏,办公用品,收纳具,Smead,"Smead 盒, 单宽度",2.0,47.96
A1001117,2019/5/16,CS-12130,标准级,华东,江苏,办公用品,收纳具,Smead,"Smead 锁柜, 工业",8.0,199.74
A1001117,2019/5/16,JL-15850,标准级,华东,江苏,办公用品,标签,Hon,"Hon 可去除的标签, 红色",6.0,435.26
A1001119,2019/5/16,JL-15850,二级,中南,湖南,办公用品,美术,Binney & Smith,"Binney & Smith 钢笔, 金属",4.0,1119.984
A1001119,2019/5/16,AR-10405,二级,中南,湖南,办公用品,美术,Binney & Smith,"Binney & Smith 铅笔刀, 混合尺寸",3.0,143.432
A1001116,2019/5/16,AR-10405,标准级,东北,黑龙江,办公用品,收纳具,Rogers,"Rogers 文件车, 蓝色",4.0,122.352
A1001116,2019/5/16,LM-17065,标准级,东北,黑龙江,家具,椅子,Novimex,"Novimex 折叠椅, 红色",3.0,306.2
A1001116,2019/5/16,LM-17065,标准级,东北,黑龙江,技术,配件,Enermax,"Enermax 路由器, 实惠",8.0,85.98
A1001121,2019/5/17,LM-17065,当日,中南,河南,办公用品,器具,Hoover,"Hoover 炉灶, 红色",2.0,223.96
A1001123,2019/5/17,JK-15625,一级,中南,河南,办公用品,纸张,SanDisk,"SanDisk 令, 优质",3.0,97.568
A1001120,2019/5/17,JK-15625,二级,中南,湖北,办公用品,标签,Novimex,"Novimex 有色标签, 耐用",10.0,614.272
A1001120,2019/5/17,JK-15625,二级,中南,湖北,办公用品,用品,Kleencut,"Kleencut 剪刀, 钢",8.0,199.98
A1001122,2019/5/17,FM-14215,二级,华东,福建,办公用品,纸张,Enermax,"Enermax 信纸, 优质",2.0,48.16
A1001124,2019/5/17,SF-20200,标准级,西北,陕西,办公用品,器具,Breville,"Breville 炉灶, 黑色",6.0,23.92
A1001124,2019/5/17,SF-20200,标准级,西北,陕西,办公用品,标签,Hon,"Hon 可去除的标签, 耐用",5.0,60.69
A1001124,2019/5/17,PJ-18835,标准级,西北,陕西,办公用品,标签,Hon,"Hon 合法证物标签, 耐用",1.0,14.352
A1001124,2019/5/17,CS-12355,标准级,西北,陕西,办公用品,用品,Fiskars,"Fiskars 剪刀, 蓝色",2.0,35.04
A1001124,2019/5/17,BB-10990,标准级,西北,陕西,办公用品,用品,Stiletto,"Stiletto 大剪刀, 蓝色",5.0,17.48
A1001124,2019/5/17,BW-11200,标准级,西北,陕西,办公用品,纸张,施乐,"施乐 备忘录便条, 回收",8.0,16.4
A1001124,2019/5/17,RS-19420,标准级,西北,陕西,家具,椅子,Novimex,"Novimex 凳子, 红色",1.0,892.98
A1001125,2019/5/17,TS-21160,标准级,华东,山东,办公用品,器具,Breville,"Breville 烤面包机, 红色",1.0,287.97
A1001125,2019/5/17,TS-21160,标准级,华东,山东,办公用品,器具,Hoover,"Hoover 微波炉, 黑色",9.0,595.38
A1001125,2019/5/17,TS-21160,标准级,华东,山东,办公用品,收纳具,Eldon,"Eldon 文件车, 金属",1.0,12.96
A1001125,2019/5/17,QJ-19255,标准级,华东,山东,办公用品,用品,Fiskars,"Fiskars 尺子, 蓝色",3.0,4.95
A1001125,2019/5/17,FM-14215,标准级,华东,山东,办公用品,装订机,Acco,"Acco 装订机, 透明",6.0,181.95
A1001126,2019/5/18,VD-21670,标准级,华东,浙江,家具,椅子,Office Star,"Office Star 扶手椅, 每套两件",3.0,13.52
A1001126,2019/5/18,VD-21670,标准级,华东,浙江,家具,用具,Rubbermaid,"Rubvermaid 灯泡, 优质",1.0,259.7
A1001127,2019/5/18,VD-21670,标准级,西南,云南,办公用品,用品,Stiletto,"Stiletto 大剪刀, 蓝色",9.0,42.95
A1001127,2019/5/18,VD-21670,标准级,西南,云南,办公用品,系固件,OIC,"OIC 夹子, 混合尺寸",2.0,1399.93
A1001130,2019/5/19,VD-21670,一级,中南,广西,家具,椅子,Office Star,"Office Star 凳子, 可调",1.0,503.96
A1001128,2019/5/19,JL-15505,标准级,华东,山东,办公用品,信封,Ames,"Ames 马尼拉纸信封, 每套 50 个",5.0,12.72
A1001128,2019/5/19,JL-15505,标准级,华东,山东,办公用品,信封,GlobeWeis,"GlobeWeis 商业信封, 回收",1.0,11.52
A1001128,2019/5/19,DL-13495,标准级,华东,山东,办公用品,用品,Elite,"Elite 开信刀, 工业",3.0,316.0
A1001128,2019/5/19,MO-17800,标准级,华东,山东,办公用品,系固件,Stockwell,"Stockwell 图钉, 每包 12 个",3.0,723.92
A1001129,2019/5/19,MO-17800,标准级,华东,山东,办公用品,美术,Boston,"Boston 速写本, 整包",4.0,106.32
A1001129,2019/5/19,BP-11185,标准级,华东,山东,家具,书架,Dania,"Dania 墙角架, 白色",2.0,141.372
A1001129,2019/5/19,MS-17980,标准级,华东,山东,技术,电话,思科,"思科 充电器, 蓝色",2.0,27.216
A1001131,2019/5/20,SV-20935,标准级,中南,广东,技术,复印机,Brother,"Brother 墨水, 红色",1.0,390.75
A1001133,2019/5/21,BC-11125,标准级,东北,吉林,办公用品,纸张,Eaton,"Eaton 羊皮纸, 多色",5.0,280.792
A1001133,2019/5/21,BC-11125,标准级,东北,吉林,家具,用具,Eldon,"Eldon 灯泡, 优质",6.0,68.448
A1001132,2019/5/21,BC-11125,标准级,华北,河北,家具,用具,Rubbermaid,"Rubvermaid 分层置放架, 一包多件",1.0,88.04
A1001132,2019/5/21,BC-11125,标准级,华北,河北,技术,复印机,Hewlett,"Hewlett 传真机, 彩色",5.0,15.872
A1001135,2019/5/22,BC-11125,二级,华东,江苏,办公用品,收纳具,Smead,"Smead 盒, 金属",10.0,215.592
A1001135,2019/5/22,EM-13825,二级,华东,江苏,办公用品,用品,Acme,"Acme 开信刀, 蓝色",1.0,14.62
A1001137,2019/5/22,EM-13825,二级,中南,广东,办公用品,信封,Ames,"Ames 商业信封, 回收",5.0,416.32
A1001134,2019/5/22,EM-13825,标准级,东北,吉林,办公用品,系固件,Stockwell,"Stockwell 回形针, 整包",2.0,43.0
A1001136,2019/5/22,EM-13825,标准级,华东,山东,办公用品,信封,Cameo,"Cameo 商业信封, 回收",9.0,182.94
A1001136,2019/5/22,EM-13825,标准级,华东,山东,办公用品,信封,Jiffy,"Jiffy 搭扣信封, 每套 50 个",9.0,60.83
A1001136,2019/5/22,EM-13825,标准级,华东,山东,办公用品,用品,Elite,"Elite 开信刀, 工业",8.0,389.97
A1001136,2019/5/22,BD-11500,标准级,华东,山东,家具,书架,Bush,"Bush 柜, 金属",2.0,194.32
A1001136,2019/5/22,HW-14935,标准级,华东,山东,技术,配件,SanDisk,"SanDisk 键盘, 耐用",10.0,265.93
A1001138,2019/5/22,KC-16255,标准级,中南,河南,技术,设备,StarTech,"StarTech 计算器, 多色",2.0,94.74
A1001138,2019/5/22,KC-16255,标准级,中南,河南,技术,配件,贝尔金,"贝尔金 键盘, 耐用",8.0,60.64
A1001143,2019/5/23,KC-16255,二级,中南,广西,办公用品,美术,Boston,"Boston 画布, 蓝色",7.0,76.3
A1001143,2019/5/23,KC-16255,二级,中南,广西,技术,配件,罗技,"罗技 键区, 实惠",4.0,364.8
A1001139,2019/5/23,BM-11575,标准级,华东,山东,办公用品,器具,Hamilton Beach,"Hamilton Beach 搅拌机, 黑色",8.0,79.872
A1001142,2019/5/23,BM-11575,二级,华东,安徽,技术,电话,思科,"思科 智能手机, 混合尺寸",2.0,46.384
A1001140,2019/5/23,BM-11575,二级,中南,广东,办公用品,纸张,Enermax,"Enermax 信纸, 多色",8.0,12.96
A1001140,2019/5/23,KN-16705,二级,中南,广东,办公用品,装订机,Acco,"Acco 装订机盖, 实惠",7.0,14.352
A1001141,2019/5/23,JD-16150,标准级,中南,广东,办公用品,美术,Stanley,"Stanley 钢笔, 金属",9.0,547.136
A1001140,2019/5/23,LA-16780,二级,中南,广东,技术,配件,Memorex,"Memorex 记忆卡, 回收",1.0,41.96
A1001141,2019/5/23,LA-16780,标准级,中南,广东,技术,电话,摩托罗拉,"摩托罗拉 耳机, 全尺寸",2.0,41.7
A1001153,2019/5/24,RW-19690,一级,东北,吉林,办公用品,器具,Hoover,"Hoover 烤面包机, 白色",3.0,277.4
A1001153,2019/5/24,RW-19690,一级,东北,吉林,办公用品,收纳具,Smead,"Smead 盘, 金属",7.0,5.78
A1001153,2019/5/24,KW-16570,一级,东北,吉林,办公用品,标签,Hon,"Hon 圆形标签, 耐用",3.0,69.216
A1001153,2019/5/24,CC-12220,一级,东北,吉林,家具,椅子,Harbour Creations,"Harbour Creations 折叠椅, 红色",4.0,10.86
A1001153,2019/5/24,CC-12220,一级,东北,吉林,家具,椅子,Office Star,"Office Star 折叠椅, 可调",5.0,426.79
A1001153,2019/5/24,RH-19495,一级,东北,吉林,技术,复印机,佳能,"佳能 无线传真机, 彩色",2.0,25.92
A1001148,2019/5/24,RH-19495,二级,东北,黑龙江,家具,椅子,Hon,"Hon 折叠椅, 黑色",5.0,45.92
A1001148,2019/5/24,JK-15625,二级,东北,黑龙江,家具,用具,Deflect-O,"Deflect-O 闹钟, 黑色",4.0,10.72
A1001150,2019/5/24,DC-13285,标准级,华东,安徽,办公用品,用品,Elite,"Elite 大剪刀, 锯齿状",7.0,41.86
A1001150,2019/5/24,GM-14455,标准级,华东,安徽,办公用品,装订机,Cardinal,"Cardinal 订书机, 回收",3.0,63.2
A1001145,2019/5/24,GM-14455,标准级,东北,黑龙江,办公用品,系固件,Accos,"Accos 按钉, 每包 12 个",8.0,113.97
A1001145,2019/5/24,CL-11890,标准级,东北,黑龙江,办公用品,装订机,Wilson Jones,"Wilson Jones 孔加固材料, 透明",2.0,123.552
A1001155,2019/5/24,PV-18985,标准级,华北,河北,家具,椅子,Hon,"Hon 沙滩椅, 可调",3.0,490.32
A1001147,2019/5/24,LT-17110,标准级,东北,辽宁,家具,桌子,Chromcraft,"Chromcraft 电脑桌, 组装",8.0,70.08
A1001145,2019/5/24,LT-17110,标准级,东北,黑龙江,家具,书架,Safco,"Safco 柜, 传统",1.0,1.272
A1001144,2019/5/24,LT-17110,标准级,西北,陕西,家具,书架,Sauder,"Sauder 搁架, 白色",3.0,557.585
A1001147,2019/5/24,AM-10360,标准级,东北,辽宁,技术,复印机,惠普,"惠普 复印机, 每套两件",5.0,9.024
A1001149,2019/5/24,AM-10360,标准级,东北,辽宁,办公用品,装订机,Acco,"Acco 打孔机, 回收",2.0,69.456
A1001146,2019/5/24,AM-10360,标准级,华东,山东,办公用品,纸张,Green Bar,"Green Bar 笔记本, 回收",10.0,10.86
A1001146,2019/5/24,AM-10360,标准级,华东,山东,家具,书架,Dania,"Dania 搁架, 传统",1.0,79.47
A1001154,2019/5/24,AM-10360,标准级,东北,吉林,办公用品,收纳具,Rogers,"Rogers 盒, 蓝色",4.0,10.08
A1001151,2019/5/24,SC-20260,标准级,西北,新疆,办公用品,收纳具,Fellowes,"Fellowes 文件车, 蓝色",5.0,1552.831
A1001151,2019/5/24,SC-20260,标准级,西北,新疆,办公用品,收纳具,Tenex,"Tenex 盒, 蓝色",2.0,137.24
A1001151,2019/5/24,SC-20260,标准级,西北,新疆,办公用品,系固件,Accos,"Accos 夹子, 金属",3.0,36.51
A1001152,2019/5/24,SC-20260,标准级,东北,吉林,办公用品,用品,Kleencut,"Kleencut 美工刀, 工业",1.0,239.976
A1001151,2019/5/24,CP-12340,标准级,西北,新疆,家具,椅子,Hon,"Hon 沙滩椅, 可调",2.0,1579.746
A1001152,2019/5/24,CP-12340,标准级,东北,吉林,家具,用具,Tenex,"Tenex 门挡, 耐用",2.0,1071.576
A1001160,2019/5/25,CP-12340,当日,东北,辽宁,技术,复印机,夏普,"夏普 个人复印机, 数字化",5.0,613.908
A1001157,2019/5/25,CP-12340,二级,华东,上海,家具,用具,Tenex,"Tenex 闹钟, 耐用",6.0,34.86
A1001159,2019/5/25,CP-12340,二级,东北,辽宁,办公用品,信封,Jiffy,"Jiffy 外皮和封条, 红色",2.0,155.04
A1001159,2019/5/25,RF-19840,二级,东北,辽宁,办公用品,器具,Breville,"Breville 微波炉, 黑色",3.0,13.71
A1001159,2019/5/25,AB-10060,二级,东北,辽宁,办公用品,器具,Hamilton Beach,"Hamilton Beach 烤面包机, 黑色",5.0,127.88
A1001159,2019/5/25,AB-10060,二级,东北,辽宁,办公用品,纸张,SanDisk,"SanDisk 计划信息表, 多色",8.0,160.32
A1001158,2019/5/25,AB-10060,标准级,华东,山东,技术,电话,苹果,"苹果 信号增强器, 蓝色",2.0,46.0
A1001156,2019/5/25,EH-13990,标准级,华北,河北,技术,配件,SanDisk,"SanDisk 路由器, 可编程",2.0,120.712
A1001162,2019/5/26,MN-17935,二级,东北,辽宁,办公用品,装订机,Cardinal,"Cardinal 装订机盖, 透明",3.0,23.12
A1001161,2019/5/26,KL-16555,一级,东北,吉林,办公用品,器具,Breville,"Breville 咖啡研磨机, 银色",4.0,532.704
A1001161,2019/5/26,KL-16555,一级,东北,吉林,办公用品,纸张,Eaton,"Eaton 计划信息表, 优质",7.0,4.912
A1001161,2019/5/26,MP-17965,一级,东北,吉林,办公用品,美术,Binney & Smith,"Binney & Smith 画布, 金属",3.0,252.0
A1001161,2019/5/26,BF-11020,一级,东北,吉林,办公用品,装订机,Cardinal,"Cardinal 装订机盖, 回收",10.0,60.288
A1001161,2019/5/26,BF-11020,一级,东北,吉林,办公用品,装订机,Ibico,"Ibico 订书机, 实惠",3.0,2.632
A1001161,2019/5/26,BF-11020,一级,东北,吉林,家具,用具,Rubbermaid,"Rubvermaid 闹钟, 耐用",6.0,23.688
A1001163,2019/5/26,BF-11020,一级,华东,江苏,技术,电话,三星,"三星 信号增强器, 蓝色",5.0,253.372
A1001161,2019/5/26,TP-21130,一级,东北,吉林,技术,电话,摩托罗拉,"摩托罗拉 充电器, 蓝色",1.0,5.67
A1001164,2019/5/27,MS-17770,二级,华东,山东,技术,复印机,夏普,"夏普 墨水, 彩色",5.0,76.776
A1001164,2019/5/27,MS-17770,二级,华东,山东,技术,配件,SanDisk,"SanDisk 键盘, 实惠",3.0,9.184
A1001168,2019/5/28,KM-16375,一级,华北,河北,家具,书架,Bush,"Bush 书架, 白色",2.0,32.75
A1001169,2019/5/28,BE-11455,标准级,中南,河南,办公用品,收纳具,Eldon,"Eldon 文件车, 工业",4.0,7.216
A1001165,2019/5/28,BE-11455,二级,中南,河南,办公用品,标签,Hon,"Hon 有色标签, 耐用",6.0,49.568
A1001165,2019/5/28,BE-11455,二级,中南,河南,办公用品,系固件,Accos,"Accos 按钉, 整包",2.0,54.712
A1001169,2019/5/28,CV-12295,标准级,中南,河南,家具,书架,宜家,"宜家 墙角架, 黑色",8.0,176.04
A1001167,2019/5/28,CV-12295,标准级,西北,宁夏,家具,用具,Eldon,"Eldon 闹钟, 一包多件",5.0,16.02
A1001165,2019/5/28,CV-12295,二级,中南,河南,家具,桌子,Lesro,"Lesro 圆桌, 组装",10.0,185.92
A1001165,2019/5/28,CV-12295,二级,中南,河南,家具,椅子,Safco,"SAFCO 沙滩椅, 每套两件",8.0,211.168
A1001169,2019/5/28,CV-12295,标准级,中南,河南,技术,电话,三星,"三星 充电器, 混合尺寸",8.0,479.984
A1001165,2019/5/28,DK-13375,二级,中南,河南,技术,配件,Memorex,"Memorex 记忆卡, 可编程",5.0,7.86
A1001166,2019/5/28,DK-13375,标准级,中南,河南,办公用品,标签,Smead,"Smead 合法证物标签, 白色",10.0,24.448
A1001166,2019/5/28,SG-20605,标准级,中南,河南,办公用品,用品,Kleencut,"Kleencut 开信刀, 锯齿状",10.0,6.48
A1001166,2019/5/28,SG-20605,标准级,中南,河南,办公用品,系固件,Accos,"Accos 订书钉, 混合尺寸",3.0,41.86
A1001166,2019/5/28,SG-20605,标准级,中南,河南,家具,桌子,Bevis,"Bevis 圆桌, 黑色",3.0,1619.91
A1001170,2019/5/29,SG-20605,标准级,中南,广西,家具,书架,Bush,"Bush 搁架, 黑色",3.0,113.92
A1001173,2019/5/29,CS-12355,标准级,中南,河南,办公用品,器具,Breville,"Breville 咖啡研磨机, 黑色",4.0,39.68
A1001171,2019/5/29,PJ-18835,标准级,中南,广东,技术,复印机,佳能,"佳能 传真复印机, 数字化",10.0,37.6
A1001172,2019/5/29,PJ-18835,标准级,华北,北京,办公用品,器具,Cuisinart,"Cuisinart 烤面包机, 红色",3.0,59.9
A1001172,2019/5/29,PJ-18835,标准级,华北,北京,办公用品,器具,Hamilton Beach,"Hamilton Beach 烤面包机, 银色",5.0,37.0
A1001172,2019/5/29,NP-18700,标准级,华北,北京,办公用品,收纳具,Eldon,"Eldon 搁板, 蓝色",8.0,5.76
A1001172,2019/5/29,NP-18700,标准级,华北,北京,办公用品,收纳具,Eldon,"Eldon 文件车, 单宽度",5.0,16.68
A1001172,2019/5/29,SB-20290,标准级,华北,北京,办公用品,美术,Boston,"Boston 钢笔, 蓝色",5.0,628.81
A1001174,2019/5/30,SB-20290,当日,中南,广西,办公用品,用品,Kleencut,"Kleencut 修剪器, 钢",6.0,56.45
A1001174,2019/5/30,AS-10090,当日,中南,广西,办公用品,装订机,Cardinal,"Cardinal 装订机盖, 透明",1.0,94.2
A1001174,2019/5/30,AS-10090,当日,中南,广西,家具,书架,Sauder,"Sauder 搁架, 黑色",1.0,28.4
A1001174,2019/5/30,HM-14860,当日,中南,广西,家具,用具,Tenex,"Tenex 相框, 黑色",9.0,956.6648
A1001175,2019/5/31,MG-18145,当日,西北,陕西,家具,椅子,Hon,"Hon 椅垫, 红色",1.0,1115.91
A1001179,2019/5/31,MG-18145,一级,中南,湖南,办公用品,器具,Hamilton Beach,"Hamilton Beach 咖啡研磨机, 红色",2.0,128.744
A1001179,2019/5/31,MG-18145,一级,中南,湖南,技术,配件,Memorex,"Memorex 鼠标, 可编程",6.0,79.92
A1001176,2019/5/31,TM-21010,标准级,西南,云南,办公用品,标签,Smead,"Smead 文件夹标签, 红色",4.0,24.2
A1001180,2019/5/31,TM-21010,标准级,中南,湖南,办公用品,信封,Ames,"Ames 搭扣信封, 银色",3.0,359.976
A1001180,2019/5/31,BE-11335,标准级,中南,湖南,办公用品,信封,Kraft,"Kraft 搭扣信封, 每套 50 个",7.0,211.84
A1001180,2019/5/31,AS-10630,标准级,中南,湖南,办公用品,收纳具,Tenex,"Tenex 搁板, 单宽度",8.0,5.68
A1001180,2019/5/31,EM-13810,标准级,中南,湖南,办公用品,标签,Novimex,"Novimex 运输标签, 红色",5.0,7.52
A1001180,2019/5/31,JA-15970,标准级,中南,湖南,办公用品,系固件,Stockwell,"Stockwell 图钉, 每包 12 个",1.0,11.96
A1001177,2019/5/31,JA-15970,标准级,华东,福建,办公用品,装订机,Cardinal,"Cardinal 装订机, 实惠",9.0,629.064
A1001180,2019/5/31,TB-21595,标准级,中南,湖南,家具,用具,Tenex,"Tenex 灯泡, 耐用",7.0,754.45
A1001176,2019/5/31,PP-18955,标准级,西南,云南,技术,配件,贝尔金,"贝尔金 键区, 实惠",1.0,301.96
A1001180,2019/5/31,ML-18040,标准级,中南,湖南,技术,配件,贝尔金,"贝尔金 路由器, 实惠",10.0,595.0
A1001181,2019/5/31,ML-18040,标准级,西南,云南,办公用品,信封,Cameo,"Cameo 马尼拉纸信封, 红色",3.0,79.872
A1001181,2019/5/31,LC-16930,标准级,西南,云南,办公用品,器具,Hamilton Beach,"Hamilton Beach 冰箱, 银色",5.0,2396.4
A1001181,2019/5/31,MC-17590,标准级,西南,云南,技术,复印机,夏普,"夏普 无线传真机, 数字化",2.0,63.56
A1001178,2019/5/31,MC-17590,标准级,东北,黑龙江,办公用品,器具,Cuisinart,"Cuisinart 咖啡研磨机, 白色",1.0,99.99
A1001178,2019/5/31,CR-12580,标准级,东北,黑龙江,家具,书架,Safco,"Safco 书架, 传统",5.0,230.376
A1001178,2019/5/31,CR-12580,标准级,东北,黑龙江,家具,椅子,Office Star,"Office Star 沙滩椅, 每套两件",2.0,9.664
A1001185,2019/6/1,SV-20935,一级,华北,河北,办公用品,纸张,Green Bar,"Green Bar 信纸, 优质",8.0,158.928
A1001185,2019/6/1,SV-20935,一级,华北,河北,技术,设备,StarTech,"StarTech 收据打印机, 红色",9.0,13.023
A1001186,2019/6/1,SV-20935,标准级,中南,广东,办公用品,用品,Kleencut,"Kleencut 美工刀, 工业",1.0,273.06
A1001182,2019/6/1,SV-20935,标准级,中南,广西,办公用品,用品,Acme,"Acme 开信刀, 钢",1.0,39.312
A1001182,2019/6/1,MZ-17515,标准级,中南,广西,家具,书架,Sauder,"Sauder 古典书架, 金属",6.0,1.344
A1001187,2019/6/1,MZ-17515,标准级,华东,山东,家具,用具,Rubbermaid,"Rubvermaid 分层置放架, 一包多件",4.0,8.272
A1001187,2019/6/1,MZ-17515,标准级,华东,山东,办公用品,用品,Fiskars,"Fiskars 尺子, 蓝色",3.0,12.544
A1001187,2019/6/1,RB-19795,标准级,华东,山东,办公用品,装订机,Acco,"Acco 订书机, 回收",1.0,58.48
A1001187,2019/6/1,HM-14860,标准级,华东,山东,技术,复印机,夏普,"夏普 个人复印机, 每套两件",3.0,7.4
A1001184,2019/6/1,JH-15910,标准级,华北,天津,办公用品,美术,BIC,"BIC 记号笔, 混合尺寸",6.0,54.368
A1001183,2019/6/1,PJ-18835,标准级,华北,北京,办公用品,美术,Sanford,"Sanford 钢笔, 整包",3.0,33.96
A1001188,2019/6/2,PJ-18835,二级,华东,山东,办公用品,标签,Smead,"Smead 可去除的标签, 可调",2.0,826.11
A1001188,2019/6/2,CA-12265,二级,华东,山东,技术,复印机,Hewlett,"Hewlett 传真机, 彩色",4.0,545.85
A1001189,2019/6/2,PW-19240,二级,华北,天津,技术,电话,苹果,"苹果 音频基座, 混合尺寸",1.0,145.98
A1001190,2019/6/2,PW-19240,二级,西北,甘肃,技术,复印机,佳能,"佳能 无线传真机, 红色",6.0,35.808
A1001193,2019/6/4,SW-20455,一级,东北,吉林,办公用品,收纳具,Eldon,"Eldon 盘, 单宽度",7.0,7.904
A1001192,2019/6/4,AF-10870,标准级,东北,吉林,办公用品,装订机,Cardinal,"Cardinal 标签, 透明",2.0,345.0
A1001191,2019/6/4,AF-10870,标准级,西南,云南,办公用品,美术,Boston,"Boston 钢笔, 整包",2.0,174.286
A1001194,2019/6/4,AF-10870,标准级,西南,四川,技术,复印机,Hewlett,"Hewlett 传真复印机, 每套两件",10.0,662.84
A1001196,2019/6/5,AF-10870,标准级,中南,河南,办公用品,器具,Hoover,"Hoover 微波炉, 黑色",1.0,95.1
A1001197,2019/6/5,AF-10870,标准级,华东,山东,办公用品,信封,Jiffy,"Jiffy 局间信封, 银色",1.0,26.88
A1001195,2019/6/5,AF-10870,二级,华东,山东,家具,书架,Bush,"Bush 柜, 白色",1.0,257.98
A1001195,2019/6/5,AM-10705,二级,华东,山东,家具,椅子,Hon,"Hon 凳子, 黑色",5.0,17.48
A1001196,2019/6/5,BD-11320,标准级,中南,河南,家具,书架,Safco,"Safco 搁架, 传统",8.0,92.835
A1001197,2019/6/5,CM-12385,标准级,华东,山东,技术,电话,诺基亚,"诺基亚 充电器, 蓝色",10.0,69.49
A1001197,2019/6/5,CS-12400,标准级,华东,山东,技术,配件,SanDisk,"SanDisk 键区, 可编程",2.0,29.12
A1001198,2019/6/6,DB-13405,一级,中南,广西,办公用品,器具,Breville,"Breville 咖啡研磨机, 银色",7.0,18.75
A1001198,2019/6/6,DB-13405,一级,中南,广西,办公用品,系固件,Stockwell,"Stockwell 夹子, 混合尺寸",3.0,119.7
A1001199,2019/6/6,DB-13405,标准级,华东,福建,办公用品,收纳具,Tenex,"Tenex 文件车, 工业",3.0,9.144
A1001203,2019/6/7,DB-13405,标准级,华东,山东,办公用品,用品,Kleencut,"Kleencut 美工刀, 工业",2.0,57.06
A1001201,2019/6/7,DB-13405,标准级,东北,黑龙江,办公用品,收纳具,Smead,"Smead 搁板, 工业",3.0,71.6
A1001202,2019/6/7,DB-13405,标准级,中南,湖南,办公用品,装订机,Ibico,"Ibico 订书机, 耐用",3.0,107.44
A1001200,2019/6/7,DB-13405,标准级,华北,天津,办公用品,器具,Hamilton Beach,"Hamilton Beach 烤面包机, 银色",2.0,7.31
A1001200,2019/6/7,DB-13405,标准级,华北,天津,技术,配件,贝尔金,"贝尔金 键盘, 可编程",3.0,59.1
A1001204,2019/6/8,DB-13405,二级,华东,江苏,家具,用具,Rubbermaid,"Rubvermaid 灯泡, 一包多件",3.0,46.53
A1001209,2019/6/8,JG-15160,一级,中南,湖北,办公用品,信封,GlobeWeis,"GlobeWeis 马尼拉纸信封, 每套 50 个",1.0,97.84
A1001205,2019/6/8,SC-20380,标准级,华东,山东,技术,复印机,佳能,"佳能 个人复印机, 彩色",3.0,29.97
A1001207,2019/6/8,SC-20380,标准级,西北,陕西,办公用品,信封,Cameo,"Cameo 局间信封, 银色",1.0,98.352
A1001207,2019/6/8,CS-12460,标准级,西北,陕西,办公用品,信封,Kraft,"Kraft 商业信封, 红色",1.0,83.92
A1001207,2019/6/8,CS-12460,标准级,西北,陕西,办公用品,美术,Boston,"Boston 画布, 整包",3.0,14.624
A1001206,2019/6/8,CS-12460,二级,西南,重庆,办公用品,用品,Kleencut,"Kleencut 修剪器, 锯齿状",4.0,136.99
A1001208,2019/6/8,CS-12460,标准级,中南,广东,技术,复印机,夏普,"夏普 墨水, 彩色",4.0,3.15
A1001213,2019/6/11,MK-18160,当日,东北,黑龙江,技术,复印机,夏普,"夏普 墨水, 红色",9.0,9.11
A1001215,2019/6/11,MK-18160,标准级,东北,黑龙江,办公用品,器具,Breville,"Breville 炉灶, 红色",6.0,571.44
A1001215,2019/6/11,MK-18160,标准级,东北,黑龙江,办公用品,系固件,Stockwell,"Stockwell 图钉, 混合尺寸",5.0,32.4
A1001212,2019/6/11,MK-18160,标准级,华东,安徽,办公用品,标签,Harbour Creations,"Harbour Creations 圆形标签, 白色",3.0,16.91
A1001212,2019/6/11,CM-11935,标准级,华东,安徽,办公用品,用品,Elite,"Elite 修剪器, 工业",10.0,14.272
A1001214,2019/6/11,CM-11935,标准级,华北,天津,办公用品,装订机,Avery,"Avery 标签, 耐用",4.0,451.136
A1001211,2019/6/11,CM-11935,二级,华北,内蒙古,办公用品,信封,Jiffy,"Jiffy 马尼拉纸信封, 回收",1.0,64.864
A1001210,2019/6/11,PF-19225,标准级,中南,湖北,办公用品,装订机,Ibico,"Ibico 孔加固材料, 回收",2.0,217.584
A1001216,2019/6/11,PF-19225,标准级,中南,湖南,家具,椅子,Harbour Creations,"Harbour Creations 沙滩椅, 每套两件",9.0,82.95
A1001210,2019/6/11,PF-19225,标准级,中南,湖北,家具,椅子,Harbour Creations,"Harbour Creations 扶手椅, 黑色",3.0,87.71
A1001217,2019/6/11,PF-19225,标准级,东北,吉林,办公用品,装订机,Wilson Jones,"Wilson Jones 打孔机, 回收",8.0,1101.48
A1001220,2019/6/12,GM-14695,标准级,中南,河南,家具,书架,Bush,"Bush 书架, 传统",8.0,322.352
A1001219,2019/6/12,DC-12850,标准级,东北,吉林,技术,电话,摩托罗拉,"摩托罗拉 信号增强器, 全尺寸",1.0,5.46
A1001221,2019/6/12,FO-14305,标准级,中南,广西,办公用品,美术,Boston,"Boston 荧光笔, 整包",5.0,11.184
A1001221,2019/6/12,FO-14305,标准级,中南,广西,办公用品,装订机,Acco,"Acco 订书机, 回收",2.0,153.584
A1001221,2019/6/12,AH-10210,标准级,中南,广西,技术,电话,苹果,"苹果 办公室电话机, 整包",1.0,503.62
A1001218,2019/6/12,KN-16705,标准级,中南,广东,技术,复印机,佳能,"佳能 复印机, 每套两件",6.0,35.168
A1001222,2019/6/13,KN-16705,标准级,华东,安徽,家具,用具,Deflect-O,"Deflect-O 门挡, 耐用",3.0,137.75
A1001223,2019/6/13,KN-16705,标准级,东北,吉林,技术,电话,苹果,"苹果 信号增强器, 整包",6.0,99.68
A1001223,2019/6/13,KN-16705,标准级,东北,吉林,技术,配件,SanDisk,"SanDisk 记忆卡, 可编程",3.0,5.56
A1001224,2019/6/13,CB-12535,标准级,华北,河北,办公用品,装订机,Ibico,"Ibico 装订机, 实惠",1.0,85.52
A1001224,2019/6/13,CB-12535,标准级,华北,河北,家具,椅子,Harbour Creations,"Harbour Creations 扶手椅, 红色",5.0,9.84
A1001225,2019/6/13,CB-12535,标准级,华东,福建,办公用品,美术,Boston,"Boston 钢笔, 金属",4.0,20.04
A1001226,2019/6/14,TB-21250,当日,中南,湖北,办公用品,信封,Kraft,"Kraft 马尼拉纸信封, 每套 50 个",6.0,631.96
A1001227,2019/6/14,TB-21250,标准级,华东,山东,家具,用具,Rubbermaid,"Rubvermaid 门挡, 黑色",1.0,23.92
A1001227,2019/6/14,KD-16345,标准级,华东,山东,技术,复印机,Brother,"Brother 墨水, 彩色",4.0,90.24
A1001235,2019/6/15,KT-16480,一级,中南,湖南,办公用品,收纳具,Rogers,"Rogers 盘, 蓝色",3.0,300.93
A1001235,2019/6/15,KT-16480,一级,中南,湖南,办公用品,用品,Fiskars,"Fiskars 剪刀, 蓝色",4.0,719.96
A1001235,2019/6/15,SC-20575,一级,中南,湖南,办公用品,系固件,Accos,"Accos 回形针, 整包",3.0,647.84
A1001235,2019/6/15,BS-11800,一级,中南,湖南,办公用品,美术,Binney & Smith,"Binney & Smith 速写本, 蓝色",3.0,64.17
A1001234,2019/6/15,BS-11800,二级,华东,浙江,办公用品,装订机,Avery,"Avery 装订机, 实惠",1.0,124.46
A1001234,2019/6/15,BT-11395,二级,华东,浙江,家具,桌子,Bevis,"Bevis 木桌, 组装",9.0,9.584
A1001234,2019/6/15,DC-12850,二级,华东,浙江,家具,用具,Deflect-O,"Deflect-O 灯泡, 耐用",7.0,37.608
A1001234,2019/6/15,LS-17200,二级,华东,浙江,技术,复印机,佳能,"佳能 墨水, 彩色",5.0,12.224
A1001231,2019/6/15,LS-17200,标准级,华东,山东,办公用品,用品,Kleencut,"Kleencut 修剪器, 钢",7.0,2.304
A1001231,2019/6/15,LS-17200,标准级,华东,山东,办公用品,用品,Kleencut,"Kleencut 剪刀, 蓝色",3.0,9.36
A1001231,2019/6/15,RR-19315,标准级,华东,山东,办公用品,系固件,Advantus,"Advantus 订书钉, 金属",4.0,7.38
A1001231,2019/6/15,KL-16645,标准级,华东,山东,办公用品,美术,BIC,"BIC 画布, 蓝色",10.0,53.72
A1001236,2019/6/15,KL-16645,标准级,中南,河南,办公用品,装订机,Avery,"Avery 订书机, 耐用",10.0,87.65
A1001231,2019/6/15,KL-16645,标准级,华东,山东,家具,书架,Dania,"Dania 柜, 黑色",1.0,77.92
A1001231,2019/6/15,RB-19435,标准级,华东,山东,家具,书架,Safco,"Safco 古典书架, 白色",1.0,32.784
A1001231,2019/6/15,MY-17380,标准级,华东,山东,家具,书架,Sauder,"Sauder 柜, 金属",7.0,196.776
A1001231,2019/6/15,MY-17380,标准级,华东,山东,家具,椅子,Novimex,"Novimex 沙滩椅, 可调",1.0,479.94
A1001231,2019/6/15,AW-10930,标准级,华东,山东,技术,电话,诺基亚,"诺基亚 办公室电话机, 蓝色",4.0,117.92
A1001231,2019/6/15,KW-16570,标准级,华东,山东,技术,配件,Memorex,"Memorex 记忆卡, 耐用",10.0,106.5
A1001233,2019/6/15,DB-12910,标准级,中南,河南,办公用品,收纳具,Fellowes,"Fellowes 盘, 单宽度",6.0,45.66
A1001232,2019/6/15,BB-11545,标准级,华东,山东,办公用品,信封,Cameo,"Cameo 商业信封, 回收",5.0,95.968
A1001232,2019/6/15,BB-11545,标准级,华东,山东,家具,椅子,Hon,"Hon 椅垫, 黑色",5.0,47.992
A1001229,2019/6/15,NP-18700,标准级,中南,湖北,办公用品,用品,Elite,"Elite 开信刀, 锯齿状",1.0,264.32
A1001229,2019/6/15,PB-19105,标准级,中南,湖北,办公用品,装订机,Avery,"Avery 标签, 实惠",5.0,604.656
A1001230,2019/6/15,DW-13585,标准级,华北,内蒙古,办公用品,装订机,Wilson Jones,"Wilson Jones 装订机, 耐用",3.0,129.93
A1001229,2019/6/15,CD-12790,标准级,中南,湖北,技术,电话,三星,"三星 音频基座, 蓝色",10.0,20.16
A1001237,2019/6/16,CD-12790,标准级,中南,广东,办公用品,装订机,Avery,"Avery 订书机, 耐用",1.0,29.46
A1001240,2019/6/16,CD-12790,标准级,东北,黑龙江,技术,复印机,Hewlett,"Hewlett 传真机, 每套两件",8.0,868.59
A1001239,2019/6/16,CD-12790,二级,华东,上海,家具,书架,宜家,"宜家 墙角架, 传统",3.0,12.96
A1001238,2019/6/16,CD-12790,标准级,华北,内蒙古,技术,设备,StarTech,"StarTech 卡片打印机, 白色",3.0,5.5
A1001241,2019/6/18,CD-12790,当日,东北,黑龙江,办公用品,器具,Hamilton Beach,"Hamilton Beach 微波炉, 红色",8.0,121.6
A1001241,2019/6/18,TT-21220,当日,东北,黑龙江,办公用品,用品,Elite,"Elite 开信刀, 蓝色",2.0,42.048
A1001241,2019/6/18,TT-21220,当日,东北,黑龙江,办公用品,用品,Stiletto,"Stiletto 尺子, 蓝色",7.0,25.488
A1001241,2019/6/18,TT-21220,当日,东北,黑龙江,办公用品,美术,Boston,"Boston 荧光笔, 蓝色",1.0,6.9
A1001248,2019/6/18,TT-21220,一级,华东,江苏,办公用品,系固件,Stockwell,"Stockwell 回形针, 混合尺寸",3.0,9.648
A1001248,2019/6/18,TT-21220,一级,华东,江苏,办公用品,装订机,Acco,"Acco 标签, 实惠",5.0,7.968
A1001243,2019/6/18,DB-12910,一级,西南,重庆,办公用品,信封,Cameo,"Cameo 局间信封, 回收",1.0,10.368
A1001244,2019/6/18,DJ-13510,二级,东北,辽宁,办公用品,收纳具,Fellowes,"Fellowes 文件车, 工业",4.0,114.2
A1001242,2019/6/18,DJ-13510,二级,华东,山东,办公用品,美术,BIC,"BIC 铅笔刀, 混合尺寸",1.0,17.96
A1001242,2019/6/18,DJ-13510,二级,华东,山东,办公用品,美术,Stanley,"Stanley 速写本, 金属",5.0,12.67
A1001242,2019/6/18,DJ-13510,二级,华东,山东,技术,配件,Enermax,"Enermax 键盘, 耐用",5.0,339.96
A1001245,2019/6/18,DL-13495,标准级,华东,安徽,办公用品,用品,Stiletto,"Stiletto 美工刀, 锯齿状",10.0,17.96
A1001245,2019/6/18,LO-17170,标准级,华东,安徽,技术,电话,摩托罗拉,"摩托罗拉 耳机, 蓝色",5.0,112.67
A1001245,2019/6/18,SV-20365,标准级,华东,安徽,技术,电话,诺基亚,"诺基亚 音频基座, 全尺寸",3.0,181.986
A1001246,2019/6/18,SV-20365,标准级,中南,河南,办公用品,信封,Kraft,"Kraft 外皮和封条, 红色",3.0,431.976
A1001246,2019/6/18,SV-20365,标准级,中南,河南,办公用品,系固件,OIC,"OIC 橡皮筋, 每包 12 个",1.0,155.37
A1001246,2019/6/18,EM-13810,标准级,中南,河南,办公用品,装订机,Avery,"Avery 孔加固材料, 透明",2.0,348.704
A1001247,2019/6/18,EM-13810,标准级,东北,黑龙江,办公用品,收纳具,Rogers,"Rogers 锁柜, 工业",7.0,700.152
A1001247,2019/6/18,KD-16615,标准级,东北,黑龙江,办公用品,美术,Boston,"Boston 画布, 金属",7.0,111.888
A1001246,2019/6/18,NB-18580,标准级,中南,河南,家具,椅子,Novimex,"Novimex 沙滩椅, 每套两件",8.0,143.952
A1001246,2019/6/18,AP-10720,标准级,中南,河南,家具,用具,Advantus,"Advantus 分层置放架, 耐用",4.0,173.94
A1001247,2019/6/18,AP-10720,标准级,东北,黑龙江,家具,椅子,Safco,"SAFCO 椅垫, 红色",3.0,14.76
A1001246,2019/6/18,JE-15745,标准级,中南,河南,技术,电话,三星,"三星 充电器, 全尺寸",2.0,205.92
A1001246,2019/6/18,JE-15745,标准级,中南,河南,技术,电话,三星,"三星 智能手机, 蓝色",10.0,102.833
A1001245,2019/6/18,JM-15865,标准级,华东,安徽,办公用品,装订机,Acco,"Acco 装订机盖, 回收",9.0,2.304
A1001245,2019/6/18,JM-15865,标准级,华东,安徽,办公用品,装订机,Ibico,"Ibico 标签, 实惠",6.0,19.96
A1001249,2019/6/19,JM-15865,二级,华东,福建,办公用品,纸张,施乐,"施乐 计划信息表, 回收",1.0,313.024
A1001250,2019/6/20,JM-15865,二级,中南,湖北,办公用品,信封,Cameo,"Cameo 商业信封, 每套 50 个",2.0,5.04
A1001250,2019/6/20,AB-10105,二级,中南,湖北,办公用品,用品,Fiskars,"Fiskars 大剪刀, 钢",1.0,821.88
A1001250,2019/6/20,AB-10105,二级,中南,湖北,办公用品,纸张,Green Bar,"Green Bar 令, 回收",2.0,21.96
A1001254,2019/6/20,PN-18775,二级,东北,辽宁,办公用品,用品,Fiskars,"Fiskars 尺子, 蓝色",1.0,25.92
A1001256,2019/6/20,JC-15775,一级,华东,山东,办公用品,系固件,Advantus,"Advantus 回形针, 整包",8.0,70.544
A1001256,2019/6/20,PF-19165,一级,华东,山东,办公用品,纸张,施乐,"施乐 计划信息表, 优质",7.0,50.0
A1001256,2019/6/20,BW-11110,一级,华东,山东,家具,桌子,Lesro,"Lesro 木桌, 白色",4.0,51.712
A1001250,2019/6/20,BP-11185,二级,中南,湖北,技术,复印机,Hewlett,"Hewlett 传真机, 数字化",5.0,6.992
A1001250,2019/6/20,TM-21010,二级,中南,湖北,技术,配件,SanDisk,"SanDisk 键盘, 耐用",5.0,906.88
A1001256,2019/6/20,TM-21010,一级,华东,山东,技术,复印机,夏普,"夏普 无线传真机, 每套两件",5.0,15.75
A1001255,2019/6/20,TM-21010,二级,中南,河南,技术,配件,Enermax,"Enermax 键盘, 实惠",2.0,323.1
A1001259,2019/6/20,MB-17305,一级,华东,安徽,办公用品,装订机,Cardinal,"Cardinal 装订机盖, 实惠",1.0,9.216
A1001257,2019/6/20,MB-17305,二级,东北,吉林,办公用品,装订机,Ibico,"Ibico 装订机盖, 透明",5.0,10.368
A1001252,2019/6/20,HR-14830,标准级,西南,云南,办公用品,美术,Boston,"Boston 铅笔刀, 蓝色",7.0,15.02
A1001252,2019/6/20,HR-14830,标准级,西南,云南,家具,用具,Rubbermaid,"Rubvermaid 框架, 一包多件",10.0,33.82
A1001252,2019/6/20,BD-11635,标准级,西南,云南,技术,配件,SanDisk,"SanDisk 记忆卡, 实惠",2.0,71.0
A1001251,2019/6/20,SF-20200,标准级,东北,辽宁,办公用品,收纳具,Tenex,"Tenex 锁柜, 工业",4.0,25.12
A1001251,2019/6/20,SF-20200,标准级,东北,辽宁,办公用品,标签,Smead,"Smead 有色标签, 可调",7.0,265.62
A1001251,2019/6/20,SP-20620,标准级,东北,辽宁,办公用品,纸张,Eaton,"Eaton 计划信息表, 优质",3.0,478.08
A1001251,2019/6/20,DR-12880,标准级,东北,辽宁,办公用品,美术,BIC,"BIC 记号笔, 金属",10.0,164.388
A1001258,2019/6/20,DR-12880,标准级,中南,广西,办公用品,美术,Sanford,"Sanford 荧光笔, 整包",10.0,13.248
A1001258,2019/6/20,VM-21685,标准级,中南,广西,办公用品,美术,Sanford,"Sanford 速写本, 整包",3.0,2.912
A1001251,2019/6/20,CM-12235,标准级,东北,辽宁,技术,复印机,夏普,"夏普 个人复印机, 数字化",6.0,999.944
A1001251,2019/6/20,SM-20320,标准级,东北,辽宁,技术,电话,三星,"三星 办公室电话机, 整包",2.0,526.45
A1001253,2019/6/20,RA-19885,标准级,华东,山东,技术,电话,诺基亚,"诺基亚 信号增强器, 整包",9.0,16.23
A1001253,2019/6/20,RA-19885,标准级,华东,山东,技术,配件,Enermax,"Enermax 记忆卡, 可编程",4.0,319.9
A1001260,2019/6/21,RA-19885,标准级,中南,广东,家具,椅子,Harbour Creations,"Harbour Creations 扶手椅, 可调",5.0,11.36
A1001261,2019/6/22,RA-19885,标准级,中南,湖北,办公用品,器具,Hamilton Beach,"Hamilton Beach 冰箱, 银色",4.0,675.12
A1001261,2019/6/22,SD-20485,标准级,中南,湖北,家具,书架,Dania,"Dania 搁架, 黑色",6.0,62.82
A1001261,2019/6/22,SD-20485,标准级,中南,湖北,家具,用具,Tenex,"Tenex 相框, 黑色",2.0,489.92
A1001262,2019/6/22,SD-20485,标准级,东北,黑龙江,家具,椅子,Harbour Creations,"Harbour Creations 扶手椅, 每套两件",10.0,19.44
A1001263,2019/6/23,SD-20485,二级,东北,辽宁,办公用品,器具,KitchenAid,"KitchenAid 炉灶, 白色",8.0,16.68
A1001263,2019/6/23,SD-20485,二级,东北,辽宁,办公用品,标签,Harbour Creations,"Harbour Creations 文件夹标签, 耐用",1.0,155.35
A1001263,2019/6/23,SD-20485,二级,东北,辽宁,办公用品,纸张,Enermax,"Enermax 信纸, 优质",3.0,12.42
A1001265,2019/6/23,SD-20485,标准级,中南,广东,办公用品,标签,Novimex,"Novimex 有色标签, 耐用",4.0,187.98
A1001265,2019/6/23,CS-12250,标准级,中南,广东,办公用品,纸张,Enermax,"Enermax 令, 回收",1.0,6.608
A1001263,2019/6/23,RA-19285,二级,东北,辽宁,家具,书架,Bush,"Bush 古典书架, 传统",1.0,248.57
A1001263,2019/6/23,RA-19285,二级,东北,辽宁,家具,书架,Sauder,"Sauder 书库, 传统",1.0,22.23
A1001264,2019/6/23,BF-11005,标准级,华东,山东,办公用品,收纳具,Eldon,"Eldon 文件车, 单宽度",2.0,5.98
A1001264,2019/6/23,BF-11005,标准级,华东,山东,办公用品,美术,Boston,"Boston 钢笔, 混合尺寸",10.0,46.168
A1001264,2019/6/23,SE-20110,标准级,华东,山东,办公用品,装订机,Wilson Jones,"Wilson Jones 孔加固材料, 实惠",2.0,14.136
A1001264,2019/6/23,SE-20110,标准级,华东,山东,家具,用具,Advantus,"Advantus 框架, 优质",3.0,601.47
A1001264,2019/6/23,RS-19765,标准级,华东,山东,技术,电话,苹果,"苹果 智能手机, 整包",3.0,79.1
A1001267,2019/6/25,RS-19765,一级,华北,河北,办公用品,信封,Cameo,"Cameo 局间信封, 每套 50 个",1.0,14.94
A1001267,2019/6/25,BM-11650,一级,华北,河北,办公用品,美术,Stanley,"Stanley 记号笔, 金属",9.0,121.94
A1001267,2019/6/25,BM-11650,一级,华北,河北,技术,设备,爱普生,"爱普生 电话, 耐用",10.0,122.71
A1001266,2019/6/25,BM-11650,标准级,华北,山西,家具,书架,Safco,"Safco 书库, 传统",2.0,587.97
A1001266,2019/6/25,BM-11650,标准级,华北,山西,家具,用具,Advantus,"Advantus 框架, 优质",1.0,530.34
A1001270,2019/6/26,BM-11650,二级,华东,山东,办公用品,信封,GlobeWeis,"GlobeWeis 外皮和封条, 回收",5.0,14.94
A1001270,2019/6/26,SK-19990,二级,华东,山东,办公用品,器具,Hoover,"Hoover 搅拌机, 白色",7.0,121.94
A1001270,2019/6/26,SK-19990,二级,华东,山东,办公用品,纸张,Enermax,"Enermax 令, 每包 12 个",10.0,122.71
A1001270,2019/6/26,EN-13780,二级,华东,山东,办公用品,美术,Binney & Smith,"Binney & Smith 画布, 整包",1.0,14.94
A1001268,2019/6/26,EN-13780,一级,华北,河北,办公用品,系固件,Accos,"Accos 按钉, 每包 12 个",7.0,349.85
A1001270,2019/6/26,EN-13780,二级,华东,山东,家具,书架,Safco,"Safco 古典书架, 金属",1.0,136.784
A1001270,2019/6/26,EN-13780,二级,华东,山东,家具,用具,Deflect-O,"Deflect-O 门挡, 优质",10.0,61.12
A1001271,2019/6/26,KN-16450,一级,西北,陕西,家具,桌子,Hon,"Hon 圆桌, 长方形",1.0,1.167
A1001271,2019/6/26,MG-17890,一级,西北,陕西,家具,椅子,Novimex,"Novimex 椅垫, 红色",1.0,16.99
A1001268,2019/6/26,MC-17590,一级,华北,河北,家具,用具,Rubbermaid,"Rubvermaid 相框, 耐用",10.0,24.672
A1001271,2019/6/26,MC-17590,一级,西北,陕西,家具,用具,Advantus,"Advantus 相框, 黑色",8.0,2.52
A1001270,2019/6/26,MC-17590,二级,华东,山东,技术,复印机,佳能,"佳能 传真机, 数字化",1.0,718.735
A1001273,2019/6/26,MC-17590,二级,华东,福建,办公用品,用品,Elite,"Elite 大剪刀, 锯齿状",10.0,5.904
A1001273,2019/6/26,MC-17590,二级,华东,福建,办公用品,装订机,Cardinal,"Cardinal 孔加固材料, 透明",2.0,15.696
A1001269,2019/6/26,MC-17590,标准级,东北,黑龙江,办公用品,标签,Smead,"Smead 有色标签, 白色",1.0,6.096
A1001272,2019/6/26,BO-11350,标准级,中南,广东,办公用品,纸张,施乐,"施乐 笔记本, 每包 12 个",8.0,41.568
A1001272,2019/6/26,AG-10300,标准级,中南,广东,技术,配件,罗技,"罗技 记忆卡, 回收",7.0,230.28
A1001275,2019/6/27,AG-10300,当日,中南,广西,办公用品,装订机,Acco,"Acco 装订机盖, 实惠",3.0,18.288
A1001276,2019/6/27,MS-17365,标准级,华东,山东,办公用品,收纳具,Fellowes,"Fellowes 盘, 工业",10.0,5.78
A1001274,2019/6/27,MS-17365,标准级,东北,黑龙江,办公用品,标签,Harbour Creations,"Harbour Creations 圆形标签, 可调",2.0,121.68
A1001282,2019/6/28,JM-15655,二级,华北,河北,家具,椅子,Safco,"SAFCO 折叠椅, 红色",2.0,4.17
A1001281,2019/6/28,JM-15655,一级,中南,广东,技术,电话,诺基亚,"诺基亚 办公室电话机, 全尺寸",2.0,67.04
A1001283,2019/6/28,JM-15655,标准级,华东,安徽,办公用品,信封,Ames,"Ames 局间信封, 红色",4.0,37.32
A1001283,2019/6/28,JM-15655,标准级,华东,安徽,办公用品,纸张,SanDisk,"SanDisk 计划信息表, 每包 12 个",2.0,18.45
A1001283,2019/6/28,MC-17635,标准级,华东,安徽,办公用品,装订机,Avery,"Avery 装订机, 透明",7.0,25.92
A1001283,2019/6/28,TA-21385,标准级,华东,安徽,技术,配件,贝尔金,"贝尔金 路由器, 耐用",5.0,1199.968
A1001284,2019/6/28,TA-21385,二级,中南,广东,办公用品,器具,Breville,"Breville 搅拌机, 红色",9.0,2399.6
A1001277,2019/6/28,TA-21385,标准级,华东,福建,办公用品,标签,Novimex,"Novimex 文件夹标签, 可调",5.0,63.9
A1001284,2019/6/28,TA-21385,二级,中南,广东,技术,电话,三星,"三星 智能手机, 全尺寸",4.0,52.99
A1001280,2019/6/28,SB-20290,标准级,东北,吉林,技术,配件,Enermax,"Enermax 路由器, 回收",1.0,60.864
A1001278,2019/6/28,SB-20290,标准级,西南,重庆,办公用品,美术,Boston,"Boston 速写本, 金属",2.0,652.995
A1001279,2019/6/28,SB-20290,标准级,东北,黑龙江,技术,电话,诺基亚,"诺基亚 办公室电话机, 全尺寸",5.0,11.22
A1001287,2019/6/29,AB-10150,一级,中南,广东,办公用品,收纳具,Eldon,"Eldon 搁板, 单宽度",1.0,14.94
A1001287,2019/6/29,JF-15295,一级,中南,广东,办公用品,系固件,Advantus,"Advantus 橡皮筋, 整包",6.0,39.96
A1001287,2019/6/29,JF-15295,一级,中南,广东,技术,复印机,夏普,"夏普 墨水, 红色",6.0,42.624
A1001288,2019/6/29,JF-15295,一级,华北,天津,办公用品,系固件,Accos,"Accos 按钉, 金属",9.0,220.96
A1001288,2019/6/29,BF-10975,一级,华北,天津,家具,椅子,Office Star,"Office Star 扶手椅, 黑色",6.0,4.928
A1001285,2019/6/29,BF-10975,标准级,东北,辽宁,家具,椅子,Harbour Creations,"Harbour Creations 摇椅, 红色",3.0,7.23
A1001285,2019/6/29,TT-21265,标准级,东北,辽宁,家具,椅子,Novimex,"Novimex 折叠椅, 黑色",3.0,323.1
A1001289,2019/6/29,SB-20170,标准级,华北,北京,办公用品,标签,Smead,"Smead 圆形标签, 红色",2.0,19.04
A1001289,2019/6/29,SB-20170,标准级,华北,北京,办公用品,用品,Acme,"Acme 美工刀, 锯齿状",3.0,13.128
A1001289,2019/6/29,SB-20170,标准级,华北,北京,办公用品,系固件,Accos,"Accos 回形针, 混合尺寸",4.0,64.14
A1001290,2019/6/29,SB-20170,标准级,华北,山西,办公用品,系固件,OIC,"OIC 订书钉, 混合尺寸",5.0,858.24
A1001286,2019/6/29,LM-17065,二级,东北,吉林,办公用品,信封,Ames,"Ames 局间信封, 每套 50 个",9.0,29.99
A1001289,2019/6/29,KA-16525,标准级,华北,北京,家具,书架,Safco,"Safco 搁架, 黑色",9.0,186.048
A1001289,2019/6/29,BF-11170,标准级,华北,北京,家具,用具,Advantus,"Advantus 相框, 黑色",2.0,36.792
A1001291,2019/6/29,BF-11170,二级,中南,河南,家具,椅子,Harbour Creations,"Harbour Creations 凳子, 每套两件",6.0,18.624
A1001291,2019/6/29,TB-21400,二级,中南,河南,家具,椅子,Safco,"SAFCO 折叠椅, 红色",5.0,57.69
A1001289,2019/6/29,TB-21400,标准级,华北,北京,技术,电话,思科,"思科 音频基座, 混合尺寸",1.0,42.81
A1001292,2019/6/29,TB-21400,标准级,中南,河南,技术,复印机,佳能,"佳能 传真机, 彩色",1.0,12.96
A1001292,2019/6/29,TB-21400,标准级,中南,河南,技术,复印机,夏普,"夏普 复印机, 数字化",6.0,821.88
A1001293,2019/6/30,TB-21400,一级,东北,辽宁,办公用品,信封,Ames,"Ames 商业信封, 银色",10.0,104.85
A1001293,2019/6/30,SH-19975,一级,东北,辽宁,办公用品,装订机,Acco,"Acco 打孔机, 实惠",5.0,424.9575
A1001293,2019/6/30,AS-10225,一级,东北,辽宁,家具,用具,Rubbermaid,"Rubvermaid 闹钟, 耐用",4.0,10.776
A1001294,2019/6/30,AS-10225,标准级,中南,广西,办公用品,纸张,Eaton,"Eaton 计划信息表, 优质",5.0,11.784
A1001294,2019/6/30,AS-10225,标准级,中南,广西,家具,椅子,Hon,"Hon 椅垫, 红色",1.0,164.88
A1001294,2019/6/30,AS-10225,标准级,中南,广西,技术,电话,摩托罗拉,"摩托罗拉 音频基座, 蓝色",5.0,1292.94
A1001295,2019/6/30,AS-10225,二级,华东,江西,办公用品,装订机,Ibico,"Ibico 订书机, 耐用",2.0,25.584
A1001295,2019/6/30,AS-10225,二级,华东,江西,办公用品,装订机,Wilson Jones,"Wilson Jones 订书机, 实惠",4.0,261.74
A1001295,2019/6/30,AS-10225,二级,华东,江西,家具,椅子,Novimex,"Novimex 摇椅, 红色",3.0,14.4
A1001296,2019/7/2,PK-19075,二级,中南,广东,办公用品,标签,Novimex,"Novimex 运输标签, 白色",6.0,10.86
A1001296,2019/7/2,HR-14830,二级,中南,广东,办公用品,用品,Fiskars,"Fiskars 修剪器, 钢",1.0,883.84
A1001296,2019/7/2,DG-13300,二级,中南,广东,办公用品,装订机,Wilson Jones,"Wilson Jones 标签, 实惠",1.0,179.89
A1001296,2019/7/2,DG-13300,二级,中南,广东,家具,书架,Bush,"Bush 书架, 黑色",2.0,79.96
A1001296,2019/7/2,CL-12700,二级,中南,广东,技术,复印机,Hewlett,"Hewlett 墨水, 彩色",1.0,8.76
A1001297,2019/7/2,HF-14995,标准级,华东,山东,办公用品,标签,Novimex,"Novimex 运输标签, 耐用",8.0,3.984
A1001297,2019/7/2,HF-14995,标准级,华东,山东,家具,用具,Eldon,"Eldon 闹钟, 优质",6.0,370.62
A1001299,2019/7/3,HF-14995,标准级,东北,黑龙江,办公用品,收纳具,Eldon,"Eldon 锁柜, 金属",4.0,2.742
A1001298,2019/7/3,HG-15025,二级,西南,云南,办公用品,用品,Acme,"Acme 修剪器, 锯齿状",7.0,79.512
A1001298,2019/7/3,HG-15025,二级,西南,云南,技术,配件,罗技,"罗技 闪存驱动器, 可编程",2.0,28.352
A1001300,2019/7/4,NL-18310,一级,东北,辽宁,家具,书架,Bush,"Bush 墙角架, 金属",1.0,40.784
A1001301,2019/7/4,NL-18310,二级,华东,安徽,办公用品,用品,Stiletto,"Stiletto 开信刀, 钢",5.0,105.96
A1001302,2019/7/4,RR-19525,二级,华北,天津,办公用品,装订机,Cardinal,"Cardinal 装订机, 耐用",4.0,166.44
A1001301,2019/7/4,RR-19525,二级,华东,安徽,技术,配件,SanDisk,"SanDisk 路由器, 可编程",3.0,785.88
A1001302,2019/7/4,RR-19525,二级,华北,天津,技术,设备,StarTech,"StarTech 喷墨打印机, 白色",3.0,26.2
A1001303,2019/7/4,RR-19525,标准级,中南,湖北,办公用品,器具,Hamilton Beach,"Hamilton Beach 烤面包机, 黑色",1.0,925.85
A1001303,2019/7/4,TC-21295,标准级,中南,湖北,家具,用具,Advantus,"Advantus 灯泡, 一包多件",3.0,166.44
A1001305,2019/7/5,DB-13615,当日,华东,福建,办公用品,纸张,Enermax,"Enermax 笔记本, 优质",3.0,8.76
A1001304,2019/7/5,DB-13615,标准级,中南,湖北,办公用品,信封,Cameo,"Cameo 商业信封, 回收",3.0,43.584
A1001304,2019/7/5,SV-20785,标准级,中南,湖北,办公用品,美术,Boston,"Boston 速写本, 蓝色",1.0,11.088
A1001304,2019/7/5,SV-20785,标准级,中南,湖北,技术,设备,冲电器,"冲电器 收据打印机, 多色",8.0,25.164
A1001308,2019/7/6,MH-18115,一级,中南,广西,办公用品,用品,Elite,"Elite 修剪器, 钢",1.0,14.4
A1001306,2019/7/6,MH-18115,一级,西南,重庆,家具,用具,Tenex,"Tenex 相框, 黑色",2.0,619.95
A1001309,2019/7/6,MH-18115,一级,华东,江苏,办公用品,用品,Stiletto,"Stiletto 开信刀, 蓝色",3.0,89.52
A1001309,2019/7/6,MH-18115,一级,华东,江苏,办公用品,系固件,Accos,"Accos 按钉, 混合尺寸",5.0,350.973
A1001307,2019/7/6,MH-18115,二级,中南,广东,办公用品,纸张,Enermax,"Enermax 笔记本, 每包 12 个",3.0,164.99
A1001307,2019/7/6,CT-11995,二级,中南,广东,技术,设备,StarTech,"StarTech 打印机, 白色",5.0,312.552
A1001310,2019/7/6,KB-16315,标准级,华东,安徽,家具,椅子,Safco,"SAFCO 摇椅, 可调",2.0,95.952
A1001311,2019/7/7,KB-16315,一级,西北,甘肃,家具,桌子,Chromcraft,"Chromcraft 咖啡桌, 白色",8.0,3.204
A1001312,2019/7/7,RA-19285,二级,西北,新疆,办公用品,器具,Cuisinart,"Cuisinart 微波炉, 黑色",8.0,3.98
A1001312,2019/7/7,YC-21895,二级,西北,新疆,办公用品,标签,Harbour Creations,"Harbour Creations 有色标签, 可调",3.0,15.7
A1001312,2019/7/7,RA-19915,二级,西北,新疆,家具,书架,Safco,"Safco 墙角架, 传统",3.0,5.248
A1001312,2019/7/7,CM-12160,二级,西北,新疆,技术,设备,StarTech,"StarTech 卡片打印机, 耐用",6.0,5.346
A1001313,2019/7/9,CS-12130,标准级,华东,安徽,办公用品,信封,Kraft,"Kraft 搭扣信封, 银色",2.0,15.48
A1001313,2019/7/9,CS-12130,标准级,华东,安徽,家具,书架,宜家,"宜家 古典书架, 黑色",1.0,108.576
A1001313,2019/7/9,AJ-10795,标准级,华东,安徽,家具,椅子,Safco,"SAFCO 折叠椅, 红色",7.0,109.9
A1001313,2019/7/9,DL-12865,标准级,华东,安徽,家具,用具,Deflect-O,"Deflect-O 闹钟, 耐用",3.0,15.384
A1001314,2019/7/11,BE-11410,当日,华东,山东,办公用品,收纳具,Fellowes,"Fellowes 文件车, 单宽度",2.0,30.352
A1001314,2019/7/11,SM-20320,当日,华东,山东,办公用品,装订机,Wilson Jones,"Wilson Jones 打孔机, 耐用",3.0,821.3
A1001314,2019/7/11,SM-20320,当日,华东,山东,家具,椅子,Harbour Creations,"Harbour Creations 摇椅, 黑色",5.0,2638.48
A1001315,2019/7/11,SM-20320,二级,华北,河北,办公用品,美术,Boston,"Boston 荧光笔, 混合尺寸",3.0,21.376
A1001315,2019/7/11,SM-20320,二级,华北,河北,技术,配件,贝尔金,"贝尔金 路由器, 回收",8.0,8.016
A1001316,2019/7/11,SM-20320,标准级,华东,山东,家具,书架,Sauder,"Sauder 书架, 金属",4.0,30.768
A1001317,2019/7/12,SM-20320,标准级,华东,山东,办公用品,器具,Hoover,"Hoover 微波炉, 黑色",10.0,18.936
A1001318,2019/7/12,SM-20320,二级,西南,四川,办公用品,收纳具,Fellowes,"Fellowes 文件车, 单宽度",2.0,122.352
A1001318,2019/7/12,RP-19390,二级,西南,四川,办公用品,系固件,Advantus,"Advantus 图钉, 每包 12 个",2.0,116.28
A1001318,2019/7/12,JD-16015,二级,西南,四川,技术,配件,SanDisk,"SanDisk 键区, 回收",9.0,132.6
A1001320,2019/7/13,AB-10255,标准级,中南,广西,办公用品,系固件,Stockwell,"Stockwell 夹子, 金属",10.0,16.68
A1001319,2019/7/13,AB-10255,标准级,中南,湖南,办公用品,标签,Smead,"Smead 可去除的标签, 可调",2.0,19.44
A1001319,2019/7/13,AB-10255,标准级,中南,湖南,办公用品,系固件,Accos,"Accos 橡皮筋, 混合尺寸",8.0,192.16
A1001319,2019/7/13,CC-12145,标准级,中南,湖南,办公用品,装订机,Wilson Jones,"Wilson Jones 标签, 耐用",1.0,227.36
A1001319,2019/7/13,CC-12145,标准级,中南,湖南,家具,椅子,Harbour Creations,"Harbour Creations 椅垫, 红色",8.0,1919.976
A1001322,2019/7/14,GH-14425,二级,华东,山东,办公用品,收纳具,Fellowes,"Fellowes 盘, 工业",3.0,12.828
A1001322,2019/7/14,CP-12085,二级,华东,山东,办公用品,用品,Fiskars,"Fiskars 尺子, 蓝色",8.0,45.888
A1001322,2019/7/14,GM-14440,二级,华东,山东,技术,复印机,佳能,"佳能 传真复印机, 每套两件",3.0,60.12
A1001322,2019/7/14,LC-16885,二级,华东,山东,技术,复印机,惠普,"惠普 传真复印机, 彩色",3.0,302.376
A1001322,2019/7/14,BT-11305,二级,华东,山东,技术,配件,贝尔金,"贝尔金 键盘, 实惠",10.0,13.9
A1001321,2019/7/14,CP-12085,标准级,中南,河南,办公用品,信封,Ames,"Ames 商业信封, 红色",10.0,129.98
A1001321,2019/7/14,SC-20680,标准级,中南,河南,办公用品,器具,Breville,"Breville 烤面包机, 黑色",5.0,71.98
A1001321,2019/7/14,DK-13375,标准级,中南,河南,家具,书架,Safco,"Safco 柜, 黑色",3.0,377.97
A1001323,2019/7/16,SE-20110,标准级,华东,山东,技术,配件,贝尔金,"贝尔金 路由器, 耐用",1.0,124.36
A1001325,2019/7/17,LF-17185,当日,东北,黑龙江,办公用品,标签,Hon,"Hon 运输标签, 白色",9.0,23.976
A1001326,2019/7/17,ON-18715,一级,华东,山东,技术,复印机,惠普,"惠普 墨水, 每套两件",4.0,8.376
A1001327,2019/7/17,ON-18715,标准级,东北,黑龙江,办公用品,用品,Fiskars,"Fiskars 美工刀, 工业",5.0,58.24
A1001324,2019/7/17,TB-21400,标准级,华东,山东,办公用品,标签,Hon,"Hon 文件夹标签, 可调",5.0,81.2
A1001324,2019/7/17,DF-13135,标准级,华东,山东,家具,用具,Rubbermaid,"Rubvermaid 框架, 优质",6.0,14.45
A1001327,2019/7/17,DF-13135,标准级,东北,黑龙江,技术,设备,StarTech,"StarTech 喷墨打印机, 耐用",7.0,95.648
A1001328,2019/7/18,EP-13915,标准级,东北,辽宁,办公用品,信封,Cameo,"Cameo 邮寄品, 每套 50 个",6.0,359.97
A1001328,2019/7/18,EP-13915,标准级,东北,辽宁,办公用品,用品,Fiskars,"Fiskars 剪刀, 锯齿状",7.0,350.352
A1001329,2019/7/18,SK-19990,二级,华东,山东,办公用品,系固件,Advantus,"Advantus 夹子, 混合尺寸",4.0,1.641
A1001328,2019/7/18,SK-19990,标准级,东北,辽宁,技术,电话,三星,"三星 办公室电话机, 蓝色",5.0,629.958
A1001328,2019/7/18,FH-14350,标准级,东北,辽宁,技术,配件,SanDisk,"SanDisk 鼠标, 回收",2.0,6.63
A1001332,2019/7/19,FH-14350,二级,东北,黑龙江,办公用品,收纳具,Rogers,"Rogers 文件车, 蓝色",5.0,799.96
A1001331,2019/7/19,FH-14350,二级,中南,广东,办公用品,器具,KitchenAid,"KitchenAid 咖啡研磨机, 红色",5.0,107.53
A1001331,2019/7/19,EH-13945,二级,中南,广东,办公用品,收纳具,Tenex,"Tenex 盒, 金属",7.0,73.98
A1001331,2019/7/19,EH-13945,二级,中南,广东,家具,书架,宜家,"宜家 古典书架, 传统",9.0,5.58
A1001331,2019/7/19,JE-15715,二级,中南,广东,家具,书架,宜家,"宜家 古典书架, 传统",3.0,49.12
A1001331,2019/7/19,KL-16645,二级,中南,广东,家具,椅子,Hon,"Hon 凳子, 可调",3.0,377.97
A1001331,2019/7/19,KL-16645,二级,中南,广东,家具,椅子,Hon,"Hon 凳子, 可调",2.0,42.28
A1001331,2019/7/19,KL-16645,二级,中南,广东,技术,复印机,Hewlett,"Hewlett 复印机, 每套两件",9.0,299.97
A1001331,2019/7/19,KL-16645,二级,中南,广东,技术,电话,思科,"思科 充电器, 蓝色",5.0,89.98
A1001330,2019/7/19,EB-13750,标准级,中南,河南,办公用品,标签,Harbour Creations,"Harbour Creations 可去除的标签, 可调",1.0,477.24
A1001330,2019/7/19,EB-13750,标准级,中南,河南,技术,电话,思科,"思科 信号增强器, 整包",9.0,25.98
A1001333,2019/7/19,BD-11725,标准级,华东,浙江,办公用品,收纳具,Fellowes,"Fellowes 盘, 工业",4.0,46.72
A1001333,2019/7/19,MS-17530,标准级,华东,浙江,办公用品,美术,Binney & Smith,"Binney & Smith 钢笔, 金属",3.0,35.34
A1001334,2019/7/20,SC-20770,标准级,东北,辽宁,办公用品,收纳具,Eldon,"Eldon 搁板, 单宽度",9.0,257.64
A1001334,2019/7/20,SC-20770,标准级,东北,辽宁,办公用品,收纳具,Rogers,"Rogers 文件车, 金属",1.0,125.976
A1001334,2019/7/20,FM-14380,标准级,东北,辽宁,家具,书架,Sauder,"Sauder 墙角架, 黑色",3.0,79.992
A1001334,2019/7/20,KT-16480,标准级,东北,辽宁,家具,椅子,Novimex,"Novimex 凳子, 每套两件",6.0,700.056
A1001335,2019/7/20,AP-10720,二级,西南,云南,办公用品,信封,Kraft,"Kraft 外皮和封条, 回收",7.0,27.168
A1001335,2019/7/20,RH-19555,二级,西南,云南,家具,椅子,Hon,"Hon 椅垫, 可调",5.0,8.226
A1001338,2019/7/23,CS-11950,标准级,中南,广西,办公用品,美术,Boston,"Boston 记号笔, 金属",5.0,585.552
A1001337,2019/7/23,TM-21010,标准级,华北,山西,办公用品,收纳具,Rogers,"Rogers 文件夹, 单宽度",1.0,423.28
A1001337,2019/7/23,HF-14995,标准级,华北,山西,办公用品,用品,Kleencut,"Kleencut 大剪刀, 蓝色",3.0,225.296
A1001336,2019/7/23,GA-14515,标准级,东北,辽宁,办公用品,美术,Stanley,"Stanley 钢笔, 整包",4.0,5.56
A1001336,2019/7/23,GA-14515,标准级,东北,辽宁,技术,复印机,Brother,"Brother 个人复印机, 数字化",2.0,323.37
A1001339,2019/7/25,GA-14515,二级,华北,内蒙古,办公用品,美术,Sanford,"Sanford 铅笔刀, 混合尺寸",5.0,783.96
A1001341,2019/7/25,GA-14515,一级,中南,广东,办公用品,收纳具,Smead,"Smead 锁柜, 单宽度",2.0,1447.65
A1001340,2019/7/25,GA-14515,标准级,西北,甘肃,办公用品,器具,KitchenAid,"KitchenAid 咖啡研磨机, 白色",6.0,11.96
A1001340,2019/7/25,ES-14020,标准级,西北,甘肃,办公用品,美术,BIC,"BIC 荧光笔, 金属",3.0,239.97
A1001342,2019/7/26,JP-16135,二级,华东,江苏,办公用品,标签,Hon,"Hon 可去除的标签, 红色",3.0,76.92
A1001342,2019/7/26,JP-16135,二级,华东,江苏,家具,书架,Sauder,"Sauder 柜, 黑色",9.0,481.32
A1001342,2019/7/26,Dp-13240,二级,华东,江苏,家具,椅子,Novimex,"Novimex 扶手椅, 黑色",4.0,48.4
A1001342,2019/7/26,NK-18490,二级,华东,江苏,家具,用具,Advantus,"Advantus 灯泡, 优质",5.0,0.99
A1001342,2019/7/26,NK-18490,二级,华东,江苏,家具,用具,Eldon,"Eldon 闹钟, 优质",7.0,101.84
A1001342,2019/7/26,PL-18925,二级,华东,江苏,技术,复印机,Hewlett,"Hewlett 墨水, 彩色",5.0,10.332
A1001343,2019/7/27,PL-18925,标准级,西北,陕西,家具,椅子,Office Star,"Office Star 沙滩椅, 黑色",5.0,31.155
A1001343,2019/7/27,PL-18925,标准级,西北,陕西,技术,电话,诺基亚,"诺基亚 信号增强器, 混合尺寸",2.0,8.928
A1001345,2019/7/28,RW-19690,当日,华东,山东,家具,用具,Advantus,"Advantus 分层置放架, 一包多件",10.0,34.384
A1001345,2019/7/28,RW-19690,当日,华东,山东,技术,设备,爱普生,"爱普生 卡片打印机, 红色",3.0,1924.16
A1001344,2019/7/28,MO-17950,标准级,华北,山西,技术,复印机,Brother,"Brother 个人复印机, 数字化",6.0,32.192
A1001346,2019/7/30,MO-17950,一级,华东,安徽,办公用品,标签,Smead,"Smead 合法证物标签, 白色",2.0,50.12
A1001349,2019/7/31,MO-17950,当日,西南,云南,办公用品,收纳具,Tenex,"Tenex 文件车, 蓝色",5.0,47.976
A1001349,2019/7/31,JJ-15445,当日,西南,云南,家具,用具,Deflect-O,"Deflect-O 灯泡, 一包多件",3.0,54.5
A1001348,2019/7/31,BT-11680,二级,中南,河南,办公用品,系固件,Advantus,"Advantus 回形针, 混合尺寸",3.0,19.104
A1001347,2019/7/31,RD-19585,标准级,华东,江苏,办公用品,用品,Elite,"Elite 美工刀, 工业",1.0,49.44
A1001347,2019/7/31,ML-17755,标准级,华东,江苏,办公用品,纸张,Eaton,"Eaton 计划信息表, 每包 12 个",5.0,10.368
A1001348,2019/7/31,JE-15745,二级,中南,河南,技术,配件,罗技,"罗技 闪存驱动器, 实惠",1.0,154.44
A1001350,2019/8/1,ER-13855,二级,华东,浙江,办公用品,信封,GlobeWeis,"GlobeWeis 商业信封, 银色",3.0,60.984
A1001351,2019/8/1,JM-15535,标准级,中南,广东,办公用品,系固件,Stockwell,"Stockwell 夹子, 每包 12 个",2.0,195.466
A1001351,2019/8/1,SS-20140,标准级,中南,广东,技术,复印机,Hewlett,"Hewlett 传真机, 红色",5.0,23.68
A1001352,2019/8/2,SS-20140,二级,中南,湖北,办公用品,器具,Breville,"Breville 烤面包机, 白色",10.0,2.376
A1001355,2019/8/2,TC-21295,二级,华东,浙江,技术,电话,思科,"思科 智能手机, 混合尺寸",2.0,59.2
A1001353,2019/8/2,HG-15025,二级,华北,河北,技术,电话,三星,"三星 办公室电话机, 蓝色",6.0,22.0
A1001354,2019/8/2,LD-17005,标准级,华东,福建,办公用品,器具,KitchenAid,"KitchenAid 烤面包机, 银色",3.0,257.98
A1001357,2019/8/3,AS-10285,一级,西北,甘肃,办公用品,装订机,Ibico,"Ibico 装订机, 耐用",10.0,23.988
A1001357,2019/8/3,MP-17965,一级,西北,甘肃,家具,椅子,Harbour Creations,"Harbour Creations 椅垫, 可调",5.0,23.976
A1001356,2019/8/3,CD-12790,一级,中南,河南,技术,配件,罗技,"罗技 记忆卡, 耐用",1.0,601.536
A1001358,2019/8/3,CD-12790,标准级,中南,广东,办公用品,信封,Jiffy,"Jiffy 外皮和封条, 每套 50 个",2.0,7.9
A1001358,2019/8/3,MD-17860,标准级,中南,广东,办公用品,收纳具,Tenex,"Tenex 盒, 蓝色",10.0,58.36
A1001358,2019/8/3,MD-17860,标准级,中南,广东,技术,配件,SanDisk,"SanDisk 闪存驱动器, 耐用",1.0,16.464
A1001359,2019/8/4,MD-17860,一级,中南,广东,办公用品,器具,Cuisinart,"Cuisinart 搅拌机, 黑色",9.0,39.96
A1001360,2019/8/4,BM-11650,标准级,西北,新疆,办公用品,收纳具,Rogers,"Rogers 文件夹, 金属",1.0,25.96
A1001362,2019/8/4,BM-11650,标准级,西南,云南,办公用品,信封,Kraft,"Kraft 马尼拉纸信封, 红色",6.0,36.27
A1001362,2019/8/4,BM-11650,标准级,西南,云南,家具,桌子,Bevis,"Bevis 会议桌, 组装",2.0,6.48
A1001361,2019/8/4,KN-16450,标准级,华北,河北,技术,配件,贝尔金,"贝尔金 鼠标, 耐用",4.0,1075.088
A1001363,2019/8/5,KN-16450,标准级,中南,河南,技术,复印机,Hewlett,"Hewlett 无线传真机, 彩色",3.0,438.368
A1001366,2019/8/6,KN-16450,当日,中南,湖南,办公用品,器具,KitchenAid,"KitchenAid 烤面包机, 黑色",5.0,18.088
A1001366,2019/8/6,KN-16450,当日,中南,湖南,办公用品,美术,Stanley,"Stanley 钢笔, 金属",2.0,308.499
A1001364,2019/8/6,IG-15085,二级,华东,浙江,技术,复印机,Brother,"Brother 无线传真机, 数字化",10.0,13.36
A1001365,2019/8/6,IG-15085,标准级,华东,安徽,办公用品,纸张,Enermax,"Enermax 羊皮纸, 优质",3.0,39.96
A1001368,2019/8/6,IG-15085,二级,华东,安徽,办公用品,收纳具,Rogers,"Rogers 锁柜, 蓝色",7.0,145.85
A1001367,2019/8/6,JS-15595,标准级,中南,海南,家具,用具,Eldon,"Eldon 框架, 一包多件",10.0,783.96
A1001367,2019/8/6,GA-14725,标准级,中南,海南,技术,复印机,Hewlett,"Hewlett 传真机, 红色",7.0,7.88
A1001372,2019/8/7,DL-13330,二级,华东,上海,办公用品,信封,GlobeWeis,"GlobeWeis 邮寄品, 回收",3.0,41.37
A1001370,2019/8/7,CS-12505,标准级,华东,安徽,办公用品,信封,GlobeWeis,"GlobeWeis 邮寄品, 银色",1.0,12.84
A1001370,2019/8/7,CS-12505,标准级,华东,安徽,办公用品,收纳具,Fellowes,"Fellowes 文件夹, 单宽度",10.0,25.68
A1001370,2019/8/7,CC-12145,标准级,华东,安徽,办公用品,纸张,SanDisk,"SanDisk 令, 优质",1.0,47.516
A1001370,2019/8/7,MH-18025,标准级,华东,安徽,家具,椅子,Harbour Creations,"Harbour Creations 沙滩椅, 黑色",1.0,9.42
A1001370,2019/8/7,MH-18025,标准级,华东,安徽,技术,复印机,夏普,"夏普 无线传真机, 彩色",2.0,12.96
A1001369,2019/8/7,MH-18025,标准级,华北,天津,技术,复印机,惠普,"惠普 传真机, 彩色",10.0,704.9
A1001369,2019/8/7,MH-18025,标准级,华北,天津,技术,电话,三星,"三星 充电器, 全尺寸",6.0,561.568
A1001371,2019/8/7,MP-18175,标准级,西南,重庆,办公用品,收纳具,Eldon,"Eldon 盒, 单宽度",3.0,179.82
A1001374,2019/8/8,MP-18175,当日,东北,吉林,办公用品,信封,Ames,"Ames 商业信封, 红色",3.0,185.58
A1001374,2019/8/8,MP-18175,当日,东北,吉林,办公用品,用品,Acme,"Acme 修剪器, 工业",1.0,214.11
A1001374,2019/8/8,MP-18175,当日,东北,吉林,办公用品,装订机,Avery,"Avery 装订机, 实惠",6.0,999.96
A1001377,2019/8/8,MP-18175,一级,华东,上海,办公用品,标签,Smead,"Smead 运输标签, 可调",5.0,653.55
A1001377,2019/8/8,DR-12940,一级,华东,上海,办公用品,纸张,Green Bar,"Green Bar 令, 优质",10.0,114.6
A1001376,2019/8/8,DR-12940,二级,中南,河南,办公用品,标签,Hon,"Hon 有色标签, 耐用",9.0,60.74
A1001376,2019/8/8,DR-12940,二级,中南,河南,家具,书架,Bush,"Bush 书库, 白色",3.0,124.36
A1001373,2019/8/8,DR-12940,标准级,东北,黑龙江,办公用品,信封,Jiffy,"Jiffy 局间信封, 红色",4.0,1088.76
A1001375,2019/8/8,DM-13015,标准级,华北,北京,家具,书架,Sauder,"Sauder 书库, 传统",4.0,6.72
A1001378,2019/8/8,DM-13015,标准级,西南,云南,办公用品,系固件,Advantus,"Advantus 橡皮筋, 整包",8.0,298.776
A1001378,2019/8/8,BD-11620,标准级,西南,云南,办公用品,装订机,Wilson Jones,"Wilson Jones 标签, 实惠",7.0,302.376
A1001378,2019/8/8,DC-12850,标准级,西南,云南,技术,复印机,夏普,"夏普 传真复印机, 数字化",3.0,8.928
A1001379,2019/8/9,DC-12850,二级,东北,吉林,办公用品,信封,Cameo,"Cameo 马尼拉纸信封, 银色",3.0,47.584
A1001380,2019/8/9,MT-18070,一级,中南,广东,家具,书架,Sauder,"Sauder 书库, 传统",3.0,33.792
A1001379,2019/8/9,MT-18070,二级,东北,吉林,家具,桌子,Hon,"Hon 圆桌, 黑色",1.0,300.5328
A1001379,2019/8/9,MT-18070,二级,东北,吉林,家具,椅子,Office Star,"Office Star 椅垫, 红色",4.0,2.724
A1001379,2019/8/9,MT-18070,二级,东北,吉林,技术,电话,诺基亚,"诺基亚 办公室电话机, 全尺寸",10.0,3.264
A1001381,2019/8/9,MJ-17740,标准级,华北,天津,办公用品,美术,Stanley,"Stanley 记号笔, 整包",8.0,108.336
A1001382,2019/8/9,MJ-17740,标准级,中南,广西,家具,桌子,Chromcraft,"Chromcraft 培训桌, 组装",1.0,55.92
A1001387,2019/8/10,MJ-17740,当日,华东,山东,办公用品,器具,Breville,"Breville 冰箱, 银色",8.0,78.304
A1001389,2019/8/10,ND-18370,当日,中南,广东,家具,书架,Bush,"Bush 搁架, 黑色",2.0,443.92
A1001387,2019/8/10,ND-18370,当日,华东,山东,技术,设备,StarTech,"StarTech 收据打印机, 红色",2.0,155.976
A1001386,2019/8/10,CA-11965,一级,华东,山东,办公用品,信封,Jiffy,"Jiffy 局间信封, 红色",9.0,15.47
A1001386,2019/8/10,CA-11965,一级,华东,山东,办公用品,标签,Avery,"Avery 有色标签, 红色",1.0,7.16
A1001386,2019/8/10,GA-14725,一级,华东,山东,家具,用具,Tenex,"Tenex 框架, 优质",9.0,10.89
A1001388,2019/8/10,GA-14725,二级,华东,山东,办公用品,纸张,Enermax,"Enermax 羊皮纸, 每包 12 个",6.0,19.44
A1001388,2019/8/10,GA-14725,二级,华东,山东,办公用品,装订机,Avery,"Avery 订书机, 透明",2.0,121.6
A1001388,2019/8/10,TC-21295,二级,华东,山东,办公用品,装订机,Wilson Jones,"Wilson Jones 装订机盖, 回收",9.0,695.7
A1001388,2019/8/10,JB-15400,二级,华东,山东,家具,桌子,Hon,"Hon 电脑桌, 组装",5.0,120.33
A1001388,2019/8/10,CK-12325,二级,华东,山东,技术,复印机,Brother,"Brother 个人复印机, 红色",9.0,1139.92
A1001388,2019/8/10,RL-19615,二级,华东,山东,技术,复印机,夏普,"夏普 传真机, 彩色",3.0,229.544
A1001388,2019/8/10,AC-10660,二级,华东,山东,技术,设备,StarTech,"StarTech 电话, 多色",3.0,143.728
A1001383,2019/8/10,BH-11710,标准级,华东,上海,办公用品,标签,Novimex,"Novimex 圆形标签, 红色",2.0,36.048
A1001385,2019/8/10,BG-11695,二级,中南,湖南,技术,电话,摩托罗拉,"摩托罗拉 办公室电话机, 全尺寸",2.0,845.488
A1001384,2019/8/10,XP-21865,标准级,西南,云南,技术,复印机,Brother,"Brother 传真机, 彩色",10.0,50.94
A1001384,2019/8/10,SN-20560,标准级,西南,云南,技术,电话,三星,"三星 办公室电话机, 混合尺寸",10.0,762.594
A1001391,2019/8/11,DM-13345,二级,华东,福建,办公用品,用品,Acme,"Acme 美工刀, 锯齿状",2.0,56.28
A1001391,2019/8/11,DM-13345,二级,华东,福建,办公用品,用品,Fiskars,"Fiskars 尺子, 蓝色",3.0,2690.97
A1001394,2019/8/11,AJ-10780,二级,西北,甘肃,办公用品,信封,Cameo,"Cameo 商业信封, 红色",1.0,7.434
A1001394,2019/8/11,KC-16255,二级,西北,甘肃,办公用品,用品,Fiskars,"Fiskars 剪刀, 蓝色",9.0,64.784
A1001391,2019/8/11,VF-21715,二级,华东,福建,家具,书架,Sauder,"Sauder 柜, 金属",1.0,28.16
A1001391,2019/8/11,SV-20935,二级,华东,福建,技术,复印机,夏普,"夏普 复印机, 红色",10.0,14.98
A1001394,2019/8/11,SV-20935,二级,西北,甘肃,技术,复印机,Brother,"Brother 墨水, 彩色",8.0,20.32
A1001393,2019/8/11,EM-13810,标准级,东北,辽宁,办公用品,标签,Hon,"Hon 有色标签, 耐用",7.0,40.29
A1001390,2019/8/11,RB-19360,标准级,中南,湖南,家具,书架,Sauder,"Sauder 书库, 白色",5.0,20.23
A1001392,2019/8/11,DJ-13510,标准级,中南,湖南,家具,椅子,Harbour Creations,"Harbour Creations 椅垫, 可调",7.0,1603.136
A1001392,2019/8/11,CC-12370,标准级,中南,湖南,技术,电话,思科,"思科 智能手机, 整包",1.0,225.296
A1001395,2019/8/12,SC-20380,标准级,华东,上海,技术,复印机,佳能,"佳能 复印机, 数字化",10.0,67.8
A1001399,2019/8/13,SC-20380,一级,中南,河南,办公用品,用品,Stiletto,"Stiletto 修剪器, 蓝色",6.0,377.97
A1001399,2019/8/13,SC-20380,一级,中南,河南,办公用品,纸张,Eaton,"Eaton 备忘录便条, 多色",10.0,1628.82
A1001399,2019/8/13,SC-20380,一级,中南,河南,办公用品,纸张,施乐,"施乐 令, 回收",5.0,286.93
A1001399,2019/8/13,RH-19495,一级,中南,河南,办公用品,装订机,Wilson Jones,"Wilson Jones 装订机盖, 回收",7.0,20.736
A1001402,2019/8/13,JK-15370,一级,华东,福建,办公用品,信封,GlobeWeis,"GlobeWeis 马尼拉纸信封, 红色",9.0,31.44
A1001403,2019/8/13,JK-15370,二级,华东,山东,办公用品,标签,Smead,"Smead 文件夹标签, 红色",1.0,83.79
A1001404,2019/8/13,JK-15370,一级,中南,湖南,办公用品,器具,Breville,"Breville 烤面包机, 银色",5.0,59.52
A1001404,2019/8/13,JK-15370,一级,中南,湖南,技术,配件,贝尔金,"贝尔金 键区, 回收",3.0,31.92
A1001405,2019/8/13,AF-10885,标准级,东北,吉林,办公用品,系固件,Accos,"Accos 橡皮筋, 金属",10.0,14.72
A1001405,2019/8/13,AF-10885,标准级,东北,吉林,家具,椅子,Safco,"SAFCO 沙滩椅, 可调",1.0,38.976
A1001401,2019/8/13,LC-16885,标准级,华东,山东,家具,椅子,Harbour Creations,"Harbour Creations 扶手椅, 每套两件",8.0,17.088
A1001400,2019/8/13,BF-11275,标准级,中南,湖南,家具,椅子,Harbour Creations,"Harbour Creations 摇椅, 红色",10.0,74.352
A1001396,2019/8/13,BF-11275,标准级,东北,吉林,技术,复印机,佳能,"佳能 墨水, 红色",9.0,314.352
A1001397,2019/8/13,SC-20800,标准级,东北,吉林,技术,电话,诺基亚,"诺基亚 音频基座, 全尺寸",2.0,4.26
A1001398,2019/8/13,SW-20275,标准级,东北,辽宁,办公用品,装订机,Cardinal,"Cardinal 孔加固材料, 透明",3.0,811.28
A1001398,2019/8/13,MC-17845,标准级,东北,辽宁,家具,椅子,Hon,"Hon 椅垫, 红色",5.0,6.03
A1001413,2019/8/14,TD-20995,一级,西北,甘肃,办公用品,美术,Boston,"Boston 钢笔, 整包",10.0,153.568
A1001411,2019/8/14,TD-20995,一级,华东,山东,办公用品,器具,Hoover,"Hoover 咖啡研磨机, 黑色",10.0,1013.488
A1001406,2019/8/14,Dp-13240,二级,华东,江苏,办公用品,标签,Hon,"Hon 圆形标签, 红色",1.0,52.34
A1001406,2019/8/14,Dp-13240,二级,华东,江苏,办公用品,用品,Fiskars,"Fiskars 剪刀, 蓝色",5.0,4.66
A1001406,2019/8/14,Dp-13240,二级,华东,江苏,办公用品,装订机,Acco,"Acco 订书机, 透明",1.0,254.97
A1001406,2019/8/14,SD-20485,二级,华东,江苏,家具,书架,宜家,"宜家 书架, 金属",1.0,25.44
A1001407,2019/8/14,SD-20485,标准级,中南,海南,办公用品,收纳具,Rogers,"Rogers 盘, 单宽度",7.0,27.93
A1001415,2019/8/14,TM-21010,二级,中南,河南,办公用品,器具,Breville,"Breville 咖啡研磨机, 白色",3.0,8.85
A1001407,2019/8/14,BK-11260,标准级,中南,海南,家具,用具,Eldon,"Eldon 相框, 耐用",2.0,6.96
A1001410,2019/8/14,JF-15490,标准级,华东,福建,技术,配件,Memorex,"Memorex 路由器, 实惠",6.0,17.456
A1001414,2019/8/14,EP-13915,标准级,东北,黑龙江,办公用品,信封,Jiffy,"Jiffy 局间信封, 回收",5.0,307.92
A1001409,2019/8/14,EP-13915,标准级,西南,四川,办公用品,器具,Cuisinart,"Cuisinart 冰箱, 白色",1.0,6.63
A1001412,2019/8/14,EP-13915,二级,中南,河南,家具,椅子,Office Star,"Office Star 扶手椅, 可调",2.0,12.96
A1001414,2019/8/14,EP-13915,标准级,东北,黑龙江,家具,用具,Rubbermaid,"Rubvermaid 灯泡, 耐用",10.0,32.4
A1001408,2019/8/14,KH-16630,二级,华东,福建,家具,书架,Safco,"Safco 搁架, 传统",8.0,23.85
A1001408,2019/8/14,HG-14845,二级,华东,福建,技术,复印机,佳能,"佳能 传真复印机, 每套两件",8.0,51.96
A1001417,2019/8/15,HG-14845,当日,西南,四川,办公用品,装订机,Ibico,"Ibico 装订机盖, 回收",4.0,17.94
A1001420,2019/8/15,JC-16105,二级,东北,辽宁,办公用品,纸张,SanDisk,"SanDisk 令, 优质",3.0,11.56
A1001419,2019/8/15,JC-16105,二级,华东,山东,办公用品,系固件,OIC,"OIC 订书钉, 金属",5.0,26.4
A1001420,2019/8/15,JC-16105,二级,东北,辽宁,家具,书架,Sauder,"Sauder 书库, 黑色",4.0,69.08
A1001418,2019/8/15,JC-16105,二级,华东,山东,办公用品,收纳具,Tenex,"Tenex 文件车, 金属",10.0,35.88
A1001418,2019/8/15,KM-16720,二级,华东,山东,家具,用具,Rubbermaid,"Rubvermaid 灯泡, 耐用",3.0,49.65
A1001418,2019/8/15,EB-13975,二级,华东,山东,技术,配件,Memorex,"Memorex 鼠标, 耐用",8.0,959.968
A1001416,2019/8/15,PW-19240,标准级,中南,湖南,家具,书架,Bush,"Bush 古典书架, 黑色",2.0,408.422
A1001421,2019/8/15,PG-18895,标准级,东北,吉林,技术,设备,爱普生,"爱普生 喷墨打印机, 多色",1.0,479.984
A1001424,2019/8/16,PG-18895,一级,华北,内蒙古,办公用品,系固件,Stockwell,"Stockwell 按钉, 整包",2.0,12.6
A1001426,2019/8/16,DB-12910,标准级,中南,广东,办公用品,收纳具,Smead,"Smead 搁板, 单宽度",7.0,184.66
A1001425,2019/8/16,CR-12730,标准级,华东,安徽,办公用品,标签,Harbour Creations,"Harbour Creations 合法证物标签, 白色",3.0,23.12
A1001425,2019/8/16,KH-16330,标准级,华东,安徽,办公用品,系固件,OIC,"OIC 夹子, 混合尺寸",2.0,37.464
A1001425,2019/8/16,KH-16330,标准级,华东,安徽,办公用品,美术,Sanford,"Sanford 铅笔刀, 混合尺寸",1.0,539.658
A1001425,2019/8/16,CS-12400,标准级,华东,安徽,办公用品,装订机,Cardinal,"Cardinal 订书机, 实惠",2.0,310.12
A1001425,2019/8/16,DL-12925,标准级,华东,安徽,技术,复印机,夏普,"夏普 传真机, 彩色",5.0,8.56
A1001425,2019/8/16,DL-12925,标准级,华东,安徽,技术,电话,诺基亚,"诺基亚 信号增强器, 混合尺寸",2.0,52.4
A1001425,2019/8/16,DL-12925,标准级,华东,安徽,技术,电话,诺基亚,"诺基亚 耳机, 全尺寸",6.0,14.94
A1001425,2019/8/16,ME-17725,标准级,华东,安徽,技术,配件,Memorex,"Memorex 闪存驱动器, 耐用",1.0,11.22
A1001422,2019/8/16,VD-21670,标准级,中南,广东,办公用品,用品,Elite,"Elite 开信刀, 蓝色",5.0,387.136
A1001422,2019/8/16,CK-12205,标准级,中南,广东,办公用品,系固件,Accos,"Accos 图钉, 每包 12 个",2.0,41.4
A1001422,2019/8/16,CK-12205,标准级,中南,广东,家具,桌子,Hon,"Hon 圆桌, 组装",5.0,35.0
A1001423,2019/8/16,CK-12205,标准级,华北,河北,办公用品,装订机,Acco,"Acco 装订机, 透明",5.0,39.552
A1001428,2019/8/18,DL-12925,标准级,西南,重庆,办公用品,信封,Ames,"Ames 商业信封, 回收",9.0,135.72
A1001427,2019/8/18,DL-12925,二级,华东,江西,办公用品,纸张,Enermax,"Enermax 笔记本, 每包 12 个",9.0,12.56
A1001427,2019/8/18,DL-12925,二级,华东,江西,技术,复印机,佳能,"佳能 复印机, 每套两件",5.0,263.96
A1001429,2019/8/18,SE-20110,标准级,华东,江苏,办公用品,纸张,Green Bar,"Green Bar 令, 优质",10.0,5.952
A1001429,2019/8/18,LS-17200,标准级,华东,江苏,办公用品,装订机,Ibico,"Ibico 订书机, 回收",8.0,15.8
A1001430,2019/8/19,LS-17200,当日,东北,黑龙江,办公用品,器具,Breville,"Breville 咖啡研磨机, 黑色",8.0,14.368
A1001430,2019/8/19,LS-17200,当日,东北,黑龙江,办公用品,装订机,Acco,"Acco 订书机, 耐用",5.0,70.448
A1001430,2019/8/19,MM-17920,当日,东北,黑龙江,家具,椅子,Harbour Creations,"Harbour Creations 摇椅, 黑色",2.0,129.3
A1001431,2019/8/20,DB-13270,二级,华东,上海,办公用品,系固件,OIC,"OIC 图钉, 整包",4.0,3.882
A1001431,2019/8/20,RW-19630,二级,华东,上海,家具,椅子,Safco,"SAFCO 凳子, 每套两件",7.0,6.08
A1001434,2019/8/20,JM-16195,标准级,华北,内蒙古,办公用品,信封,GlobeWeis,"GlobeWeis 邮寄品, 回收",6.0,19.9
A1001434,2019/8/20,JM-16195,标准级,华北,内蒙古,办公用品,器具,Breville,"Breville 冰箱, 白色",1.0,70.71
A1001434,2019/8/20,BP-11155,标准级,华北,内蒙古,办公用品,系固件,Advantus,"Advantus 按钉, 混合尺寸",6.0,18.84
A1001434,2019/8/20,CT-11995,标准级,华北,内蒙古,办公用品,装订机,Ibico,"Ibico 孔加固材料, 耐用",5.0,8.64
A1001432,2019/8/20,TH-21550,标准级,东北,黑龙江,办公用品,收纳具,Rogers,"Rogers 搁板, 金属",6.0,1633.188
A1001432,2019/8/20,ME-17320,标准级,东北,黑龙江,办公用品,标签,Harbour Creations,"Harbour Creations 运输标签, 红色",6.0,19.76
A1001432,2019/8/20,TT-21220,标准级,东北,黑龙江,办公用品,用品,Acme,"Acme 修剪器, 钢",5.0,6.608
A1001432,2019/8/20,TT-21220,标准级,东北,黑龙江,家具,书架,Sauder,"Sauder 柜, 黑色",9.0,7.28
A1001432,2019/8/20,TT-21220,标准级,东北,黑龙江,家具,用具,Tenex,"Tenex 框架, 耐用",10.0,144.784
A1001435,2019/8/20,GT-14710,标准级,东北,吉林,办公用品,信封,Kraft,"Kraft 邮寄品, 红色",2.0,156.792
A1001433,2019/8/20,GT-14710,标准级,中南,广东,家具,书架,Bush,"Bush 柜, 黑色",3.0,431.976
A1001433,2019/8/20,GT-14710,标准级,中南,广东,家具,用具,Tenex,"Tenex 门挡, 一包多件",5.0,35.89
A1001435,2019/8/20,GT-14710,标准级,东北,吉林,技术,设备,爱普生,"爱普生 喷墨打印机, 耐用",7.0,47.208
A1001436,2019/8/21,GT-14710,二级,西北,甘肃,办公用品,收纳具,Fellowes,"Fellowes 锁柜, 单宽度",1.0,248.08
A1001436,2019/8/21,GT-14710,二级,西北,甘肃,家具,用具,Advantus,"Advantus 闹钟, 优质",5.0,189.7
A1001440,2019/8/21,GT-14710,二级,中南,湖南,家具,书架,Bush,"Bush 搁架, 黑色",5.0,59.808
A1001440,2019/8/21,JD-16150,二级,中南,湖南,家具,椅子,Safco,"SAFCO 凳子, 每套两件",2.0,90.99
A1001439,2019/8/21,JD-16150,二级,华东,山东,办公用品,装订机,Cardinal,"Cardinal 孔加固材料, 回收",3.0,1526.56
A1001438,2019/8/21,JD-16150,标准级,华东,山东,办公用品,用品,Acme,"Acme 大剪刀, 蓝色",3.0,368.97
A1001439,2019/8/21,MC-18100,二级,华东,山东,家具,椅子,Harbour Creations,"Harbour Creations 沙滩椅, 每套两件",2.0,305.01
A1001438,2019/8/21,MC-18100,标准级,华东,山东,家具,椅子,Office Star,"Office Star 折叠椅, 黑色",5.0,18.7
A1001437,2019/8/21,LH-17020,标准级,中南,广东,办公用品,纸张,Green Bar,"Green Bar 计划信息表, 回收",5.0,38.29
A1001443,2019/8/22,MP-18175,二级,中南,湖南,家具,椅子,Hon,"Hon 凳子, 每套两件",6.0,26.25
A1001442,2019/8/22,MP-18175,二级,东北,辽宁,办公用品,标签,Novimex,"Novimex 圆形标签, 可调",1.0,64.96
A1001442,2019/8/22,MP-18175,二级,东北,辽宁,技术,复印机,夏普,"夏普 墨水, 每套两件",6.0,43.7
A1001441,2019/8/22,EM-14140,标准级,东北,辽宁,办公用品,用品,Fiskars,"Fiskars 尺子, 锯齿状",6.0,41.6
A1001441,2019/8/22,EM-14140,标准级,东北,辽宁,家具,椅子,Hon,"Hon 摇椅, 红色",3.0,23.12
A1001441,2019/8/22,EM-14140,标准级,东北,辽宁,家具,椅子,Safco,"SAFCO 扶手椅, 红色",1.0,113.888
A1001441,2019/8/22,EM-14140,标准级,东北,辽宁,家具,用具,Tenex,"Tenex 相框, 优质",2.0,113.568
A1001445,2019/8/23,EM-14140,二级,中南,广东,家具,用具,Tenex,"Tenex 门挡, 黑色",3.0,7.92
A1001444,2019/8/23,EM-14140,标准级,华东,山东,办公用品,收纳具,Rogers,"Rogers 文件夹, 金属",1.0,671.984
A1001446,2019/8/23,GG-14650,标准级,西南,重庆,家具,用具,Eldon,"Eldon 相框, 优质",2.0,39.99
A1001447,2019/8/24,MA-17995,一级,西南,四川,办公用品,收纳具,Tenex,"Tenex 文件夹, 金属",2.0,191.646
A1001449,2019/8/24,SH-20395,标准级,华东,山东,办公用品,美术,Binney & Smith,"Binney & Smith 钢笔, 蓝色",6.0,2.313
A1001450,2019/8/24,KT-16465,标准级,中南,广东,办公用品,收纳具,Smead,"Smead 盘, 金属",6.0,19.936
A1001450,2019/8/24,KT-16465,标准级,中南,广东,办公用品,纸张,SanDisk,"SanDisk 备忘录便条, 优质",2.0,45.92
A1001450,2019/8/24,PO-19180,标准级,中南,广东,家具,用具,Deflect-O,"Deflect-O 分层置放架, 黑色",3.0,20.34
A1001450,2019/8/24,PO-19180,标准级,中南,广东,技术,配件,SanDisk,"SanDisk 路由器, 可编程",10.0,39.28
A1001448,2019/8/24,AY-10555,标准级,东北,黑龙江,办公用品,信封,Kraft,"Kraft 外皮和封条, 每套 50 个",1.0,81.568
A1001448,2019/8/24,AY-10555,标准级,东北,黑龙江,家具,用具,Rubbermaid,"Rubvermaid 闹钟, 优质",10.0,97.184
A1001454,2019/8/25,AY-10555,一级,华东,安徽,办公用品,装订机,Cardinal,"Cardinal 装订机, 回收",5.0,24.32
A1001454,2019/8/25,AY-10555,一级,华东,安徽,办公用品,装订机,Cardinal,"Cardinal 装订机, 实惠",5.0,18.96
A1001453,2019/8/25,Co-12640,二级,华北,天津,办公用品,系固件,Stockwell,"Stockwell 回形针, 整包",1.0,32.952
A1001453,2019/8/25,Co-12640,二级,华北,天津,家具,椅子,Safco,"SAFCO 折叠椅, 每套两件",3.0,30.016
A1001451,2019/8/25,JF-15565,二级,华东,上海,家具,书架,宜家,"宜家 搁架, 金属",6.0,499.584
A1001451,2019/8/25,JF-15565,二级,华东,上海,技术,复印机,Hewlett,"Hewlett 墨水, 彩色",8.0,31.104
A1001452,2019/8/25,JF-15565,标准级,华北,河北,技术,复印机,惠普,"惠普 复印机, 红色",1.0,13.272
A1001455,2019/8/27,JF-15565,二级,华东,山东,办公用品,信封,Kraft,"Kraft 邮寄品, 银色",4.0,28.272
A1001455,2019/8/27,JF-15565,二级,华东,山东,家具,椅子,Novimex,"Novimex 椅垫, 可调",9.0,259.136
A1001455,2019/8/27,AR-10510,二级,华东,山东,家具,椅子,Safco,"SAFCO 沙滩椅, 可调",2.0,10.8
A1001456,2019/8/27,AG-10675,标准级,中南,广东,办公用品,装订机,Ibico,"Ibico 订书机, 实惠",1.0,244.006
A1001457,2019/8/27,AG-10675,标准级,西北,陕西,办公用品,信封,Cameo,"Cameo 邮寄品, 每套 50 个",5.0,15.936
A1001458,2019/8/27,DV-13045,标准级,中南,广东,办公用品,信封,Ames,"Ames 邮寄品, 银色",3.0,188.552
A1001462,2019/8/28,HL-15040,当日,华东,上海,办公用品,系固件,Accos,"Accos 按钉, 每包 12 个",4.0,22.58
A1001459,2019/8/28,ND-18370,标准级,东北,黑龙江,办公用品,收纳具,Eldon,"Eldon 搁板, 蓝色",5.0,545.94
A1001459,2019/8/28,GB-14575,标准级,东北,黑龙江,办公用品,装订机,Cardinal,"Cardinal 装订机, 耐用",10.0,20.736
A1001459,2019/8/28,GB-14575,标准级,东北,黑龙江,办公用品,装订机,Ibico,"Ibico 标签, 回收",2.0,43.296
A1001459,2019/8/28,CL-12565,标准级,东北,黑龙江,家具,椅子,Safco,"SAFCO 椅垫, 红色",5.0,123.136
A1001464,2019/8/28,CL-12565,标准级,华东,上海,家具,书架,宜家,"宜家 搁架, 黑色",6.0,11.264
A1001463,2019/8/28,RC-19960,标准级,华东,江苏,家具,桌子,Bevis,"Bevis 培训桌, 黑色",3.0,53.424
A1001461,2019/8/28,RC-19960,标准级,华东,安徽,家具,椅子,Hon,"Hon 椅垫, 可调",3.0,275.49
A1001460,2019/8/28,JB-16045,标准级,东北,黑龙江,家具,椅子,Office Star,"Office Star 摇椅, 每套两件",1.0,24.96
A1001461,2019/8/28,JB-16045,标准级,华东,安徽,技术,复印机,佳能,"佳能 墨水, 彩色",4.0,19.36
A1001471,2019/8/29,JB-16045,当日,中南,湖南,技术,电话,摩托罗拉,"摩托罗拉 音频基座, 整包",9.0,1267.65
A1001465,2019/8/29,MC-17635,二级,华北,河北,技术,复印机,夏普,"夏普 复印机, 彩色",5.0,12.99
A1001469,2019/8/29,MC-17635,标准级,中南,广东,办公用品,收纳具,Smead,"Smead 文件车, 金属",3.0,18.56
A1001470,2019/8/29,MC-17635,标准级,西北,甘肃,办公用品,收纳具,Smead,"Smead 文件车, 蓝色",1.0,449.15
A1001469,2019/8/29,MC-17635,标准级,中南,广东,办公用品,美术,Stanley,"Stanley 铅笔刀, 蓝色",4.0,31.248
A1001468,2019/8/29,TT-21265,标准级,东北,吉林,办公用品,纸张,SanDisk,"SanDisk 信纸, 多色",5.0,61.44
A1001466,2019/8/29,MJ-17740,标准级,中南,广东,家具,书架,Sauder,"Sauder 书库, 黑色",1.0,895.92
A1001469,2019/8/29,AT-10735,标准级,中南,广东,家具,桌子,Barricks,"Barricks 木桌, 组装",9.0,55.36
A1001470,2019/8/29,PB-19150,标准级,西北,甘肃,家具,用具,Tenex,"Tenex 框架, 优质",3.0,55.92
A1001468,2019/8/29,NW-18400,标准级,东北,吉林,技术,复印机,惠普,"惠普 传真复印机, 红色",2.0,24.896
A1001467,2019/8/29,NW-18400,标准级,华北,河北,办公用品,纸张,Eaton,"Eaton 令, 每包 12 个",7.0,3.984
A1001467,2019/8/29,NW-18400,标准级,华北,河北,办公用品,纸张,Green Bar,"Green Bar 羊皮纸, 优质",2.0,95.968
A1001467,2019/8/29,NW-18400,标准级,华北,河北,家具,书架,宜家,"宜家 古典书架, 白色",5.0,206.991
A1001474,2019/8/30,NW-18400,二级,东北,辽宁,家具,桌子,Chromcraft,"Chromcraft 木桌, 白色",7.0,44.416
A1001473,2019/8/30,NW-18400,标准级,华北,内蒙古,办公用品,装订机,Wilson Jones,"Wilson Jones 订书机, 耐用",6.0,9.006
A1001472,2019/8/30,VP-21730,标准级,东北,黑龙江,技术,设备,柯尼卡,"柯尼卡 收据打印机, 多色",7.0,19.0
A1001475,2019/8/31,RD-19810,标准级,华东,安徽,办公用品,器具,KitchenAid,"KitchenAid 冰箱, 银色",2.0,33.376
A1001479,2019/8/31,MG-17875,标准级,中南,广西,技术,设备,StarTech,"StarTech 喷墨打印机, 白色",9.0,207.48
A1001478,2019/8/31,PA-19060,标准级,中南,广东,办公用品,信封,Ames,"Ames 马尼拉纸信封, 红色",8.0,91.68
A1001478,2019/8/31,CR-12730,标准级,中南,广东,技术,设备,柯尼卡,"柯尼卡 收据打印机, 耐用",5.0,904.9
A1001477,2019/8/31,AA-10375,标准级,中南,广东,办公用品,装订机,Ibico,"Ibico 装订机盖, 透明",2.0,34.272
A1001480,2019/9/1,RR-19525,二级,华北,内蒙古,办公用品,装订机,Cardinal,"Cardinal 装订机盖, 透明",5.0,243.88
A1001480,2019/9/1,SR-20425,二级,华北,内蒙古,家具,椅子,Novimex,"Novimex 摇椅, 可调",1.0,12.03
A1001483,2019/9/1,SR-20425,二级,东北,黑龙江,家具,书架,Bush,"Bush 书架, 黑色",5.0,2549.985
A1001481,2019/9/1,SR-20425,标准级,中南,湖南,办公用品,装订机,Cardinal,"Cardinal 装订机盖, 耐用",5.0,21.594
A1001482,2019/9/1,SR-20425,二级,华东,山东,办公用品,收纳具,Smead,"Smead 盘, 单宽度",2.0,8.964
A1001486,2019/9/3,SR-20425,一级,华北,河北,技术,设备,冲电器,"冲电器 打印机, 白色",1.0,20.736
A1001485,2019/9/3,LS-16975,标准级,华东,浙江,办公用品,纸张,Green Bar,"Green Bar 备忘录便条, 多色",3.0,344.22
A1001487,2019/9/3,MH-18115,标准级,中南,广西,技术,电话,摩托罗拉,"摩托罗拉 办公室电话机, 全尺寸",5.0,727.296
A1001484,2019/9/3,MH-18115,标准级,华东,江西,技术,设备,柯尼卡,"柯尼卡 打印机, 白色",2.0,22.608
A1001488,2019/9/4,MH-18115,标准级,西南,云南,办公用品,标签,Hon,"Hon 运输标签, 可调",5.0,666.4
A1001488,2019/9/4,SC-20095,标准级,西南,云南,办公用品,纸张,Enermax,"Enermax 信纸, 回收",8.0,5.04
A1001488,2019/9/4,SC-20095,标准级,西南,云南,办公用品,装订机,Acco,"Acco 订书机, 实惠",3.0,92.94
A1001488,2019/9/4,SC-20095,标准级,西南,云南,家具,椅子,Novimex,"Novimex 沙滩椅, 每套两件",3.0,66.69
A1001489,2019/9/4,SC-20095,二级,中南,广东,办公用品,器具,Breville,"Breville 微波炉, 白色",9.0,91.68
A1001490,2019/9/4,JB-16000,标准级,西南,云南,家具,椅子,Novimex,"Novimex 凳子, 可调",1.0,327.7328
A1001494,2019/9/5,AC-10450,二级,中南,广东,办公用品,纸张,Eaton,"Eaton 备忘录便条, 回收",1.0,52.272
A1001494,2019/9/5,AC-10450,二级,中南,广东,家具,椅子,Harbour Creations,"Harbour Creations 折叠椅, 红色",1.0,17.94
A1001492,2019/9/5,MO-17800,二级,中南,湖南,办公用品,信封,Cameo,"Cameo 邮寄品, 每套 50 个",4.0,254.352
A1001492,2019/9/5,RB-19645,二级,中南,湖南,办公用品,用品,Acme,"Acme 大剪刀, 蓝色",6.0,8.288
A1001492,2019/9/5,AI-10855,二级,中南,湖南,家具,用具,Advantus,"Advantus 分层置放架, 耐用",4.0,504.9
A1001493,2019/9/5,DR-12880,标准级,东北,吉林,办公用品,收纳具,Smead,"Smead 搁板, 工业",3.0,403.168
A1001493,2019/9/5,DM-12955,标准级,东北,吉林,技术,复印机,惠普,"惠普 复印机, 每套两件",8.0,194.32
A1001491,2019/9/5,DM-12955,标准级,华北,天津,办公用品,美术,BIC,"BIC 荧光笔, 整包",3.0,25.99
A1001491,2019/9/5,JH-16180,标准级,华北,天津,家具,椅子,Office Star,"Office Star 椅垫, 黑色",2.0,195.136
A1001495,2019/9/6,AB-10060,二级,华东,山东,办公用品,纸张,SanDisk,"SanDisk 信纸, 优质",1.0,20.736
A1001495,2019/9/6,BD-11605,二级,华东,山东,办公用品,美术,Binney & Smith,"Binney & Smith 画布, 整包",5.0,53.7
A1001496,2019/9/6,BD-11605,标准级,西南,云南,办公用品,信封,Ames,"Ames 邮寄品, 银色",5.0,36.26
A1001499,2019/9/7,BD-11605,二级,华东,安徽,办公用品,纸张,施乐,"施乐 备忘录便条, 多色",7.0,56.3
A1001499,2019/9/7,BD-11605,二级,华东,安徽,家具,椅子,Harbour Creations,"Harbour Creations 沙滩椅, 红色",9.0,32.4
A1001498,2019/9/7,BD-11605,标准级,华北,河北,办公用品,标签,Harbour Creations,"Harbour Creations 文件夹标签, 白色",4.0,29.16
A1001497,2019/9/7,AS-10045,标准级,华东,安徽,办公用品,信封,GlobeWeis,"GlobeWeis 外皮和封条, 银色",6.0,171.288
A1001497,2019/9/7,ZD-21925,标准级,华东,安徽,办公用品,收纳具,Fellowes,"Fellowes 搁板, 蓝色",7.0,16.72
A1001501,2019/9/7,KF-16285,标准级,华东,福建,办公用品,系固件,Stockwell,"Stockwell 订书钉, 混合尺寸",3.0,12.96
A1001501,2019/9/7,KF-16285,标准级,华东,福建,办公用品,美术,Boston,"Boston 荧光笔, 整包",3.0,22.18
A1001498,2019/9/7,KF-16285,标准级,华北,河北,技术,复印机,Brother,"Brother 传真机, 红色",9.0,2054.272
A1001500,2019/9/7,BP-11230,二级,西北,陕西,办公用品,信封,Ames,"Ames 搭扣信封, 每套 50 个",8.0,1022.97
A1001500,2019/9/7,CC-12430,二级,西北,陕西,办公用品,收纳具,Tenex,"Tenex 盒, 金属",6.0,13.9
A1001503,2019/9/7,CC-12430,标准级,东北,辽宁,办公用品,系固件,Advantus,"Advantus 按钉, 整包",8.0,26.38
A1001500,2019/9/7,DB-13615,二级,西北,陕西,家具,椅子,Hon,"Hon 折叠椅, 可调",3.0,43.176
A1001500,2019/9/7,TC-21475,二级,西北,陕西,技术,电话,苹果,"苹果 办公室电话机, 混合尺寸",1.0,411.8
A1001500,2019/9/7,TC-21475,二级,西北,陕西,技术,配件,SanDisk,"SanDisk 鼠标, 可编程",8.0,360.0
A1001500,2019/9/7,NZ-18565,二级,西北,陕西,技术,配件,贝尔金,"贝尔金 路由器, 可编程",7.0,41.96
A1001502,2019/9/7,NZ-18565,标准级,华东,上海,办公用品,系固件,Stockwell,"Stockwell 图钉, 金属",4.0,227.84
A1001502,2019/9/7,NZ-18565,标准级,华东,上海,办公用品,装订机,Ibico,"Ibico 打孔机, 实惠",9.0,37.94
A1001504,2019/9/8,SW-20350,一级,华北,内蒙古,家具,桌子,Bevis,"Bevis 咖啡桌, 黑色",5.0,517.9
A1001505,2019/9/10,SW-20350,二级,华东,安徽,办公用品,标签,Harbour Creations,"Harbour Creations 圆形标签, 耐用",4.0,5.28
A1001507,2019/9/10,TS-21370,二级,华北,天津,办公用品,装订机,Acco,"Acco 孔加固材料, 回收",2.0,2799.96
A1001507,2019/9/10,HH-15010,二级,华北,天津,办公用品,装订机,Acco,"Acco 打孔机, 回收",4.0,8.96
A1001509,2019/9/10,HH-15010,标准级,中南,广东,办公用品,装订机,Wilson Jones,"Wilson Jones 孔加固材料, 透明",7.0,31.5
A1001506,2019/9/10,HH-15010,标准级,华东,山东,办公用品,标签,Novimex,"Novimex 文件夹标签, 白色",3.0,30.56
A1001506,2019/9/10,HH-15010,标准级,华东,山东,办公用品,纸张,Eaton,"Eaton 令, 多色",6.0,24.368
A1001506,2019/9/10,DM-13345,标准级,华东,山东,办公用品,装订机,Wilson Jones,"Wilson Jones 打孔机, 实惠",2.0,119.976
A1001508,2019/9/10,RE-19450,标准级,东北,吉林,办公用品,装订机,Wilson Jones,"Wilson Jones 打孔机, 耐用",5.0,26.88
A1001506,2019/9/10,JD-16150,标准级,华东,山东,技术,电话,摩托罗拉,"摩托罗拉 智能手机, 混合尺寸",2.0,83.97
A1001512,2019/9/11,JD-16150,二级,中南,海南,办公用品,标签,Avery,"Avery 运输标签, 红色",6.0,104.97
A1001512,2019/9/11,BF-11215,二级,中南,海南,办公用品,系固件,Stockwell,"Stockwell 按钉, 混合尺寸",6.0,90.8
A1001512,2019/9/11,BF-11215,二级,中南,海南,技术,电话,思科,"思科 智能手机, 蓝色",3.0,140.736
A1001510,2019/9/11,BF-11215,标准级,华东,福建,办公用品,用品,Stiletto,"Stiletto 开信刀, 蓝色",6.0,214.95
A1001513,2019/9/11,BF-11215,二级,东北,吉林,办公用品,用品,Acme,"Acme 尺子, 蓝色",9.0,45.36
A1001511,2019/9/11,BF-11215,标准级,华北,河北,办公用品,信封,Ames,"Ames 外皮和封条, 回收",9.0,288.24
A1001511,2019/9/11,ML-17755,标准级,华北,河北,技术,电话,三星,"三星 耳机, 整包",2.0,663.936
A1001517,2019/9/12,YC-21895,当日,华东,浙江,办公用品,收纳具,Eldon,"Eldon 锁柜, 金属",5.0,2934.33
A1001515,2019/9/12,YC-21895,一级,中南,广东,办公用品,装订机,Cardinal,"Cardinal 打孔机, 实惠",1.0,124.41
A1001516,2019/9/12,YC-21895,一级,华北,天津,办公用品,信封,GlobeWeis,"GlobeWeis 马尼拉纸信封, 每套 50 个",4.0,57.75
A1001516,2019/9/12,LR-16915,一级,华北,天津,办公用品,收纳具,Rogers,"Rogers 锁柜, 金属",7.0,114.46
A1001516,2019/9/12,BS-11755,一级,华北,天津,办公用品,用品,Fiskars,"Fiskars 剪刀, 钢",1.0,120.666
A1001516,2019/9/12,KM-16375,一级,华北,天津,办公用品,纸张,Eaton,"Eaton 令, 回收",8.0,342.864
A1001516,2019/9/12,KM-16375,一级,华北,天津,家具,用具,Deflect-O,"Deflect-O 灯泡, 黑色",3.0,16.74
A1001516,2019/9/12,KM-16375,一级,华北,天津,家具,用具,Tenex,"Tenex 分层置放架, 优质",1.0,981.372
A1001516,2019/9/12,BT-11530,一级,华北,天津,技术,电话,思科,"思科 智能手机, 混合尺寸",1.0,31.84
A1001519,2019/9/12,KB-16405,标准级,中南,河南,办公用品,装订机,Wilson Jones,"Wilson Jones 打孔机, 耐用",2.0,12.96
A1001518,2019/9/12,KB-16405,标准级,中南,广东,办公用品,纸张,施乐,"施乐 计划信息表, 多色",3.0,43.176
A1001520,2019/9/12,DW-13480,标准级,西南,四川,办公用品,信封,Kraft,"Kraft 搭扣信封, 红色",10.0,58.34
A1001514,2019/9/12,DW-13480,标准级,中南,广东,办公用品,器具,Breville,"Breville 炉灶, 白色",1.0,539.97
A1001514,2019/9/12,JC-15340,标准级,中南,广东,办公用品,美术,Stanley,"Stanley 画布, 金属",7.0,3.928
A1001521,2019/9/13,TP-21415,标准级,华东,上海,家具,桌子,Barricks,"Barricks 圆桌, 白色",9.0,252.784
A1001522,2019/9/13,TP-21415,标准级,华东,山东,技术,配件,罗技,"罗技 鼠标, 可编程",1.0,127.984
A1001523,2019/9/14,TP-21415,二级,西南,重庆,办公用品,信封,Kraft,"Kraft 搭扣信封, 红色",1.0,3.984
A1001525,2019/9/14,TP-21415,标准级,中南,湖北,家具,椅子,Safco,"SAFCO 凳子, 红色",9.0,12.992
A1001526,2019/9/14,DB-12910,标准级,中南,河南,家具,用具,Advantus,"Advantus 灯泡, 耐用",7.0,61.0
A1001524,2019/9/14,DB-12910,标准级,东北,辽宁,办公用品,标签,Smead,"Smead 合法证物标签, 白色",4.0,671.93
A1001524,2019/9/14,BH-11710,标准级,东北,辽宁,办公用品,纸张,Enermax,"Enermax 备忘录便条, 每包 12 个",2.0,447.86
A1001528,2019/9/15,BH-11710,二级,华东,安徽,办公用品,美术,Stanley,"Stanley 荧光笔, 混合尺寸",3.0,479.95
A1001530,2019/9/15,BH-11710,一级,华东,江苏,办公用品,信封,Kraft,"Kraft 搭扣信封, 红色",5.0,166.44
A1001527,2019/9/15,TD-20995,一级,华东,福建,办公用品,纸张,Green Bar,"Green Bar 备忘录便条, 优质",5.0,31.68
A1001530,2019/9/15,TD-20995,一级,华东,江苏,家具,书架,宜家,"宜家 书架, 传统",3.0,10.368
A1001529,2019/9/15,TD-20995,标准级,东北,辽宁,家具,书架,宜家,"宜家 书库, 黑色",2.0,12.032
A1001529,2019/9/15,TD-20995,标准级,东北,辽宁,技术,电话,苹果,"苹果 充电器, 混合尺寸",6.0,5.768
A1001531,2019/9/16,CV-12805,标准级,中南,广东,办公用品,用品,Acme,"Acme 开信刀, 蓝色",9.0,33.12
A1001535,2019/9/17,CV-12805,二级,华东,山东,技术,复印机,Brother,"Brother 个人复印机, 红色",2.0,220.2656
A1001532,2019/9/17,CS-12355,一级,中南,广东,办公用品,收纳具,Smead,"Smead 文件车, 蓝色",8.0,10.776
A1001533,2019/9/17,CS-12355,一级,华东,山东,办公用品,标签,Novimex,"Novimex 有色标签, 可调",5.0,242.352
A1001534,2019/9/17,JG-15310,一级,华北,天津,办公用品,用品,Elite,"Elite 剪刀, 锯齿状",6.0,695.16
A1001534,2019/9/17,JG-15310,一级,华北,天津,办公用品,装订机,Avery,"Avery 装订机盖, 实惠",1.0,220.98
A1001534,2019/9/17,JP-16135,一级,华北,天津,办公用品,装订机,Wilson Jones,"Wilson Jones 装订机盖, 回收",9.0,12.957
A1001536,2019/9/18,EC-14050,一级,华东,浙江,办公用品,信封,Ames,"Ames 局间信封, 银色",7.0,25.68
A1001537,2019/9/18,KH-16630,一级,中南,湖南,技术,设备,柯尼卡,"柯尼卡 卡片打印机, 白色",9.0,15.712
A1001538,2019/9/18,FG-14260,二级,华东,浙江,技术,配件,罗技,"罗技 鼠标, 可编程",3.0,298.464
A1001539,2019/9/18,AA-10480,标准级,华东,山东,办公用品,器具,KitchenAid,"KitchenAid 微波炉, 银色",3.0,21.93
A1001541,2019/9/19,AA-10480,标准级,东北,吉林,技术,电话,苹果,"苹果 音频基座, 混合尺寸",5.0,242.94
A1001540,2019/9/19,AA-10480,标准级,东北,辽宁,技术,复印机,Hewlett,"Hewlett 墨水, 彩色",10.0,7.64
A1001540,2019/9/19,AA-10480,标准级,东北,辽宁,技术,电话,诺基亚,"诺基亚 音频基座, 整包",1.0,51.84
A1001544,2019/9/20,AA-10480,一级,华东,山东,办公用品,收纳具,Fellowes,"Fellowes 文件车, 蓝色",1.0,265.17
A1001544,2019/9/20,MS-17770,一级,华东,山东,办公用品,收纳具,Smead,"Smead 锁柜, 蓝色",2.0,837.6
A1001544,2019/9/20,MS-17770,一级,华东,山东,技术,电话,三星,"三星 耳机, 蓝色",2.0,135.9
A1001545,2019/9/20,MS-17770,二级,中南,广东,办公用品,系固件,Stockwell,"Stockwell 图钉, 混合尺寸",7.0,34.68
A1001546,2019/9/20,MS-17770,标准级,华东,安徽,办公用品,系固件,Stockwell,"Stockwell 回形针, 金属",5.0,532.704
A1001542,2019/9/20,MS-17770,标准级,中南,湖南,技术,配件,SanDisk,"SanDisk 路由器, 可编程",5.0,43.1
A1001543,2019/9/20,MS-17770,标准级,中南,河南,办公用品,美术,Boston,"Boston 画布, 混合尺寸",2.0,15.88
A1001553,2019/9/21,JE-15610,标准级,中南,湖南,办公用品,信封,GlobeWeis,"GlobeWeis 搭扣信封, 回收",3.0,1123.92
A1001550,2019/9/21,JE-15610,标准级,华北,山西,家具,书架,Sauder,"Sauder 柜, 白色",6.0,249.584
A1001550,2019/9/21,JE-15610,标准级,华北,山西,家具,椅子,Hon,"Hon 扶手椅, 红色",1.0,48.672
A1001550,2019/9/21,JE-15610,标准级,华北,山西,家具,椅子,Office Star,"Office Star 凳子, 可调",4.0,60.768
A1001551,2019/9/21,JE-15610,标准级,华东,山东,办公用品,器具,KitchenAid,"KitchenAid 微波炉, 白色",9.0,78.6
A1001551,2019/9/21,JE-15610,标准级,华东,山东,家具,椅子,Novimex,"Novimex 椅垫, 每套两件",1.0,3.768
A1001548,2019/9/21,JE-15610,标准级,华东,山东,办公用品,信封,GlobeWeis,"GlobeWeis 马尼拉纸信封, 每套 50 个",2.0,1036.624
A1001547,2019/9/21,JE-15610,标准级,西北,甘肃,办公用品,标签,Avery,"Avery 运输标签, 白色",8.0,563.808
A1001548,2019/9/21,BP-11155,标准级,华东,山东,家具,书架,Safco,"Safco 书库, 传统",1.0,49.12
A1001549,2019/9/21,CC-12100,标准级,中南,广东,技术,配件,SanDisk,"SanDisk 键盘, 可编程",2.0,44.46
A1001548,2019/9/21,CC-12100,标准级,华东,山东,技术,设备,柯尼卡,"柯尼卡 打印机, 白色",3.0,241.568
A1001555,2019/9/22,CC-12100,二级,西南,重庆,技术,复印机,Brother,"Brother 传真复印机, 每套两件",7.0,395.0
A1001554,2019/9/22,CC-12100,标准级,华东,山东,办公用品,用品,Fiskars,"Fiskars 尺子, 蓝色",10.0,627.168
A1001557,2019/9/22,JP-15460,标准级,西南,重庆,办公用品,美术,BIC,"BIC 速写本, 蓝色",4.0,13.28
A1001557,2019/9/22,JP-15460,标准级,西南,重庆,技术,复印机,佳能,"佳能 传真复印机, 红色",4.0,12.672
A1001556,2019/9/22,LS-16975,二级,东北,黑龙江,办公用品,标签,Smead,"Smead 合法证物标签, 红色",5.0,30.56
A1001556,2019/9/22,LS-16975,二级,东北,黑龙江,办公用品,系固件,Advantus,"Advantus 橡皮筋, 金属",1.0,77.952
A1001558,2019/9/24,LS-16975,一级,华东,山东,家具,椅子,Hon,"Hon 摇椅, 红色",6.0,67.992
A1001561,2019/9/25,LS-16975,一级,东北,辽宁,办公用品,器具,KitchenAid,"KitchenAid 搅拌机, 银色",3.0,12.224
A1001561,2019/9/25,LS-16975,一级,东北,辽宁,办公用品,标签,Smead,"Smead 文件夹标签, 可调",8.0,44.784
A1001561,2019/9/25,LS-16975,一级,东北,辽宁,办公用品,用品,Kleencut,"Kleencut 开信刀, 工业",8.0,22.848
A1001561,2019/9/25,JL-15850,一级,东北,辽宁,办公用品,系固件,OIC,"OIC 订书钉, 每包 12 个",5.0,206.43
A1001561,2019/9/25,CY-12745,一级,东北,辽宁,办公用品,美术,Sanford,"Sanford 记号笔, 混合尺寸",3.0,210.392
A1001561,2019/9/25,RB-19360,一级,东北,辽宁,办公用品,装订机,Acco,"Acco 订书机, 实惠",6.0,119.96
A1001561,2019/9/25,RB-19360,一级,东北,辽宁,办公用品,装订机,Ibico,"Ibico 孔加固材料, 实惠",9.0,10.608
A1001561,2019/9/25,AR-10825,一级,东北,辽宁,家具,椅子,Hon,"Hon 沙滩椅, 可调",5.0,347.802
A1001561,2019/9/25,CS-11845,一级,东北,辽宁,技术,复印机,惠普,"惠普 无线传真机, 红色",8.0,963.136
A1001560,2019/9/25,CS-11845,标准级,中南,广东,办公用品,信封,Ames,"Ames 商业信封, 银色",2.0,88.776
A1001562,2019/9/25,AR-10825,标准级,华东,山东,办公用品,美术,Boston,"Boston 记号笔, 整包",8.0,32.4
A1001562,2019/9/25,RD-19810,标准级,华东,山东,办公用品,装订机,Cardinal,"Cardinal 标签, 实惠",1.0,32.4
A1001560,2019/9/25,KH-16510,标准级,中南,广东,家具,书架,Sauder,"Sauder 柜, 白色",6.0,31.05
A1001563,2019/9/25,NF-18385,标准级,西南,四川,办公用品,收纳具,Eldon,"Eldon 盘, 单宽度",1.0,2025.36
A1001563,2019/9/25,NF-18385,标准级,西南,四川,办公用品,纸张,施乐,"施乐 令, 优质",7.0,1799.994
A1001563,2019/9/25,NF-18385,标准级,西南,四川,家具,书架,宜家,"宜家 书架, 金属",2.0,101.988
A1001563,2019/9/25,NF-18385,标准级,西南,四川,家具,桌子,Bevis,"Bevis 培训桌, 黑色",5.0,262.864
A1001563,2019/9/25,SM-20950,标准级,西南,四川,家具,椅子,Hon,"Hon 摇椅, 红色",9.0,735.98
A1001563,2019/9/25,GH-14410,标准级,西南,四川,家具,椅子,Novimex,"Novimex 折叠椅, 每套两件",5.0,93.024
A1001563,2019/9/25,EM-13810,标准级,西南,四川,家具,椅子,Novimex,"Novimex 折叠椅, 黑色",1.0,284.364
A1001559,2019/9/25,EM-13810,标准级,华北,天津,技术,电话,诺基亚,"诺基亚 耳机, 混合尺寸",5.0,26.0
A1001563,2019/9/25,DB-13210,标准级,西南,四川,技术,电话,苹果,"苹果 办公室电话机, 蓝色",2.0,67.64
A1001568,2019/9/26,DB-13210,当日,西南,四川,办公用品,用品,Acme,"Acme 修剪器, 锯齿状",5.0,119.976
A1001568,2019/9/26,PT-19090,当日,西南,四川,办公用品,装订机,Avery,"Avery 打孔机, 透明",6.0,5.18
A1001568,2019/9/26,HF-14995,当日,西南,四川,办公用品,装订机,Wilson Jones,"Wilson Jones 装订机, 耐用",3.0,15.56
A1001568,2019/9/26,HF-14995,当日,西南,四川,家具,书架,Sauder,"Sauder 搁架, 金属",5.0,78.35
A1001568,2019/9/26,HF-14995,当日,西南,四川,技术,设备,冲电器,"冲电器 喷墨打印机, 多色",4.0,59.52
A1001568,2019/9/26,HF-14995,当日,西南,四川,技术,配件,Memorex,"Memorex 记忆卡, 实惠",8.0,38.52
A1001570,2019/9/26,HF-14995,一级,西南,四川,技术,配件,罗技,"罗技 闪存驱动器, 可编程",1.0,239.984
A1001566,2019/9/26,HF-14995,二级,华东,上海,办公用品,器具,Hamilton Beach,"Hamilton Beach 炉灶, 红色",10.0,19.35
A1001564,2019/9/26,KW-16435,二级,华东,福建,办公用品,器具,Cuisinart,"Cuisinart 咖啡研磨机, 黑色",5.0,67.0
A1001566,2019/9/26,KC-16675,二级,华东,上海,家具,书架,宜家,"宜家 墙角架, 黑色",8.0,390.272
A1001565,2019/9/26,KC-16675,二级,华东,福建,办公用品,标签,Novimex,"Novimex 圆形标签, 耐用",9.0,62.192
A1001569,2019/9/26,PK-19075,二级,西南,四川,办公用品,系固件,Stockwell,"Stockwell 按钉, 每包 12 个",1.0,23.88
A1001569,2019/9/26,KT-16465,二级,西南,四川,办公用品,装订机,Acco,"Acco 打孔机, 实惠",3.0,3.168
A1001569,2019/9/26,KT-16465,二级,西南,四川,办公用品,装订机,Acco,"Acco 装订机, 透明",1.0,528.43
A1001567,2019/9/26,KT-16465,标准级,中南,广东,办公用品,器具,Hoover,"Hoover 烤面包机, 银色",3.0,13.392
A1001567,2019/9/26,EP-13915,标准级,中南,广东,家具,桌子,Chromcraft,"Chromcraft 培训桌, 组装",5.0,181.86
A1001575,2019/9/27,AP-10915,一级,东北,辽宁,办公用品,美术,Boston,"Boston 记号笔, 蓝色",1.0,180.588
A1001575,2019/9/27,AP-10915,一级,东北,辽宁,家具,椅子,Office Star,"Office Star 椅垫, 红色",8.0,47.984
A1001576,2019/9/27,SH-20395,一级,华东,安徽,办公用品,装订机,Acco,"Acco 打孔机, 耐用",5.0,18.76
A1001576,2019/9/27,SM-20950,二级,华东,安徽,办公用品,纸张,Eaton,"Eaton 令, 每包 12 个",2.0,20.94
A1001572,2019/9/27,SM-20950,二级,中南,河南,办公用品,信封,Cameo,"Cameo 搭扣信封, 回收",2.0,58.68
A1001574,2019/9/27,SM-20950,标准级,中南,广东,办公用品,系固件,Advantus,"Advantus 图钉, 整包",2.0,254.9
A1001576,2019/9/27,BM-11650,二级,华东,安徽,家具,书架,Bush,"Bush 书库, 传统",5.0,9.64
A1001574,2019/9/27,BM-11650,标准级,中南,广东,家具,用具,Eldon,"Eldon 分层置放架, 优质",10.0,826.62
A1001573,2019/9/27,BM-11650,二级,东北,吉林,办公用品,标签,Smead,"Smead 有色标签, 红色",2.0,1633.14
A1001571,2019/9/27,BM-11650,标准级,中南,广东,办公用品,信封,Kraft,"Kraft 邮寄品, 每套 50 个",1.0,544.38
A1001571,2019/9/27,TC-20980,标准级,中南,广东,办公用品,装订机,Ibico,"Ibico 标签, 实惠",10.0,26.046
A1001571,2019/9/27,TC-20980,标准级,中南,广东,办公用品,装订机,Wilson Jones,"Wilson Jones 订书机, 实惠",9.0,74.352
A1001571,2019/9/27,KB-16585,标准级,中南,广东,家具,椅子,Novimex,"Novimex 凳子, 可调",2.0,69.93
A1001584,2019/9/28,JE-16165,二级,中南,广东,办公用品,标签,Smead,"Smead 有色标签, 可调",10.0,3.75
A1001580,2019/9/28,JE-16165,二级,中南,河南,家具,书架,Dania,"Dania 书架, 金属",8.0,20.928
A1001584,2019/9/28,DR-12940,二级,中南,广东,家具,书架,Dania,"Dania 书库, 白色",5.0,12.672
A1001577,2019/9/28,RW-19630,一级,中南,河南,办公用品,用品,Kleencut,"Kleencut 美工刀, 锯齿状",1.0,65.99
A1001581,2019/9/28,ML-18040,一级,中南,广东,办公用品,美术,Stanley,"Stanley 速写本, 混合尺寸",9.0,6.37
A1001577,2019/9/28,JL-15130,一级,中南,河南,家具,椅子,Harbour Creations,"Harbour Creations 扶手椅, 可调",2.0,3.648
A1001577,2019/9/28,JL-15130,一级,中南,河南,技术,配件,罗技,"罗技 鼠标, 耐用",4.0,31.104
A1001578,2019/9/28,CM-12655,标准级,东北,黑龙江,办公用品,器具,KitchenAid,"KitchenAid 微波炉, 银色",3.0,23.34
A1001578,2019/9/28,FH-14365,标准级,东北,黑龙江,家具,书架,Bush,"Bush 搁架, 传统",8.0,29.97
A1001583,2019/9/28,EH-13945,标准级,华东,安徽,办公用品,用品,Kleencut,"Kleencut 开信刀, 锯齿状",3.0,3.366
A1001579,2019/9/28,TB-21280,标准级,华北,河北,技术,复印机,佳能,"佳能 无线传真机, 红色",2.0,95.968
A1001582,2019/9/28,AH-10030,标准级,中南,广西,办公用品,用品,Stiletto,"Stiletto 美工刀, 钢",5.0,18.704
A1001585,2019/9/29,TT-21070,当日,华北,内蒙古,办公用品,收纳具,Rogers,"Rogers 文件夹, 蓝色",8.0,149.232
A1001592,2019/10/1,TT-21070,一级,西南,四川,办公用品,收纳具,Tenex,"Tenex 搁板, 单宽度",4.0,15.936
A1001590,2019/10/1,RD-19900,一级,中南,广东,办公用品,标签,Harbour Creations,"Harbour Creations 运输标签, 红色",5.0,601.536
A1001591,2019/10/1,RD-19900,一级,华东,江苏,家具,用具,Tenex,"Tenex 分层置放架, 优质",4.0,10.99
A1001586,2019/10/1,RD-19900,标准级,华东,山东,家具,书架,Bush,"Bush 书架, 白色",2.0,39.88
A1001586,2019/10/1,RD-19900,标准级,华东,山东,家具,书架,Safco,"Safco 搁架, 白色",8.0,62.24
A1001588,2019/10/1,RD-19900,标准级,华东,上海,办公用品,信封,Ames,"Ames 邮寄品, 回收",5.0,53.2
A1001588,2019/10/1,RD-19900,标准级,华东,上海,办公用品,信封,GlobeWeis,"GlobeWeis 马尼拉纸信封, 银色",4.0,39.84
A1001588,2019/10/1,LA-16780,标准级,华东,上海,办公用品,信封,Kraft,"Kraft 搭扣信封, 每套 50 个",9.0,349.95
A1001588,2019/10/1,LA-16780,标准级,华东,上海,办公用品,纸张,SanDisk,"SanDisk 信纸, 回收",7.0,377.928
A1001588,2019/10/1,SH-19975,标准级,华东,上海,办公用品,美术,Binney & Smith,"Binney & Smith 荧光笔, 蓝色",5.0,13.392
A1001588,2019/10/1,SH-19975,标准级,华东,上海,家具,椅子,Novimex,"Novimex 折叠椅, 可调",5.0,11.228
A1001587,2019/10/1,SF-20200,标准级,东北,辽宁,办公用品,信封,Cameo,"Cameo 局间信封, 银色",8.0,207.24
A1001587,2019/10/1,TH-21235,标准级,东北,辽宁,办公用品,用品,Kleencut,"Kleencut 开信刀, 蓝色",9.0,1.504
A1001587,2019/10/1,TH-21235,标准级,东北,辽宁,办公用品,纸张,施乐,"施乐 笔记本, 回收",3.0,34.848
A1001589,2019/10/1,VG-21790,标准级,华东,江西,办公用品,美术,Boston,"Boston 钢笔, 整包",5.0,75.18
A1001587,2019/10/1,NP-18325,标准级,东北,辽宁,家具,书架,Bush,"Bush 古典书架, 白色",9.0,149.97
A1001587,2019/10/1,FH-14275,标准级,东北,辽宁,家具,书架,Safco,"Safco 柜, 白色",5.0,931.176
A1001587,2019/10/1,FH-14275,标准级,东北,辽宁,家具,椅子,Novimex,"Novimex 凳子, 可调",7.0,430.88
A1001594,2019/10/2,JP-15460,当日,华东,山东,办公用品,美术,Stanley,"Stanley 铅笔刀, 金属",2.0,94.85
A1001599,2019/10/2,JP-15460,一级,中南,湖南,技术,配件,贝尔金,"贝尔金 键盘, 可编程",3.0,51.12
A1001593,2019/10/2,JP-15460,二级,华东,福建,技术,配件,贝尔金,"贝尔金 记忆卡, 实惠",7.0,90.0
A1001597,2019/10/2,ES-14080,标准级,中南,河南,办公用品,标签,Hon,"Hon 文件夹标签, 白色",10.0,9.408
A1001597,2019/10/2,ES-14080,标准级,中南,河南,办公用品,装订机,Avery,"Avery 装订机盖, 实惠",2.0,4.672
A1001595,2019/10/2,ES-14080,标准级,西南,重庆,办公用品,器具,Hamilton Beach,"Hamilton Beach 咖啡研磨机, 银色",1.0,318.4
A1001596,2019/10/2,ES-14080,标准级,中南,广东,家具,书架,宜家,"宜家 搁架, 金属",5.0,12.768
A1001596,2019/10/2,ES-14080,标准级,中南,广东,家具,用具,Advantus,"Advantus 相框, 黑色",3.0,15.36
A1001598,2019/10/2,ES-14080,标准级,中南,广东,办公用品,系固件,Stockwell,"Stockwell 订书钉, 每包 12 个",6.0,230.376
A1001602,2019/10/3,ES-14080,一级,华东,山东,办公用品,收纳具,Eldon,"Eldon 盒, 工业",5.0,7.16
A1001602,2019/10/3,KL-16645,一级,华东,山东,办公用品,系固件,Advantus,"Advantus 橡皮筋, 混合尺寸",5.0,375.34
A1001601,2019/10/3,BN-11515,一级,东北,辽宁,办公用品,美术,BIC,"BIC 钢笔, 整包",7.0,114.9
A1001601,2019/10/3,ND-18370,一级,东北,辽宁,家具,书架,Dania,"Dania 搁架, 金属",6.0,26.046
A1001602,2019/10/3,ND-18370,一级,华东,山东,技术,电话,三星,"三星 音频基座, 混合尺寸",2.0,2.896
A1001602,2019/10/3,ND-18370,一级,华东,山东,技术,电话,诺基亚,"诺基亚 充电器, 蓝色",1.0,32.544
A1001602,2019/10/3,JL-15130,一级,华东,山东,技术,配件,罗技,"罗技 闪存驱动器, 回收",2.0,3.984
A1001601,2019/10/3,RC-19825,一级,东北,辽宁,技术,复印机,夏普,"夏普 传真复印机, 彩色",1.0,181.797
A1001600,2019/10/3,CC-12475,标准级,西南,四川,办公用品,用品,Stiletto,"Stiletto 大剪刀, 工业",1.0,44.94
A1001603,2019/10/3,CC-12475,标准级,中南,湖北,办公用品,器具,Hamilton Beach,"Hamilton Beach 咖啡研磨机, 银色",1.0,45.576
A1001603,2019/10/3,DW-13195,标准级,中南,湖北,技术,配件,Memorex,"Memorex 键盘, 可编程",4.0,318.43
A1001604,2019/10/4,DW-13195,标准级,东北,吉林,技术,配件,Memorex,"Memorex 键盘, 耐用",9.0,122.92
A1001606,2019/10/5,DW-13195,一级,中南,广东,办公用品,标签,Smead,"Smead 有色标签, 红色",7.0,7.068
A1001606,2019/10/5,CK-12760,一级,中南,广东,办公用品,用品,Acme,"Acme 修剪器, 锯齿状",3.0,56.45
A1001606,2019/10/5,EG-13900,一级,中南,广东,办公用品,用品,Kleencut,"Kleencut 大剪刀, 钢",10.0,13.468
A1001606,2019/10/5,SJ-20215,一级,中南,广东,办公用品,美术,BIC,"BIC 画布, 蓝色",2.0,219.8
A1001606,2019/10/5,SJ-20215,一级,中南,广东,办公用品,装订机,Avery,"Avery 孔加固材料, 透明",4.0,317.058
A1001606,2019/10/5,BP-11185,一级,中南,广东,技术,复印机,夏普,"夏普 复印机, 红色",6.0,49.08
A1001606,2019/10/5,BP-11185,一级,中南,广东,技术,电话,摩托罗拉,"摩托罗拉 信号增强器, 蓝色",3.0,324.9
A1001605,2019/10/5,BP-11185,标准级,中南,湖南,办公用品,器具,Cuisinart,"Cuisinart 烤面包机, 黑色",7.0,18.24
A1001608,2019/10/5,SJ-20125,标准级,中南,河南,办公用品,标签,Hon,"Hon 有色标签, 红色",2.0,113.888
A1001607,2019/10/5,SJ-20125,标准级,中南,海南,办公用品,标签,Harbour Creations,"Harbour Creations 合法证物标签, 红色",9.0,105.584
A1001607,2019/10/5,MC-17590,标准级,中南,海南,家具,椅子,Harbour Creations,"Harbour Creations 扶手椅, 可调",9.0,24.85
A1001607,2019/10/5,BG-11740,标准级,中南,海南,家具,用具,Advantus,"Advantus 门挡, 耐用",5.0,60.312
A1001612,2019/10/6,MA-17560,一级,西北,陕西,办公用品,收纳具,Smead,"Smead 盒, 蓝色",1.0,7.056
A1001612,2019/10/6,MA-17560,一级,西北,陕西,办公用品,装订机,Cardinal,"Cardinal 装订机, 实惠",5.0,27.184
A1001612,2019/10/6,CC-12220,一级,西北,陕西,家具,书架,Safco,"Safco 墙角架, 金属",3.0,107.984
A1001612,2019/10/6,CC-12220,一级,西北,陕西,家具,桌子,Hon,"Hon 圆桌, 组装",6.0,19.296
A1001612,2019/10/6,RA-19885,一级,西北,陕西,家具,椅子,Safco,"SAFCO 沙滩椅, 每套两件",3.0,4.608
A1001609,2019/10/6,DK-12835,二级,东北,吉林,办公用品,标签,Harbour Creations,"Harbour Creations 有色标签, 可调",6.0,79.974
A1001609,2019/10/6,DK-12835,二级,东北,吉林,办公用品,装订机,Avery,"Avery 打孔机, 实惠",10.0,2.946
A1001610,2019/10/6,LB-16795,标准级,华东,山东,办公用品,信封,GlobeWeis,"GlobeWeis 马尼拉纸信封, 回收",7.0,3.136
A1001610,2019/10/6,CM-11815,标准级,华东,山东,办公用品,纸张,施乐,"施乐 信纸, 回收",3.0,20.736
A1001610,2019/10/6,TS-21205,标准级,华东,山东,办公用品,美术,Boston,"Boston 画布, 金属",7.0,99.98
A1001610,2019/10/6,TS-21205,标准级,华东,山东,技术,复印机,Hewlett,"Hewlett 个人复印机, 数字化",3.0,733.95
A1001611,2019/10/6,TS-21205,标准级,东北,吉林,技术,电话,摩托罗拉,"摩托罗拉 充电器, 全尺寸",1.0,241.44
A1001611,2019/10/6,RF-19345,标准级,东北,吉林,技术,配件,Enermax,"Enermax 鼠标, 耐用",8.0,10.08
A1001614,2019/10/7,JF-15565,标准级,华东,江苏,办公用品,收纳具,Eldon,"Eldon 盒, 工业",5.0,281.904
A1001614,2019/10/7,JF-15565,标准级,华东,江苏,家具,书架,宜家,"宜家 古典书架, 传统",4.0,201.432
A1001614,2019/10/7,EH-14185,标准级,华东,江苏,家具,椅子,Safco,"SAFCO 摇椅, 每套两件",4.0,135.98
A1001613,2019/10/7,EH-14185,标准级,西南,四川,办公用品,美术,Boston,"Boston 荧光笔, 整包",8.0,44.95
A1001613,2019/10/7,VW-21775,标准级,西南,四川,家具,书架,Bush,"Bush 书架, 传统",2.0,2.97
A1001613,2019/10/7,VW-21775,标准级,西南,四川,家具,书架,Safco,"Safco 柜, 黑色",3.0,6.54
A1001616,2019/10/8,KN-16450,当日,中南,广东,办公用品,信封,Ames,"Ames 外皮和封条, 回收",8.0,7.92
A1001616,2019/10/8,SJ-20215,当日,中南,广东,办公用品,信封,GlobeWeis,"GlobeWeis 马尼拉纸信封, 银色",5.0,203.92
A1001616,2019/10/8,PS-19045,当日,中南,广东,办公用品,信封,Kraft,"Kraft 搭扣信封, 银色",3.0,3359.952
A1001616,2019/10/8,KM-16225,当日,中南,广东,办公用品,收纳具,Smead,"Smead 锁柜, 单宽度",5.0,18.24
A1001616,2019/10/8,KM-16225,当日,中南,广东,办公用品,用品,Elite,"Elite 美工刀, 工业",5.0,27.78
A1001616,2019/10/8,GM-14695,当日,中南,广东,技术,电话,诺基亚,"诺基亚 办公室电话机, 全尺寸",1.0,22.96
A1001616,2019/10/8,GM-14695,当日,中南,广东,技术,设备,StarTech,"StarTech 收据打印机, 红色",5.0,28.99
A1001616,2019/10/8,GM-14695,当日,中南,广东,技术,配件,罗技,"罗技 记忆卡, 耐用",10.0,12.96
A1001623,2019/10/8,GM-14695,二级,华北,山西,办公用品,器具,Cuisinart,"Cuisinart 搅拌机, 白色",6.0,22.96
A1001617,2019/10/8,GM-14695,一级,华东,山东,家具,椅子,Office Star,"Office Star 折叠椅, 可调",3.0,4164.05
A1001615,2019/10/8,KT-16465,标准级,东北,辽宁,办公用品,信封,Kraft,"Kraft 搭扣信封, 银色",1.0,47.984
A1001620,2019/10/8,KT-16465,标准级,华东,浙江,办公用品,用品,Acme,"Acme 修剪器, 钢",2.0,4.624
A1001620,2019/10/8,MH-17785,标准级,华东,浙江,办公用品,装订机,Acco,"Acco 打孔机, 回收",5.0,15.24
A1001619,2019/10/8,AF-10885,标准级,中南,广东,家具,书架,宜家,"宜家 书库, 传统",9.0,63.924
A1001620,2019/10/8,JP-16135,标准级,华东,浙江,家具,椅子,Harbour Creations,"Harbour Creations 扶手椅, 每套两件",3.0,6.56
A1001620,2019/10/8,JP-16135,标准级,华东,浙江,家具,椅子,Hon,"Hon 凳子, 可调",3.0,13.11
A1001618,2019/10/8,RD-19585,标准级,西南,重庆,家具,用具,Deflect-O,"Deflect-O 框架, 一包多件",6.0,494.376
A1001621,2019/10/8,RD-19585,标准级,华东,上海,办公用品,美术,Sanford,"Sanford 速写本, 金属",2.0,29.2
A1001622,2019/10/8,RD-19585,标准级,中南,河南,办公用品,信封,Kraft,"Kraft 商业信封, 回收",5.0,248.85
A1001626,2019/10/9,RD-19585,当日,华北,内蒙古,家具,椅子,Office Star,"Office Star 扶手椅, 红色",7.0,36.24
A1001630,2019/10/9,JF-15295,二级,中南,湖南,办公用品,收纳具,Tenex,"Tenex 盘, 金属",5.0,11.68
A1001630,2019/10/9,CK-12595,二级,中南,湖南,办公用品,系固件,OIC,"OIC 回形针, 整包",8.0,11.91
A1001628,2019/10/9,CK-12595,二级,东北,吉林,办公用品,收纳具,Rogers,"Rogers 锁柜, 工业",2.0,3.48
A1001627,2019/10/9,KH-16510,二级,中南,广东,家具,桌子,Lesro,"Lesro 电脑桌, 长方形",5.0,30.96
A1001631,2019/10/9,CM-12655,一级,中南,广西,办公用品,收纳具,Eldon,"Eldon 文件夹, 金属",6.0,1704.89
A1001631,2019/10/9,EB-13870,一级,中南,广西,办公用品,收纳具,Smead,"Smead 盒, 单宽度",4.0,19.194
A1001631,2019/10/9,EB-13870,一级,中南,广西,家具,桌子,Hon,"Hon 咖啡桌, 白色",3.0,121.792
A1001631,2019/10/9,MW-18235,一级,中南,广西,家具,椅子,Office Star,"Office Star 凳子, 可调",3.0,1919.976
A1001631,2019/10/9,CS-11950,一级,中南,广西,技术,复印机,Brother,"Brother 个人复印机, 每套两件",2.0,50.997
A1001631,2019/10/9,CS-11950,一级,中南,广西,技术,复印机,Hewlett,"Hewlett 传真复印机, 红色",6.0,76.792
A1001631,2019/10/9,CS-11950,一级,中南,广西,技术,配件,Memorex,"Memorex 鼠标, 可编程",1.0,539.964
A1001625,2019/10/9,CS-11950,标准级,华北,河北,办公用品,信封,Jiffy,"Jiffy 局间信封, 每套 50 个",8.0,60.312
A1001625,2019/10/9,CS-11950,标准级,华北,河北,家具,书架,Bush,"Bush 柜, 黑色",2.0,1.944
A1001625,2019/10/9,SP-20620,标准级,华北,河北,技术,配件,Enermax,"Enermax 键盘, 可编程",4.0,12.984
A1001629,2019/10/9,SP-20620,标准级,华东,山东,办公用品,装订机,Avery,"Avery 孔加固材料, 实惠",3.0,217.584
A1001629,2019/10/9,SP-20620,标准级,华东,山东,家具,用具,Tenex,"Tenex 闹钟, 优质",1.0,328.776
A1001624,2019/10/9,SP-20620,标准级,华北,天津,技术,电话,三星,"三星 耳机, 蓝色",1.0,2.286
A1001624,2019/10/9,SP-20620,标准级,华北,天津,技术,配件,罗技,"罗技 鼠标, 回收",10.0,47.984
A1001634,2019/10/10,GT-14635,一级,华东,山东,家具,椅子,Novimex,"Novimex 折叠椅, 黑色",2.0,25.344
A1001634,2019/10/10,LW-17215,一级,华东,山东,技术,配件,Memorex,"Memorex 键区, 回收",1.0,232.4
A1001632,2019/10/10,AH-10030,一级,华东,山东,技术,配件,Enermax,"Enermax 记忆卡, 实惠",1.0,86.45
A1001635,2019/10/10,TH-21100,二级,中南,广东,技术,电话,思科,"思科 办公室电话机, 整包",8.0,603.92
A1001633,2019/10/10,TH-21100,标准级,中南,广东,家具,书架,宜家,"宜家 书库, 白色",1.0,81.98
A1001633,2019/10/10,HG-15025,标准级,中南,广东,家具,椅子,Office Star,"Office Star 折叠椅, 红色",5.0,271.764
A1001637,2019/10/11,HG-15025,一级,东北,辽宁,办公用品,装订机,Cardinal,"Cardinal 标签, 实惠",5.0,14.376
A1001636,2019/10/11,EB-13750,标准级,华北,河北,办公用品,系固件,OIC,"OIC 按钉, 混合尺寸",4.0,341.96
A1001641,2019/10/12,SC-20725,当日,西北,陕西,家具,椅子,Harbour Creations,"Harbour Creations 扶手椅, 每套两件",6.0,181.35
A1001639,2019/10/12,SC-20725,一级,中南,河南,办公用品,收纳具,Fellowes,"Fellowes 搁板, 蓝色",5.0,8.64
A1001639,2019/10/12,TS-21505,一级,中南,河南,办公用品,装订机,Acco,"Acco 孔加固材料, 回收",8.0,43.512
A1001639,2019/10/12,TS-21505,一级,中南,河南,办公用品,装订机,Ibico,"Ibico 装订机, 实惠",2.0,662.88
A1001638,2019/10/12,TS-21505,一级,西南,四川,办公用品,器具,Cuisinart,"Cuisinart 咖啡研磨机, 白色",9.0,25.92
A1001638,2019/10/12,TH-21550,一级,西南,四川,办公用品,收纳具,Rogers,"Rogers 盒, 金属",2.0,68.94
A1001638,2019/10/12,TH-21550,一级,西南,四川,办公用品,纸张,Eaton,"Eaton 计划信息表, 回收",3.0,128.82
A1001640,2019/10/12,KD-16270,标准级,中南,广东,技术,配件,罗技,"罗技 鼠标, 实惠",2.0,896.99
A1001642,2019/10/13,KD-16270,二级,华北,内蒙古,办公用品,美术,Binney & Smith,"Binney & Smith 荧光笔, 整包",8.0,1.234
A1001642,2019/10/13,KD-16270,二级,华北,内蒙古,办公用品,装订机,Wilson Jones,"Wilson Jones 标签, 实惠",1.0,67.56
A1001642,2019/10/13,KD-16270,二级,华北,内蒙古,家具,桌子,Chromcraft,"Chromcraft 培训桌, 白色",9.0,21.72
A1001642,2019/10/13,KD-16270,二级,华北,内蒙古,家具,椅子,Harbour Creations,"Harbour Creations 凳子, 红色",9.0,262.336
A1001645,2019/10/15,KD-16270,当日,华东,山东,办公用品,装订机,Avery,"Avery 标签, 耐用",1.0,148.48
A1001644,2019/10/15,KD-16270,当日,中南,河南,办公用品,信封,Jiffy,"Jiffy 商业信封, 回收",3.0,241.176
A1001644,2019/10/15,GM-14455,当日,中南,河南,办公用品,纸张,Eaton,"Eaton 计划信息表, 每包 12 个",3.0,227.976
A1001643,2019/10/15,GM-14455,二级,西北,陕西,办公用品,美术,BIC,"BIC 速写本, 混合尺寸",1.0,52.68
A1001643,2019/10/15,GM-14455,二级,西北,陕西,办公用品,装订机,Wilson Jones,"Wilson Jones 装订机, 实惠",5.0,2.032
A1001643,2019/10/15,PR-18880,二级,西北,陕西,家具,椅子,Office Star,"Office Star 扶手椅, 每套两件",5.0,17.12
A1001648,2019/10/15,PR-18880,标准级,中南,河南,办公用品,收纳具,Smead,"Smead 文件车, 工业",2.0,431.968
A1001646,2019/10/15,PR-18880,二级,东北,黑龙江,办公用品,器具,Breville,"Breville 微波炉, 银色",10.0,129.92
A1001647,2019/10/15,PR-18880,标准级,中南,湖南,办公用品,系固件,Advantus,"Advantus 橡皮筋, 整包",5.0,568.728
A1001647,2019/10/15,PR-18880,标准级,中南,湖南,技术,电话,摩托罗拉,"摩托罗拉 办公室电话机, 蓝色",2.0,117.144
A1001650,2019/10/16,PR-18880,二级,中南,河南,办公用品,系固件,Stockwell,"Stockwell 按钉, 混合尺寸",6.0,203.52
A1001649,2019/10/16,PR-18880,标准级,华北,天津,办公用品,装订机,Acco,"Acco 标签, 实惠",8.0,51.75
A1001652,2019/10/16,TB-21055,标准级,中南,河南,办公用品,收纳具,Rogers,"Rogers 盘, 单宽度",2.0,122.97
A1001652,2019/10/16,TB-21055,标准级,中南,河南,办公用品,装订机,Wilson Jones,"Wilson Jones 订书机, 耐用",10.0,244.615
A1001651,2019/10/16,TB-21055,标准级,华东,浙江,家具,书架,宜家,"宜家 搁架, 传统",9.0,59.97
A1001652,2019/10/16,TB-21055,标准级,中南,河南,家具,椅子,Office Star,"Office Star 凳子, 可调",7.0,81.54
A1001654,2019/10/17,TB-21055,一级,中南,湖南,办公用品,系固件,Stockwell,"Stockwell 夹子, 每包 12 个",5.0,11.68
A1001654,2019/10/17,TB-21055,一级,中南,湖南,技术,电话,思科,"思科 办公室电话机, 混合尺寸",10.0,29.0
A1001653,2019/10/17,ON-18715,标准级,东北,吉林,办公用品,纸张,Enermax,"Enermax 计划信息表, 优质",2.0,50.8
A1001653,2019/10/17,AH-10195,标准级,东北,吉林,办公用品,美术,BIC,"BIC 画布, 蓝色",2.0,16.03
A1001653,2019/10/17,NM-18520,标准级,东北,吉林,技术,复印机,Hewlett,"Hewlett 复印机, 每套两件",1.0,15.712
A1001653,2019/10/17,AR-10510,标准级,东北,吉林,技术,配件,Enermax,"Enermax 闪存驱动器, 耐用",1.0,89.97
A1001653,2019/10/17,BM-11650,标准级,东北,吉林,办公用品,标签,Avery,"Avery 有色标签, 白色",6.0,435.999
A1001655,2019/10/18,BM-11650,当日,西北,宁夏,办公用品,信封,Cameo,"Cameo 外皮和封条, 银色",3.0,83.984
A1001657,2019/10/18,CA-12310,标准级,中南,广西,办公用品,用品,Elite,"Elite 剪刀, 工业",3.0,359.98
A1001657,2019/10/18,CA-12310,标准级,中南,广西,办公用品,装订机,Avery,"Avery 孔加固材料, 透明",3.0,70.56
A1001658,2019/10/18,CA-12310,标准级,东北,辽宁,办公用品,标签,Avery,"Avery 可去除的标签, 红色",2.0,20.88
A1001658,2019/10/18,CA-12310,标准级,东北,辽宁,办公用品,用品,Fiskars,"Fiskars 开信刀, 工业",2.0,3.81
A1001658,2019/10/18,NF-18595,标准级,东北,辽宁,办公用品,用品,Kleencut,"Kleencut 剪刀, 钢",5.0,73.008
A1001658,2019/10/18,AF-10870,标准级,东北,辽宁,办公用品,用品,Kleencut,"Kleencut 美工刀, 蓝色",6.0,3.208
A1001658,2019/10/18,AF-10870,标准级,东北,辽宁,办公用品,系固件,Stockwell,"Stockwell 回形针, 整包",10.0,26.176
A1001656,2019/10/18,TC-21535,标准级,华东,浙江,技术,配件,SanDisk,"SanDisk 键盘, 耐用",3.0,30.44
A1001658,2019/10/18,TC-21535,标准级,东北,辽宁,技术,设备,爱普生,"爱普生 卡片打印机, 红色",3.0,35.28
A1001663,2019/10/19,Dp-13240,一级,中南,湖南,办公用品,用品,Acme,"Acme 剪刀, 钢",4.0,19.44
A1001661,2019/10/19,Dp-13240,一级,华东,上海,家具,用具,Tenex,"Tenex 相框, 一包多件",5.0,37.88
A1001662,2019/10/19,MC-17425,标准级,中南,广东,办公用品,用品,Stiletto,"Stiletto 尺子, 蓝色",8.0,9.552
A1001662,2019/10/19,LC-17050,标准级,中南,广东,办公用品,装订机,Wilson Jones,"Wilson Jones 孔加固材料, 回收",5.0,290.666
A1001659,2019/10/19,BM-11650,标准级,华北,天津,办公用品,收纳具,Tenex,"Tenex 文件夹, 蓝色",5.0,10.368
A1001659,2019/10/19,BM-11650,标准级,华北,天津,办公用品,标签,Hon,"Hon 圆形标签, 可调",2.0,14.352
A1001659,2019/10/19,NW-18400,标准级,华北,天津,办公用品,标签,Smead,"Smead 可去除的标签, 可调",2.0,141.96
A1001660,2019/10/19,NW-18400,标准级,华东,山东,技术,设备,柯尼卡,"柯尼卡 卡片打印机, 耐用",1.0,66.048
A1001664,2019/10/20,TB-21280,二级,华北,天津,办公用品,用品,Elite,"Elite 大剪刀, 钢",5.0,1287.45
A1001666,2019/10/20,BS-11755,二级,中南,河南,家具,书架,Bush,"Bush 古典书架, 白色",1.0,25.824
A1001666,2019/10/20,BS-11755,二级,中南,河南,技术,配件,Enermax,"Enermax 记忆卡, 回收",2.0,160.96
A1001664,2019/10/20,SO-20335,二级,华北,天津,技术,设备,StarTech,"StarTech 打印机, 多色",5.0,28.44
A1001665,2019/10/20,SO-20335,标准级,中南,湖南,技术,配件,Memorex,"Memorex 键盘, 实惠",1.0,364.41
A1001668,2019/10/22,SO-20335,一级,华东,上海,家具,书架,Safco,"Safco 书架, 传统",7.0,39.96
A1001668,2019/10/22,SO-20335,一级,华东,上海,技术,配件,Memorex,"Memorex 闪存驱动器, 耐用",2.0,361.764
A1001670,2019/10/22,CS-12490,二级,华北,天津,家具,椅子,Office Star,"Office Star 扶手椅, 每套两件",3.0,111.672
A1001667,2019/10/22,PO-19180,二级,华北,北京,办公用品,装订机,Avery,"Avery 打孔机, 实惠",5.0,13.776
A1001667,2019/10/22,PO-19180,二级,华北,北京,家具,书架,Dania,"Dania 书架, 传统",2.0,10.272
A1001669,2019/10/22,TD-20995,标准级,华东,安徽,办公用品,用品,Kleencut,"Kleencut 开信刀, 蓝色",1.0,24.048
A1001679,2019/10/23,SP-20620,当日,东北,吉林,办公用品,信封,GlobeWeis,"GlobeWeis 商业信封, 银色",6.0,2.896
A1001679,2019/10/23,MS-17365,当日,东北,吉林,办公用品,纸张,Eaton,"Eaton 信纸, 回收",2.0,17.94
A1001672,2019/10/23,MS-17365,二级,华北,河北,办公用品,器具,KitchenAid,"KitchenAid 炉灶, 黑色",2.0,384.174
A1001676,2019/10/23,MS-17365,二级,华东,浙江,办公用品,用品,Stiletto,"Stiletto 开信刀, 锯齿状",5.0,1799.75
A1001676,2019/10/23,Dp-13240,二级,华东,浙江,家具,书架,Safco,"Safco 书库, 金属",1.0,580.672
A1001676,2019/10/23,Dp-13240,二级,华东,浙江,技术,复印机,Brother,"Brother 无线传真机, 红色",3.0,18.936
A1001671,2019/10/23,Dp-13240,标准级,中南,广东,办公用品,美术,Stanley,"Stanley 铅笔刀, 整包",5.0,222.384
A1001673,2019/10/23,Dp-13240,二级,华东,山东,技术,电话,苹果,"苹果 智能手机, 混合尺寸",5.0,50.454
A1001674,2019/10/23,Dp-13240,标准级,华东,福建,办公用品,信封,Jiffy,"Jiffy 邮寄品, 每套 50 个",1.0,154.764
A1001674,2019/10/23,DB-13660,标准级,华东,福建,办公用品,器具,Hamilton Beach,"Hamilton Beach 咖啡研磨机, 红色",2.0,6.848
A1001678,2019/10/23,MG-17650,标准级,中南,湖北,办公用品,标签,Avery,"Avery 合法证物标签, 耐用",6.0,1091.168
A1001678,2019/10/23,MG-17650,标准级,中南,湖北,办公用品,装订机,Ibico,"Ibico 订书机, 透明",2.0,219.168
A1001677,2019/10/23,EH-14185,标准级,东北,辽宁,办公用品,装订机,Avery,"Avery 装订机, 耐用",1.0,6.928
A1001677,2019/10/23,CL-11890,标准级,东北,辽宁,办公用品,装订机,Ibico,"Ibico 标签, 耐用",2.0,40.032
A1001674,2019/10/23,KF-16285,标准级,华东,福建,家具,用具,Tenex,"Tenex 框架, 黑色",10.0,443.92
A1001678,2019/10/23,KF-16285,标准级,中南,湖北,技术,电话,诺基亚,"诺基亚 耳机, 整包",6.0,169.99
A1001675,2019/10/23,KF-16285,标准级,华东,安徽,技术,电话,摩托罗拉,"摩托罗拉 音频基座, 混合尺寸",5.0,25.92
A1001680,2019/10/24,DH-13075,一级,华北,北京,办公用品,信封,Jiffy,"Jiffy 搭扣信封, 红色",5.0,36.99
A1001682,2019/10/24,DH-13075,一级,西北,甘肃,办公用品,收纳具,Rogers,"Rogers 文件车, 单宽度",10.0,629.1
A1001682,2019/10/24,DH-13075,一级,西北,甘肃,办公用品,纸张,SanDisk,"SanDisk 计划信息表, 优质",3.0,193.95
A1001682,2019/10/24,DH-13075,一级,西北,甘肃,办公用品,美术,Sanford,"Sanford 画布, 整包",2.0,5.46
A1001682,2019/10/24,LA-16780,一级,西北,甘肃,家具,椅子,Hon,"Hon 椅垫, 红色",4.0,22.288
A1001680,2019/10/24,HZ-14950,一级,华北,北京,技术,配件,Memorex,"Memorex 路由器, 回收",8.0,65.424
A1001681,2019/10/24,CM-12190,标准级,中南,湖北,办公用品,信封,GlobeWeis,"GlobeWeis 外皮和封条, 回收",1.0,77.88
A1001681,2019/10/24,LB-16795,标准级,中南,湖北,办公用品,用品,Fiskars,"Fiskars 开信刀, 钢",1.0,281.372
A1001681,2019/10/24,LB-16795,标准级,中南,湖北,办公用品,美术,BIC,"BIC 钢笔, 金属",4.0,281.372
A1001683,2019/10/24,LB-16795,标准级,华北,山西,办公用品,用品,Acme,"Acme 尺子, 蓝色",2.0,7.488
A1001683,2019/10/24,LB-16795,标准级,华北,山西,办公用品,美术,Stanley,"Stanley 画布, 金属",1.0,22.336
A1001683,2019/10/24,JF-15490,标准级,华北,山西,技术,设备,StarTech,"StarTech 卡片打印机, 红色",6.0,10.368
A1001685,2019/10/25,GM-14695,标准级,中南,湖南,办公用品,装订机,Wilson Jones,"Wilson Jones 订书机, 透明",2.0,65.79
A1001685,2019/10/25,GM-14695,标准级,中南,湖南,家具,椅子,Harbour Creations,"Harbour Creations 折叠椅, 红色",2.0,271.984
A1001684,2019/10/25,GM-14695,标准级,华东,山东,办公用品,器具,KitchenAid,"KitchenAid 咖啡研磨机, 黑色",6.0,11.76
A1001684,2019/10/25,GM-14695,标准级,华东,山东,办公用品,用品,Acme,"Acme 大剪刀, 锯齿状",10.0,77.52
A1001684,2019/10/25,GM-14695,标准级,华东,山东,办公用品,纸张,Eaton,"Eaton 羊皮纸, 多色",9.0,48.64
A1001684,2019/10/25,SS-20590,标准级,华东,山东,技术,电话,三星,"三星 智能手机, 整包",3.0,1.81
A1001690,2019/10/26,SS-20590,一级,东北,辽宁,家具,用具,Advantus,"Advantus 灯泡, 耐用",2.0,8.26
A1001686,2019/10/26,TC-21475,标准级,东北,黑龙江,办公用品,器具,Hoover,"Hoover 炉灶, 黑色",2.0,43.56
A1001689,2019/10/26,TC-21475,标准级,西南,重庆,家具,用具,Deflect-O,"Deflect-O 门挡, 优质",2.0,5.84
A1001687,2019/10/26,CC-12430,标准级,东北,吉林,家具,用具,Advantus,"Advantus 框架, 优质",6.0,271.764
A1001687,2019/10/26,CL-12565,标准级,东北,吉林,技术,配件,Enermax,"Enermax 路由器, 可编程",5.0,262.24
A1001688,2019/10/26,CL-12565,标准级,中南,河南,办公用品,标签,Smead,"Smead 文件夹标签, 耐用",4.0,182.72
A1001694,2019/10/27,CL-12565,二级,西南,重庆,技术,电话,思科,"思科 办公室电话机, 蓝色",8.0,131.6
A1001696,2019/10/27,CL-12565,一级,华东,山东,办公用品,美术,Binney & Smith,"Binney & Smith 画布, 金属",8.0,22.72
A1001692,2019/10/27,CL-12565,二级,华东,山东,办公用品,纸张,Green Bar,"Green Bar 备忘录便条, 多色",3.0,558.4
A1001696,2019/10/27,DE-13255,一级,华东,山东,家具,书架,Safco,"Safco 古典书架, 传统",1.0,15.24
A1001692,2019/10/27,DE-13255,二级,华东,山东,家具,用具,Eldon,"Eldon 门挡, 优质",8.0,1408.1
A1001697,2019/10/27,SZ-20035,标准级,中南,湖南,办公用品,收纳具,Fellowes,"Fellowes 盘, 蓝色",5.0,32.896
A1001695,2019/10/27,SZ-20035,二级,华北,河北,办公用品,纸张,Eaton,"Eaton 计划信息表, 多色",8.0,215.148
A1001698,2019/10/27,SZ-20035,标准级,华东,江西,办公用品,系固件,Stockwell,"Stockwell 橡皮筋, 整包",8.0,30.96
A1001698,2019/10/27,LF-17185,标准级,华东,江西,办公用品,纸张,Green Bar,"Green Bar 计划信息表, 多色",1.0,29.79
A1001698,2019/10/27,LF-17185,标准级,华东,江西,办公用品,装订机,Ibico,"Ibico 订书机, 实惠",6.0,128.9
A1001698,2019/10/27,LF-17185,标准级,华东,江西,家具,椅子,Safco,"SAFCO 扶手椅, 可调",3.0,60.12
A1001698,2019/10/27,AB-10165,标准级,华东,江西,技术,设备,柯尼卡,"柯尼卡 打印机, 红色",3.0,24.816
A1001691,2019/10/27,AB-10165,标准级,中南,广东,技术,电话,三星,"三星 音频基座, 全尺寸",1.0,14.976
A1001693,2019/10/27,NM-18520,二级,华东,江苏,办公用品,信封,GlobeWeis,"GlobeWeis 局间信封, 回收",8.0,15.08
A1001693,2019/10/27,NM-18520,二级,华东,江苏,办公用品,标签,Smead,"Smead 有色标签, 耐用",1.0,24.288
A1001693,2019/10/27,RA-19945,二级,华东,江苏,办公用品,用品,Fiskars,"Fiskars 大剪刀, 工业",6.0,16.192
A1001701,2019/10/29,RA-19945,标准级,中南,广东,办公用品,装订机,Ibico,"Ibico 标签, 透明",2.0,251.006
A1001699,2019/10/29,RA-19945,标准级,华北,山西,办公用品,装订机,Wilson Jones,"Wilson Jones 订书机, 实惠",5.0,54.192
A1001700,2019/10/29,PO-19195,标准级,西北,陕西,家具,椅子,Safco,"SAFCO 凳子, 黑色",8.0,4.304
A1001702,2019/10/29,KA-16525,标准级,华北,河北,办公用品,装订机,Ibico,"Ibico 打孔机, 耐用",4.0,108.92
A1001704,2019/10/30,JD-16150,二级,华东,安徽,办公用品,装订机,Acco,"Acco 标签, 透明",1.0,16.74
A1001704,2019/10/30,JD-16150,二级,华东,安徽,办公用品,装订机,Ibico,"Ibico 孔加固材料, 透明",2.0,2504.74
A1001706,2019/10/30,JO-15145,一级,华东,浙江,技术,配件,罗技,"罗技 键盘, 回收",7.0,84.784
A1001705,2019/10/30,LE-16810,标准级,华北,河北,办公用品,信封,Jiffy,"Jiffy 搭扣信封, 回收",7.0,29.9
A1001705,2019/10/30,AH-10690,标准级,华北,河北,家具,椅子,Novimex,"Novimex 摇椅, 每套两件",1.0,70.88
A1001705,2019/10/30,KN-16705,标准级,华北,河北,家具,椅子,Office Star,"Office Star 沙滩椅, 可调",3.0,3.76
A1001703,2019/10/30,TB-21250,二级,中南,湖北,办公用品,纸张,Eaton,"Eaton 羊皮纸, 优质",2.0,27.264
A1001703,2019/10/30,DP-13390,二级,中南,湖北,家具,桌子,Lesro,"Lesro 电脑桌, 组装",8.0,56.65
A1001710,2019/10/31,DP-13390,一级,中南,湖南,办公用品,系固件,Advantus,"Advantus 橡皮筋, 每包 12 个",2.0,14.97
A1001708,2019/10/31,DP-13390,二级,中南,河南,办公用品,标签,Avery,"Avery 合法证物标签, 红色",2.0,4.02
A1001707,2019/10/31,KN-16705,二级,华北,山西,办公用品,信封,Ames,"Ames 马尼拉纸信封, 每套 50 个",7.0,471.92
A1001707,2019/10/31,ST-20530,二级,华北,山西,办公用品,纸张,Green Bar,"Green Bar 令, 每包 12 个",3.0,58.72
A1001707,2019/10/31,EB-13870,二级,华北,山西,办公用品,纸张,施乐,"施乐 计划信息表, 回收",6.0,5.16
A1001707,2019/10/31,AH-10210,二级,华北,山西,办公用品,装订机,Avery,"Avery 孔加固材料, 回收",2.0,16.496
A1001707,2019/10/31,AS-10090,二级,华北,山西,办公用品,装订机,Ibico,"Ibico 打孔机, 实惠",7.0,71.976
A1001711,2019/10/31,AS-10090,标准级,中南,广东,办公用品,美术,Binney & Smith,"Binney & Smith 记号笔, 混合尺寸",3.0,22.512
A1001707,2019/10/31,AS-10090,二级,华北,山西,技术,复印机,Hewlett,"Hewlett 个人复印机, 红色",9.0,3.444
A1001707,2019/10/31,AS-10090,二级,华北,山西,技术,电话,诺基亚,"诺基亚 办公室电话机, 全尺寸",5.0,538.194
A1001709,2019/10/31,AS-10090,标准级,东北,黑龙江,办公用品,收纳具,Rogers,"Rogers 盒, 蓝色",2.0,47.984
A1001709,2019/10/31,EM-13825,标准级,东北,黑龙江,办公用品,标签,Smead,"Smead 圆形标签, 耐用",5.0,492.768
A1001709,2019/10/31,KA-16525,标准级,东北,黑龙江,技术,配件,Enermax,"Enermax 键区, 实惠",10.0,286.79
A1001709,2019/10/31,HJ-14875,标准级,东北,黑龙江,技术,配件,罗技,"罗技 键区, 耐用",2.0,5.08
A1001716,2019/11/1,ND-18370,一级,中南,湖北,办公用品,标签,Avery,"Avery 有色标签, 耐用",2.0,47.992
A1001716,2019/11/1,EH-13765,一级,中南,湖北,办公用品,标签,Harbour Creations,"Harbour Creations 圆形标签, 红色",1.0,61.96
A1001716,2019/11/1,EH-13765,一级,中南,湖北,家具,椅子,Office Star,"Office Star 沙滩椅, 可调",7.0,361.96
A1001716,2019/11/1,EH-13765,一级,中南,湖北,技术,复印机,Brother,"Brother 无线传真机, 红色",5.0,278.82
A1001716,2019/11/1,MC-17845,一级,中南,湖北,技术,电话,苹果,"苹果 信号增强器, 混合尺寸",4.0,133.38
A1001716,2019/11/1,MH-17455,一级,中南,湖北,技术,配件,罗技,"罗技 路由器, 回收",7.0,47.952
A1001718,2019/11/1,CL-11890,标准级,华东,安徽,办公用品,收纳具,Eldon,"Eldon 文件车, 单宽度",6.0,16.74
A1001713,2019/11/1,SF-20965,标准级,华北,河北,办公用品,信封,Cameo,"Cameo 搭扣信封, 红色",6.0,10.848
A1001719,2019/11/1,SF-20965,标准级,华东,安徽,办公用品,标签,Harbour Creations,"Harbour Creations 有色标签, 红色",10.0,18.544
A1001719,2019/11/1,EP-13915,标准级,华东,安徽,家具,书架,Dania,"Dania 古典书架, 白色",9.0,180.98
A1001712,2019/11/1,EP-13915,标准级,华东,上海,家具,椅子,Office Star,"Office Star 椅垫, 可调",2.0,99.98
A1001715,2019/11/1,RW-19630,标准级,西南,云南,技术,配件,贝尔金,"贝尔金 路由器, 耐用",1.0,34.95
A1001717,2019/11/1,RW-19630,标准级,华北,河北,办公用品,收纳具,Tenex,"Tenex 锁柜, 蓝色",1.0,152.0
A1001717,2019/11/1,SJ-20500,标准级,华北,河北,办公用品,标签,Novimex,"Novimex 运输标签, 红色",4.0,92.52
A1001714,2019/11/1,SP-20620,标准级,东北,辽宁,办公用品,系固件,Stockwell,"Stockwell 按钉, 整包",1.0,8.56
A1001714,2019/11/1,SP-20620,标准级,东北,辽宁,办公用品,装订机,Cardinal,"Cardinal 装订机盖, 透明",2.0,45.36
A1001717,2019/11/1,SP-20620,标准级,华北,河北,家具,用具,Deflect-O,"Deflect-O 闹钟, 一包多件",2.0,1421.664
A1001723,2019/11/2,PJ-19015,二级,华东,福建,办公用品,信封,Kraft,"Kraft 马尼拉纸信封, 银色",3.0,8.96
A1001723,2019/11/2,CC-12610,二级,华东,福建,办公用品,用品,Elite,"Elite 大剪刀, 锯齿状",5.0,579.95
A1001723,2019/11/2,CC-12610,二级,华东,福建,办公用品,美术,Binney & Smith,"Binney & Smith 铅笔刀, 金属",2.0,29.12
A1001721,2019/11/2,CC-12610,标准级,华东,江苏,办公用品,收纳具,Tenex,"Tenex 搁板, 金属",9.0,1202.94
A1001721,2019/11/2,MY-18295,标准级,华东,江苏,家具,椅子,Office Star,"Office Star 摇椅, 红色",2.0,7.92
A1001721,2019/11/2,DB-13210,标准级,华东,江苏,家具,用具,Deflect-O,"Deflect-O 相框, 黑色",5.0,36.192
A1001721,2019/11/2,MG-17875,标准级,华东,江苏,技术,设备,爱普生,"爱普生 打印机, 白色",1.0,147.184
A1001722,2019/11/2,RH-19600,标准级,西北,陕西,技术,配件,贝尔金,"贝尔金 键盘, 可编程",4.0,408.422
A1001720,2019/11/2,RH-19600,标准级,华北,河北,办公用品,器具,Hoover,"Hoover 冰箱, 白色",5.0,382.116
A1001720,2019/11/2,RH-19600,标准级,华北,河北,办公用品,装订机,Wilson Jones,"Wilson Jones 打孔机, 透明",4.0,68.6
A1001726,2019/11/3,RH-19600,当日,华东,安徽,家具,椅子,Hon,"Hon 扶手椅, 每套两件",2.0,435.504
A1001724,2019/11/3,RH-19600,标准级,东北,黑龙江,办公用品,装订机,Avery,"Avery 装订机盖, 回收",3.0,11.168
A1001724,2019/11/3,KB-16240,标准级,东北,黑龙江,办公用品,装订机,Avery,"Avery 装订机盖, 透明",1.0,72.0
A1001725,2019/11/3,KB-16240,标准级,华东,安徽,技术,复印机,佳能,"佳能 复印机, 彩色",7.0,655.9
A1001728,2019/11/5,KB-16240,当日,西南,云南,办公用品,标签,Hon,"Hon 运输标签, 耐用",8.0,603.92
A1001733,2019/11/5,CA-12055,二级,东北,黑龙江,办公用品,美术,Binney & Smith,"Binney & Smith 荧光笔, 整包",5.0,513.024
A1001727,2019/11/5,CA-12055,标准级,东北,吉林,办公用品,美术,Boston,"Boston 画布, 混合尺寸",4.0,487.92
A1001729,2019/11/5,CA-12055,标准级,东北,吉林,办公用品,装订机,Acco,"Acco 孔加固材料, 实惠",2.0,15.24
A1001732,2019/11/5,JK-15730,标准级,华东,山东,办公用品,用品,Stiletto,"Stiletto 修剪器, 钢",3.0,209.97
A1001730,2019/11/5,JK-15730,标准级,西北,陕西,办公用品,装订机,Avery,"Avery 装订机, 耐用",5.0,62.94
A1001730,2019/11/5,JK-15730,标准级,西北,陕西,家具,椅子,Office Star,"Office Star 沙滩椅, 每套两件",6.0,25.92
A1001730,2019/11/5,RD-19930,标准级,西北,陕西,技术,电话,苹果,"苹果 智能手机, 蓝色",4.0,10.368
A1001731,2019/11/5,RD-19930,标准级,西北,新疆,办公用品,纸张,施乐,"施乐 笔记本, 回收",3.0,95.736
A1001731,2019/11/5,JK-16120,标准级,西北,新疆,家具,椅子,Novimex,"Novimex 凳子, 红色",1.0,900.08
A1001736,2019/11/6,SC-20020,当日,东北,辽宁,技术,电话,思科,"思科 耳机, 整包",6.0,201.584
A1001739,2019/11/6,SC-20020,一级,中南,广西,办公用品,装订机,Cardinal,"Cardinal 打孔机, 回收",3.0,3.392
A1001739,2019/11/6,SC-20020,一级,中南,广西,技术,复印机,Hewlett,"Hewlett 传真复印机, 每套两件",7.0,193.0656
A1001738,2019/11/6,SC-20020,二级,西北,甘肃,办公用品,信封,GlobeWeis,"GlobeWeis 搭扣信封, 回收",9.0,15.552
A1001735,2019/11/6,SC-20020,一级,华东,安徽,办公用品,用品,Fiskars,"Fiskars 剪刀, 锯齿状",3.0,11.648
A1001735,2019/11/6,SC-20020,一级,华东,安徽,家具,书架,Safco,"Safco 墙角架, 金属",5.0,418.8
A1001735,2019/11/6,SC-20020,一级,华东,安徽,家具,用具,Advantus,"Advantus 门挡, 一包多件",5.0,509.488
A1001735,2019/11/6,HW-14935,一级,华东,安徽,技术,配件,罗技,"罗技 闪存驱动器, 耐用",9.0,825.174
A1001734,2019/11/6,HW-14935,标准级,西南,云南,办公用品,美术,Stanley,"Stanley 钢笔, 混合尺寸",5.0,17.76
A1001737,2019/11/6,HW-14935,标准级,东北,黑龙江,办公用品,器具,Cuisinart,"Cuisinart 微波炉, 红色",1.0,6.912
A1001737,2019/11/6,SC-20800,标准级,东北,黑龙江,办公用品,收纳具,Tenex,"Tenex 盘, 单宽度",4.0,66.3
A1001742,2019/11/7,HA-14920,二级,东北,辽宁,办公用品,器具,Hamilton Beach,"Hamilton Beach 微波炉, 白色",7.0,30.816
A1001742,2019/11/7,HA-14920,二级,东北,辽宁,办公用品,器具,KitchenAid,"KitchenAid 烤面包机, 银色",9.0,44.784
A1001743,2019/11/7,HA-14920,标准级,华东,上海,办公用品,标签,Novimex,"Novimex 文件夹标签, 红色",1.0,569.536
A1001745,2019/11/7,MG-17875,标准级,中南,广东,办公用品,纸张,SanDisk,"SanDisk 计划信息表, 回收",9.0,796.425
A1001741,2019/11/7,DM-12955,标准级,华东,山东,办公用品,信封,Kraft,"Kraft 局间信封, 红色",2.0,12.832
A1001744,2019/11/7,DM-13345,二级,华东,山东,技术,复印机,夏普,"夏普 传真机, 数字化",4.0,40.46
A1001740,2019/11/7,DM-13345,标准级,华北,山西,办公用品,系固件,OIC,"OIC 回形针, 混合尺寸",2.0,404.94
A1001751,2019/11/8,ML-17395,二级,中南,河南,办公用品,装订机,Wilson Jones,"Wilson Jones 标签, 实惠",1.0,116.0
A1001746,2019/11/8,GA-14515,标准级,中南,海南,办公用品,用品,Elite,"Elite 开信刀, 锯齿状",3.0,657.552
A1001751,2019/11/8,SU-20665,二级,中南,河南,家具,书架,Safco,"Safco 书架, 黑色",2.0,599.97
A1001751,2019/11/8,SU-20665,二级,中南,河南,技术,设备,爱普生,"爱普生 卡片打印机, 红色",1.0,38.97
A1001749,2019/11/8,SU-20665,标准级,华东,山东,办公用品,器具,Hoover,"Hoover 咖啡研磨机, 白色",8.0,45.84
A1001747,2019/11/8,BD-11320,二级,华东,安徽,办公用品,装订机,Cardinal,"Cardinal 装订机, 耐用",2.0,38.24
A1001748,2019/11/8,DB-13405,标准级,中南,广东,办公用品,标签,Novimex,"Novimex 有色标签, 耐用",8.0,87.168
A1001748,2019/11/8,RP-19855,标准级,中南,广东,办公用品,用品,Stiletto,"Stiletto 美工刀, 工业",6.0,21.4
A1001750,2019/11/8,EH-13765,标准级,西北,陕西,技术,复印机,Brother,"Brother 墨水, 彩色",2.0,54.9
A1001752,2019/11/9,JL-15835,一级,中南,河南,办公用品,信封,Ames,"Ames 邮寄品, 每套 50 个",1.0,287.968
A1001752,2019/11/9,JL-15835,一级,中南,河南,家具,书架,Safco,"Safco 书架, 传统",8.0,13.12
A1001752,2019/11/9,JL-15835,一级,中南,河南,家具,椅子,Safco,"SAFCO 折叠椅, 黑色",3.0,10.75
A1001753,2019/11/10,JL-15835,标准级,华北,山西,办公用品,收纳具,Rogers,"Rogers 搁板, 单宽度",5.0,11.62
A1001754,2019/11/11,FM-14380,标准级,西北,甘肃,办公用品,系固件,Stockwell,"Stockwell 图钉, 整包",2.0,40.74
A1001754,2019/11/11,SB-20290,标准级,西北,甘肃,技术,电话,三星,"三星 信号增强器, 蓝色",8.0,83.25
A1001756,2019/11/12,SB-20290,一级,西北,甘肃,办公用品,器具,Cuisinart,"Cuisinart 烤面包机, 银色",6.0,9.45
A1001756,2019/11/12,SB-20290,一级,西北,甘肃,技术,复印机,夏普,"夏普 复印机, 每套两件",8.0,20.65
A1001756,2019/11/12,SB-20290,一级,西北,甘肃,技术,电话,三星,"三星 智能手机, 整包",1.0,45.36
A1001755,2019/11/12,SV-20365,标准级,西南,四川,办公用品,信封,Ames,"Ames 外皮和封条, 每套 50 个",6.0,5.352
A1001757,2019/11/12,SV-20365,标准级,华东,上海,技术,配件,Memorex,"Memorex 路由器, 回收",10.0,99.372
A1001761,2019/11/13,SV-20365,当日,中南,湖南,家具,用具,Eldon,"Eldon 分层置放架, 优质",9.0,2.672
A1001763,2019/11/13,MM-17920,当日,华东,山东,技术,电话,摩托罗拉,"摩托罗拉 智能手机, 整包",6.0,28.672
A1001765,2019/11/13,MM-17920,二级,华东,福建,家具,椅子,Office Star,"Office Star 椅垫, 黑色",2.0,29.312
A1001759,2019/11/13,RD-19810,标准级,华东,福建,办公用品,标签,Hon,"Hon 可去除的标签, 红色",2.0,105.98
A1001760,2019/11/13,RD-19810,标准级,华东,安徽,办公用品,器具,Hamilton Beach,"Hamilton Beach 搅拌机, 红色",5.0,35.06
A1001762,2019/11/13,RD-19810,标准级,中南,河南,办公用品,器具,Breville,"Breville 炉灶, 银色",3.0,33.94
A1001762,2019/11/13,RD-19810,标准级,中南,河南,办公用品,装订机,Wilson Jones,"Wilson Jones 装订机盖, 透明",4.0,30.0
A1001764,2019/11/13,ME-17320,二级,华北,北京,家具,椅子,Novimex,"Novimex 扶手椅, 每套两件",1.0,45.528
A1001759,2019/11/13,ME-17320,标准级,华东,福建,家具,书架,Safco,"Safco 书库, 黑色",3.0,844.116
A1001759,2019/11/13,ME-17320,标准级,华东,福建,家具,用具,Deflect-O,"Deflect-O 分层置放架, 黑色",3.0,812.736
A1001760,2019/11/13,FH-14275,标准级,华东,安徽,技术,配件,贝尔金,"贝尔金 键区, 耐用",3.0,7.476
A1001758,2019/11/13,PO-18865,二级,华北,内蒙古,办公用品,系固件,OIC,"OIC 图钉, 金属",4.0,330.4
A1001758,2019/11/13,PO-18865,二级,华北,内蒙古,办公用品,系固件,Stockwell,"Stockwell 订书钉, 每包 12 个",9.0,604.752
A1001758,2019/11/13,CC-12550,二级,华北,内蒙古,办公用品,装订机,Cardinal,"Cardinal 装订机盖, 回收",2.0,45.36
A1001758,2019/11/13,CC-12550,二级,华北,内蒙古,办公用品,装订机,Wilson Jones,"Wilson Jones 装订机盖, 耐用",6.0,10.128
A1001758,2019/11/13,TS-21505,二级,华北,内蒙古,家具,书架,Sauder,"Sauder 书库, 金属",8.0,21.792
A1001768,2019/11/14,TS-21505,一级,华东,山东,办公用品,装订机,Cardinal,"Cardinal 装订机, 耐用",8.0,439.8
A1001767,2019/11/14,MD-17350,标准级,西北,陕西,家具,桌子,Hon,"Hon 圆桌, 黑色",9.0,8.256
A1001767,2019/11/14,MD-17350,标准级,西北,陕西,家具,用具,Eldon,"Eldon 门挡, 耐用",4.0,25.56
A1001766,2019/11/14,MD-17350,标准级,中南,广东,办公用品,收纳具,Smead,"Smead 盒, 单宽度",8.0,4.368
A1001766,2019/11/14,MD-17350,标准级,中南,广东,办公用品,收纳具,Tenex,"Tenex 锁柜, 金属",1.0,11.52
A1001770,2019/11/15,GT-14755,标准级,华北,北京,办公用品,系固件,Advantus,"Advantus 回形针, 每包 12 个",1.0,12.96
A1001769,2019/11/15,GT-14755,标准级,华东,山东,办公用品,标签,Smead,"Smead 文件夹标签, 耐用",6.0,3.96
A1001769,2019/11/15,RD-19660,标准级,华东,山东,办公用品,纸张,施乐,"施乐 备忘录便条, 每包 12 个",8.0,1577.94
A1001769,2019/11/15,DB-12910,标准级,华东,山东,家具,书架,Safco,"Safco 书架, 黑色",8.0,15.008
A1001769,2019/11/15,JK-15640,标准级,华东,山东,技术,复印机,佳能,"佳能 传真复印机, 每套两件",4.0,59.98
A1001769,2019/11/15,JK-15640,标准级,华东,山东,技术,电话,思科,"思科 耳机, 蓝色",1.0,2395.2
A1001769,2019/11/15,JK-15640,标准级,华东,山东,技术,电话,苹果,"苹果 智能手机, 混合尺寸",1.0,1687.8
A1001772,2019/11/15,JK-15640,标准级,华东,浙江,家具,桌子,Chromcraft,"Chromcraft 会议桌, 组装",3.0,7.992
A1001771,2019/11/15,FC-14335,标准级,华东,山东,家具,椅子,Hon,"Hon 椅垫, 可调",5.0,5.184
A1001773,2019/11/16,JW-15955,标准级,中南,广西,办公用品,信封,Cameo,"Cameo 局间信封, 每套 50 个",5.0,11.68
A1001773,2019/11/16,JW-15955,标准级,中南,广西,办公用品,收纳具,Tenex,"Tenex 盘, 金属",3.0,104.8
A1001774,2019/11/16,DC-12850,标准级,东北,辽宁,办公用品,美术,Sanford,"Sanford 荧光笔, 金属",5.0,14.496
A1001774,2019/11/16,FM-14290,标准级,东北,辽宁,家具,椅子,Hon,"Hon 椅垫, 可调",5.0,4.784
A1001774,2019/11/16,FM-14290,标准级,东北,辽宁,技术,复印机,Brother,"Brother 墨水, 数字化",5.0,4.73
A1001775,2019/11/16,MT-17815,标准级,西北,陕西,办公用品,用品,Fiskars,"Fiskars 大剪刀, 工业",3.0,7.89
A1001777,2019/11/17,MT-17815,当日,华北,北京,办公用品,信封,GlobeWeis,"GlobeWeis 搭扣信封, 银色",5.0,65.5
A1001776,2019/11/17,MT-17815,当日,中南,广东,家具,书架,Dania,"Dania 搁架, 金属",3.0,2430.08
A1001776,2019/11/17,DK-13090,当日,中南,广东,家具,书架,宜家,"宜家 古典书架, 白色",2.0,104.85
A1001778,2019/11/17,KD-16495,标准级,华北,天津,办公用品,信封,Kraft,"Kraft 商业信封, 银色",2.0,3.9
A1001778,2019/11/17,KD-16495,标准级,华北,天津,办公用品,器具,Cuisinart,"Cuisinart 炉灶, 黑色",3.0,801.96
A1001778,2019/11/17,KD-16495,标准级,华北,天津,家具,椅子,Hon,"Hon 凳子, 可调",4.0,191.96
A1001779,2019/11/17,KD-16495,标准级,中南,湖南,办公用品,收纳具,Tenex,"Tenex 盒, 单宽度",1.0,2.61
A1001783,2019/11/19,AG-10300,一级,华东,安徽,办公用品,器具,Breville,"Breville 炉灶, 白色",2.0,5.96
A1001783,2019/11/19,MH-18115,一级,华东,安徽,办公用品,收纳具,Rogers,"Rogers 盘, 单宽度",2.0,1169.694
A1001783,2019/11/19,AC-10450,一级,华东,安徽,办公用品,用品,Fiskars,"Fiskars 开信刀, 钢",3.0,1665.62
A1001780,2019/11/19,FM-14290,标准级,华北,山西,办公用品,美术,Stanley,"Stanley 记号笔, 混合尺寸",9.0,2.88
A1001782,2019/11/19,FM-14290,标准级,华东,上海,办公用品,信封,Jiffy,"Jiffy 局间信封, 每套 50 个",1.0,1443.96
A1001782,2019/11/19,RA-19285,标准级,华东,上海,办公用品,装订机,Ibico,"Ibico 装订机盖, 透明",2.0,2.92
A1001781,2019/11/19,JG-15160,标准级,西南,云南,办公用品,纸张,Eaton,"Eaton 笔记本, 回收",2.0,465.18
A1001781,2019/11/19,NZ-18565,标准级,西南,云南,技术,设备,柯尼卡,"柯尼卡 打印机, 多色",1.0,22.428
A1001784,2019/11/20,NZ-18565,二级,东北,辽宁,办公用品,用品,Stiletto,"Stiletto 美工刀, 钢",4.0,37.52
A1001786,2019/11/20,KM-16225,二级,中南,河南,办公用品,收纳具,Eldon,"Eldon 盘, 金属",10.0,2.624
A1001786,2019/11/20,LC-17140,二级,中南,河南,办公用品,标签,Smead,"Smead 文件夹标签, 白色",7.0,15.552
A1001786,2019/11/20,LC-17140,二级,中南,河南,办公用品,用品,Fiskars,"Fiskars 尺子, 钢",5.0,64.704
A1001786,2019/11/20,LC-17140,二级,中南,河南,办公用品,纸张,施乐,"施乐 令, 每包 12 个",5.0,17.472
A1001786,2019/11/20,LC-17140,二级,中南,河南,技术,复印机,佳能,"佳能 复印机, 每套两件",2.0,135.516
A1001786,2019/11/20,NP-18700,二级,中南,河南,技术,电话,思科,"思科 办公室电话机, 混合尺寸",1.0,431.928
A1001785,2019/11/20,RB-19330,标准级,华东,山东,家具,椅子,Harbour Creations,"Harbour Creations 扶手椅, 可调",2.0,12.448
A1001787,2019/11/21,RB-19330,标准级,华东,山东,家具,桌子,Chromcraft,"Chromcraft 培训桌, 长方形",7.0,657.93
A1001787,2019/11/21,TH-21550,标准级,华东,山东,技术,复印机,佳能,"佳能 传真机, 彩色",5.0,277.4
A1001788,2019/11/21,TH-21550,标准级,华东,上海,办公用品,信封,Cameo,"Cameo 马尼拉纸信封, 银色",5.0,25.16
A1001788,2019/11/21,TH-21550,标准级,华东,上海,办公用品,收纳具,Eldon,"Eldon 文件车, 工业",10.0,91.92
A1001788,2019/11/21,CK-12595,标准级,华东,上海,家具,书架,Bush,"Bush 柜, 金属",5.0,29.34
A1001789,2019/11/21,ST-20530,标准级,华北,河北,家具,椅子,Office Star,"Office Star 椅垫, 黑色",3.0,139.44
A1001796,2019/11/22,GB-14530,一级,华北,北京,办公用品,用品,Fiskars,"Fiskars 修剪器, 锯齿状",4.0,6.912
A1001791,2019/11/22,GB-14530,标准级,华东,江苏,办公用品,收纳具,Fellowes,"Fellowes 锁柜, 蓝色",3.0,27.096
A1001791,2019/11/22,GB-14530,标准级,华东,江苏,办公用品,美术,Sanford,"Sanford 画布, 金属",5.0,177.568
A1001793,2019/11/22,NC-18535,标准级,华东,山东,家具,椅子,Harbour Creations,"Harbour Creations 折叠椅, 红色",5.0,58.416
A1001792,2019/11/22,AB-10255,标准级,西南,四川,办公用品,标签,Hon,"Hon 文件夹标签, 红色",5.0,16.448
A1001792,2019/11/22,AB-10255,标准级,西南,四川,办公用品,纸张,施乐,"施乐 令, 回收",1.0,36.784
A1001794,2019/11/22,SC-20770,标准级,华北,河北,办公用品,收纳具,Tenex,"Tenex 搁板, 蓝色",1.0,718.116
A1001794,2019/11/22,SC-20770,标准级,华北,河北,办公用品,标签,Hon,"Hon 运输标签, 可调",9.0,31.776
A1001790,2019/11/22,JC-15340,标准级,华东,安徽,办公用品,标签,Novimex,"Novimex 有色标签, 可调",6.0,9.555
A1001790,2019/11/22,RA-19285,标准级,华东,安徽,家具,椅子,Safco,"SAFCO 扶手椅, 每套两件",9.0,487.984
A1001797,2019/11/22,RA-19285,标准级,华东,浙江,办公用品,器具,Breville,"Breville 搅拌机, 红色",10.0,5.56
A1001797,2019/11/22,RA-19285,标准级,华东,浙江,办公用品,收纳具,Tenex,"Tenex 搁板, 金属",6.0,217.85
A1001795,2019/11/22,SH-19975,标准级,华北,天津,办公用品,器具,KitchenAid,"KitchenAid 炉灶, 白色",5.0,40.776
A1001795,2019/11/22,SH-19975,标准级,华北,天津,办公用品,收纳具,Fellowes,"Fellowes 盒, 金属",5.0,63.936
A1001795,2019/11/22,JC-15775,标准级,华北,天津,办公用品,标签,Harbour Creations,"Harbour Creations 可去除的标签, 红色",2.0,142.4
A1001795,2019/11/22,JC-15775,标准级,华北,天津,办公用品,系固件,Accos,"Accos 回形针, 每包 12 个",3.0,7.16
A1001795,2019/11/22,BC-11125,标准级,华北,天津,办公用品,美术,BIC,"BIC 画布, 金属",5.0,681.408
A1001795,2019/11/22,BC-11125,标准级,华北,天津,办公用品,美术,Binney & Smith,"Binney & Smith 铅笔刀, 整包",5.0,3.52
A1001795,2019/11/22,BC-11125,标准级,华北,天津,办公用品,装订机,Avery,"Avery 孔加固材料, 透明",4.0,5.58
A1001795,2019/11/22,BC-11125,标准级,华北,天津,办公用品,装订机,Avery,"Avery 装订机盖, 耐用",4.0,36.32
A1001795,2019/11/22,JH-15985,标准级,华北,天津,办公用品,装订机,Wilson Jones,"Wilson Jones 打孔机, 回收",1.0,2060.744
A1001795,2019/11/22,CC-12610,标准级,华北,天津,技术,电话,摩托罗拉,"摩托罗拉 充电器, 整包",2.0,52.272
A1001804,2019/11/23,CC-12610,当日,中南,河南,办公用品,信封,Kraft,"Kraft 外皮和封条, 回收",5.0,213.136
A1001804,2019/11/23,DB-12970,当日,中南,河南,家具,椅子,Harbour Creations,"Harbour Creations 椅垫, 每套两件",3.0,69.52
A1001800,2019/11/23,DB-12970,标准级,中南,广东,家具,用具,Deflect-O,"Deflect-O 门挡, 耐用",2.0,763.44
A1001800,2019/11/23,PP-18955,标准级,中南,广东,技术,电话,摩托罗拉,"摩托罗拉 信号增强器, 混合尺寸",2.0,9.216
A1001798,2019/11/23,PP-18955,二级,华东,安徽,办公用品,收纳具,Rogers,"Rogers 文件夹, 工业",1.0,41.958
A1001803,2019/11/23,PP-18955,标准级,中南,海南,办公用品,美术,BIC,"BIC 铅笔刀, 蓝色",4.0,89.568
A1001799,2019/11/23,PP-18955,标准级,华东,山东,办公用品,美术,Binney & Smith,"Binney & Smith 速写本, 金属",9.0,22.248
A1001801,2019/11/23,PP-18955,标准级,东北,黑龙江,办公用品,信封,Kraft,"Kraft 商业信封, 银色",4.0,334.88
A1001802,2019/11/23,PP-18955,标准级,华东,山东,技术,设备,StarTech,"StarTech 电话, 白色",40.0,148.288
A1001806,2019/11/24,PP-18955,一级,东北,辽宁,办公用品,信封,Ames,"Ames 马尼拉纸信封, 银色",28.0,4.624
A1001805,2019/11/24,PP-18955,二级,西南,四川,办公用品,信封,Kraft,"Kraft 商业信封, 红色",6.0,178.92
A1001806,2019/11/24,PP-18955,一级,东北,辽宁,家具,椅子,Novimex,"Novimex 沙滩椅, 可调",17.0,69.888
A1001806,2019/11/24,MC-17845,一级,东北,辽宁,家具,椅子,Office Star,"Office Star 摇椅, 每套两件",40.0,487.984
A1001806,2019/11/24,MC-17845,一级,东北,辽宁,技术,配件,SanDisk,"SanDisk 键区, 实惠",29.0,47.3
A1001806,2019/11/24,MC-17845,一级,东北,辽宁,技术,配件,贝尔金,"贝尔金 鼠标, 可编程",22.0,4.13
A1001807,2019/11/25,MC-17845,一级,华东,安徽,办公用品,系固件,Advantus,"Advantus 回形针, 混合尺寸",8.0,155.12
A1001807,2019/11/25,VF-21715,一级,华东,安徽,家具,桌子,Lesro,"Lesro 培训桌, 长方形",35.0,6.48
A1001807,2019/11/25,VF-21715,一级,华东,安徽,技术,复印机,夏普,"夏普 复印机, 数字化",4.0,15.52
A1001816,2019/11/26,MC-17275,一级,中南,河南,技术,电话,三星,"三星 音频基座, 整包",16.0,2.946
A1001813,2019/11/26,MC-17275,二级,东北,黑龙江,办公用品,器具,Hoover,"Hoover 微波炉, 黑色",12.0,55.104
A1001808,2019/11/26,DB-13210,一级,华东,山东,办公用品,收纳具,Smead,"Smead 文件夹, 单宽度",11.0,104.88
A1001808,2019/11/26,DB-13210,一级,华东,山东,办公用品,收纳具,Smead,"Smead 盒, 金属",32.0,34.7
A1001808,2019/11/26,DB-13210,一级,华东,山东,办公用品,收纳具,Tenex,"Tenex 文件车, 工业",23.0,33.72
A1001808,2019/11/26,DB-13210,一级,华东,山东,办公用品,标签,Novimex,"Novimex 文件夹标签, 白色",8.0,14.94
A1001808,2019/11/26,AJ-10945,一级,华东,山东,办公用品,系固件,OIC,"OIC 回形针, 每包 12 个",23.0,638.73
A1001808,2019/11/26,CP-12340,一级,华东,山东,办公用品,美术,Binney & Smith,"Binney & Smith 速写本, 整包",13.0,113.568
A1001808,2019/11/26,DB-13555,一级,华东,山东,家具,椅子,Harbour Creations,"Harbour Creations 摇椅, 红色",24.0,9.096
A1001808,2019/11/26,EB-13750,一级,华东,山东,家具,用具,Eldon,"Eldon 相框, 优质",17.0,8.688
A1001810,2019/11/26,EB-13750,二级,中南,广东,家具,书架,Sauder,"Sauder 书架, 黑色",27.0,30.88
A1001808,2019/11/26,EB-13750,一级,华东,山东,技术,设备,松下,"松下 电话, 耐用",37.0,6.408
A1001811,2019/11/26,JP-15460,标准级,华东,山东,办公用品,器具,Hoover,"Hoover 烤面包机, 黑色",12.0,33.8
A1001811,2019/11/26,SC-20050,标准级,华东,山东,办公用品,标签,Avery,"Avery 合法证物标签, 白色",21.0,377.97
A1001811,2019/11/26,FM-14290,标准级,华东,山东,办公用品,用品,Acme,"Acme 美工刀, 蓝色",31.0,258.9
A1001811,2019/11/26,FM-14290,标准级,华东,山东,办公用品,系固件,Accos,"Accos 订书钉, 整包",12.0,24.56
A1001811,2019/11/26,TB-21250,标准级,华东,山东,办公用品,纸张,Eaton,"Eaton 羊皮纸, 优质",38.0,27.888
A1001809,2019/11/26,TB-21250,标准级,华东,浙江,办公用品,收纳具,Tenex,"Tenex 盒, 金属",10.0,6.456
A1001811,2019/11/26,TB-21250,标准级,华东,山东,家具,椅子,Safco,"SAFCO 沙滩椅, 每套两件",3.0,52.68
A1001809,2019/11/26,TB-21250,标准级,华东,浙江,家具,用具,Eldon,"Eldon 相框, 一包多件",33.0,13.88
A1001812,2019/11/26,TB-21250,标准级,华东,山东,技术,电话,思科,"思科 充电器, 整包",24.0,103.92
A1001815,2019/11/26,TB-21250,标准级,华北,河北,技术,复印机,Hewlett,"Hewlett 个人复印机, 每套两件",13.0,11.52
A1001814,2019/11/26,TB-21250,标准级,东北,辽宁,办公用品,信封,Ames,"Ames 外皮和封条, 红色",19.0,10.368
A1001814,2019/11/26,TB-21250,标准级,东北,辽宁,办公用品,信封,Kraft,"Kraft 外皮和封条, 红色",5.0,39.072
A1001814,2019/11/26,EH-14125,标准级,东北,辽宁,办公用品,器具,Cuisinart,"Cuisinart 冰箱, 红色",18.0,8.872
A1001814,2019/11/26,EH-14125,标准级,东北,辽宁,办公用品,系固件,Stockwell,"Stockwell 回形针, 金属",9.0,121.104
A1001814,2019/11/26,ML-17410,标准级,东北,辽宁,办公用品,美术,Boston,"Boston 记号笔, 混合尺寸",6.0,127.372
A1001814,2019/11/26,ML-17410,标准级,东北,辽宁,技术,电话,三星,"三星 充电器, 蓝色",29.0,47.952
A1001814,2019/11/26,MH-17620,标准级,东北,辽宁,技术,配件,贝尔金,"贝尔金 路由器, 可编程",15.0,44.46
A1001818,2019/11/27,BT-11680,当日,华北,河北,办公用品,器具,Breville,"Breville 搅拌机, 银色",12.0,15.8
A1001818,2019/11/27,BT-11680,当日,华北,河北,家具,椅子,Novimex,"Novimex 扶手椅, 可调",8.0,464.97
A1001820,2019/11/27,BT-11680,二级,华东,安徽,办公用品,收纳具,Smead,"Smead 盘, 金属",27.0,181.96
A1001817,2019/11/27,BT-11680,标准级,西南,四川,办公用品,标签,Avery,"Avery 可去除的标签, 耐用",17.0,12.39
A1001819,2019/11/27,BT-11680,标准级,东北,黑龙江,办公用品,用品,Kleencut,"Kleencut 美工刀, 钢",20.0,84.09
A1001819,2019/11/27,BT-11680,标准级,东北,黑龙江,办公用品,系固件,Stockwell,"Stockwell 回形针, 金属",28.0,79.36
A1001819,2019/11/27,BT-11680,标准级,东北,黑龙江,家具,书架,Bush,"Bush 古典书架, 传统",35.0,153.36
A1001819,2019/11/27,BT-11680,标准级,东北,黑龙江,技术,配件,贝尔金,"贝尔金 键盘, 回收",11.0,43.68
A1001821,2019/11/27,BT-11680,标准级,中南,河南,家具,书架,Bush,"Bush 书架, 白色",7.0,98.21
A1001823,2019/11/28,JC-15340,当日,中南,广东,家具,椅子,Hon,"Hon 椅垫, 红色",26.0,9.84
A1001822,2019/11/28,DB-13210,二级,东北,黑龙江,家具,用具,Rubbermaid,"Rubvermaid 框架, 一包多件",8.0,2.694
A1001822,2019/11/28,DO-13435,二级,东北,黑龙江,技术,电话,三星,"三星 信号增强器, 整包",33.0,25.344
A1001822,2019/11/28,DO-13435,二级,东北,黑龙江,技术,设备,柯尼卡,"柯尼卡 打印机, 白色",16.0,43.92
A1001824,2019/11/29,FA-14230,标准级,华东,安徽,办公用品,美术,Sanford,"Sanford 铅笔刀, 金属",31.0,59.994
A1001825,2019/11/29,FA-14230,标准级,华北,河北,办公用品,装订机,Ibico,"Ibico 打孔机, 回收",16.0,439.992
A1001827,2019/11/30,FA-14230,二级,华东,山东,办公用品,收纳具,Tenex,"Tenex 盘, 单宽度",19.0,87.96
A1001829,2019/11/30,FA-14230,一级,中南,广东,办公用品,收纳具,Smead,"Smead 锁柜, 蓝色",34.0,15.488
A1001829,2019/11/30,QJ-19255,一级,中南,广东,办公用品,装订机,Ibico,"Ibico 装订机, 实惠",3.0,232.96
A1001829,2019/11/30,QJ-19255,一级,中南,广东,家具,椅子,Safco,"SAFCO 椅垫, 可调",3.0,66.54
A1001829,2019/11/30,QJ-19255,一级,中南,广东,技术,复印机,Brother,"Brother 传真机, 彩色",31.0,43.26
A1001826,2019/11/30,TC-21475,二级,西北,甘肃,家具,用具,Eldon,"Eldon 灯泡, 黑色",36.0,141.96
A1001828,2019/11/30,ON-18715,标准级,华东,山东,家具,用具,Rubbermaid,"Rubvermaid 灯泡, 耐用",5.0,79.4
A1001828,2019/11/30,AD-10180,标准级,华东,山东,技术,配件,SanDisk,"SanDisk 键盘, 回收",33.0,163.96
A1001831,2019/12/1,AC-10615,标准级,西南,四川,家具,椅子,Hon,"Hon 沙滩椅, 红色",7.0,37.93
A1001830,2019/12/1,MF-17665,标准级,东北,吉林,办公用品,装订机,Cardinal,"Cardinal 打孔机, 耐用",9.0,15.168
A1001837,2019/12/3,DH-13075,当日,中南,广东,家具,椅子,Hon,"Hon 扶手椅, 黑色",29.0,24.78
A1001834,2019/12/3,DH-13075,二级,中南,湖北,办公用品,器具,Cuisinart,"Cuisinart 搅拌机, 白色",19.0,19.14
A1001834,2019/12/3,DH-13075,二级,中南,湖北,技术,电话,三星,"三星 充电器, 蓝色",37.0,899.97
A1001834,2019/12/3,DH-13075,二级,中南,湖北,技术,设备,冲电器,"冲电器 喷墨打印机, 多色",27.0,32.4
A1001832,2019/12/3,EN-13780,标准级,华东,江西,办公用品,收纳具,Smead,"Smead 文件车, 蓝色",11.0,23.832
A1001833,2019/12/3,SS-20140,二级,西南,云南,技术,设备,StarTech,"StarTech 收据打印机, 耐用",12.0,6.368
A1001836,2019/12/3,SS-20140,标准级,中南,湖北,办公用品,信封,Ames,"Ames 外皮和封条, 银色",4.0,34.176
A1001836,2019/12/3,SS-20140,标准级,中南,湖北,办公用品,标签,Avery,"Avery 圆形标签, 白色",22.0,5.544
A1001835,2019/12/3,RS-19765,标准级,西北,陕西,办公用品,信封,Ames,"Ames 商业信封, 银色",8.0,510.24
A1001835,2019/12/3,RS-19765,标准级,西北,陕西,办公用品,信封,Jiffy,"Jiffy 邮寄品, 红色",8.0,204.95
A1001835,2019/12/3,JW-15955,标准级,西北,陕西,技术,设备,柯尼卡,"柯尼卡 收据打印机, 多色",16.0,11.54
A1001838,2019/12/3,JW-15955,标准级,东北,黑龙江,办公用品,收纳具,Smead,"Smead 盘, 蓝色",7.0,162.6
A1001838,2019/12/3,JK-15625,标准级,东北,黑龙江,办公用品,系固件,Stockwell,"Stockwell 夹子, 混合尺寸",3.0,45.68
A1001844,2019/12/4,JK-15625,当日,西南,四川,办公用品,收纳具,Fellowes,"Fellowes 盘, 金属",27.0,603.92
A1001844,2019/12/4,JO-15550,当日,西南,四川,办公用品,装订机,Cardinal,"Cardinal 标签, 透明",11.0,23.55
A1001844,2019/12/4,TP-21130,当日,西南,四川,家具,书架,宜家,"宜家 搁架, 白色",20.0,5.04
A1001844,2019/12/4,TP-21130,当日,西南,四川,家具,椅子,Hon,"Hon 沙滩椅, 可调",14.0,249.95
A1001843,2019/12/4,BS-11590,一级,西北,甘肃,办公用品,系固件,Advantus,"Advantus 图钉, 混合尺寸",22.0,33.4
A1001843,2019/12/4,AB-10255,一级,西北,甘肃,家具,用具,Eldon,"Eldon 框架, 优质",21.0,18.92
A1001841,2019/12/4,AB-10255,一级,东北,黑龙江,办公用品,系固件,Stockwell,"Stockwell 橡皮筋, 混合尺寸",36.0,15.42
A1001842,2019/12/4,FO-14305,一级,华北,山西,家具,用具,Advantus,"Advantus 闹钟, 优质",11.0,35.712
A1001842,2019/12/4,MF-17665,一级,华北,山西,家具,用具,Deflect-O,"Deflect-O 闹钟, 一包多件",21.0,551.985
A1001840,2019/12/4,SA-20830,标准级,东北,辽宁,办公用品,信封,Kraft,"Kraft 搭扣信封, 银色",6.0,7.056
A1001839,2019/12/4,SH-19975,标准级,中南,广东,办公用品,用品,Kleencut,"Kleencut 美工刀, 蓝色",14.0,18.72
A1001839,2019/12/4,JL-15235,标准级,中南,广东,家具,椅子,Novimex,"Novimex 椅垫, 每套两件",31.0,360.38
A1001839,2019/12/4,JL-15235,标准级,中南,广东,技术,配件,Enermax,"Enermax 键区, 实惠",3.0,11.16
A1001846,2019/12/5,JL-15235,标准级,华北,河北,办公用品,用品,Acme,"Acme 修剪器, 钢",35.0,14.94
A1001846,2019/12/5,KH-16630,标准级,华北,河北,办公用品,系固件,Accos,"Accos 橡皮筋, 金属",37.0,41.96
A1001847,2019/12/5,KH-16630,标准级,西南,云南,办公用品,美术,Sanford,"Sanford 荧光笔, 蓝色",21.0,636.86
A1001845,2019/12/5,KH-16630,二级,华北,河北,家具,书架,Dania,"Dania 书架, 传统",20.0,499.99
A1001845,2019/12/5,KH-16630,二级,华北,河北,技术,复印机,佳能,"佳能 复印机, 红色",2.0,1259.93
A1001848,2019/12/6,KH-16630,一级,华东,江苏,办公用品,收纳具,Eldon,"Eldon 锁柜, 工业",8.0,65.08
A1001848,2019/12/6,RM-19750,一级,华东,江苏,办公用品,标签,Harbour Creations,"Harbour Creations 圆形标签, 耐用",12.0,26.38
A1001848,2019/12/6,RM-19750,一级,华东,江苏,办公用品,系固件,Accos,"Accos 图钉, 金属",31.0,71.97
A1001848,2019/12/6,VM-21835,一级,华东,江苏,办公用品,系固件,Advantus,"Advantus 图钉, 整包",8.0,129.98
A1001849,2019/12/6,VM-21835,二级,东北,黑龙江,办公用品,收纳具,Eldon,"Eldon 锁柜, 蓝色",29.0,32.54
A1001849,2019/12/6,LH-17155,二级,东北,黑龙江,家具,书架,Safco,"Safco 柜, 白色",10.0,10.9
A1001849,2019/12/6,LH-17155,二级,东北,黑龙江,技术,复印机,夏普,"夏普 个人复印机, 红色",16.0,59.98
A1001849,2019/12/6,LH-17155,二级,东北,黑龙江,技术,电话,诺基亚,"诺基亚 信号增强器, 全尺寸",23.0,61.929
A1001849,2019/12/6,WB-21850,二级,东北,黑龙江,技术,设备,StarTech,"StarTech 喷墨打印机, 白色",11.0,16.52
A1001851,2019/12/7,WB-21850,标准级,东北,辽宁,办公用品,系固件,Advantus,"Advantus 订书钉, 每包 12 个",40.0,49.536
A1001851,2019/12/7,AP-10915,标准级,东北,辽宁,家具,书架,Dania,"Dania 书库, 传统",8.0,11.85
A1001852,2019/12/7,RA-19915,标准级,西南,云南,办公用品,装订机,Wilson Jones,"Wilson Jones 孔加固材料, 透明",16.0,118.25
A1001852,2019/12/7,RA-19915,标准级,西南,云南,家具,桌子,Barricks,"Barricks 木桌, 长方形",7.0,368.97
A1001852,2019/12/7,DR-12880,标准级,西南,云南,家具,椅子,Office Star,"Office Star 沙滩椅, 红色",33.0,198.46
A1001852,2019/12/7,DR-12880,标准级,西南,云南,家具,用具,Deflect-O,"Deflect-O 门挡, 一包多件",40.0,321.92
A1001854,2019/12/8,DR-12880,二级,华东,浙江,技术,复印机,惠普,"惠普 无线传真机, 每套两件",20.0,879.984
A1001853,2019/12/8,DR-12880,标准级,华东,福建,技术,电话,摩托罗拉,"摩托罗拉 智能手机, 整包",16.0,28.4
A1001856,2019/12/10,DR-12880,当日,华北,天津,家具,椅子,Novimex,"Novimex 摇椅, 红色",21.0,230.28
A1001861,2019/12/10,DR-12880,一级,中南,广东,办公用品,信封,Cameo,"Cameo 外皮和封条, 回收",12.0,116.28
A1001861,2019/12/10,DR-12880,一级,中南,广东,办公用品,标签,Avery,"Avery 运输标签, 可调",36.0,841.568
A1001861,2019/12/10,DR-12880,一级,中南,广东,办公用品,系固件,Advantus,"Advantus 图钉, 金属",5.0,354.9
A1001861,2019/12/10,JG-15310,一级,中南,广东,办公用品,装订机,Acco,"Acco 装订机盖, 实惠",7.0,42.784
A1001863,2019/12/10,JG-15310,二级,中南,河南,办公用品,用品,Fiskars,"Fiskars 开信刀, 蓝色",11.0,563.43
A1001863,2019/12/10,LC-16870,二级,中南,河南,办公用品,装订机,Avery,"Avery 订书机, 回收",16.0,111.104
A1001859,2019/12/10,GB-14530,一级,东北,辽宁,办公用品,美术,BIC,"BIC 钢笔, 蓝色",12.0,11.68
A1001859,2019/12/10,GB-14530,一级,东北,辽宁,家具,椅子,Office Star,"Office Star 沙滩椅, 黑色",15.0,16.9
A1001861,2019/12/10,GB-14530,一级,中南,广东,技术,设备,松下,"松下 电话, 白色",28.0,24.4
A1001861,2019/12/10,CK-12205,一级,中南,广东,技术,设备,爱普生,"爱普生 卡片打印机, 耐用",5.0,87.6
A1001861,2019/12/10,TS-21160,一级,中南,广东,技术,配件,贝尔金,"贝尔金 路由器, 耐用",22.0,241.96
A1001863,2019/12/10,TS-21160,二级,中南,河南,技术,复印机,夏普,"夏普 无线传真机, 彩色",3.0,8.52
A1001860,2019/12/10,MH-18025,二级,华东,上海,办公用品,系固件,Stockwell,"Stockwell 订书钉, 整包",12.0,1.788
A1001857,2019/12/10,DM-12955,一级,东北,黑龙江,家具,书架,Sauder,"Sauder 古典书架, 传统",13.0,99.372
A1001855,2019/12/10,DM-12955,标准级,华北,北京,办公用品,收纳具,Eldon,"Eldon 搁板, 单宽度",4.0,1.344
A1001862,2019/12/10,JJ-15760,标准级,中南,湖北,技术,配件,Memorex,"Memorex 键区, 回收",16.0,119.96
A1001858,2019/12/10,KB-16585,标准级,华东,山东,办公用品,器具,Hoover,"Hoover 炉灶, 黑色",25.0,1013.832
A1001866,2019/12/11,KB-16585,二级,华东,山东,办公用品,美术,Binney & Smith,"Binney & Smith 速写本, 金属",30.0,1.984
A1001866,2019/12/11,CM-12160,二级,华东,山东,办公用品,美术,Boston,"Boston 画布, 蓝色",8.0,2003.52
A1001867,2019/12/11,FM-14215,二级,华东,安徽,办公用品,用品,Elite,"Elite 美工刀, 钢",7.0,82.368
A1001867,2019/12/11,RF-19735,二级,华东,安徽,办公用品,纸张,Green Bar,"Green Bar 令, 多色",8.0,62.91
A1001867,2019/12/11,JK-15370,二级,华东,安徽,家具,书架,Safco,"Safco 柜, 白色",15.0,6.912
A1001865,2019/12/11,JK-15370,二级,华东,山东,办公用品,信封,Ames,"Ames 商业信封, 银色",29.0,383.976
A1001868,2019/12/11,JK-15370,标准级,中南,广东,家具,椅子,Hon,"Hon 折叠椅, 红色",34.0,10.368
A1001864,2019/12/11,JK-15370,标准级,华东,江苏,办公用品,系固件,OIC,"OIC 订书钉, 金属",7.0,335.944
A1001864,2019/12/11,JB-16045,标准级,华东,江苏,办公用品,纸张,SanDisk,"SanDisk 令, 优质",9.0,665.88
A1001864,2019/12/11,PN-18775,标准级,华东,江苏,技术,电话,摩托罗拉,"摩托罗拉 耳机, 混合尺寸",13.0,71.976
A1001875,2019/12/12,LF-17185,二级,东北,黑龙江,办公用品,标签,Novimex,"Novimex 可去除的标签, 红色",27.0,37.94
A1001875,2019/12/12,RH-19510,二级,东北,黑龙江,办公用品,系固件,OIC,"OIC 夹子, 整包",19.0,273.96
A1001875,2019/12/12,MC-17575,二级,东北,黑龙江,家具,用具,Advantus,"Advantus 框架, 优质",24.0,269.982
A1001872,2019/12/12,MN-17935,二级,东北,辽宁,家具,椅子,Harbour Creations,"Harbour Creations 折叠椅, 黑色",40.0,8.904
A1001875,2019/12/12,MN-17935,二级,东北,黑龙江,技术,复印机,Brother,"Brother 传真复印机, 红色",4.0,720.064
A1001875,2019/12/12,EH-14125,二级,东北,黑龙江,技术,复印机,Brother,"Brother 传真机, 红色",35.0,41.424
A1001875,2019/12/12,TC-21535,二级,东北,黑龙江,技术,配件,Enermax,"Enermax 鼠标, 回收",33.0,3.132
A1001875,2019/12/12,JD-15895,二级,东北,黑龙江,技术,配件,SanDisk,"SanDisk 键盘, 回收",27.0,1085.42
A1001874,2019/12/12,IL-15100,标准级,东北,黑龙江,家具,书架,Safco,"Safco 书库, 金属",27.0,3.912
A1001874,2019/12/12,IL-15100,标准级,东北,黑龙江,家具,书架,Sauder,"Sauder 柜, 传统",19.0,62.376
A1001874,2019/12/12,SW-20350,标准级,东北,黑龙江,家具,书架,宜家,"宜家 搁架, 白色",25.0,29.05
A1001873,2019/12/12,DP-13390,标准级,华东,江苏,家具,用具,Advantus,"Advantus 相框, 一包多件",15.0,180.96
A1001871,2019/12/12,BT-11395,标准级,东北,吉林,家具,桌子,Bevis,"Bevis 圆桌, 长方形",20.0,4.419
A1001870,2019/12/12,BT-11395,标准级,华东,山东,办公用品,系固件,OIC,"OIC 橡皮筋, 每包 12 个",35.0,16.032
A1001869,2019/12/12,JE-15475,标准级,东北,黑龙江,办公用品,装订机,Wilson Jones,"Wilson Jones 装订机, 透明",6.0,29.79
A1001869,2019/12/12,EJ-13720,标准级,东北,黑龙江,技术,配件,SanDisk,"SanDisk 记忆卡, 实惠",36.0,57.23
A1001877,2019/12/13,EJ-13720,一级,东北,辽宁,技术,复印机,佳能,"佳能 复印机, 红色",32.0,333.0
A1001876,2019/12/13,EJ-13720,二级,中南,河南,办公用品,信封,Ames,"Ames 搭扣信封, 回收",39.0,36.44
A1001876,2019/12/13,BE-11410,二级,中南,河南,办公用品,系固件,Stockwell,"Stockwell 图钉, 混合尺寸",13.0,251.64
A1001878,2019/12/13,KL-16555,标准级,华东,江苏,办公用品,用品,Acme,"Acme 修剪器, 工业",23.0,523.764
A1001878,2019/12/13,KL-16555,标准级,华东,江苏,办公用品,系固件,Advantus,"Advantus 订书钉, 金属",7.0,1359.96
A1001876,2019/12/13,NC-18415,二级,中南,河南,技术,设备,松下,"松下 电话, 白色",8.0,102.592
A1001880,2019/12/14,NC-18415,标准级,华东,安徽,办公用品,收纳具,Tenex,"Tenex 盒, 工业",10.0,22.704
A1001880,2019/12/14,NC-18415,标准级,华东,安徽,办公用品,标签,Harbour Creations,"Harbour Creations 运输标签, 耐用",6.0,93.024
A1001880,2019/12/14,NC-18415,标准级,华东,安徽,家具,用具,Eldon,"Eldon 相框, 耐用",8.0,12.768
A1001880,2019/12/14,NC-18415,标准级,华东,安徽,技术,复印机,Brother,"Brother 复印机, 数字化",18.0,35.008
A1001879,2019/12/14,NC-18415,标准级,中南,广东,技术,配件,贝尔金,"贝尔金 记忆卡, 实惠",38.0,39.152
A1001881,2019/12/15,AH-10690,当日,中南,广东,办公用品,美术,Sanford,"Sanford 铅笔刀, 金属",5.0,11.76
A1001881,2019/12/15,AH-10690,当日,中南,广东,家具,书架,宜家,"宜家 搁架, 传统",30.0,5.238
A1001881,2019/12/15,AH-10690,当日,中南,广东,家具,用具,Tenex,"Tenex 框架, 耐用",12.0,4.662
A1001881,2019/12/15,AH-10690,当日,中南,广东,技术,复印机,惠普,"惠普 传真机, 数字化",17.0,523.92
A1001882,2019/12/16,AH-10690,当日,华北,天津,办公用品,纸张,Eaton,"Eaton 信纸, 多色",22.0,100.792
A1001882,2019/12/16,AH-10690,当日,华北,天津,办公用品,美术,Binney & Smith,"Binney & Smith 荧光笔, 蓝色",33.0,146.136
A1001883,2019/12/16,PK-19075,标准级,华东,安徽,办公用品,信封,Jiffy,"Jiffy 商业信封, 红色",19.0,25.06
A1001883,2019/12/16,NG-18430,标准级,华东,安徽,办公用品,收纳具,Rogers,"Rogers 文件车, 单宽度",20.0,19.824
A1001883,2019/12/16,ZD-21925,标准级,华东,安徽,办公用品,系固件,Stockwell,"Stockwell 回形针, 整包",32.0,823.96
A1001883,2019/12/16,ZD-21925,标准级,华东,安徽,办公用品,纸张,SanDisk,"SanDisk 信纸, 多色",39.0,15.984
A1001883,2019/12/16,NW-18400,标准级,华东,安徽,办公用品,装订机,Avery,"Avery 装订机, 透明",36.0,801.96
A1001883,2019/12/16,NW-18400,标准级,华东,安徽,家具,用具,Tenex,"Tenex 分层置放架, 耐用",33.0,59.97
A1001884,2019/12/17,NW-18400,二级,华北,北京,办公用品,纸张,Eaton,"Eaton 备忘录便条, 多色",39.0,1056.86
A1001885,2019/12/17,HG-14845,标准级,华北,河北,办公用品,信封,Cameo,"Cameo 邮寄品, 回收",30.0,12.816
A1001886,2019/12/17,HG-14845,标准级,中南,广西,办公用品,信封,GlobeWeis,"GlobeWeis 马尼拉纸信封, 回收",24.0,314.352
A1001886,2019/12/17,HG-14845,标准级,中南,广西,办公用品,标签,Hon,"Hon 合法证物标签, 白色",8.0,18.98
A1001886,2019/12/17,HG-14845,标准级,中南,广西,家具,书架,宜家,"宜家 古典书架, 白色",27.0,18.24
A1001886,2019/12/17,CC-12685,标准级,中南,广西,家具,用具,Eldon,"Eldon 灯泡, 黑色",30.0,991.2
A1001888,2019/12/18,CC-12685,当日,华北,河北,办公用品,收纳具,Tenex,"Tenex 搁板, 工业",37.0,879.984
A1001888,2019/12/18,CC-12685,当日,华北,河北,办公用品,美术,Boston,"Boston 记号笔, 蓝色",6.0,12.96
A1001888,2019/12/18,JG-15805,当日,华北,河北,家具,用具,Rubbermaid,"Rubvermaid 框架, 优质",26.0,107.44
A1001888,2019/12/18,RW-19540,当日,华北,河北,技术,复印机,Brother,"Brother 无线传真机, 数字化",37.0,1458.65
A1001887,2019/12/18,RW-19540,一级,华东,福建,技术,复印机,佳能,"佳能 复印机, 数字化",39.0,26.64
A1001890,2019/12/18,RW-19540,二级,华东,安徽,办公用品,标签,Harbour Creations,"Harbour Creations 圆形标签, 红色",20.0,476.8
A1001890,2019/12/18,RW-19540,二级,华东,安徽,办公用品,系固件,Accos,"Accos 橡皮筋, 金属",35.0,87.444
A1001891,2019/12/18,LS-17230,二级,西北,新疆,办公用品,收纳具,Rogers,"Rogers 盘, 蓝色",5.0,76.14
A1001889,2019/12/18,LS-17230,标准级,西南,贵州,家具,椅子,Office Star,"Office Star 凳子, 每套两件",30.0,19.96
A1001889,2019/12/18,MY-18295,标准级,西南,贵州,技术,复印机,Brother,"Brother 传真复印机, 数字化",21.0,1049.97
A1001889,2019/12/18,MY-18295,标准级,西南,贵州,技术,设备,松下,"松下 卡片打印机, 红色",19.0,611.058
A1001893,2019/12/19,JM-15655,标准级,华东,浙江,办公用品,美术,BIC,"BIC 荧光笔, 蓝色",27.0,2.368
A1001892,2019/12/19,JM-15655,标准级,华北,内蒙古,办公用品,器具,Hoover,"Hoover 搅拌机, 白色",8.0,19.008
A1001893,2019/12/19,KM-16720,标准级,华东,浙江,家具,书架,Dania,"Dania 书架, 黑色",20.0,911.984
A1001893,2019/12/19,KM-16720,标准级,华东,浙江,技术,复印机,Hewlett,"Hewlett 复印机, 红色",37.0,674.352
A1001895,2019/12/20,KM-16720,二级,华东,浙江,办公用品,收纳具,Smead,"Smead 文件夹, 金属",25.0,134.01
A1001896,2019/12/20,KM-16720,标准级,东北,辽宁,办公用品,信封,Cameo,"Cameo 商业信封, 红色",27.0,170.97
A1001897,2019/12/20,KE-16420,二级,西北,陕西,办公用品,系固件,Advantus,"Advantus 橡皮筋, 整包",4.0,170.352
A1001894,2019/12/20,TS-21370,二级,华北,天津,家具,椅子,Office Star,"Office Star 摇椅, 每套两件",40.0,7.184
A1001901,2019/12/21,TS-21370,标准级,中南,广东,办公用品,信封,Jiffy,"Jiffy 局间信封, 回收",10.0,6.28
A1001898,2019/12/21,TS-21370,标准级,西南,重庆,办公用品,装订机,Acco,"Acco 装订机盖, 耐用",40.0,480.74
A1001898,2019/12/21,TS-21370,标准级,西南,重庆,家具,用具,Tenex,"Tenex 分层置放架, 耐用",29.0,616.998
A1001898,2019/12/21,TS-21370,标准级,西南,重庆,技术,复印机,Hewlett,"Hewlett 无线传真机, 红色",30.0,141.4
A1001898,2019/12/21,SZ-20035,标准级,西南,重庆,技术,电话,三星,"三星 信号增强器, 蓝色",34.0,501.81
A1001900,2019/12/21,JE-15745,标准级,华北,北京,办公用品,装订机,Ibico,"Ibico 装订机盖, 回收",12.0,691.96
A1001900,2019/12/21,JE-15745,标准级,华北,北京,技术,复印机,佳能,"佳能 个人复印机, 彩色",28.0,34.95
A1001902,2019/12/21,MS-17980,标准级,中南,河南,办公用品,装订机,Ibico,"Ibico 订书机, 实惠",7.0,85.96
A1001899,2019/12/21,DH-13675,标准级,西南,重庆,办公用品,收纳具,Smead,"Smead 盘, 蓝色",32.0,85.3
A1001903,2019/12/22,GT-14755,标准级,中南,广东,办公用品,美术,Binney & Smith,"Binney & Smith 钢笔, 混合尺寸",19.0,33.568
A1001904,2019/12/22,GH-14410,标准级,东北,辽宁,技术,电话,摩托罗拉,"摩托罗拉 信号增强器, 整包",7.0,4.95
A1001905,2019/12/24,GH-14410,标准级,华东,安徽,办公用品,美术,Binney & Smith,"Binney & Smith 铅笔刀, 蓝色",8.0,26.4
A1001905,2019/12/24,DM-13015,标准级,华东,安徽,家具,书架,Bush,"Bush 搁架, 金属",22.0,3.564
A1001906,2019/12/24,DM-13015,标准级,西南,重庆,办公用品,信封,GlobeWeis,"GlobeWeis 外皮和封条, 每套 50 个",23.0,823.96
A1001907,2019/12/25,DM-13015,当日,华北,北京,技术,电话,思科,"思科 耳机, 整包",14.0,10.272
A1001908,2019/12/25,TC-21295,二级,东北,黑龙江,办公用品,标签,Smead,"Smead 合法证物标签, 耐用",4.0,447.944
A1001912,2019/12/25,JK-16120,标准级,东北,吉林,办公用品,器具,KitchenAid,"KitchenAid 炉灶, 黑色",32.0,480.96
A1001912,2019/12/25,JK-16120,标准级,东北,吉林,办公用品,收纳具,Fellowes,"Fellowes 盒, 工业",26.0,124.792
A1001910,2019/12/25,NC-18415,二级,西南,四川,办公用品,用品,Elite,"Elite 修剪器, 钢",9.0,40.176
A1001912,2019/12/25,NC-18415,标准级,东北,吉林,家具,用具,Deflect-O,"Deflect-O 相框, 一包多件",13.0,10.896
A1001909,2019/12/25,AJ-10960,标准级,东北,辽宁,家具,桌子,Chromcraft,"Chromcraft 木桌, 白色",27.0,10.64
A1001910,2019/12/25,LC-16885,二级,西南,四川,技术,电话,三星,"三星 耳机, 全尺寸",33.0,151.96
A1001911,2019/12/25,GW-14605,标准级,华东,安徽,办公用品,收纳具,Smead,"Smead 盘, 金属",39.0,238.0
A1001914,2019/12/26,SC-20305,二级,中南,广东,家具,椅子,Safco,"SAFCO 扶手椅, 红色",6.0,155.34
A1001916,2019/12/26,JF-15355,二级,华北,山西,家具,书架,宜家,"宜家 书库, 金属",20.0,148.32
A1001917,2019/12/26,JF-15355,标准级,西南,云南,办公用品,收纳具,Fellowes,"Fellowes 盒, 蓝色",13.0,240.784
A1001917,2019/12/26,JF-15355,标准级,西南,云南,办公用品,系固件,Advantus,"Advantus 图钉, 金属",28.0,191.968
A1001917,2019/12/26,JF-15355,标准级,西南,云南,办公用品,装订机,Wilson Jones,"Wilson Jones 标签, 实惠",8.0,11.56
A1001913,2019/12/26,JF-15355,标准级,华东,山东,办公用品,收纳具,Rogers,"Rogers 搁板, 工业",14.0,11.8
A1001913,2019/12/26,JF-15355,标准级,华东,山东,办公用品,纸张,Enermax,"Enermax 计划信息表, 多色",35.0,842.352
A1001918,2019/12/26,DM-13015,标准级,华东,福建,办公用品,纸张,施乐,"施乐 备忘录便条, 多色",17.0,23.472
A1001915,2019/12/26,DM-13015,标准级,华北,河北,技术,配件,罗技,"罗技 闪存驱动器, 回收",35.0,86.058
A1001920,2019/12/27,DM-13015,当日,华东,福建,办公用品,信封,Ames,"Ames 邮寄品, 红色",24.0,108.784
A1001920,2019/12/27,DM-13015,当日,华东,福建,办公用品,信封,Kraft,"Kraft 商业信封, 回收",8.0,10.272
A1001920,2019/12/27,EP-13915,当日,华东,福建,办公用品,信封,Kraft,"Kraft 邮寄品, 红色",19.0,38.19
A1001920,2019/12/27,JG-15805,当日,华东,福建,办公用品,装订机,Ibico,"Ibico 装订机, 耐用",21.0,49.632
A1001920,2019/12/27,JG-15805,当日,华东,福建,家具,椅子,Novimex,"Novimex 折叠椅, 红色",12.0,52.096
A1001921,2019/12/27,PF-19120,标准级,中南,湖南,办公用品,纸张,Eaton,"Eaton 羊皮纸, 优质",30.0,9.568
A1001919,2019/12/27,PF-19120,标准级,西南,贵州,家具,椅子,Novimex,"Novimex 折叠椅, 可调",13.0,82.368
A1001926,2019/12/28,PF-19120,一级,中南,河南,办公用品,纸张,施乐,"施乐 笔记本, 每包 12 个",36.0,364.704
A1001922,2019/12/28,PF-19120,标准级,华东,山东,办公用品,装订机,Ibico,"Ibico 装订机, 实惠",17.0,40.256
A1001922,2019/12/28,DW-13195,标准级,华东,山东,家具,书架,Sauder,"Sauder 柜, 黑色",28.0,4.368
A1001925,2019/12/28,CK-12595,标准级,华东,上海,办公用品,系固件,OIC,"OIC 图钉, 整包",11.0,12.128
A1001924,2019/12/28,CC-12670,标准级,西南,云南,办公用品,装订机,Wilson Jones,"Wilson Jones 打孔机, 透明",11.0,134.85
A1001923,2019/12/28,SV-20785,标准级,西南,重庆,办公用品,收纳具,Tenex,"Tenex 盘, 单宽度",20.0,8.56
A1001923,2019/12/28,SV-20785,标准级,西南,重庆,办公用品,美术,Binney & Smith,"Binney & Smith 荧光笔, 蓝色",22.0,239.97
A1001928,2019/12/29,SV-20785,当日,华北,山西,办公用品,系固件,Stockwell,"Stockwell 按钉, 金属",20.0,356.94
A1001928,2019/12/29,SP-20860,当日,华北,山西,家具,书架,Sauder,"Sauder 书库, 金属",19.0,659.9
A1001929,2019/12/29,SP-20860,标准级,中南,河南,办公用品,装订机,Cardinal,"Cardinal 打孔机, 耐用",18.0,1684.752
A1001927,2019/12/29,SP-20860,标准级,华东,浙江,办公用品,收纳具,Tenex,"Tenex 搁板, 工业",8.0,559.92
A1001927,2019/12/29,MS-17770,标准级,华东,浙江,办公用品,标签,Harbour Creations,"Harbour Creations 合法证物标签, 耐用",11.0,279.944
A1001927,2019/12/29,TC-21475,标准级,华东,浙江,办公用品,纸张,Eaton,"Eaton 信纸, 优质",19.0,9.98
A1001927,2019/12/29,SJ-20125,标准级,华东,浙江,技术,复印机,Brother,"Brother 个人复印机, 数字化",29.0,48.9
A1001927,2019/12/29,DS-13180,标准级,华东,浙江,技术,复印机,夏普,"夏普 传真机, 数字化",33.0,3.552
A1001931,2019/12/30,DS-13180,一级,西北,甘肃,办公用品,美术,Stanley,"Stanley 荧光笔, 蓝色",32.0,15.552
A1001930,2019/12/30,SC-20800,标准级,中南,广东,技术,复印机,惠普,"惠普 个人复印机, 每套两件",4.0,2.368
A1001932,2019/12/31,SH-20395,一级,中南,广东,办公用品,器具,KitchenAid,"KitchenAid 微波炉, 黑色",8.0,127.984
A1001937,2019/12/31,VT-21700,标准级,中南,河南,家具,书架,Sauder,"Sauder 书架, 金属",12.0,7.584
A1001937,2019/12/31,VT-21700,标准级,中南,河南,家具,椅子,Hon,"Hon 椅垫, 可调",11.0,352.45
A1001940,2020/1/1,AB-10105,一级,中南,广东,办公用品,器具,Hoover,"Hoover 烤面包机, 白色",11.0,470.376
A1001940,2020/1/1,MM-18280,一级,中南,广东,办公用品,系固件,Accos,"Accos 夹子, 金属",25.0,19.44
A1001940,2020/1/1,MM-18280,一级,中南,广东,办公用品,纸张,Eaton,"Eaton 笔记本, 每包 12 个",12.0,9.82
A1001940,2020/1/1,ML-17410,一级,中南,广东,办公用品,美术,Sanford,"Sanford 记号笔, 金属",20.0,801.6
A1001940,2020/1/1,ML-17410,一级,中南,广东,技术,复印机,佳能,"佳能 传真机, 数字化",5.0,161.568
A1001939,2020/1/1,ML-17410,标准级,东北,吉林,办公用品,器具,Hamilton Beach,"Hamilton Beach 微波炉, 白色",38.0,16.096
A1001939,2020/1/1,ML-17410,标准级,东北,吉林,办公用品,系固件,OIC,"OIC 图钉, 整包",40.0,7.656
A1001939,2020/1/1,ML-17410,标准级,东北,吉林,办公用品,系固件,OIC,"OIC 夹子, 金属",17.0,311.976
A1001939,2020/1/1,KD-16495,标准级,东北,吉林,家具,书架,宜家,"宜家 柜, 金属",2.0,61.68
A1001939,2020/1/1,KD-16495,标准级,东北,吉林,技术,配件,罗技,"罗技 键盘, 可编程",38.0,63.96
A1001941,2020/1/1,RF-19735,标准级,中南,广东,家具,桌子,Chromcraft,"Chromcraft 圆桌, 黑色",38.0,359.976
A1001942,2020/1/1,SC-20305,标准级,华东,山东,办公用品,信封,Kraft,"Kraft 马尼拉纸信封, 每套 50 个",35.0,25.344
A1001942,2020/1/1,SC-20305,标准级,华东,山东,家具,椅子,Harbour Creations,"Harbour Creations 沙滩椅, 黑色",33.0,26.72
A1001943,2020/1/4,BN-11515,一级,华北,山西,技术,复印机,Hewlett,"Hewlett 传真复印机, 彩色",23.0,176.784
A1001944,2020/1/4,BN-11515,标准级,华北,河北,技术,复印机,佳能,"佳能 复印机, 数字化",7.0,470.376
A1001944,2020/1/4,BN-11515,标准级,华北,河北,技术,电话,苹果,"苹果 充电器, 整包",25.0,393.568
A1001945,2020/1/5,BN-11515,一级,西南,四川,办公用品,信封,Jiffy,"Jiffy 搭扣信封, 银色",40.0,302.376
A1001945,2020/1/5,JS-15880,一级,西南,四川,家具,书架,Safco,"Safco 墙角架, 黑色",36.0,68.742
A1001945,2020/1/5,JS-15880,一级,西南,四川,家具,椅子,Novimex,"Novimex 摇椅, 每套两件",24.0,29.34
A1001949,2020/1/7,JS-15880,二级,东北,黑龙江,办公用品,信封,GlobeWeis,"GlobeWeis 外皮和封条, 银色",23.0,383.607
A1001946,2020/1/7,VG-21805,标准级,东北,黑龙江,家具,桌子,Lesro,"Lesro 电脑桌, 组装",8.0,5.472
A1001946,2020/1/7,VG-21805,标准级,东北,黑龙江,家具,椅子,Harbour Creations,"Harbour Creations 折叠椅, 可调",21.0,47.984
A1001946,2020/1/7,AW-10840,标准级,东北,黑龙江,技术,配件,Memorex,"Memorex 路由器, 实惠",36.0,9.4
A1001948,2020/1/7,AW-10840,标准级,中南,河南,办公用品,标签,Novimex,"Novimex 运输标签, 耐用",15.0,74.0
A1001947,2020/1/7,AW-10840,标准级,华东,山东,办公用品,器具,Hamilton Beach,"Hamilton Beach 烤面包机, 红色",31.0,201.584
A1001956,2020/1/10,SN-20710,二级,华北,河北,技术,配件,Memorex,"Memorex 鼠标, 耐用",40.0,255.108
A1001957,2020/1/10,MO-17500,标准级,中南,湖南,家具,用具,Rubbermaid,"Rubvermaid 相框, 优质",36.0,17.248
A1001959,2020/1/11,ON-18715,当日,华北,天津,办公用品,收纳具,Rogers,"Rogers 文件车, 蓝色",24.0,159.984
A1001958,2020/1/11,SC-20095,二级,中南,广东,办公用品,收纳具,Tenex,"Tenex 文件车, 单宽度",23.0,12.7
A1001961,2020/1/11,MS-17710,标准级,中南,湖北,办公用品,器具,Hamilton Beach,"Hamilton Beach 炉灶, 银色",8.0,5.47
A1001961,2020/1/11,MS-17710,标准级,中南,湖北,办公用品,收纳具,Smead,"Smead 搁板, 工业",21.0,79.36
A1001960,2020/1/11,DN-13690,标准级,中南,广东,办公用品,用品,Acme,"Acme 剪刀, 钢",36.0,22.14
A1001960,2020/1/11,RB-19360,标准级,中南,广东,家具,用具,Rubbermaid,"Rubvermaid 门挡, 耐用",15.0,11.277
A1001964,2020/1/12,RB-19360,二级,东北,辽宁,办公用品,收纳具,Smead,"Smead 文件夹, 单宽度",31.0,4.448
A1001962,2020/1/12,RB-19360,二级,华东,安徽,办公用品,收纳具,Rogers,"Rogers 搁板, 单宽度",40.0,44.76
A1001964,2020/1/12,NH-18610,二级,东北,辽宁,技术,配件,Memorex,"Memorex 鼠标, 回收",36.0,38.28
A1001963,2020/1/12,NH-18610,标准级,中南,河南,办公用品,美术,Sanford,"Sanford 画布, 蓝色",24.0,149.95
A1001963,2020/1/12,ED-13885,标准级,中南,河南,技术,电话,诺基亚,"诺基亚 办公室电话机, 整包",23.0,12.84
A1001965,2020/1/15,ED-13885,标准级,东北,黑龙江,办公用品,美术,BIC,"BIC 速写本, 整包",8.0,44.67
A1001965,2020/1/15,PW-19240,标准级,东北,黑龙江,办公用品,装订机,Wilson Jones,"Wilson Jones 标签, 耐用",21.0,7.872
A1001966,2020/1/15,DM-13345,标准级,华东,山东,办公用品,装订机,Ibico,"Ibico 装订机, 透明",36.0,7.872
A1001966,2020/1/15,DW-13540,标准级,华东,山东,家具,用具,Eldon,"Eldon 闹钟, 黑色",15.0,88.04
A1001970,2020/1/17,EH-14125,二级,东北,辽宁,家具,用具,Eldon,"Eldon 相框, 耐用",31.0,40.635
A1001971,2020/1/18,JM-15250,一级,华北,内蒙古,家具,椅子,Novimex,"Novimex 扶手椅, 红色",40.0,29.8
A1001972,2020/1/19,JM-15250,一级,中南,河南,办公用品,器具,KitchenAid,"KitchenAid 搅拌机, 黑色",36.0,414.0
A1001972,2020/1/19,JM-15250,一级,中南,河南,办公用品,用品,Kleencut,"Kleencut 大剪刀, 钢",24.0,41.328
A1001972,2020/1/19,EB-13930,一级,中南,河南,家具,椅子,Harbour Creations,"Harbour Creations 凳子, 每套两件",23.0,39.92
A1001974,2020/1/21,FG-14260,一级,华北,山西,办公用品,收纳具,Eldon,"Eldon 文件车, 单宽度",8.0,8.94
A1001974,2020/1/21,FG-14260,一级,华北,山西,办公用品,收纳具,Eldon,"Eldon 盒, 金属",21.0,84.784
A1001974,2020/1/21,TH-21235,一级,华北,山西,办公用品,用品,Fiskars,"Fiskars 尺子, 蓝色",36.0,53.316
A1001974,2020/1/21,TH-21235,一级,华北,山西,家具,椅子,Hon,"Hon 椅垫, 黑色",15.0,56.52
A1001973,2020/1/21,PL-18925,标准级,华东,江苏,办公用品,器具,Hoover,"Hoover 炉灶, 白色",31.0,22.77
A1001976,2020/1/22,CC-12370,二级,华北,河北,办公用品,收纳具,Smead,"Smead 文件夹, 单宽度",12.0,48.94
A1001977,2020/1/22,JM-15535,标准级,中南,湖北,办公用品,器具,Hoover,"Hoover 烤面包机, 银色",11.0,257.499
A1001975,2020/1/22,KF-16285,标准级,华东,安徽,办公用品,器具,Cuisinart,"Cuisinart 炉灶, 黑色",11.0,2591.56
A1001978,2020/1/23,KF-16285,标准级,中南,河南,办公用品,信封,Ames,"Ames 邮寄品, 回收",25.0,41.95
A1001978,2020/1/23,CS-12175,标准级,中南,河南,办公用品,纸张,施乐,"施乐 备忘录便条, 每包 12 个",12.0,79.12
A1001981,2020/1/24,AR-10540,一级,华北,山西,办公用品,收纳具,Eldon,"Eldon 文件车, 工业",20.0,52.96
A1001980,2020/1/24,MS-17770,二级,中南,湖南,办公用品,用品,Stiletto,"Stiletto 开信刀, 蓝色",5.0,286.344
A1001980,2020/1/24,DB-13120,二级,中南,湖南,办公用品,美术,Stanley,"Stanley 铅笔刀, 蓝色",38.0,63.552
A1001980,2020/1/24,DB-13120,二级,中南,湖南,家具,书架,宜家,"宜家 古典书架, 传统",40.0,41.376
A1001980,2020/1/24,DB-13120,二级,中南,湖南,技术,电话,摩托罗拉,"摩托罗拉 办公室电话机, 蓝色",17.0,172.704
A1001983,2020/1/24,DK-12895,二级,中南,河南,家具,用具,Deflect-O,"Deflect-O 灯泡, 耐用",2.0,512.94
A1001982,2020/1/24,DK-12895,标准级,西南,四川,办公用品,信封,Cameo,"Cameo 搭扣信封, 回收",38.0,860.93
A1001982,2020/1/24,DK-12895,标准级,西南,四川,办公用品,器具,Cuisinart,"Cuisinart 烤面包机, 黑色",38.0,769.95
A1001979,2020/1/24,DK-12895,标准级,中南,广东,技术,配件,Enermax,"Enermax 闪存驱动器, 回收",35.0,14.98
A1001982,2020/1/24,DK-12895,标准级,西南,四川,技术,复印机,Hewlett,"Hewlett 墨水, 红色",33.0,373.08
A1001985,2020/1/25,MP-17965,一级,东北,吉林,办公用品,系固件,Accos,"Accos 夹子, 金属",23.0,231.92
A1001984,2020/1/25,Dp-13240,一级,东北,黑龙江,办公用品,收纳具,Eldon,"Eldon 搁板, 金属",7.0,63.47
A1001984,2020/1/25,Dp-13240,一级,东北,黑龙江,办公用品,用品,Fiskars,"Fiskars 剪刀, 工业",25.0,345.0
A1001986,2020/1/25,CC-12220,标准级,华北,内蒙古,办公用品,纸张,Green Bar,"Green Bar 备忘录便条, 回收",24.0,637.896
A1001986,2020/1/25,CC-12220,标准级,华北,内蒙古,办公用品,纸张,施乐,"施乐 计划信息表, 多色",23.0,287.91
A1001986,2020/1/25,CC-12220,标准级,华北,内蒙古,办公用品,装订机,Acco,"Acco 标签, 实惠",8.0,637.896
A1001986,2020/1/25,KM-16660,标准级,华北,内蒙古,家具,书架,宜家,"宜家 古典书架, 黑色",21.0,287.91
A1001986,2020/1/25,KM-16660,标准级,华北,内蒙古,家具,椅子,Hon,"Hon 凳子, 每套两件",36.0,25.92
A1001987,2020/1/27,KM-16660,标准级,中南,湖北,办公用品,信封,Kraft,"Kraft 局间信封, 银色",15.0,101.94
A1001987,2020/1/27,MK-17905,标准级,中南,湖北,技术,配件,贝尔金,"贝尔金 闪存驱动器, 可编程",31.0,6.848
A1001988,2020/1/28,SC-20725,标准级,中南,广东,家具,椅子,Harbour Creations,"Harbour Creations 凳子, 红色",20.0,474.43
A1001991,2020/1/30,CC-12475,标准级,中南,河南,办公用品,用品,Fiskars,"Fiskars 美工刀, 锯齿状",13.0,8.448
A1001991,2020/1/30,CC-12475,标准级,中南,河南,办公用品,装订机,Avery,"Avery 孔加固材料, 实惠",10.0,39.296
A1001989,2020/1/30,BT-11305,标准级,华东,江苏,办公用品,装订机,Acco,"Acco 标签, 实惠",4.0,17.12
A1001990,2020/1/30,FH-14350,标准级,东北,黑龙江,技术,配件,罗技,"罗技 记忆卡, 实惠",8.0,542.94
A1001992,2020/1/31,FH-14350,标准级,华北,天津,办公用品,美术,Boston,"Boston 荧光笔, 蓝色",4.0,8.64
A1001993,2020/1/31,FH-14350,标准级,中南,湖南,办公用品,装订机,Cardinal,"Cardinal 装订机盖, 透明",22.0,193.8
A1001994,2020/2/1,FH-14350,标准级,东北,辽宁,家具,书架,Bush,"Bush 书库, 金属",17.0,97.88
A1001996,2020/2/1,FH-14350,标准级,东北,黑龙江,办公用品,装订机,Ibico,"Ibico 订书机, 透明",20.0,251.91
A1001996,2020/2/1,FH-14350,标准级,东北,黑龙江,家具,书架,宜家,"宜家 搁架, 黑色",13.0,25.86
A1001996,2020/2/1,AA-10645,标准级,东北,黑龙江,技术,复印机,惠普,"惠普 传真复印机, 红色",15.0,170.058
A1001995,2020/2/1,AA-10645,标准级,华东,山东,办公用品,信封,GlobeWeis,"GlobeWeis 外皮和封条, 银色",23.0,82.782
A1001999,2020/2/4,AA-10645,一级,华北,天津,办公用品,信封,Kraft,"Kraft 搭扣信封, 银色",25.0,853.93
A1001997,2020/2/4,JO-15145,标准级,华北,北京,办公用品,装订机,Acco,"Acco 打孔机, 实惠",20.0,556.665
A1002000,2020/2/4,JO-15145,标准级,西南,四川,技术,复印机,夏普,"夏普 复印机, 彩色",39.0,95.84
A1001998,2020/2/4,SF-20965,标准级,东北,辽宁,家具,书架,Sauder,"Sauder 柜, 白色",13.0,29.664
A1001998,2020/2/4,SF-20965,标准级,东北,辽宁,家具,用具,Advantus,"Advantus 闹钟, 一包多件",26.0,9.184
A1002002,2020/2/5,SF-20965,二级,中南,河南,办公用品,收纳具,Rogers,"Rogers 盒, 单宽度",35.0,153.584
A1002002,2020/2/5,SF-20965,二级,中南,河南,技术,复印机,惠普,"惠普 传真机, 彩色",35.0,12.864
A1002003,2020/2/5,CS-12355,二级,华东,山东,技术,电话,三星,"三星 智能手机, 蓝色",5.0,479.97
A1002001,2020/2/5,CS-12355,标准级,东北,吉林,家具,书架,Dania,"Dania 墙角架, 白色",8.0,232.88
A1002001,2020/2/5,SN-20710,标准级,东北,吉林,家具,椅子,Novimex,"Novimex 折叠椅, 黑色",12.0,236.88
A1002004,2020/2/6,SN-20710,二级,东北,黑龙江,办公用品,装订机,Cardinal,"Cardinal 打孔机, 耐用",24.0,29.9
A1002006,2020/2/7,SN-20710,一级,西南,云南,技术,配件,贝尔金,"贝尔金 路由器, 可编程",8.0,100.0
A1002008,2020/2/7,JM-15655,二级,中南,广东,办公用品,用品,Acme,"Acme 修剪器, 钢",21.0,18.693
A1002007,2020/2/7,JM-15655,二级,西北,青海,办公用品,纸张,SanDisk,"SanDisk 信纸, 多色",37.0,383.952
A1002007,2020/2/7,FH-14350,二级,西北,青海,家具,书架,Bush,"Bush 墙角架, 传统",39.0,24.816
A1002007,2020/2/7,AJ-10795,二级,西北,青海,家具,书架,Sauder,"Sauder 书库, 金属",33.0,24.9
A1002007,2020/2/7,AJ-10795,二级,西北,青海,家具,桌子,Hon,"Hon 会议桌, 长方形",20.0,21.12
A1002007,2020/2/7,AJ-10795,二级,西北,青海,技术,配件,罗技,"罗技 鼠标, 回收",40.0,767.952
A1002010,2020/2/7,AJ-10795,标准级,东北,黑龙江,办公用品,器具,Hamilton Beach,"Hamilton Beach 炉灶, 黑色",9.0,14.352
A1002009,2020/2/7,AJ-10795,标准级,华东,江苏,技术,复印机,Brother,"Brother 传真复印机, 彩色",38.0,191.976
A1002005,2020/2/7,AJ-10795,标准级,华东,上海,办公用品,美术,Sanford,"Sanford 铅笔刀, 金属",40.0,274.77
A1002005,2020/2/7,AJ-10795,标准级,华东,上海,技术,设备,StarTech,"StarTech 计算器, 耐用",18.0,70.56
A1002012,2020/2/8,JF-15565,标准级,东北,黑龙江,办公用品,系固件,Advantus,"Advantus 按钉, 金属",5.0,204.85
A1002011,2020/2/8,CS-11845,标准级,华东,江苏,办公用品,器具,Hamilton Beach,"Hamilton Beach 微波炉, 红色",4.0,9.156
A1002020,2020/2/13,DL-13330,二级,东北,黑龙江,家具,用具,Deflect-O,"Deflect-O 分层置放架, 黑色",18.0,20.016
A1002020,2020/2/13,DL-13330,二级,东北,黑龙江,技术,复印机,夏普,"夏普 传真复印机, 彩色",6.0,3.104
A1002020,2020/2/13,KH-16630,二级,东北,黑龙江,技术,复印机,惠普,"惠普 传真机, 红色",8.0,7.52
A1002022,2020/2/13,KH-16630,标准级,华东,安徽,办公用品,信封,Cameo,"Cameo 外皮和封条, 回收",21.0,10.272
A1002019,2020/2/13,KH-16630,标准级,华北,河北,办公用品,装订机,Avery,"Avery 订书机, 回收",13.0,47.808
A1002024,2020/2/13,KH-16630,标准级,西北,甘肃,家具,书架,Bush,"Bush 书架, 白色",12.0,978.84
A1002019,2020/2/13,TP-21415,标准级,华北,河北,技术,设备,StarTech,"StarTech 卡片打印机, 红色",11.0,13.14
A1002023,2020/2/13,TP-21415,标准级,中南,湖南,办公用品,用品,Stiletto,"Stiletto 美工刀, 锯齿状",11.0,10.024
A1002018,2020/2/13,TP-21415,标准级,东北,辽宁,办公用品,器具,Breville,"Breville 微波炉, 红色",25.0,156.3728
A1002025,2020/2/15,NP-18685,标准级,东北,黑龙江,办公用品,标签,Smead,"Smead 文件夹标签, 白色",12.0,999.98
A1002030,2020/2/19,MC-17635,标准级,中南,河南,办公用品,纸张,SanDisk,"SanDisk 笔记本, 每包 12 个",33.0,182.994
A1002030,2020/2/19,MC-17635,标准级,中南,河南,技术,设备,柯尼卡,"柯尼卡 打印机, 红色",23.0,10.272
A1002032,2020/2/20,Dp-13240,标准级,中南,广东,技术,电话,三星,"三星 充电器, 混合尺寸",7.0,7.857
A1002033,2020/2/21,LC-16930,标准级,西南,四川,家具,椅子,Safco,"SAFCO 扶手椅, 黑色",25.0,302.384
A1002034,2020/2/22,LC-16930,一级,东北,吉林,技术,复印机,佳能,"佳能 墨水, 彩色",11.0,20.952
A1002034,2020/2/22,LC-16930,一级,东北,吉林,技术,电话,思科,"思科 智能手机, 全尺寸",16.0,11.784
A1002038,2020/2/25,LH-16900,一级,华东,山东,办公用品,收纳具,Rogers,"Rogers 锁柜, 金属",7.0,638.82
A1002038,2020/2/25,TB-21175,一级,华东,山东,办公用品,装订机,Ibico,"Ibico 订书机, 实惠",3.0,20.7
A1002038,2020/2/25,TB-21175,一级,华东,山东,家具,椅子,Harbour Creations,"Harbour Creations 摇椅, 每套两件",15.0,10.95
A1002038,2020/2/25,TB-21175,一级,华东,山东,家具,椅子,Safco,"SAFCO 扶手椅, 可调",21.0,14.352
A1002035,2020/2/25,JM-15865,二级,中南,广东,办公用品,标签,Smead,"Smead 有色标签, 可调",14.0,221.024
A1002035,2020/2/25,KW-16435,二级,中南,广东,技术,复印机,Brother,"Brother 传真机, 红色",32.0,3080.0
A1002037,2020/2/25,KW-16435,标准级,东北,黑龙江,办公用品,信封,GlobeWeis,"GlobeWeis 外皮和封条, 回收",12.0,79.96
A1002037,2020/2/25,KW-16435,标准级,东北,黑龙江,办公用品,收纳具,Tenex,"Tenex 文件夹, 金属",36.0,587.97
A1002036,2020/2/25,SC-20095,标准级,华东,山东,办公用品,标签,Novimex,"Novimex 合法证物标签, 耐用",24.0,32.4
A1002043,2020/2/27,JK-15370,标准级,中南,广东,家具,用具,Advantus,"Advantus 分层置放架, 一包多件",12.0,13.76
A1002043,2020/2/27,DD-13570,标准级,中南,广东,家具,用具,Deflect-O,"Deflect-O 分层置放架, 耐用",32.0,4.312
A1002042,2020/2/27,MC-17275,标准级,西南,云南,技术,复印机,惠普,"惠普 墨水, 彩色",26.0,13.96
A1002046,2020/2/27,MC-17275,标准级,华东,江苏,技术,电话,苹果,"苹果 智能手机, 整包",11.0,27.414
A1002047,2020/2/28,DL-13495,一级,中南,广东,家具,用具,Advantus,"Advantus 灯泡, 耐用",27.0,73.98
A1002050,2020/2/28,DL-13495,二级,东北,辽宁,办公用品,装订机,Avery,"Avery 打孔机, 实惠",12.0,160.98
A1002050,2020/2/28,DL-13495,二级,东北,辽宁,家具,椅子,Safco,"SAFCO 沙滩椅, 黑色",34.0,17.34
A1002050,2020/2/28,DL-13495,二级,东北,辽宁,技术,配件,罗技,"罗技 键盘, 回收",20.0,3.28
A1002049,2020/2/28,NC-18625,标准级,华北,山西,办公用品,纸张,施乐,"施乐 计划信息表, 回收",23.0,8.856
A1002049,2020/2/28,NC-18625,标准级,华北,山西,技术,配件,Enermax,"Enermax 闪存驱动器, 可编程",17.0,158.376
A1002048,2020/2/28,AC-10450,标准级,西南,重庆,技术,电话,摩托罗拉,"摩托罗拉 耳机, 蓝色",15.0,1219.96
A1002053,2020/3/1,TS-21340,二级,华东,江苏,技术,电话,摩托罗拉,"摩托罗拉 智能手机, 整包",28.0,3.168
A1002054,2020/3/1,TS-21340,标准级,西北,陕西,办公用品,收纳具,Eldon,"Eldon 盒, 蓝色",18.0,19.44
A1002054,2020/3/1,TS-21340,标准级,西北,陕西,家具,用具,Advantus,"Advantus 灯泡, 耐用",26.0,454.86
A1002054,2020/3/1,TS-21340,标准级,西北,陕西,技术,电话,摩托罗拉,"摩托罗拉 充电器, 混合尺寸",19.0,91.392
A1002051,2020/3/1,MM-17920,标准级,华北,河北,办公用品,纸张,Enermax,"Enermax 羊皮纸, 多色",4.0,19.04
A1002052,2020/3/1,LP-17080,标准级,中南,广东,办公用品,收纳具,Tenex,"Tenex 搁板, 工业",24.0,37.44
A1002051,2020/3/1,LP-17080,标准级,华北,河北,家具,书架,Bush,"Bush 搁架, 传统",8.0,37.59
A1002055,2020/3/2,LP-17080,标准级,东北,黑龙江,办公用品,系固件,Accos,"Accos 图钉, 每包 12 个",16.0,26.032
A1002056,2020/3/3,BG-11695,标准级,东北,黑龙江,办公用品,装订机,Acco,"Acco 订书机, 回收",24.0,35.91
A1002057,2020/3/4,MG-18145,二级,华东,山东,办公用品,系固件,Stockwell,"Stockwell 按钉, 金属",7.0,91.032
A1002057,2020/3/4,GZ-14470,二级,华东,山东,技术,电话,思科,"思科 办公室电话机, 全尺寸",11.0,54.66
A1002060,2020/3/4,JL-15835,一级,东北,辽宁,办公用品,信封,Cameo,"Cameo 马尼拉纸信封, 回收",21.0,67.344
A1002060,2020/3/4,JL-15835,一级,东北,辽宁,办公用品,用品,Stiletto,"Stiletto 尺子, 工业",25.0,2624.985
A1002058,2020/3/4,DO-13435,一级,华东,福建,办公用品,装订机,Cardinal,"Cardinal 标签, 回收",18.0,73.28
A1002060,2020/3/4,AB-10600,一级,东北,辽宁,技术,复印机,夏普,"夏普 复印机, 每套两件",9.0,14.48
A1002058,2020/3/4,KB-16315,一级,华东,福建,技术,电话,三星,"三星 充电器, 全尺寸",29.0,11.952
A1002061,2020/3/4,KB-16315,标准级,中南,河南,办公用品,信封,Ames,"Ames 搭扣信封, 银色",12.0,15.552
A1002061,2020/3/4,TT-21070,标准级,中南,河南,家具,用具,Tenex,"Tenex 门挡, 黑色",5.0,45.0
A1002059,2020/3/4,TT-21070,标准级,华北,河北,办公用品,信封,Ames,"Ames 商业信封, 回收",35.0,209.97
A1002059,2020/3/4,PV-18985,标准级,华北,河北,办公用品,美术,Boston,"Boston 记号笔, 混合尺寸",33.0,112.12
A1002059,2020/3/4,PV-18985,标准级,华北,河北,技术,配件,贝尔金,"贝尔金 闪存驱动器, 实惠",8.0,1575.14
A1002064,2020/3/5,DD-13570,一级,西北,甘肃,办公用品,美术,BIC,"BIC 速写本, 蓝色",32.0,25.06
A1002065,2020/3/5,KD-16495,一级,东北,吉林,办公用品,器具,Breville,"Breville 炉灶, 白色",26.0,6.924
A1002065,2020/3/5,RA-19285,一级,东北,吉林,办公用品,收纳具,Smead,"Smead 文件夹, 蓝色",18.0,37.392
A1002065,2020/3/5,RA-19285,一级,东北,吉林,技术,电话,诺基亚,"诺基亚 智能手机, 混合尺寸",8.0,79.12
A1002063,2020/3/5,SS-20590,二级,华东,安徽,技术,复印机,佳能,"佳能 个人复印机, 数字化",32.0,18.9
A1002062,2020/3/5,JH-15820,标准级,西南,云南,办公用品,标签,Novimex,"Novimex 运输标签, 耐用",30.0,57.42
A1002066,2020/3/6,EH-14125,当日,东北,黑龙江,办公用品,装订机,Wilson Jones,"Wilson Jones 订书机, 回收",16.0,12.74
A1002066,2020/3/6,EH-14125,当日,东北,黑龙江,家具,书架,宜家,"宜家 柜, 金属",34.0,8.82
A1002067,2020/3/6,EH-14125,一级,中南,海南,家具,椅子,Office Star,"Office Star 凳子, 黑色",20.0,120.784
A1002069,2020/3/7,TP-21415,标准级,东北,黑龙江,办公用品,收纳具,Eldon,"Eldon 文件夹, 工业",13.0,322.59
A1002069,2020/3/7,RB-19330,标准级,东北,黑龙江,办公用品,标签,Harbour Creations,"Harbour Creations 运输标签, 可调",35.0,9.762
A1002069,2020/3/7,RB-19330,标准级,东北,黑龙江,办公用品,用品,Fiskars,"Fiskars 剪刀, 蓝色",5.0,13.72
A1002068,2020/3/7,RB-19330,标准级,中南,广西,办公用品,信封,Cameo,"Cameo 局间信封, 银色",29.0,55.2
A1002068,2020/3/7,RB-19330,标准级,中南,广西,办公用品,纸张,Enermax,"Enermax 令, 每包 12 个",34.0,259.136
A1002070,2020/3/8,CB-12025,二级,东北,辽宁,办公用品,信封,Kraft,"Kraft 商业信封, 回收",12.0,29.24
A1002070,2020/3/8,CB-12025,二级,东北,辽宁,办公用品,标签,Novimex,"Novimex 运输标签, 红色",22.0,15.552
A1002072,2020/3/8,CB-12025,标准级,东北,黑龙江,家具,椅子,Office Star,"Office Star 折叠椅, 红色",2.0,4.896
A1002073,2020/3/8,MP-17965,标准级,西北,青海,技术,电话,三星,"三星 充电器, 全尺寸",18.0,38.088
A1002071,2020/3/8,MP-17965,标准级,华东,浙江,家具,书架,Safco,"Safco 墙角架, 黑色",39.0,2.808
A1002074,2020/3/9,SW-20245,一级,西南,重庆,办公用品,器具,Cuisinart,"Cuisinart 烤面包机, 白色",37.0,47.984
A1002074,2020/3/9,SW-20245,一级,西南,重庆,办公用品,标签,Smead,"Smead 运输标签, 耐用",6.0,26.064
A1002075,2020/3/9,SM-20950,二级,华东,江西,办公用品,信封,Cameo,"Cameo 邮寄品, 回收",32.0,15.696
A1002075,2020/3/9,AP-10915,二级,华东,江西,办公用品,装订机,Ibico,"Ibico 订书机, 回收",23.0,12.84
A1002075,2020/3/9,AH-10465,二级,华东,江西,家具,书架,Sauder,"Sauder 书架, 白色",35.0,10.86
A1002077,2020/3/11,AH-10465,当日,西北,陕西,办公用品,系固件,Stockwell,"Stockwell 按钉, 整包",8.0,79.47
A1002078,2020/3/11,EP-13915,标准级,中南,广东,办公用品,标签,Harbour Creations,"Harbour Creations 运输标签, 可调",22.0,10.08
A1002078,2020/3/11,EP-13915,标准级,中南,广东,办公用品,用品,Kleencut,"Kleencut 尺子, 钢",22.0,671.94
A1002076,2020/3/11,TP-21565,二级,华北,山西,技术,配件,SanDisk,"SanDisk 路由器, 耐用",21.0,169.064
A1002079,2020/3/12,TP-21565,一级,华北,河北,办公用品,收纳具,Tenex,"Tenex 文件车, 蓝色",28.0,168.624
A1002079,2020/3/12,AR-10825,一级,华北,河北,办公用品,用品,Fiskars,"Fiskars 修剪器, 蓝色",40.0,19.44
A1002080,2020/3/12,HA-14920,标准级,中南,河南,办公用品,器具,KitchenAid,"KitchenAid 咖啡研磨机, 白色",14.0,31.92
A1002080,2020/3/12,HA-14920,标准级,中南,河南,技术,电话,三星,"三星 耳机, 蓝色",22.0,433.568
A1002080,2020/3/12,HJ-14875,标准级,中南,河南,技术,配件,SanDisk,"SanDisk 闪存驱动器, 实惠",27.0,31.104
A1002080,2020/3/12,HJ-14875,标准级,中南,河南,技术,配件,贝尔金,"贝尔金 路由器, 实惠",13.0,54.816
A1002081,2020/3/13,JK-15370,当日,华北,天津,办公用品,用品,Fiskars,"Fiskars 大剪刀, 钢",10.0,48.86
A1002082,2020/3/14,JF-15355,标准级,华东,安徽,家具,椅子,Office Star,"Office Star 凳子, 每套两件",9.0,14.2
A1002086,2020/3/15,JF-15355,二级,华北,河北,办公用品,信封,GlobeWeis,"GlobeWeis 马尼拉纸信封, 回收",26.0,12.96
A1002086,2020/3/15,JF-15355,二级,华北,河北,办公用品,收纳具,Eldon,"Eldon 文件夹, 工业",14.0,58.34
A1002086,2020/3/15,EK-13795,二级,华北,河北,办公用品,收纳具,Smead,"Smead 锁柜, 工业",13.0,56.3
A1002086,2020/3/15,RS-19765,二级,华北,河北,办公用品,美术,Sanford,"Sanford 画布, 金属",36.0,629.95
A1002083,2020/3/15,RS-19765,二级,东北,吉林,办公用品,纸张,SanDisk,"SanDisk 信纸, 多色",8.0,122.97
A1002083,2020/3/15,BD-11320,二级,东北,吉林,家具,书架,Dania,"Dania 柜, 金属",16.0,46.35
A1002083,2020/3/15,BF-11170,二级,东北,吉林,技术,复印机,惠普,"惠普 传真机, 彩色",11.0,14.976
A1002085,2020/3/15,JK-15730,标准级,华东,安徽,办公用品,用品,Acme,"Acme 开信刀, 蓝色",39.0,4.24
A1002085,2020/3/15,CR-12820,标准级,华东,安徽,办公用品,美术,BIC,"BIC 记号笔, 整包",3.0,319.96
A1002085,2020/3/15,CR-12820,标准级,华东,安徽,办公用品,装订机,Wilson Jones,"Wilson Jones 装订机盖, 回收",36.0,17.04
A1002085,2020/3/15,CR-12820,标准级,华东,安徽,家具,椅子,Hon,"Hon 凳子, 可调",40.0,344.91
A1002084,2020/3/15,AG-10300,标准级,东北,黑龙江,办公用品,器具,Hamilton Beach,"Hamilton Beach 咖啡研磨机, 白色",11.0,81.94
A1002084,2020/3/15,CM-12160,标准级,东北,黑龙江,办公用品,系固件,Advantus,"Advantus 订书钉, 整包",13.0,98.16
A1002084,2020/3/15,SG-20890,标准级,东北,黑龙江,家具,椅子,Hon,"Hon 扶手椅, 黑色",20.0,6.874
A1002087,2020/3/16,SG-20890,二级,华北,天津,办公用品,用品,Acme,"Acme 修剪器, 蓝色",38.0,1.996
A1002087,2020/3/16,SG-20890,二级,华北,天津,技术,配件,Enermax,"Enermax 记忆卡, 可编程",22.0,8.928
A1002088,2020/3/18,CS-12175,二级,华东,福建,办公用品,收纳具,Tenex,"Tenex 文件夹, 工业",23.0,9.99
A1002089,2020/3/18,HL-15040,二级,西南,重庆,办公用品,纸张,Enermax,"Enermax 信纸, 回收",14.0,10.86
A1002089,2020/3/18,DM-13015,二级,西南,重庆,办公用品,美术,Boston,"Boston 记号笔, 金属",8.0,79.47
A1002091,2020/3/18,HK-14890,二级,华东,山东,办公用品,器具,Breville,"Breville 搅拌机, 银色",7.0,10.08
A1002091,2020/3/18,HK-14890,二级,华东,山东,办公用品,收纳具,Smead,"Smead 锁柜, 金属",20.0,304.776
A1002090,2020/3/18,BG-11740,标准级,西北,陕西,办公用品,信封,GlobeWeis,"GlobeWeis 邮寄品, 每套 50 个",5.0,51.98
A1002090,2020/3/18,CK-12595,标准级,西北,陕西,办公用品,收纳具,Tenex,"Tenex 盘, 单宽度",20.0,24.7
A1002090,2020/3/18,RF-19735,标准级,西北,陕西,办公用品,纸张,Enermax,"Enermax 备忘录便条, 回收",35.0,21.93
A1002090,2020/3/18,CJ-12010,标准级,西北,陕西,办公用品,装订机,Acco,"Acco 标签, 实惠",7.0,394.816
A1002090,2020/3/18,CJ-12010,标准级,西北,陕西,办公用品,装订机,Wilson Jones,"Wilson Jones 孔加固材料, 耐用",30.0,18.192
A1002090,2020/3/18,MA-17560,标准级,西北,陕西,家具,书架,Safco,"Safco 墙角架, 黑色",12.0,7.31
A1002090,2020/3/18,MA-17560,标准级,西北,陕西,家具,椅子,Harbour Creations,"Harbour Creations 沙滩椅, 可调",32.0,799.984
A1002092,2020/3/19,MA-17560,一级,西南,四川,家具,椅子,Hon,"Hon 摇椅, 黑色",17.0,41.28
A1002097,2020/3/19,MA-17560,二级,中南,广西,办公用品,收纳具,Rogers,"Rogers 盘, 蓝色",15.0,184.66
A1002095,2020/3/19,AM-10705,二级,华东,山东,家具,椅子,Novimex,"Novimex 摇椅, 黑色",32.0,49.25
A1002096,2020/3/19,AM-10705,一级,中南,河南,技术,电话,三星,"三星 充电器, 整包",22.0,10.16
A1002094,2020/3/19,AM-10705,一级,东北,黑龙江,办公用品,美术,Binney & Smith,"Binney & Smith 钢笔, 蓝色",31.0,14.76
A1002093,2020/3/19,AM-10705,二级,东北,黑龙江,办公用品,纸张,施乐,"施乐 笔记本, 优质",8.0,34.08
A1002099,2020/3/20,AM-10705,当日,东北,黑龙江,办公用品,标签,Harbour Creations,"Harbour Creations 运输标签, 可调",12.0,17.67
A1002098,2020/3/20,AM-10705,一级,东北,黑龙江,办公用品,纸张,Eaton,"Eaton 令, 优质",21.0,1604.9
A1002098,2020/3/20,AM-10705,一级,东北,黑龙江,家具,用具,Eldon,"Eldon 框架, 耐用",16.0,385.686
A1002100,2020/3/20,AH-10585,标准级,东北,吉林,办公用品,收纳具,Tenex,"Tenex 搁板, 单宽度",5.0,15.984
A1002101,2020/3/20,PF-19120,标准级,中南,广西,办公用品,用品,Kleencut,"Kleencut 尺子, 工业",29.0,9.42
A1002100,2020/3/20,PF-19120,标准级,东北,吉林,技术,复印机,Brother,"Brother 传真机, 红色",8.0,6.56
A1002101,2020/3/20,PF-19120,标准级,中南,广西,技术,配件,Memorex,"Memorex 键盘, 耐用",16.0,24.56
A1002104,2020/3/21,RD-19480,一级,华东,山东,办公用品,用品,Elite,"Elite 剪刀, 蓝色",24.0,128.4
A1002104,2020/3/21,JL-15505,一级,华东,山东,办公用品,系固件,Stockwell,"Stockwell 图钉, 整包",32.0,62.28
A1002104,2020/3/21,AB-10600,一级,华东,山东,办公用品,装订机,Cardinal,"Cardinal 孔加固材料, 耐用",5.0,9.24
A1002104,2020/3/21,NC-18535,一级,华东,山东,家具,用具,Advantus,"Advantus 灯泡, 一包多件",21.0,482.664
A1002103,2020/3/21,NC-18535,标准级,华东,浙江,办公用品,收纳具,Fellowes,"Fellowes 盘, 工业",11.0,4799.984
A1002102,2020/3/21,TB-21400,标准级,华东,福建,办公用品,收纳具,Rogers,"Rogers 搁板, 单宽度",8.0,37.94
A1002105,2020/3/21,TB-21400,标准级,中南,广东,办公用品,用品,Fiskars,"Fiskars 剪刀, 锯齿状",13.0,18.288
A1002105,2020/3/21,TB-21400,标准级,中南,广东,办公用品,用品,Fiskars,"Fiskars 大剪刀, 工业",40.0,385.8
A1002108,2020/3/22,TB-21400,当日,中南,河南,技术,电话,诺基亚,"诺基亚 音频基座, 全尺寸",8.0,102.96
A1002106,2020/3/22,TB-21400,标准级,华东,山东,技术,复印机,佳能,"佳能 传真机, 每套两件",4.0,174.42
A1002107,2020/3/22,SJ-20215,二级,华北,河北,办公用品,纸张,Eaton,"Eaton 羊皮纸, 优质",7.0,1.964
A1002109,2020/3/22,EB-13840,标准级,东北,辽宁,技术,电话,思科,"思科 信号增强器, 蓝色",29.0,94.428
A1002109,2020/3/22,WB-21850,标准级,东北,辽宁,技术,电话,摩托罗拉,"摩托罗拉 耳机, 整包",22.0,45.92
A1002109,2020/3/22,SR-20740,标准级,东北,辽宁,技术,配件,罗技,"罗技 键区, 耐用",20.0,61.584
A1002111,2020/3/23,VG-21805,二级,华东,江苏,办公用品,信封,GlobeWeis,"GlobeWeis 搭扣信封, 红色",34.0,22.48
A1002111,2020/3/23,LS-16945,二级,华东,江苏,家具,书架,宜家,"宜家 搁架, 金属",12.0,332.028
A1002110,2020/3/23,LS-16945,标准级,华东,安徽,办公用品,纸张,Enermax,"Enermax 羊皮纸, 优质",17.0,11.394
A1002110,2020/3/23,LS-16945,标准级,华东,安徽,技术,配件,SanDisk,"SanDisk 键区, 回收",32.0,15.552
A1002113,2020/3/25,LS-16945,标准级,东北,吉林,办公用品,收纳具,Tenex,"Tenex 文件车, 单宽度",14.0,31.104
A1002113,2020/3/25,LS-16945,标准级,东北,吉林,办公用品,美术,Boston,"Boston 荧光笔, 整包",19.0,6.316
A1002113,2020/3/25,MA-17560,标准级,东北,吉林,家具,桌子,Chromcraft,"Chromcraft 培训桌, 长方形",17.0,11.352
A1002113,2020/3/25,MA-17560,标准级,东北,吉林,家具,椅子,Safco,"SAFCO 扶手椅, 黑色",5.0,20.808
A1002113,2020/3/25,NF-18475,标准级,东北,吉林,家具,椅子,Safco,"SAFCO 折叠椅, 黑色",4.0,11.416
A1002112,2020/3/25,MD-17860,标准级,东北,黑龙江,办公用品,信封,Cameo,"Cameo 外皮和封条, 红色",34.0,9.408
A1002112,2020/3/25,MZ-17335,标准级,东北,黑龙江,办公用品,信封,Cameo,"Cameo 搭扣信封, 红色",22.0,19.83
A1002112,2020/3/25,KB-16600,标准级,东北,黑龙江,家具,椅子,Novimex,"Novimex 折叠椅, 红色",29.0,209.7
A1002112,2020/3/25,MA-17995,标准级,东北,黑龙江,技术,电话,诺基亚,"诺基亚 音频基座, 全尺寸",23.0,43.92
A1002114,2020/3/26,MA-17995,一级,华北,河北,办公用品,纸张,SanDisk,"SanDisk 羊皮纸, 多色",13.0,20.232
A1002114,2020/3/26,ME-17320,一级,华北,河北,技术,配件,Enermax,"Enermax 键区, 实惠",12.0,149.97
A1002116,2020/3/27,ME-17320,一级,华北,山西,办公用品,器具,KitchenAid,"KitchenAid 咖啡研磨机, 黑色",20.0,27.81
A1002117,2020/3/27,JD-15895,标准级,华北,河北,办公用品,装订机,Avery,"Avery 装订机, 透明",6.0,66.3
A1002115,2020/3/27,LS-16975,标准级,东北,黑龙江,办公用品,收纳具,Tenex,"Tenex 搁板, 工业",20.0,1.64
A1002115,2020/3/27,LS-16975,标准级,东北,黑龙江,家具,椅子,Harbour Creations,"Harbour Creations 折叠椅, 可调",5.0,1049.2
A1002118,2020/3/28,LS-16975,标准级,中南,湖南,办公用品,收纳具,Tenex,"Tenex 文件夹, 单宽度",16.0,20.9
A1002119,2020/3/29,SJ-20500,标准级,中南,广东,办公用品,装订机,Wilson Jones,"Wilson Jones 孔加固材料, 回收",6.0,88.08
A1002119,2020/3/29,SJ-20500,标准级,中南,广东,技术,配件,SanDisk,"SanDisk 记忆卡, 耐用",31.0,751.92
A1002121,2020/3/30,BS-11365,一级,东北,黑龙江,办公用品,美术,Binney & Smith,"Binney & Smith 钢笔, 蓝色",40.0,887.103
A1002121,2020/3/30,RA-19285,一级,东北,黑龙江,办公用品,装订机,Wilson Jones,"Wilson Jones 标签, 实惠",32.0,55.944
A1002120,2020/3/30,RA-19285,二级,东北,黑龙江,办公用品,用品,Elite,"Elite 大剪刀, 锯齿状",40.0,10.688
A1002122,2020/3/30,RA-19285,标准级,华东,浙江,办公用品,纸张,Eaton,"Eaton 计划信息表, 每包 12 个",20.0,11.824
A1002123,2020/3/30,TS-21610,标准级,中南,广东,办公用品,装订机,Cardinal,"Cardinal 装订机, 透明",31.0,63.312
A1002123,2020/3/30,TS-21610,标准级,中南,广东,家具,椅子,Hon,"Hon 摇椅, 可调",28.0,96.784
A1002124,2020/4/1,TS-21610,标准级,中南,湖北,办公用品,系固件,Stockwell,"Stockwell 图钉, 金属",39.0,10.476
A1002125,2020/4/1,KB-16585,标准级,华东,上海,技术,复印机,佳能,"佳能 墨水, 红色",30.0,9.762
A1002125,2020/4/1,MM-18280,标准级,华东,上海,技术,电话,思科,"思科 办公室电话机, 整包",9.0,196.784
A1002129,2020/4/2,LO-17170,一级,中南,广东,办公用品,收纳具,Tenex,"Tenex 搁板, 蓝色",31.0,47.98
A1002129,2020/4/2,RS-19420,一级,中南,广东,办公用品,装订机,Acco,"Acco 标签, 回收",22.0,13.05
A1002129,2020/4/2,CC-12475,一级,中南,广东,家具,书架,宜家,"宜家 墙角架, 白色",12.0,63.96
A1002128,2020/4/2,KT-16480,二级,华北,山西,技术,配件,SanDisk,"SanDisk 闪存驱动器, 可编程",23.0,80.48
A1002126,2020/4/2,DM-13015,标准级,华东,山东,技术,配件,Enermax,"Enermax 记忆卡, 实惠",15.0,11.673
A1002130,2020/4/2,EP-13915,标准级,华北,河北,技术,设备,柯尼卡,"柯尼卡 卡片打印机, 白色",4.0,863.128
A1002130,2020/4/2,EP-13915,标准级,华北,河北,技术,配件,SanDisk,"SanDisk 记忆卡, 回收",34.0,3.564
A1002130,2020/4/2,EP-13915,标准级,华北,河北,技术,配件,罗技,"罗技 键区, 可编程",19.0,956.6648
A1002127,2020/4/2,EP-13915,标准级,东北,黑龙江,办公用品,收纳具,Smead,"Smead 盒, 金属",28.0,12.588
A1002127,2020/4/2,EP-13915,标准级,东北,黑龙江,家具,桌子,Barricks,"Barricks 会议桌, 白色",12.0,171.96
A1002131,2020/4/3,AM-10705,标准级,西南,云南,技术,设备,松下,"松下 喷墨打印机, 红色",20.0,871.4
A1002132,2020/4/4,SH-20635,一级,华东,山东,家具,书架,Dania,"Dania 古典书架, 黑色",4.0,692.472
A1002132,2020/4/4,LA-16780,一级,华东,山东,家具,用具,Deflect-O,"Deflect-O 闹钟, 优质",5.0,207.76
A1002132,2020/4/4,SF-20200,一级,华东,山东,技术,复印机,Hewlett,"Hewlett 复印机, 每套两件",15.0,71.928
A1002133,2020/4/4,SF-20200,标准级,东北,黑龙江,办公用品,纸张,Enermax,"Enermax 羊皮纸, 优质",27.0,25.99
A1002136,2020/4/5,AG-10495,标准级,华东,山东,办公用品,器具,Cuisinart,"Cuisinart 搅拌机, 红色",12.0,3.592
A1002134,2020/4/5,KN-16450,标准级,华北,山西,办公用品,装订机,Wilson Jones,"Wilson Jones 孔加固材料, 透明",40.0,48.632
A1002135,2020/4/5,NF-18595,标准级,中南,河南,办公用品,装订机,Acco,"Acco 装订机, 耐用",25.0,323.1
A1002137,2020/4/6,BS-11365,标准级,华北,河北,办公用品,信封,Kraft,"Kraft 邮寄品, 银色",16.0,9099.93
A1002142,2020/4/8,BS-11365,一级,华东,上海,办公用品,标签,Avery,"Avery 圆形标签, 耐用",11.0,9.96
A1002142,2020/4/8,BS-11365,一级,华东,上海,办公用品,美术,Sanford,"Sanford 铅笔刀, 金属",21.0,25.3
A1002142,2020/4/8,RM-19675,一级,华东,上海,家具,书架,Bush,"Bush 柜, 黑色",18.0,11.36
A1002139,2020/4/8,RM-19675,一级,西南,重庆,办公用品,纸张,Eaton,"Eaton 羊皮纸, 优质",39.0,69.264
A1002138,2020/4/8,AB-10105,标准级,华东,安徽,办公用品,标签,Harbour Creations,"Harbour Creations 合法证物标签, 红色",34.0,3.69
A1002138,2020/4/8,AB-10105,标准级,华东,安徽,办公用品,标签,Hon,"Hon 运输标签, 红色",40.0,1103.97
A1002138,2020/4/8,CA-11965,标准级,华东,安徽,办公用品,装订机,Wilson Jones,"Wilson Jones 订书机, 回收",28.0,246.1328
A1002141,2020/4/8,CA-11965,标准级,中南,湖南,办公用品,信封,Cameo,"Cameo 马尼拉纸信封, 银色",4.0,11.696
A1002141,2020/4/8,CA-11965,标准级,中南,湖南,办公用品,标签,Hon,"Hon 有色标签, 红色",7.0,439.992
A1002141,2020/4/8,EH-14005,标准级,中南,湖南,办公用品,装订机,Ibico,"Ibico 标签, 透明",6.0,64.784
A1002141,2020/4/8,ON-18715,标准级,中南,湖南,家具,椅子,Novimex,"Novimex 摇椅, 红色",7.0,4799.984
A1002141,2020/4/8,ON-18715,标准级,中南,湖南,家具,用具,Deflect-O,"Deflect-O 闹钟, 一包多件",34.0,14.088
A1002140,2020/4/8,AT-10435,标准级,中南,广东,家具,书架,Dania,"Dania 书库, 传统",25.0,11.16
A1002141,2020/4/8,AT-10435,标准级,中南,湖南,技术,设备,柯尼卡,"柯尼卡 打印机, 多色",8.0,896.328
A1002143,2020/4/9,AT-10435,当日,东北,辽宁,办公用品,用品,Elite,"Elite 开信刀, 蓝色",20.0,189.0
A1002144,2020/4/9,EB-13870,标准级,华北,天津,办公用品,标签,Harbour Creations,"Harbour Creations 运输标签, 可调",12.0,53.982
A1002144,2020/4/9,DW-13195,标准级,华北,天津,办公用品,装订机,Avery,"Avery 孔加固材料, 透明",24.0,177.225
A1002145,2020/4/9,MB-17305,标准级,华东,山东,办公用品,美术,Stanley,"Stanley 钢笔, 金属",14.0,129.39
A1002144,2020/4/9,TH-21235,标准级,华北,天津,家具,椅子,Office Star,"Office Star 扶手椅, 可调",25.0,54.32
A1002145,2020/4/9,PO-18850,标准级,华东,山东,家具,椅子,Novimex,"Novimex 扶手椅, 可调",20.0,4367.896
A1002148,2020/4/10,PO-18850,一级,华东,山东,办公用品,收纳具,Tenex,"Tenex 盒, 金属",14.0,49.568
A1002148,2020/4/10,PO-18850,一级,华东,山东,办公用品,标签,Harbour Creations,"Harbour Creations 运输标签, 可调",4.0,161.376
A1002151,2020/4/10,PO-18850,标准级,东北,辽宁,办公用品,纸张,Eaton,"Eaton 信纸, 优质",5.0,2.784
A1002150,2020/4/10,PO-18850,标准级,华东,山东,办公用品,装订机,Ibico,"Ibico 订书机, 回收",18.0,8.72
A1002146,2020/4/10,DE-13255,标准级,东北,吉林,办公用品,器具,Hamilton Beach,"Hamilton Beach 搅拌机, 红色",2.0,3.912
A1002146,2020/4/10,MO-17500,标准级,东北,吉林,办公用品,纸张,Enermax,"Enermax 令, 回收",20.0,59.752
A1002147,2020/4/10,AH-10585,标准级,东北,黑龙江,办公用品,收纳具,Rogers,"Rogers 文件车, 金属",9.0,63.92
A1002152,2020/4/10,AH-10585,标准级,华东,福建,办公用品,信封,GlobeWeis,"GlobeWeis 搭扣信封, 红色",19.0,383.96
A1002149,2020/4/10,CS-12250,标准级,西南,四川,办公用品,系固件,Advantus,"Advantus 图钉, 每包 12 个",20.0,7.752
A1002149,2020/4/10,CS-12250,标准级,西南,四川,家具,椅子,Hon,"Hon 沙滩椅, 可调",23.0,33.568
A1002152,2020/4/10,WB-21850,标准级,华东,福建,家具,用具,Rubbermaid,"Rubvermaid 分层置放架, 一包多件",39.0,666.344
A1002147,2020/4/10,WB-21850,标准级,东北,黑龙江,技术,设备,柯尼卡,"柯尼卡 卡片打印机, 耐用",24.0,573.728
A1002154,2020/4/11,WB-21850,一级,中南,河南,办公用品,装订机,Ibico,"Ibico 装订机盖, 透明",39.0,21.936
A1002153,2020/4/11,WB-21850,标准级,华北,山西,办公用品,美术,BIC,"BIC 荧光笔, 金属",5.0,19.44
A1002153,2020/4/11,WB-21850,标准级,华北,山西,家具,椅子,Office Star,"Office Star 扶手椅, 黑色",18.0,447.968
A1002153,2020/4/11,SP-20620,标准级,华北,山西,家具,用具,Tenex,"Tenex 门挡, 黑色",15.0,16.78
A1002156,2020/4/11,AB-10165,二级,中南,湖北,办公用品,标签,Hon,"Hon 合法证物标签, 红色",22.0,20.96
A1002155,2020/4/11,AB-10165,标准级,东北,辽宁,办公用品,收纳具,Eldon,"Eldon 盘, 蓝色",37.0,88.752
A1002155,2020/4/11,AB-10165,标准级,东北,辽宁,办公用品,美术,Boston,"Boston 钢笔, 混合尺寸",3.0,304.23
A1002157,2020/4/11,HA-14920,标准级,华北,内蒙古,技术,电话,摩托罗拉,"摩托罗拉 耳机, 整包",26.0,167.86
A1002163,2020/4/12,DC-13285,当日,中南,广西,办公用品,信封,Cameo,"Cameo 邮寄品, 银色",34.0,82.38
A1002163,2020/4/12,ST-20530,当日,中南,广西,办公用品,收纳具,Eldon,"Eldon 搁板, 金属",15.0,23.976
A1002163,2020/4/12,ST-20530,当日,中南,广西,家具,用具,Deflect-O,"Deflect-O 门挡, 黑色",39.0,33.29
A1002160,2020/4/12,KB-16315,一级,东北,黑龙江,办公用品,器具,KitchenAid,"KitchenAid 咖啡研磨机, 银色",25.0,14.952
A1002159,2020/4/12,KB-16315,一级,西南,重庆,办公用品,收纳具,Smead,"Smead 锁柜, 蓝色",7.0,323.982
A1002160,2020/4/12,KB-16315,一级,东北,黑龙江,家具,椅子,Office Star,"Office Star 凳子, 每套两件",8.0,2.286
A1002161,2020/4/12,KB-16315,二级,中南,河南,办公用品,装订机,Avery,"Avery 孔加固材料, 耐用",22.0,14.352
A1002164,2020/4/12,KB-16315,标准级,中南,广东,办公用品,纸张,Enermax,"Enermax 备忘录便条, 优质",12.0,71.976
A1002165,2020/4/12,TB-21355,标准级,中南,湖南,办公用品,美术,Boston,"Boston 铅笔刀, 金属",27.0,9.21
A1002162,2020/4/12,TB-21355,标准级,中南,河南,家具,椅子,Harbour Creations,"Harbour Creations 摇椅, 可调",32.0,2.286
A1002162,2020/4/12,JC-15775,标准级,中南,河南,家具,用具,Rubbermaid,"Rubvermaid 分层置放架, 一包多件",13.0,14.352
A1002164,2020/4/12,PO-18850,标准级,中南,广东,技术,复印机,佳能,"佳能 无线传真机, 每套两件",27.0,71.976
A1002158,2020/4/12,PO-18850,二级,华东,山东,技术,配件,贝尔金,"贝尔金 记忆卡, 耐用",35.0,17.92
A1002166,2020/4/13,SS-20875,标准级,华东,山东,办公用品,信封,Ames,"Ames 外皮和封条, 回收",40.0,19.99
A1002166,2020/4/13,SS-20875,标准级,华东,山东,办公用品,系固件,OIC,"OIC 夹子, 每包 12 个",23.0,22.92
A1002167,2020/4/15,RD-19720,二级,西南,重庆,办公用品,用品,Elite,"Elite 美工刀, 蓝色",26.0,50.88
A1002167,2020/4/15,RD-19720,二级,西南,重庆,家具,书架,宜家,"宜家 书架, 黑色",10.0,27.312
A1002167,2020/4/15,GZ-14470,二级,西南,重庆,家具,桌子,Barricks,"Barricks 会议桌, 白色",17.0,7.92
A1002170,2020/4/16,GZ-14470,二级,中南,广东,办公用品,信封,Cameo,"Cameo 搭扣信封, 回收",5.0,14.368
A1002169,2020/4/16,SN-20710,标准级,中南,河南,办公用品,信封,Cameo,"Cameo 马尼拉纸信封, 红色",25.0,107.97
A1002169,2020/4/16,SN-20710,标准级,中南,河南,办公用品,系固件,Advantus,"Advantus 橡皮筋, 整包",38.0,113.82
A1002168,2020/4/16,DK-12895,标准级,华北,天津,办公用品,收纳具,Eldon,"Eldon 盒, 金属",7.0,5.184
A1002169,2020/4/16,VM-21835,标准级,中南,河南,技术,复印机,夏普,"夏普 墨水, 数字化",11.0,16.28
A1002171,2020/4/17,GB-14575,标准级,华北,山西,技术,配件,SanDisk,"SanDisk 记忆卡, 可编程",24.0,544.38
A1002175,2020/4/18,ND-18370,当日,东北,吉林,办公用品,器具,Hamilton Beach,"Hamilton Beach 搅拌机, 白色",30.0,19.824
A1002179,2020/4/18,ND-18370,二级,华东,江苏,家具,用具,Rubbermaid,"Rubvermaid 框架, 黑色",12.0,2.286
A1002180,2020/4/18,ND-18370,一级,东北,辽宁,技术,复印机,Hewlett,"Hewlett 个人复印机, 数字化",33.0,14.352
A1002178,2020/4/18,ND-18370,标准级,西南,四川,办公用品,用品,Stiletto,"Stiletto 大剪刀, 蓝色",24.0,71.976
A1002181,2020/4/18,MM-17260,标准级,西北,甘肃,家具,用具,Rubbermaid,"Rubvermaid 闹钟, 优质",14.0,2.286
A1002177,2020/4/18,MM-17260,二级,中南,湖南,办公用品,纸张,Enermax,"Enermax 令, 回收",16.0,14.352
A1002172,2020/4/18,MV-17485,标准级,中南,河南,办公用品,系固件,OIC,"OIC 按钉, 每包 12 个",5.0,71.976
A1002174,2020/4/18,MV-17485,标准级,东北,黑龙江,办公用品,纸张,SanDisk,"SanDisk 信纸, 回收",37.0,415.872
A1002173,2020/4/18,JL-15130,标准级,西南,贵州,家具,椅子,Safco,"SAFCO 凳子, 红色",18.0,16.768
A1002174,2020/4/18,JL-15130,标准级,东北,黑龙江,家具,椅子,Hon,"Hon 摇椅, 黑色",36.0,27.12
A1002176,2020/4/18,AG-10330,标准级,华东,山东,办公用品,器具,Cuisinart,"Cuisinart 微波炉, 白色",19.0,95.84
A1002182,2020/4/19,AG-10330,标准级,华东,江苏,办公用品,系固件,Stockwell,"Stockwell 图钉, 金属",11.0,12.96
A1002183,2020/4/20,MD-17860,标准级,中南,广东,技术,电话,思科,"思科 办公室电话机, 整包",34.0,19.008
A1002184,2020/4/23,RO-19780,标准级,华北,山西,办公用品,收纳具,Rogers,"Rogers 文件车, 金属",16.0,2.286
A1002184,2020/4/23,RO-19780,标准级,华北,山西,办公用品,收纳具,Tenex,"Tenex 文件夹, 单宽度",11.0,14.352
A1002184,2020/4/23,RR-19315,标准级,华北,山西,办公用品,用品,Kleencut,"Kleencut 尺子, 钢",5.0,71.976
A1002184,2020/4/23,RR-19315,标准级,华北,山西,办公用品,装订机,Cardinal,"Cardinal 标签, 耐用",17.0,77.72
A1002184,2020/4/23,RR-19315,标准级,华北,山西,技术,复印机,惠普,"惠普 个人复印机, 数字化",20.0,520.464
A1002186,2020/4/24,CP-12340,二级,中南,广东,办公用品,纸张,Enermax,"Enermax 令, 优质",8.0,111.96
A1002186,2020/4/24,LL-16840,二级,中南,广东,办公用品,纸张,施乐,"施乐 备忘录便条, 优质",4.0,29.16
A1002186,2020/4/24,NC-18340,二级,中南,广东,家具,书架,Safco,"Safco 书架, 金属",21.0,131.94
A1002185,2020/4/24,NC-18340,标准级,华东,山东,家具,椅子,Novimex,"Novimex 折叠椅, 可调",17.0,25.92
A1002187,2020/4/24,NC-18340,标准级,中南,广东,办公用品,收纳具,Rogers,"Rogers 文件车, 蓝色",28.0,704.76
A1002187,2020/4/24,NC-18340,标准级,中南,广东,技术,配件,Enermax,"Enermax 键盘, 可编程",17.0,7.41
A1002188,2020/4/24,NC-18340,标准级,中南,海南,办公用品,收纳具,Eldon,"Eldon 盘, 金属",21.0,21.5
A1002188,2020/4/24,HA-14920,标准级,中南,海南,办公用品,系固件,OIC,"OIC 按钉, 混合尺寸",40.0,10.528
A1002188,2020/4/24,HA-14920,标准级,中南,海南,技术,复印机,佳能,"佳能 传真机, 彩色",21.0,20.544
A1002188,2020/4/24,MA-17995,标准级,中南,海南,技术,设备,爱普生,"爱普生 卡片打印机, 耐用",13.0,104.9
A1002189,2020/4/25,MA-17995,二级,华东,山东,办公用品,美术,Boston,"Boston 钢笔, 金属",32.0,39.68
A1002190,2020/4/25,MA-17995,标准级,中南,广东,技术,复印机,惠普,"惠普 墨水, 彩色",9.0,51.75
A1002191,2020/4/26,LH-16900,标准级,东北,黑龙江,家具,书架,Dania,"Dania 古典书架, 金属",23.0,11.68
A1002192,2020/4/26,LH-16900,标准级,西南,重庆,办公用品,系固件,Advantus,"Advantus 回形针, 整包",33.0,159.75
A1002194,2020/4/27,SB-20290,二级,华东,江苏,技术,复印机,Brother,"Brother 传真复印机, 红色",27.0,103.968
A1002195,2020/4/27,BT-11305,标准级,东北,辽宁,办公用品,信封,GlobeWeis,"GlobeWeis 邮寄品, 回收",16.0,303.25
A1002193,2020/4/27,BT-11305,二级,中南,广东,办公用品,用品,Fiskars,"Fiskars 尺子, 钢",15.0,270.72
A1002193,2020/4/27,BT-11305,二级,中南,广东,办公用品,装订机,Cardinal,"Cardinal 订书机, 透明",27.0,1487.04
A1002196,2020/4/28,PS-18970,标准级,华北,河北,办公用品,用品,Kleencut,"Kleencut 修剪器, 工业",10.0,17.48
A1002196,2020/4/28,PS-18970,标准级,华北,河北,办公用品,纸张,SanDisk,"SanDisk 信纸, 多色",23.0,71.88
A1002197,2020/4/29,TB-21625,标准级,西南,云南,办公用品,器具,Hoover,"Hoover 咖啡研磨机, 银色",8.0,60.45
A1002201,2020/4/30,TB-21625,二级,华东,福建,办公用品,标签,Smead,"Smead 合法证物标签, 白色",39.0,253.176
A1002201,2020/4/30,RA-19915,二级,华东,福建,办公用品,用品,Elite,"Elite 大剪刀, 锯齿状",40.0,2.88
A1002198,2020/4/30,RA-19915,二级,华北,天津,办公用品,收纳具,Tenex,"Tenex 搁板, 工业",5.0,384.944
A1002198,2020/4/30,RA-19915,二级,华北,天津,技术,电话,苹果,"苹果 充电器, 蓝色",16.0,153.584
A1002198,2020/4/30,RA-19915,二级,华北,天津,技术,电话,诺基亚,"诺基亚 信号增强器, 整包",34.0,913.43
A1002202,2020/4/30,BP-11095,二级,中南,湖南,技术,电话,思科,"思科 办公室电话机, 整包",18.0,43.92
A1002202,2020/4/30,BP-11095,二级,中南,湖南,技术,电话,诺基亚,"诺基亚 音频基座, 蓝色",17.0,25.032
A1002199,2020/4/30,CD-11920,标准级,西南,重庆,技术,配件,贝尔金,"贝尔金 鼠标, 可编程",15.0,46.76
A1002203,2020/4/30,CD-11920,二级,中南,广东,办公用品,信封,Kraft,"Kraft 搭扣信封, 回收",19.0,183.968
A1002203,2020/4/30,CD-11920,二级,中南,广东,家具,桌子,Bevis,"Bevis 培训桌, 白色",16.0,1259.97
A1002203,2020/4/30,CD-11920,二级,中南,广东,技术,复印机,夏普,"夏普 个人复印机, 彩色",9.0,68.97
A1002200,2020/4/30,KB-16585,标准级,华东,上海,办公用品,标签,Avery,"Avery 可去除的标签, 白色",40.0,70.368
A1002200,2020/4/30,KB-16585,标准级,华东,上海,家具,椅子,Harbour Creations,"Harbour Creations 扶手椅, 可调",24.0,59.96
A1002207,2020/5/1,SW-20245,一级,华东,江苏,办公用品,纸张,Enermax,"Enermax 令, 每包 12 个",2.0,25.984
A1002207,2020/5/1,SW-20245,一级,华东,江苏,办公用品,装订机,Cardinal,"Cardinal 装订机盖, 回收",27.0,27.36
A1002206,2020/5/1,AH-10690,一级,东北,辽宁,家具,书架,Safco,"Safco 墙角架, 传统",32.0,361.376
A1002205,2020/5/1,JL-15835,标准级,华东,浙江,办公用品,器具,Breville,"Breville 烤面包机, 红色",8.0,172.186
A1002210,2020/5/1,JL-15835,标准级,华东,福建,办公用品,纸张,施乐,"施乐 信纸, 多色",18.0,69.008
A1002204,2020/5/1,GZ-14470,标准级,西南,云南,办公用品,装订机,Cardinal,"Cardinal 订书机, 回收",4.0,199.9
A1002209,2020/5/1,GZ-14470,标准级,华东,上海,技术,设备,StarTech,"StarTech 电话, 多色",40.0,901.95
A1002209,2020/5/1,GZ-14470,标准级,华东,上海,技术,配件,贝尔金,"贝尔金 键区, 回收",36.0,971.5
A1002208,2020/5/1,RC-19825,标准级,中南,广东,办公用品,器具,Breville,"Breville 微波炉, 黑色",32.0,11.328
A1002211,2020/5/1,CL-12565,标准级,西北,甘肃,办公用品,用品,Elite,"Elite 剪刀, 钢",22.0,21.24
A1002211,2020/5/1,MW-18220,标准级,西北,甘肃,办公用品,系固件,Stockwell,"Stockwell 橡皮筋, 金属",5.0,34.8
A1002211,2020/5/1,MW-18220,标准级,西北,甘肃,技术,配件,贝尔金,"贝尔金 键区, 实惠",39.0,38.976
A1002213,2020/5/2,BF-10975,一级,中南,河南,办公用品,装订机,Cardinal,"Cardinal 订书机, 透明",5.0,9.08
A1002215,2020/5/2,BF-10975,二级,华北,天津,办公用品,美术,Stanley,"Stanley 钢笔, 混合尺寸",12.0,314.55
A1002218,2020/5/2,BF-10975,一级,华东,山东,办公用品,信封,GlobeWeis,"GlobeWeis 局间信封, 每套 50 个",12.0,4.91
A1002215,2020/5/2,SN-20710,二级,华北,天津,家具,桌子,Bevis,"Bevis 培训桌, 黑色",6.0,5.78
A1002218,2020/5/2,SN-20710,一级,华东,山东,家具,椅子,Novimex,"Novimex 摇椅, 每套两件",9.0,107.94
A1002215,2020/5/2,TB-21280,二级,华北,天津,技术,电话,诺基亚,"诺基亚 耳机, 整包",35.0,19.65
A1002215,2020/5/2,TB-21280,二级,华北,天津,技术,设备,StarTech,"StarTech 电话, 耐用",9.0,617.97
A1002218,2020/5/2,TB-21280,一级,华东,山东,技术,配件,Memorex,"Memorex 键区, 耐用",11.0,59.7
A1002216,2020/5/2,JB-15400,一级,东北,黑龙江,办公用品,器具,Hoover,"Hoover 烤面包机, 黑色",2.0,387.99
A1002216,2020/5/2,AH-10210,一级,东北,黑龙江,办公用品,系固件,Accos,"Accos 橡皮筋, 每包 12 个",5.0,575.92
A1002216,2020/5/2,AH-10210,一级,东北,黑龙江,家具,书架,Dania,"Dania 书架, 白色",26.0,30.4
A1002214,2020/5/2,KL-16645,二级,华北,北京,办公用品,信封,Cameo,"Cameo 商业信封, 红色",5.0,478.24
A1002219,2020/5/2,MH-17455,标准级,华北,河北,家具,书架,Safco,"Safco 墙角架, 传统",19.0,190.848
A1002217,2020/5/2,EC-14050,标准级,中南,河南,技术,电话,三星,"三星 办公室电话机, 全尺寸",38.0,15.484
A1002212,2020/5/2,GH-14665,标准级,华东,山东,办公用品,标签,Hon,"Hon 有色标签, 红色",36.0,40.92
A1002212,2020/5/2,SC-20095,标准级,华东,山东,办公用品,用品,Stiletto,"Stiletto 剪刀, 钢",9.0,15.552
A1002220,2020/5/3,TB-21355,一级,中南,广西,办公用品,标签,Harbour Creations,"Harbour Creations 可去除的标签, 白色",14.0,17.24
A1002220,2020/5/3,TB-21355,一级,中南,广西,办公用品,装订机,Wilson Jones,"Wilson Jones 孔加固材料, 透明",39.0,302.94
A1002222,2020/5/3,TB-21355,二级,华北,山西,办公用品,标签,Smead,"Smead 运输标签, 红色",11.0,34.75
A1002222,2020/5/3,TB-21355,二级,华北,山西,技术,复印机,夏普,"夏普 个人复印机, 数字化",37.0,113.94
A1002221,2020/5/3,TB-21355,标准级,华东,福建,办公用品,系固件,Stockwell,"Stockwell 回形针, 金属",35.0,55.98
A1002223,2020/5/3,DW-13195,标准级,东北,吉林,办公用品,装订机,Wilson Jones,"Wilson Jones 订书机, 实惠",30.0,27.18
A1002223,2020/5/3,CL-12565,标准级,东北,吉林,技术,配件,罗技,"罗技 闪存驱动器, 可编程",34.0,1805.88
A1002224,2020/5/5,LT-17110,标准级,东北,辽宁,办公用品,器具,Hoover,"Hoover 搅拌机, 红色",34.0,70.95
A1002224,2020/5/5,AP-10915,标准级,东北,辽宁,办公用品,系固件,Accos,"Accos 图钉, 混合尺寸",4.0,20.0
A1002225,2020/5/6,AP-10915,当日,东北,辽宁,办公用品,用品,Fiskars,"Fiskars 美工刀, 锯齿状",17.0,7.98
A1002228,2020/5/6,AP-10915,二级,华东,江苏,办公用品,标签,Smead,"Smead 运输标签, 红色",13.0,24.1
A1002230,2020/5/6,AP-10915,标准级,华东,山东,办公用品,装订机,Ibico,"Ibico 装订机盖, 透明",32.0,8.75
A1002227,2020/5/6,AP-10915,标准级,西南,四川,办公用品,标签,Hon,"Hon 运输标签, 红色",20.0,842.94
A1002230,2020/5/6,CB-12415,标准级,华东,山东,家具,椅子,Safco,"SAFCO 扶手椅, 红色",29.0,2.182
A1002228,2020/5/6,CB-12415,二级,华东,江苏,技术,配件,Enermax,"Enermax 闪存驱动器, 实惠",9.0,27.384
A1002226,2020/5/6,CB-12415,标准级,华北,内蒙古,技术,设备,StarTech,"StarTech 打印机, 耐用",6.0,26.406
A1002230,2020/5/6,MT-17815,标准级,华东,山东,技术,复印机,Hewlett,"Hewlett 传真复印机, 红色",9.0,10.368
A1002231,2020/5/6,MT-17815,标准级,华东,江西,办公用品,收纳具,Fellowes,"Fellowes 文件车, 单宽度",12.0,23.68
A1002229,2020/5/6,DK-13375,标准级,东北,黑龙江,家具,用具,Advantus,"Advantus 闹钟, 一包多件",4.0,109.95
A1002231,2020/5/6,DK-13375,标准级,华东,江西,家具,椅子,Hon,"Hon 摇椅, 可调",26.0,965.85
A1002232,2020/5/7,DK-13375,一级,华北,山西,家具,书架,Sauder,"Sauder 古典书架, 黑色",8.0,29.2
A1002235,2020/5/7,DK-13375,二级,中南,河南,家具,椅子,Novimex,"Novimex 摇椅, 每套两件",17.0,1032.4
A1002234,2020/5/7,SR-20740,标准级,西北,陕西,办公用品,收纳具,Rogers,"Rogers 文件车, 工业",34.0,78.35
A1002234,2020/5/7,SR-20740,标准级,西北,陕西,办公用品,装订机,Ibico,"Ibico 订书机, 实惠",2.0,31.68
A1002235,2020/5/7,SR-20740,标准级,中南,河南,办公用品,器具,Cuisinart,"Cuisinart 微波炉, 银色",27.0,29.12
A1002235,2020/5/7,SR-20740,标准级,中南,河南,办公用品,系固件,Stockwell,"Stockwell 按钉, 每包 12 个",19.0,169.45
A1002235,2020/5/7,LH-17155,标准级,中南,河南,办公用品,纸张,Green Bar,"Green Bar 备忘录便条, 优质",6.0,12.56
A1002235,2020/5/7,LH-17155,标准级,中南,河南,家具,椅子,Harbour Creations,"Harbour Creations 摇椅, 每套两件",6.0,6.48
A1002233,2020/5/7,LH-17155,标准级,西北,陕西,办公用品,信封,Cameo,"Cameo 商业信封, 每套 50 个",36.0,186.69
A1002233,2020/5/7,AA-10645,标准级,西北,陕西,办公用品,纸张,Enermax,"Enermax 信纸, 每包 12 个",6.0,25.4
A1002239,2020/5/8,AA-10645,二级,西北,青海,办公用品,装订机,Wilson Jones,"Wilson Jones 订书机, 耐用",8.0,43.96
A1002239,2020/5/8,AA-10645,二级,西北,青海,技术,电话,三星,"三星 信号增强器, 混合尺寸",10.0,1279.165
A1002239,2020/5/8,AA-10645,二级,西北,青海,技术,电话,诺基亚,"诺基亚 智能手机, 全尺寸",29.0,27.92
A1002238,2020/5/8,AS-10630,标准级,东北,辽宁,办公用品,收纳具,Tenex,"Tenex 搁板, 工业",14.0,129.568
A1002238,2020/5/8,AS-10630,标准级,东北,辽宁,办公用品,纸张,SanDisk,"SanDisk 信纸, 每包 12 个",14.0,6.368
A1002237,2020/5/8,MC-17575,标准级,中南,河南,办公用品,美术,Binney & Smith,"Binney & Smith 铅笔刀, 混合尺寸",14.0,244.55
A1002237,2020/5/8,SE-20110,标准级,中南,河南,办公用品,美术,Sanford,"Sanford 速写本, 金属",33.0,1332.496
A1002238,2020/5/8,DS-13030,标准级,东北,辽宁,家具,桌子,Lesro,"Lesro 咖啡桌, 组装",11.0,32.776
A1002238,2020/5/8,DS-13030,标准级,东北,辽宁,家具,用具,Deflect-O,"Deflect-O 门挡, 一包多件",23.0,147.184
A1002236,2020/5/8,DS-13030,标准级,华东,山东,家具,书架,Safco,"Safco 搁架, 金属",7.0,54.384
A1002238,2020/5/8,DS-13030,标准级,东北,辽宁,技术,电话,思科,"思科 办公室电话机, 全尺寸",14.0,76.776
A1002238,2020/5/8,DS-13030,标准级,东北,辽宁,技术,电话,摩托罗拉,"摩托罗拉 信号增强器, 整包",24.0,14.352
A1002238,2020/5/8,DS-13030,标准级,东北,辽宁,技术,配件,SanDisk,"SanDisk 鼠标, 回收",17.0,209.792
A1002240,2020/5/9,NS-18640,标准级,华东,浙江,家具,椅子,Hon,"Hon 椅垫, 黑色",18.0,3.304
A1002240,2020/5/9,KA-16525,标准级,华东,浙江,技术,复印机,Hewlett,"Hewlett 墨水, 彩色",5.0,16.38
A1002245,2020/5/10,KA-16525,标准级,中南,河南,办公用品,收纳具,Eldon,"Eldon 文件车, 单宽度",19.0,167.96
A1002243,2020/5/10,KA-16525,标准级,华东,上海,办公用品,系固件,Stockwell,"Stockwell 橡皮筋, 金属",18.0,321.568
A1002243,2020/5/10,KA-16525,标准级,华东,上海,办公用品,装订机,Avery,"Avery 装订机盖, 回收",16.0,12.96
A1002243,2020/5/10,DJ-13510,标准级,华东,上海,家具,椅子,Office Star,"Office Star 扶手椅, 黑色",24.0,1128.058
A1002241,2020/5/10,MG-17680,标准级,华北,天津,办公用品,用品,Elite,"Elite 美工刀, 锯齿状",8.0,63.686
A1002242,2020/5/10,MG-17680,标准级,华北,内蒙古,办公用品,器具,Breville,"Breville 微波炉, 红色",15.0,239.976
A1002241,2020/5/10,MG-17680,标准级,华北,天津,技术,复印机,佳能,"佳能 复印机, 彩色",2.0,344.22
A1002244,2020/5/10,MG-17680,标准级,中南,广东,办公用品,系固件,Accos,"Accos 按钉, 金属",13.0,15.552
A1002246,2020/5/10,MG-17680,标准级,中南,广东,办公用品,信封,GlobeWeis,"GlobeWeis 外皮和封条, 红色",13.0,21.248
A1002246,2020/5/10,MG-17680,标准级,中南,广东,技术,电话,诺基亚,"诺基亚 办公室电话机, 整包",26.0,8.448
A1002247,2020/5/11,BD-11620,二级,华东,山东,办公用品,标签,Avery,"Avery 有色标签, 耐用",18.0,333.09
A1002248,2020/5/11,BD-11620,标准级,华东,江苏,办公用品,用品,Acme,"Acme 修剪器, 蓝色",5.0,248.98
A1002248,2020/5/11,CD-11920,标准级,华东,江苏,办公用品,美术,BIC,"BIC 钢笔, 混合尺寸",26.0,24.9
A1002247,2020/5/11,XP-21865,二级,华东,山东,家具,用具,Deflect-O,"Deflect-O 门挡, 一包多件",12.0,15.26
A1002248,2020/5/11,XP-21865,标准级,华东,江苏,家具,椅子,Novimex,"Novimex 折叠椅, 黑色",2.0,43.32
A1002248,2020/5/11,XP-21865,标准级,华东,江苏,技术,设备,松下,"松下 收据打印机, 耐用",6.0,43.584
A1002250,2020/5/13,XP-21865,当日,西南,重庆,办公用品,纸张,Green Bar,"Green Bar 备忘录便条, 每包 12 个",5.0,116.28
A1002249,2020/5/13,XP-21865,一级,西南,四川,家具,椅子,Office Star,"Office Star 凳子, 可调",36.0,9.296
A1002251,2020/5/13,XP-21865,标准级,华东,福建,办公用品,标签,Smead,"Smead 合法证物标签, 耐用",12.0,19.44
A1002252,2020/5/14,XP-21865,二级,中南,广东,办公用品,器具,Breville,"Breville 搅拌机, 红色",13.0,314.55
A1002255,2020/5/14,CA-12055,一级,华北,河北,办公用品,收纳具,Tenex,"Tenex 文件车, 单宽度",10.0,16.27
A1002255,2020/5/14,CA-12055,一级,华北,河北,技术,设备,StarTech,"StarTech 打印机, 红色",8.0,69.12
A1002259,2020/5/14,CA-12055,标准级,中南,海南,办公用品,装订机,Avery,"Avery 订书机, 透明",4.0,4.47
A1002253,2020/5/14,JM-15250,标准级,华东,山东,办公用品,标签,Harbour Creations,"Harbour Creations 文件夹标签, 可调",39.0,418.296
A1002253,2020/5/14,JK-15730,标准级,华东,山东,办公用品,美术,Binney & Smith,"Binney & Smith 记号笔, 整包",36.0,659.988
A1002253,2020/5/14,JK-15730,标准级,华东,山东,办公用品,装订机,Acco,"Acco 装订机, 透明",16.0,8.128
A1002256,2020/5/14,JK-15730,标准级,华东,福建,技术,配件,Enermax,"Enermax 路由器, 实惠",17.0,36.288
A1002258,2020/5/14,JK-15730,标准级,西北,甘肃,办公用品,用品,Elite,"Elite 尺子, 锯齿状",33.0,909.72
A1002257,2020/5/14,CC-12670,标准级,西南,四川,办公用品,信封,GlobeWeis,"GlobeWeis 外皮和封条, 回收",4.0,917.9235
A1002257,2020/5/14,CC-12670,标准级,西南,四川,办公用品,收纳具,Eldon,"Eldon 盘, 工业",6.0,38.88
A1002257,2020/5/14,GW-14605,标准级,西南,四川,办公用品,装订机,Acco,"Acco 标签, 实惠",12.0,631.176
A1002257,2020/5/14,GR-14560,标准级,西南,四川,办公用品,装订机,Acco,"Acco 订书机, 透明",5.0,12.96
A1002257,2020/5/14,FM-14215,标准级,西南,四川,办公用品,装订机,Cardinal,"Cardinal 装订机盖, 实惠",29.0,12.96
A1002257,2020/5/14,FM-14215,标准级,西南,四川,办公用品,装订机,Wilson Jones,"Wilson Jones 标签, 实惠",35.0,23.2
A1002257,2020/5/14,MS-17980,标准级,西南,四川,家具,书架,宜家,"宜家 书库, 传统",24.0,25.92
A1002257,2020/5/14,MS-17980,标准级,西南,四川,家具,椅子,Novimex,"Novimex 凳子, 黑色",26.0,21.312
A1002257,2020/5/14,BF-11170,标准级,西南,四川,家具,椅子,Office Star,"Office Star 凳子, 每套两件",21.0,173.656
A1002257,2020/5/14,BF-11170,标准级,西南,四川,家具,椅子,Office Star,"Office Star 沙滩椅, 可调",12.0,361.96
A1002257,2020/5/14,BF-11170,标准级,西南,四川,技术,配件,Enermax,"Enermax 路由器, 耐用",5.0,62.85
A1002257,2020/5/14,BF-11170,标准级,西南,四川,技术,配件,贝尔金,"贝尔金 键盘, 回收",3.0,818.376
A1002254,2020/5/14,BF-11170,标准级,华东,山东,办公用品,美术,Sanford,"Sanford 画布, 金属",36.0,20.34
A1002254,2020/5/14,BF-11170,标准级,华东,山东,技术,复印机,佳能,"佳能 墨水, 红色",39.0,23.99
A1002266,2020/5/15,KM-16225,二级,中南,广东,技术,配件,Enermax,"Enermax 闪存驱动器, 实惠",38.0,37.3
A1002263,2020/5/15,KM-16225,二级,华东,浙江,办公用品,标签,Novimex,"Novimex 运输标签, 耐用",16.0,81.96
A1002263,2020/5/15,LP-17095,二级,华东,浙江,办公用品,系固件,Accos,"Accos 夹子, 每包 12 个",30.0,54.792
A1002263,2020/5/15,BG-11740,二级,华东,浙江,办公用品,装订机,Cardinal,"Cardinal 装订机, 透明",27.0,10.784
A1002265,2020/5/15,BW-11200,标准级,西北,陕西,办公用品,用品,Elite,"Elite 大剪刀, 工业",39.0,290.98
A1002265,2020/5/15,PS-18970,标准级,西北,陕西,技术,复印机,佳能,"佳能 墨水, 每套两件",19.0,36.44
A1002265,2020/5/15,RB-19570,标准级,西北,陕西,技术,电话,三星,"三星 音频基座, 混合尺寸",39.0,21.4
A1002264,2020/5/15,RB-19570,标准级,东北,黑龙江,办公用品,器具,KitchenAid,"KitchenAid 炉灶, 红色",7.0,4448.664
A1002260,2020/5/15,JW-16075,标准级,华东,江苏,办公用品,装订机,Acco,"Acco 装订机盖, 回收",32.0,16.56
A1002262,2020/5/15,ND-18460,标准级,华东,江西,技术,电话,苹果,"苹果 充电器, 蓝色",21.0,1347.52
A1002267,2020/5/16,LC-16930,标准级,西南,云南,技术,设备,柯尼卡,"柯尼卡 喷墨打印机, 红色",34.0,62.31
A1002267,2020/5/16,LC-16930,标准级,西南,云南,技术,设备,爱普生,"爱普生 电话, 耐用",28.0,20.32
A1002268,2020/5/16,BP-11095,标准级,华东,福建,办公用品,信封,Kraft,"Kraft 邮寄品, 每套 50 个",22.0,9.432
A1002268,2020/5/16,RD-19720,标准级,华东,福建,办公用品,收纳具,Rogers,"Rogers 盘, 金属",20.0,34.86
A1002268,2020/5/16,RD-19720,标准级,华东,福建,办公用品,装订机,Acco,"Acco 订书机, 透明",14.0,89.34
A1002268,2020/5/16,BE-11335,标准级,华东,福建,技术,配件,SanDisk,"SanDisk 鼠标, 可编程",14.0,269.98
A1002269,2020/5/17,BE-11335,当日,东北,黑龙江,家具,椅子,Hon,"Hon 椅垫, 每套两件",31.0,99.9
A1002269,2020/5/17,BE-11335,当日,东北,黑龙江,技术,配件,罗技,"罗技 路由器, 耐用",8.0,39.08
A1002272,2020/5/17,RS-19765,一级,中南,河南,办公用品,收纳具,Smead,"Smead 搁板, 工业",26.0,116.832
A1002272,2020/5/17,KC-16540,一级,中南,河南,技术,电话,三星,"三星 耳机, 蓝色",15.0,2.296
A1002273,2020/5/17,MB-17305,一级,华东,福建,技术,复印机,佳能,"佳能 无线传真机, 数字化",4.0,408.006
A1002274,2020/5/17,MB-17305,标准级,东北,辽宁,办公用品,系固件,Stockwell,"Stockwell 按钉, 金属",27.0,40.44
A1002274,2020/5/17,TN-21040,标准级,东北,辽宁,办公用品,美术,Sanford,"Sanford 钢笔, 蓝色",8.0,122.352
A1002270,2020/5/17,TN-21040,标准级,华东,江苏,家具,书架,Safco,"Safco 古典书架, 金属",40.0,15.28
A1002274,2020/5/17,MC-18130,标准级,东北,辽宁,家具,用具,Eldon,"Eldon 闹钟, 一包多件",4.0,11.96
A1002270,2020/5/17,VF-21715,标准级,华东,江苏,技术,配件,Memorex,"Memorex 键区, 可编程",18.0,15.84
A1002275,2020/5/17,VF-21715,标准级,西北,甘肃,办公用品,用品,Elite,"Elite 美工刀, 蓝色",19.0,86.376
A1002271,2020/5/17,VF-21715,标准级,华北,天津,办公用品,纸张,Eaton,"Eaton 计划信息表, 优质",23.0,18.24
A1002276,2020/5/18,VF-21715,标准级,华东,山东,办公用品,用品,Kleencut,"Kleencut 美工刀, 钢",17.0,13.12
A1002276,2020/5/18,ES-14080,标准级,华东,山东,家具,书架,Bush,"Bush 柜, 白色",22.0,105.98
A1002278,2020/5/20,ES-14080,当日,中南,广东,技术,复印机,惠普,"惠普 无线传真机, 彩色",4.0,493.92
A1002279,2020/5/20,MK-17905,二级,华北,河北,办公用品,纸张,施乐,"施乐 备忘录便条, 每包 12 个",40.0,5.936
A1002277,2020/5/20,TM-21490,二级,华东,山东,办公用品,装订机,Cardinal,"Cardinal 打孔机, 回收",14.0,325.86
A1002277,2020/5/20,RL-19615,二级,华东,山东,家具,书架,Bush,"Bush 书架, 传统",35.0,383.607
A1002285,2020/5/21,RL-19615,当日,中南,广东,办公用品,收纳具,Tenex,"Tenex 锁柜, 单宽度",8.0,148.48
A1002285,2020/5/21,RL-19615,当日,中南,广东,办公用品,装订机,Ibico,"Ibico 打孔机, 实惠",7.0,537.544
A1002284,2020/5/21,RL-19615,一级,中南,河南,办公用品,装订机,Wilson Jones,"Wilson Jones 标签, 透明",30.0,1.928
A1002280,2020/5/21,RL-19615,二级,中南,广东,办公用品,标签,Smead,"Smead 合法证物标签, 白色",12.0,6.912
A1002280,2020/5/21,RL-19615,二级,中南,广东,办公用品,用品,Acme,"Acme 美工刀, 工业",33.0,7.76
A1002280,2020/5/21,RL-19615,二级,中南,广东,家具,用具,Eldon,"Eldon 门挡, 黑色",22.0,659.168
A1002280,2020/5/21,NM-18520,二级,中南,广东,家具,用具,Tenex,"Tenex 门挡, 一包多件",8.0,5.76
A1002281,2020/5/21,GK-14620,二级,中南,海南,办公用品,系固件,Stockwell,"Stockwell 按钉, 混合尺寸",12.0,351.216
A1002281,2020/5/21,JF-15490,二级,中南,海南,办公用品,纸张,Eaton,"Eaton 羊皮纸, 优质",20.0,230.28
A1002282,2020/5/21,JF-15490,标准级,东北,吉林,办公用品,标签,Novimex,"Novimex 圆形标签, 可调",8.0,12.84
A1002286,2020/5/21,EB-13930,标准级,中南,河南,家具,用具,Tenex,"Tenex 闹钟, 一包多件",12.0,56.82
A1002283,2020/5/21,SG-20470,标准级,华东,浙江,办公用品,系固件,Advantus,"Advantus 回形针, 金属",20.0,31.56
A1002283,2020/5/21,SG-20470,标准级,华东,浙江,家具,用具,Deflect-O,"Deflect-O 框架, 耐用",4.0,27.92
A1002288,2020/5/22,ND-18370,二级,华东,浙江,办公用品,系固件,Stockwell,"Stockwell 图钉, 整包",23.0,8.559
A1002288,2020/5/22,CM-11815,二级,华东,浙江,技术,复印机,Brother,"Brother 复印机, 每套两件",19.0,49.568
A1002290,2020/5/22,EB-13870,标准级,华北,山西,办公用品,装订机,Ibico,"Ibico 孔加固材料, 回收",12.0,127.869
A1002291,2020/5/22,HM-14860,标准级,华东,山东,办公用品,器具,Hamilton Beach,"Hamilton Beach 炉灶, 黑色",5.0,271.44
A1002291,2020/5/22,HM-14860,标准级,华东,山东,办公用品,器具,Hamilton Beach,"Hamilton Beach 烤面包机, 银色",39.0,110.352
A1002291,2020/5/22,HM-14860,标准级,华东,山东,办公用品,收纳具,Rogers,"Rogers 文件夹, 蓝色",10.0,36.4
A1002292,2020/5/22,SJ-20125,标准级,华北,河北,技术,设备,松下,"松下 喷墨打印机, 耐用",18.0,419.136
A1002293,2020/5/22,DM-12955,标准级,华北,河北,办公用品,纸张,Enermax,"Enermax 计划信息表, 优质",16.0,100.704
A1002287,2020/5/22,MC-17575,标准级,东北,吉林,办公用品,器具,Breville,"Breville 烤面包机, 白色",30.0,4545.216
A1002289,2020/5/22,MC-17575,标准级,东北,吉林,家具,书架,Dania,"Dania 搁架, 传统",25.0,28.782
A1002293,2020/5/22,MC-17575,标准级,华北,河北,家具,书架,Sauder,"Sauder 柜, 黑色",8.0,24.448
A1002287,2020/5/22,DB-13660,标准级,东北,吉林,家具,用具,Deflect-O,"Deflect-O 相框, 优质",18.0,10.476
A1002287,2020/5/22,NF-18595,标准级,东北,吉林,家具,用具,Tenex,"Tenex 门挡, 优质",38.0,76.14
A1002297,2020/5/23,NM-18445,当日,东北,黑龙江,办公用品,纸张,Green Bar,"Green Bar 信纸, 每包 12 个",28.0,21.24
A1002297,2020/5/23,NM-18445,当日,东北,黑龙江,家具,椅子,Harbour Creations,"Harbour Creations 椅垫, 可调",34.0,127.96
A1002294,2020/5/23,AB-10255,一级,东北,辽宁,办公用品,信封,Kraft,"Kraft 邮寄品, 银色",38.0,479.984
A1002295,2020/5/23,MG-17650,一级,中南,湖北,办公用品,用品,Acme,"Acme 修剪器, 工业",4.0,657.93
A1002295,2020/5/23,MG-17650,一级,中南,湖北,办公用品,纸张,Enermax,"Enermax 信纸, 优质",8.0,33.48
A1002295,2020/5/23,MG-17650,一级,中南,湖北,办公用品,纸张,Green Bar,"Green Bar 备忘录便条, 优质",18.0,13.9
A1002295,2020/5/23,MG-17650,一级,中南,湖北,办公用品,装订机,Avery,"Avery 订书机, 回收",14.0,26.86
A1002295,2020/5/23,SE-20110,一级,中南,湖北,技术,复印机,Brother,"Brother 无线传真机, 红色",19.0,9.584
A1002296,2020/5/23,AG-10765,标准级,东北,黑龙江,办公用品,用品,Elite,"Elite 修剪器, 锯齿状",5.0,113.1
A1002296,2020/5/23,AS-10045,标准级,东北,黑龙江,办公用品,用品,Fiskars,"Fiskars 剪刀, 钢",40.0,65.78
A1002298,2020/5/23,AP-10720,标准级,中南,湖南,家具,椅子,Safco,"SAFCO 椅垫, 红色",4.0,25.632
A1002299,2020/5/23,JB-16000,标准级,东北,吉林,办公用品,系固件,OIC,"OIC 订书钉, 混合尺寸",10.0,23.616
A1002300,2020/5/24,TS-21430,一级,华东,福建,家具,书架,Safco,"Safco 柜, 传统",28.0,8.26
A1002300,2020/5/24,NL-18310,一级,华东,福建,技术,设备,松下,"松下 喷墨打印机, 白色",29.0,76.58
A1002302,2020/5/24,NL-18310,一级,华北,河北,技术,电话,思科,"思科 信号增强器, 蓝色",7.0,8.8
A1002302,2020/5/24,NL-18310,一级,华北,河北,技术,配件,Memorex,"Memorex 记忆卡, 实惠",4.0,590.352
A1002304,2020/5/24,NL-18310,二级,华东,山东,办公用品,收纳具,Eldon,"Eldon 文件车, 蓝色",40.0,5.58
A1002304,2020/5/24,NL-18310,二级,华东,山东,办公用品,收纳具,Fellowes,"Fellowes 文件夹, 单宽度",4.0,25.02
A1002304,2020/5/24,NL-18310,二级,华东,山东,办公用品,装订机,Cardinal,"Cardinal 装订机盖, 透明",9.0,452.55
A1002304,2020/5/24,MC-18130,二级,华东,山东,办公用品,装订机,Ibico,"Ibico 装订机盖, 透明",12.0,17.76
A1002305,2020/5/24,MC-18130,标准级,中南,广东,办公用品,美术,Binney & Smith,"Binney & Smith 记号笔, 金属",12.0,302.384
A1002309,2020/5/24,MC-18130,标准级,东北,黑龙江,家具,用具,Tenex,"Tenex 灯泡, 一包多件",13.0,146.352
A1002304,2020/5/24,MC-18130,二级,华东,山东,技术,复印机,Brother,"Brother 传真复印机, 每套两件",3.0,7.9
A1002306,2020/5/24,MC-18130,二级,华东,安徽,办公用品,系固件,Advantus,"Advantus 图钉, 每包 12 个",4.0,902.712
A1002301,2020/5/24,MC-18130,二级,华东,江西,办公用品,纸张,Green Bar,"Green Bar 笔记本, 回收",35.0,53.97
A1002301,2020/5/24,TC-21475,二级,华东,江西,办公用品,美术,Boston,"Boston 荧光笔, 蓝色",11.0,33.92
A1002308,2020/5/24,MG-17650,标准级,东北,黑龙江,办公用品,标签,Novimex,"Novimex 可去除的标签, 红色",6.0,21.81
A1002308,2020/5/24,MG-17650,标准级,东北,黑龙江,办公用品,装订机,Ibico,"Ibico 打孔机, 透明",34.0,91.6
A1002306,2020/5/24,MG-17890,二级,华东,安徽,技术,电话,思科,"思科 耳机, 整包",4.0,150.98
A1002308,2020/5/24,MG-17890,标准级,东北,黑龙江,技术,设备,松下,"松下 电话, 多色",11.0,137.25
A1002303,2020/5/24,MG-17890,标准级,华北,内蒙古,办公用品,系固件,OIC,"OIC 图钉, 金属",33.0,11.52
A1002303,2020/5/24,BF-11170,标准级,华北,内蒙古,办公用品,纸张,施乐,"施乐 信纸, 多色",12.0,18.272
A1002303,2020/5/24,BF-11170,标准级,华北,内蒙古,技术,电话,摩托罗拉,"摩托罗拉 音频基座, 全尺寸",6.0,153.728
A1002307,2020/5/24,BF-11170,标准级,中南,湖南,办公用品,收纳具,Fellowes,"Fellowes 盘, 单宽度",23.0,12.224
A1002307,2020/5/24,BF-11170,标准级,中南,湖南,技术,配件,Memorex,"Memorex 键区, 回收",7.0,167.944
A1002312,2020/5/25,MS-17770,二级,东北,辽宁,办公用品,美术,Binney & Smith,"Binney & Smith 速写本, 整包",37.0,45.99
A1002313,2020/5/25,MS-17770,二级,华东,山东,办公用品,系固件,OIC,"OIC 橡皮筋, 整包",6.0,535.41
A1002311,2020/5/25,MS-17770,一级,中南,广西,办公用品,信封,Jiffy,"Jiffy 商业信封, 回收",16.0,6.096
A1002310,2020/5/25,MS-17770,一级,东北,黑龙江,技术,复印机,夏普,"夏普 无线传真机, 红色",13.0,45.36
A1002310,2020/5/25,JE-15745,一级,东北,黑龙江,技术,电话,诺基亚,"诺基亚 信号增强器, 蓝色",13.0,47.12
A1002314,2020/5/26,HG-14965,标准级,中南,湖南,办公用品,信封,Ames,"Ames 外皮和封条, 每套 50 个",36.0,31.36
A1002314,2020/5/26,EP-13915,标准级,中南,湖南,办公用品,纸张,Enermax,"Enermax 信纸, 每包 12 个",17.0,47.616
A1002320,2020/5/27,EP-13915,一级,中南,广东,办公用品,系固件,Stockwell,"Stockwell 图钉, 整包",13.0,23.48
A1002316,2020/5/27,GH-14410,二级,西南,云南,办公用品,用品,Fiskars,"Fiskars 剪刀, 工业",18.0,62.79
A1002315,2020/5/27,GH-14410,二级,中南,广东,办公用品,系固件,Stockwell,"Stockwell 图钉, 金属",5.0,28.44
A1002315,2020/5/27,DS-13180,二级,中南,广东,家具,椅子,Harbour Creations,"Harbour Creations 凳子, 红色",13.0,134.376
A1002321,2020/5/27,TH-21550,二级,中南,河南,办公用品,器具,Hamilton Beach,"Hamilton Beach 微波炉, 红色",38.0,589.9
A1002321,2020/5/27,TH-21550,二级,中南,河南,办公用品,纸张,Eaton,"Eaton 计划信息表, 每包 12 个",31.0,542.94
A1002318,2020/5/27,RM-19675,二级,华东,福建,办公用品,器具,KitchenAid,"KitchenAid 咖啡研磨机, 银色",37.0,2879.952
A1002321,2020/5/27,RM-19675,二级,中南,河南,技术,配件,罗技,"罗技 鼠标, 可编程",20.0,90.48
A1002322,2020/5/27,SF-20965,标准级,中南,湖南,办公用品,收纳具,Eldon,"Eldon 文件车, 工业",20.0,77.55
A1002319,2020/5/27,SO-20335,标准级,华东,福建,办公用品,收纳具,Rogers,"Rogers 锁柜, 工业",32.0,8.832
A1002319,2020/5/27,SO-20335,标准级,华东,福建,办公用品,纸张,施乐,"施乐 令, 每包 12 个",13.0,177.536
A1002317,2020/5/27,SO-20335,标准级,西南,重庆,家具,椅子,Harbour Creations,"Harbour Creations 沙滩椅, 黑色",11.0,258.48
A1002325,2020/5/29,SO-20335,二级,东北,黑龙江,办公用品,纸张,Enermax,"Enermax 信纸, 回收",4.0,14.136
A1002328,2020/5/29,CK-12760,二级,华东,山东,办公用品,装订机,Ibico,"Ibico 打孔机, 透明",4.0,77.55
A1002327,2020/5/29,CK-12760,一级,中南,广东,技术,电话,苹果,"苹果 音频基座, 蓝色",12.0,24.88
A1002324,2020/5/29,CK-12760,标准级,西北,宁夏,办公用品,信封,Kraft,"Kraft 商业信封, 红色",40.0,140.75
A1002324,2020/5/29,CK-12760,标准级,西北,宁夏,家具,用具,Rubbermaid,"Rubvermaid 分层置放架, 优质",25.0,36.63
A1002326,2020/5/29,GA-14725,标准级,东北,黑龙江,技术,电话,摩托罗拉,"摩托罗拉 充电器, 蓝色",4.0,17.14
A1002323,2020/5/29,BD-11725,标准级,东北,黑龙江,办公用品,信封,GlobeWeis,"GlobeWeis 外皮和封条, 每套 50 个",37.0,51.75
A1002336,2020/5/30,DS-13180,标准级,中南,河南,办公用品,美术,Sanford,"Sanford 画布, 金属",20.0,586.398
A1002331,2020/5/30,DS-13180,标准级,西南,云南,办公用品,纸张,Green Bar,"Green Bar 笔记本, 优质",9.0,80.98
A1002329,2020/5/30,BS-11380,标准级,西南,四川,办公用品,器具,Cuisinart,"Cuisinart 咖啡研磨机, 银色",4.0,242.94
A1002329,2020/5/30,AP-10915,标准级,西南,四川,办公用品,标签,Harbour Creations,"Harbour Creations 运输标签, 耐用",26.0,123.92
A1002332,2020/5/30,AP-10915,标准级,华东,山东,家具,用具,Deflect-O,"Deflect-O 门挡, 一包多件",20.0,12.39
A1002329,2020/5/30,AP-10915,标准级,西南,四川,家具,书架,Bush,"Bush 书库, 金属",28.0,47.3
A1002329,2020/5/30,JF-15565,标准级,西南,四川,家具,用具,Advantus,"Advantus 灯泡, 一包多件",11.0,1599.92
A1002335,2020/5/30,JF-15565,标准级,西北,宁夏,家具,桌子,Chromcraft,"Chromcraft 会议桌, 黑色",24.0,11.09
A1002330,2020/5/30,HA-14905,标准级,中南,广西,技术,设备,爱普生,"爱普生 卡片打印机, 红色",2.0,3.168
A1002335,2020/5/30,HA-14905,标准级,西北,宁夏,技术,电话,思科,"思科 智能手机, 整包",8.0,579.136
A1002334,2020/5/30,Co-12640,标准级,东北,黑龙江,办公用品,器具,Hamilton Beach,"Hamilton Beach 冰箱, 白色",14.0,6.368
A1002343,2020/5/31,Co-12640,二级,华东,江苏,办公用品,器具,KitchenAid,"KitchenAid 搅拌机, 黑色",4.0,558.4
A1002338,2020/5/31,BC-11125,二级,东北,辽宁,办公用品,收纳具,Smead,"Smead 文件夹, 蓝色",4.0,145.764
A1002340,2020/5/31,EB-13840,二级,华东,山东,办公用品,器具,Hoover,"Hoover 冰箱, 黑色",10.0,13.62
A1002342,2020/5/31,DB-13360,标准级,华东,山东,办公用品,信封,Kraft,"Kraft 邮寄品, 红色",18.0,434.646
A1002339,2020/5/31,KB-16585,标准级,华东,上海,办公用品,器具,Breville,"Breville 咖啡研磨机, 红色",10.0,440.19
A1002339,2020/5/31,KB-16585,标准级,华东,上海,办公用品,用品,Kleencut,"Kleencut 剪刀, 工业",3.0,64.4
A1002340,2020/5/31,AH-10120,二级,华东,山东,技术,电话,诺基亚,"诺基亚 办公室电话机, 全尺寸",9.0,244.55
A1002341,2020/5/31,AH-10120,标准级,华东,山东,办公用品,标签,Novimex,"Novimex 文件夹标签, 耐用",12.0,195.76
A1002341,2020/5/31,GH-14410,标准级,华东,山东,办公用品,美术,BIC,"BIC 钢笔, 金属",5.0,11.76
A1002341,2020/5/31,GH-14410,标准级,华东,山东,办公用品,美术,Stanley,"Stanley 荧光笔, 整包",8.0,166.45
A1002341,2020/5/31,KT-16480,标准级,华东,山东,技术,电话,摩托罗拉,"摩托罗拉 耳机, 蓝色",6.0,2.88
A1002344,2020/5/31,KH-16330,标准级,华北,北京,家具,用具,Advantus,"Advantus 框架, 黑色",7.0,45.248
A1002337,2020/5/31,SV-20785,标准级,华东,上海,技术,电话,三星,"三星 耳机, 混合尺寸",15.0,59.904
A1002345,2020/6/3,SV-20785,一级,中南,广东,办公用品,器具,KitchenAid,"KitchenAid 烤面包机, 黑色",5.0,23.696
A1002346,2020/6/3,SV-20785,二级,华东,山东,办公用品,收纳具,Tenex,"Tenex 文件车, 金属",14.0,7.968
A1002346,2020/6/3,SV-20785,二级,华东,山东,家具,椅子,Safco,"SAFCO 椅垫, 黑色",11.0,18.2
A1002347,2020/6/3,SV-20785,标准级,东北,吉林,办公用品,器具,KitchenAid,"KitchenAid 微波炉, 银色",11.0,27.552
A1002348,2020/6/3,SV-20785,二级,东北,辽宁,家具,椅子,Office Star,"Office Star 摇椅, 每套两件",18.0,844.116
A1002349,2020/6/3,SV-20785,标准级,中南,广东,办公用品,装订机,Wilson Jones,"Wilson Jones 标签, 实惠",36.0,76.752
A1002349,2020/6/3,PO-18850,标准级,中南,广东,技术,配件,SanDisk,"SanDisk 路由器, 实惠",17.0,3.0
A1002351,2020/6/4,AC-10450,二级,中南,河南,办公用品,收纳具,Rogers,"Rogers 盘, 蓝色",5.0,7.506
A1002351,2020/6/4,AC-10450,二级,中南,河南,办公用品,收纳具,Tenex,"Tenex 文件夹, 蓝色",26.0,16.56
A1002351,2020/6/4,KB-16585,二级,中南,河南,技术,设备,柯尼卡,"柯尼卡 卡片打印机, 耐用",12.0,79.92
A1002354,2020/6/4,KB-16585,一级,华北,山西,办公用品,器具,Breville,"Breville 咖啡研磨机, 白色",40.0,69.98
A1002350,2020/6/4,DB-13555,一级,华北,河北,办公用品,收纳具,Smead,"Smead 搁板, 蓝色",8.0,11.06
A1002354,2020/6/4,DB-13555,一级,华北,山西,办公用品,装订机,Wilson Jones,"Wilson Jones 孔加固材料, 实惠",9.0,623.4648
A1002355,2020/6/4,DB-13555,一级,西南,四川,办公用品,系固件,Accos,"Accos 按钉, 金属",9.0,772.68
A1002355,2020/6/4,KL-16645,一级,西南,四川,家具,书架,宜家,"宜家 书库, 金属",2.0,283.14
A1002355,2020/6/4,KL-16645,一级,西南,四川,家具,椅子,Harbour Creations,"Harbour Creations 椅垫, 可调",18.0,635.96
A1002355,2020/6/4,KL-16645,一级,西南,四川,技术,配件,Memorex,"Memorex 键区, 实惠",21.0,118.99
A1002353,2020/6/4,KL-16645,标准级,中南,河南,办公用品,装订机,Ibico,"Ibico 装订机, 透明",6.0,272.94
A1002356,2020/6/4,AG-10270,标准级,中南,广东,办公用品,标签,Avery,"Avery 文件夹标签, 红色",20.0,15.008
A1002356,2020/6/4,JF-15295,标准级,中南,广东,办公用品,系固件,OIC,"OIC 回形针, 金属",38.0,33.088
A1002357,2020/6/4,JF-15295,标准级,中南,湖南,技术,配件,贝尔金,"贝尔金 键区, 实惠",4.0,80.98
A1002352,2020/6/4,JF-15295,标准级,西南,重庆,技术,复印机,佳能,"佳能 个人复印机, 彩色",34.0,82.8
A1002358,2020/6/5,JF-15295,一级,华东,安徽,技术,复印机,Brother,"Brother 传真复印机, 彩色",8.0,21.36
A1002361,2020/6/5,JF-15295,二级,华东,山东,技术,复印机,Brother,"Brother 个人复印机, 红色",14.0,62.048
A1002360,2020/6/5,RE-19450,标准级,东北,吉林,办公用品,器具,Breville,"Breville 咖啡研磨机, 黑色",6.0,29.61
A1002360,2020/6/5,MV-18190,标准级,东北,吉林,办公用品,装订机,Wilson Jones,"Wilson Jones 打孔机, 耐用",4.0,863.928
A1002360,2020/6/5,GB-14530,标准级,东北,吉林,家具,用具,Eldon,"Eldon 相框, 优质",40.0,241.92
A1002359,2020/6/5,GB-14530,标准级,华北,天津,技术,复印机,佳能,"佳能 传真复印机, 每套两件",33.0,163.88
A1002365,2020/6/6,GB-14530,二级,中南,河南,办公用品,系固件,Advantus,"Advantus 订书钉, 混合尺寸",39.0,3.486
A1002364,2020/6/6,GB-14530,二级,华东,福建,办公用品,信封,GlobeWeis,"GlobeWeis 商业信封, 每套 50 个",37.0,10.584
A1002363,2020/6/6,HL-15040,标准级,东北,黑龙江,办公用品,信封,Cameo,"Cameo 搭扣信封, 回收",26.0,440.91
A1002363,2020/6/6,BP-11155,标准级,东北,黑龙江,办公用品,器具,Cuisinart,"Cuisinart 微波炉, 银色",40.0,5.715
A1002366,2020/6/6,CT-11995,标准级,华东,安徽,办公用品,信封,Cameo,"Cameo 商业信封, 红色",9.0,51.968
A1002366,2020/6/6,CT-11995,标准级,华东,安徽,办公用品,纸张,Eaton,"Eaton 信纸, 多色",26.0,71.976
A1002362,2020/6/6,CT-11995,标准级,华东,山东,办公用品,收纳具,Smead,"Smead 文件夹, 蓝色",24.0,242.352
A1002363,2020/6/6,CT-11995,标准级,东北,黑龙江,家具,书架,Dania,"Dania 古典书架, 白色",27.0,221.92
A1002363,2020/6/6,CT-11995,标准级,东北,黑龙江,家具,书架,Dania,"Dania 搁架, 白色",8.0,8.448
A1002366,2020/6/6,JL-15835,标准级,华东,安徽,家具,用具,Advantus,"Advantus 框架, 一包多件",6.0,29.52
A1002372,2020/6/7,JL-15835,二级,华东,山东,办公用品,标签,Harbour Creations,"Harbour Creations 有色标签, 白色",25.0,302.94
A1002370,2020/6/7,JL-15835,一级,中南,河南,技术,设备,松下,"松下 电话, 耐用",40.0,142.36
A1002371,2020/6/7,JL-15835,标准级,华东,山东,办公用品,用品,Acme,"Acme 剪刀, 锯齿状",15.0,546.66
A1002371,2020/6/7,JL-15835,标准级,华东,山东,办公用品,美术,BIC,"BIC 铅笔刀, 混合尺寸",2.0,212.13
A1002367,2020/6/7,JK-16120,二级,中南,广西,办公用品,标签,Harbour Creations,"Harbour Creations 运输标签, 白色",37.0,5.248
A1002367,2020/6/7,JK-16120,二级,中南,广西,办公用品,用品,Fiskars,"Fiskars 大剪刀, 锯齿状",2.0,74.416
A1002367,2020/6/7,JK-16120,二级,中南,广西,办公用品,美术,Stanley,"Stanley 记号笔, 蓝色",3.0,6.848
A1002367,2020/6/7,JK-16120,二级,中南,广西,家具,书架,Bush,"Bush 柜, 金属",23.0,7.996
A1002368,2020/6/7,DH-13075,标准级,华北,北京,家具,书架,宜家,"宜家 书库, 白色",4.0,8.712
A1002373,2020/6/7,AG-10900,标准级,东北,辽宁,技术,配件,Enermax,"Enermax 闪存驱动器, 耐用",10.0,65.17
A1002369,2020/6/7,AG-10900,标准级,华东,安徽,办公用品,用品,Fiskars,"Fiskars 剪刀, 蓝色",23.0,14.62
A1002369,2020/6/7,AG-10900,标准级,华东,安徽,办公用品,系固件,Accos,"Accos 图钉, 混合尺寸",37.0,173.24
A1002369,2020/6/7,WB-21850,标准级,华东,安徽,办公用品,系固件,OIC,"OIC 图钉, 金属",39.0,895.92
A1002369,2020/6/7,WB-21850,标准级,华东,安徽,家具,书架,Sauder,"Sauder 书架, 金属",24.0,130.71
A1002369,2020/6/7,WB-21850,标准级,华东,安徽,家具,椅子,Office Star,"Office Star 摇椅, 可调",8.0,11.68
A1002369,2020/6/7,WB-21850,标准级,华东,安徽,家具,用具,Tenex,"Tenex 灯泡, 黑色",36.0,62.31
A1002369,2020/6/7,JO-15280,标准级,华东,安徽,技术,配件,罗技,"罗技 路由器, 实惠",15.0,0.852
A1002375,2020/6/8,EJ-13720,一级,中南,广东,办公用品,用品,Stiletto,"Stiletto 修剪器, 蓝色",36.0,36.288
A1002374,2020/6/8,EJ-13720,标准级,华东,江苏,办公用品,装订机,Cardinal,"Cardinal 装订机, 实惠",31.0,56.568
A1002374,2020/6/8,AB-10105,标准级,华东,江苏,技术,电话,思科,"思科 智能手机, 全尺寸",17.0,344.704
A1002376,2020/6/8,LT-16765,标准级,中南,河南,办公用品,信封,Cameo,"Cameo 马尼拉纸信封, 红色",20.0,201.584
A1002376,2020/6/8,CM-12655,标准级,中南,河南,家具,用具,Rubbermaid,"Rubvermaid 分层置放架, 一包多件",34.0,521.96
A1002376,2020/6/8,EM-13960,标准级,中南,河南,技术,电话,诺基亚,"诺基亚 办公室电话机, 蓝色",9.0,8.22
A1002380,2020/6/10,DJ-13420,一级,东北,辽宁,办公用品,收纳具,Tenex,"Tenex 搁板, 工业",7.0,45.36
A1002377,2020/6/10,DE-13255,标准级,西南,重庆,办公用品,收纳具,Rogers,"Rogers 盒, 单宽度",7.0,947.17
A1002379,2020/6/10,DE-13255,标准级,西南,云南,办公用品,用品,Acme,"Acme 美工刀, 工业",8.0,61.96
A1002377,2020/6/10,NR-18550,标准级,西南,重庆,家具,椅子,Office Star,"Office Star 摇椅, 每套两件",20.0,268.935
A1002378,2020/6/10,CK-12325,二级,东北,吉林,办公用品,标签,Smead,"Smead 文件夹标签, 耐用",4.0,7.58
A1002378,2020/6/10,JF-15490,二级,东北,吉林,办公用品,用品,Elite,"Elite 大剪刀, 蓝色",4.0,14.73
A1002378,2020/6/10,LB-16795,二级,东北,吉林,办公用品,纸张,SanDisk,"SanDisk 计划信息表, 多色",21.0,9.888
A1002381,2020/6/10,LB-16795,标准级,华东,山东,办公用品,标签,Smead,"Smead 有色标签, 红色",10.0,671.544
A1002382,2020/6/10,MP-18175,二级,华北,河北,办公用品,系固件,Stockwell,"Stockwell 回形针, 混合尺寸",9.0,1117.92
A1002378,2020/6/10,MP-18175,二级,东北,吉林,家具,椅子,Safco,"SAFCO 扶手椅, 可调",18.0,275.952
A1002382,2020/6/10,LH-16900,二级,华北,河北,技术,电话,三星,"三星 音频基座, 全尺寸",37.0,123.144
A1002383,2020/6/11,SV-20935,标准级,中南,广东,家具,书架,Safco,"Safco 书库, 金属",8.0,15.576
A1002383,2020/6/11,RB-19435,标准级,中南,广东,家具,椅子,Safco,"SAFCO 凳子, 黑色",30.0,212.64
A1002385,2020/6/12,RB-19435,标准级,东北,吉林,办公用品,系固件,OIC,"OIC 按钉, 整包",32.0,9.87
A1002384,2020/6/12,RB-19435,标准级,华东,安徽,办公用品,收纳具,Tenex,"Tenex 盘, 金属",18.0,53.25
A1002390,2020/6/13,RB-19435,一级,华东,山东,办公用品,信封,GlobeWeis,"GlobeWeis 搭扣信封, 每套 50 个",32.0,19.92
A1002390,2020/6/13,Dl-13600,一级,华东,山东,办公用品,装订机,Avery,"Avery 打孔机, 回收",2.0,658.746
A1002390,2020/6/13,PS-19045,一级,华东,山东,技术,电话,苹果,"苹果 充电器, 蓝色",24.0,8.26
A1002387,2020/6/13,PS-19045,二级,西南,四川,办公用品,收纳具,Smead,"Smead 文件夹, 单宽度",12.0,29.84
A1002386,2020/6/13,PS-19045,二级,华北,北京,办公用品,器具,KitchenAid,"KitchenAid 炉灶, 银色",10.0,67.98
A1002386,2020/6/13,GT-14755,二级,华北,北京,办公用品,系固件,OIC,"OIC 夹子, 每包 12 个",30.0,61.06
A1002393,2020/6/13,GT-14755,二级,东北,吉林,办公用品,装订机,Wilson Jones,"Wilson Jones 标签, 实惠",8.0,35.544
A1002389,2020/6/13,CS-12355,标准级,中南,广东,办公用品,系固件,Stockwell,"Stockwell 按钉, 每包 12 个",6.0,9.96
A1002388,2020/6/13,CS-12355,标准级,华北,内蒙古,家具,椅子,Safco,"SAFCO 椅垫, 红色",9.0,9.21
A1002392,2020/6/13,CS-12355,标准级,西北,陕西,技术,电话,三星,"三星 音频基座, 蓝色",8.0,27.93
A1002391,2020/6/13,JD-16060,标准级,东北,吉林,技术,电话,苹果,"苹果 耳机, 混合尺寸",27.0,7.9
A1002398,2020/6/14,JD-16060,当日,华北,河北,家具,用具,Eldon,"Eldon 门挡, 耐用",14.0,221.16
A1002403,2020/6/14,JD-16060,一级,西南,云南,办公用品,收纳具,Fellowes,"Fellowes 文件车, 单宽度",14.0,127.96
A1002404,2020/6/14,JD-16060,一级,华东,江苏,家具,椅子,Hon,"Hon 凳子, 可调",19.0,18.69
A1002400,2020/6/14,TS-21160,标准级,中南,河南,办公用品,器具,Hoover,"Hoover 冰箱, 银色",24.0,25.35
A1002401,2020/6/14,TS-21160,标准级,华东,江西,办公用品,信封,GlobeWeis,"GlobeWeis 外皮和封条, 回收",27.0,35.28
A1002401,2020/6/14,BV-11245,标准级,华东,江西,办公用品,器具,Cuisinart,"Cuisinart 搅拌机, 白色",14.0,33.4
A1002401,2020/6/14,DL-13495,标准级,华东,江西,办公用品,收纳具,Eldon,"Eldon 文件车, 蓝色",37.0,837.6
A1002401,2020/6/14,EB-13870,标准级,华东,江西,家具,书架,Safco,"Safco 搁架, 白色",23.0,40.68
A1002394,2020/6/14,ES-14020,二级,华东,山东,技术,配件,贝尔金,"贝尔金 闪存驱动器, 实惠",5.0,209.568
A1002401,2020/6/14,JB-15925,标准级,华东,江西,技术,配件,Enermax,"Enermax 键盘, 实惠",17.0,22.368
A1002395,2020/6/14,SC-20380,标准级,东北,吉林,办公用品,信封,Cameo,"Cameo 局间信封, 每套 50 个",16.0,3.882
A1002395,2020/6/14,SC-20380,标准级,东北,吉林,办公用品,装订机,Ibico,"Ibico 装订机, 实惠",22.0,115.296
A1002402,2020/6/14,EB-13870,标准级,西南,重庆,办公用品,标签,Smead,"Smead 合法证物标签, 红色",37.0,1.908
A1002399,2020/6/14,TC-21475,二级,东北,辽宁,办公用品,装订机,Ibico,"Ibico 打孔机, 实惠",15.0,43.372
A1002395,2020/6/14,SG-20605,标准级,东北,吉林,家具,书架,Dania,"Dania 书架, 黑色",12.0,783.96
A1002397,2020/6/14,SG-20605,标准级,华北,内蒙古,家具,椅子,Safco,"SAFCO 扶手椅, 黑色",29.0,48.896
A1002402,2020/6/14,SG-20605,标准级,西南,重庆,技术,配件,SanDisk,"SanDisk 键区, 可编程",7.0,7.856
A1002396,2020/6/14,BM-11785,标准级,中南,湖北,技术,复印机,惠普,"惠普 传真机, 红色",19.0,5.904
A1002405,2020/6/15,BM-11785,二级,华东,上海,办公用品,器具,Hoover,"Hoover 炉灶, 黑色",40.0,13.712
A1002407,2020/6/15,NR-18550,标准级,中南,河南,办公用品,用品,Fiskars,"Fiskars 开信刀, 钢",32.0,182.94
A1002407,2020/6/15,PG-18820,标准级,中南,河南,家具,桌子,Hon,"Hon 培训桌, 长方形",8.0,27.76
A1002407,2020/6/15,DB-13270,标准级,中南,河南,技术,配件,贝尔金,"贝尔金 键区, 实惠",13.0,25.99
A1002406,2020/6/15,NS-18640,标准级,华东,山东,办公用品,信封,Kraft,"Kraft 商业信封, 每套 50 个",20.0,113.52
A1002406,2020/6/15,NS-18640,标准级,华东,山东,办公用品,信封,Kraft,"Kraft 商业信封, 红色",5.0,359.88
A1002406,2020/6/15,CS-11860,标准级,华东,山东,办公用品,收纳具,Fellowes,"Fellowes 文件车, 工业",33.0,25.344
A1002406,2020/6/15,CC-12430,标准级,华东,山东,办公用品,纸张,Eaton,"Eaton 备忘录便条, 每包 12 个",14.0,11.952
A1002409,2020/6/16,CC-12430,二级,东北,吉林,办公用品,信封,Ames,"Ames 邮寄品, 银色",40.0,6.24
A1002409,2020/6/16,AC-10450,二级,东北,吉林,办公用品,美术,Boston,"Boston 速写本, 蓝色",26.0,742.336
A1002409,2020/6/16,CM-12385,二级,东北,吉林,技术,电话,诺基亚,"诺基亚 充电器, 蓝色",6.0,6.464
A1002408,2020/6/16,CM-12385,标准级,西南,四川,办公用品,信封,Ames,"Ames 局间信封, 回收",14.0,11.52
A1002408,2020/6/16,CM-12385,标准级,西南,四川,办公用品,装订机,Acco,"Acco 打孔机, 实惠",12.0,222.384
A1002413,2020/6/17,EK-13795,二级,西南,重庆,办公用品,美术,Stanley,"Stanley 铅笔刀, 金属",23.0,23.36
A1002412,2020/6/17,CK-12760,二级,中南,广西,办公用品,器具,KitchenAid,"KitchenAid 烤面包机, 黑色",37.0,8.67
A1002412,2020/6/17,CK-12760,二级,中南,广西,办公用品,收纳具,Eldon,"Eldon 盘, 蓝色",36.0,25.71
A1002413,2020/6/17,PK-19075,二级,西南,重庆,技术,设备,爱普生,"爱普生 计算器, 多色",22.0,100.94
A1002411,2020/6/17,MH-18025,二级,东北,辽宁,家具,用具,Tenex,"Tenex 门挡, 一包多件",30.0,63.882
A1002410,2020/6/17,SC-20725,标准级,东北,黑龙江,办公用品,收纳具,Fellowes,"Fellowes 文件车, 单宽度",10.0,683.144
A1002410,2020/6/17,SC-20725,标准级,东北,黑龙江,办公用品,用品,Kleencut,"Kleencut 剪刀, 锯齿状",25.0,1.476
A1002410,2020/6/17,SC-20725,标准级,东北,黑龙江,办公用品,纸张,Enermax,"Enermax 计划信息表, 多色",26.0,40.712
A1002415,2020/6/17,GB-14575,标准级,西北,甘肃,家具,椅子,Harbour Creations,"Harbour Creations 椅垫, 可调",17.0,279.9
A1002414,2020/6/17,IM-15070,标准级,中南,湖北,家具,椅子,Safco,"SAFCO 凳子, 红色",7.0,13.12
A1002410,2020/6/17,IM-15070,标准级,东北,黑龙江,家具,书架,Safco,"Safco 书架, 白色",8.0,69.576
A1002414,2020/6/17,IM-15070,标准级,中南,湖北,技术,设备,松下,"松下 电话, 多色",21.0,4.224
A1002410,2020/6/17,IM-15070,标准级,东北,黑龙江,技术,配件,贝尔金,"贝尔金 键盘, 可编程",7.0,58.08
A1002418,2020/6/18,IM-15070,一级,华北,北京,办公用品,用品,Acme,"Acme 大剪刀, 蓝色",17.0,52.416
A1002416,2020/6/18,IM-15070,一级,华东,江苏,办公用品,器具,Breville,"Breville 冰箱, 银色",8.0,54.92
A1002416,2020/6/18,IM-15070,一级,华东,江苏,办公用品,美术,Boston,"Boston 速写本, 整包",19.0,364.95
A1002416,2020/6/18,IM-15070,一级,华东,江苏,家具,书架,Safco,"Safco 书架, 金属",19.0,85.056
A1002419,2020/6/18,IM-15070,标准级,中南,河南,办公用品,器具,Hoover,"Hoover 炉灶, 白色",18.0,27.696
A1002419,2020/6/18,MM-18055,标准级,中南,河南,办公用品,用品,Acme,"Acme 尺子, 锯齿状",33.0,24.96
A1002419,2020/6/18,MF-18250,标准级,中南,河南,办公用品,系固件,Advantus,"Advantus 夹子, 金属",40.0,43.13
A1002419,2020/6/18,CK-12595,标准级,中南,河南,技术,配件,贝尔金,"贝尔金 路由器, 可编程",8.0,5.64
A1002419,2020/6/18,MK-17905,标准级,中南,河南,技术,配件,贝尔金,"贝尔金 路由器, 耐用",37.0,57.582
A1002420,2020/6/18,MK-17905,标准级,中南,广东,办公用品,收纳具,Rogers,"Rogers 搁板, 金属",20.0,31.104
A1002420,2020/6/18,MK-17905,标准级,中南,广东,办公用品,收纳具,Rogers,"Rogers 文件夹, 金属",16.0,30.192
A1002420,2020/6/18,MK-17905,标准级,中南,广东,家具,书架,Safco,"Safco 古典书架, 传统",4.0,43.6
A1002420,2020/6/18,MK-17905,标准级,中南,广东,家具,椅子,Harbour Creations,"Harbour Creations 凳子, 可调",29.0,4.768
A1002420,2020/6/18,MK-17905,标准级,中南,广东,家具,椅子,Office Star,"Office Star 凳子, 可调",37.0,10.38
A1002420,2020/6/18,MK-17905,标准级,中南,广东,技术,复印机,Hewlett,"Hewlett 个人复印机, 每套两件",9.0,13.392
A1002417,2020/6/18,MH-17455,标准级,中南,广东,办公用品,信封,GlobeWeis,"GlobeWeis 局间信封, 回收",20.0,39.594
A1002417,2020/6/18,MH-17455,标准级,中南,广东,家具,书架,Safco,"Safco 墙角架, 白色",7.0,91.008
A1002417,2020/6/18,NG-18430,标准级,中南,广东,技术,复印机,夏普,"夏普 传真复印机, 数字化",13.0,37.94
A1002417,2020/6/18,NG-18430,标准级,中南,广东,技术,配件,Enermax,"Enermax 记忆卡, 实惠",17.0,42.8
A1002423,2020/6/19,NG-18430,一级,华东,浙江,办公用品,装订机,Ibico,"Ibico 标签, 耐用",34.0,33.63
A1002424,2020/6/19,PB-19210,标准级,中南,广东,办公用品,信封,Jiffy,"Jiffy 搭扣信封, 红色",4.0,62.808
A1002421,2020/6/19,RE-19450,标准级,东北,吉林,办公用品,装订机,Acco,"Acco 打孔机, 实惠",8.0,195.64
A1002425,2020/6/19,RE-19450,标准级,华东,安徽,家具,桌子,Barricks,"Barricks 电脑桌, 长方形",18.0,239.9
A1002422,2020/6/19,EB-14110,标准级,东北,吉林,办公用品,器具,Breville,"Breville 咖啡研磨机, 白色",18.0,380.058
A1002428,2020/6/20,EB-14110,当日,东北,吉林,办公用品,系固件,Accos,"Accos 按钉, 金属",26.0,1199.976
A1002430,2020/6/20,EB-14110,一级,华北,北京,办公用品,装订机,Cardinal,"Cardinal 打孔机, 回收",15.0,48.576
A1002430,2020/6/20,TB-21625,一级,华北,北京,技术,复印机,Hewlett,"Hewlett 墨水, 红色",9.0,17.94
A1002431,2020/6/20,MG-17695,一级,中南,广东,办公用品,收纳具,Tenex,"Tenex 盘, 工业",13.0,18.264
A1002432,2020/6/20,MG-17695,标准级,华东,江苏,办公用品,系固件,OIC,"OIC 橡皮筋, 整包",17.0,34.656
A1002426,2020/6/20,MG-17695,标准级,西南,四川,家具,椅子,Hon,"Hon 摇椅, 黑色",6.0,81.552
A1002427,2020/6/20,MG-17695,二级,中南,湖南,技术,设备,StarTech,"StarTech 收据打印机, 白色",4.0,227.136
A1002426,2020/6/20,LW-17125,标准级,西南,四川,技术,复印机,惠普,"惠普 墨水, 红色",20.0,10.36
A1002426,2020/6/20,PF-19120,标准级,西南,四川,技术,设备,柯尼卡,"柯尼卡 卡片打印机, 多色",12.0,463.248
A1002426,2020/6/20,PF-19120,标准级,西南,四川,技术,配件,贝尔金,"贝尔金 键区, 实惠",8.0,383.952
A1002429,2020/6/20,NZ-18565,标准级,东北,黑龙江,办公用品,美术,BIC,"BIC 画布, 整包",13.0,44.856
A1002429,2020/6/20,CK-12205,标准级,东北,黑龙江,办公用品,装订机,Avery,"Avery 订书机, 透明",2.0,30.345
A1002431,2020/6/20,CK-12205,标准级,中南,广东,办公用品,装订机,Ibico,"Ibico 孔加固材料, 透明",32.0,127.554
A1002436,2020/6/21,CK-12205,二级,中南,广东,办公用品,纸张,Enermax,"Enermax 令, 优质",18.0,77.952
A1002434,2020/6/21,JE-15610,标准级,华北,天津,办公用品,信封,Cameo,"Cameo 局间信封, 每套 50 个",15.0,14.016
A1002434,2020/6/21,JO-15145,标准级,华北,天津,办公用品,信封,Kraft,"Kraft 局间信封, 银色",25.0,69.52
A1002434,2020/6/21,JO-15145,标准级,华北,天津,办公用品,用品,Stiletto,"Stiletto 开信刀, 钢",19.0,5.64
A1002434,2020/6/21,TT-21220,标准级,华北,天津,办公用品,美术,Binney & Smith,"Binney & Smith 钢笔, 金属",9.0,13.776
A1002434,2020/6/21,MS-17365,标准级,华北,天津,办公用品,装订机,Avery,"Avery 装订机盖, 回收",13.0,245.88
A1002437,2020/6/21,MS-17365,标准级,西南,云南,家具,椅子,Hon,"Hon 摇椅, 可调",16.0,36.63
A1002437,2020/6/21,MS-17365,标准级,西南,云南,技术,电话,三星,"三星 充电器, 混合尺寸",12.0,22.58
A1002433,2020/6/21,MS-17365,标准级,华北,北京,办公用品,装订机,Cardinal,"Cardinal 装订机盖, 实惠",19.0,12.39
A1002439,2020/6/21,MP-18175,标准级,西南,四川,办公用品,纸张,SanDisk,"SanDisk 计划信息表, 多色",6.0,39.92
A1002439,2020/6/21,MP-18175,标准级,西南,四川,办公用品,装订机,Cardinal,"Cardinal 标签, 耐用",5.0,61.96
A1002439,2020/6/21,MP-18175,标准级,西南,四川,家具,桌子,Barricks,"Barricks 咖啡桌, 长方形",6.0,19.936
A1002438,2020/6/21,FH-14350,标准级,中南,广东,家具,椅子,Safco,"SAFCO 扶手椅, 黑色",2.0,3.798
A1002435,2020/6/21,FH-14350,标准级,华东,山东,家具,用具,Deflect-O,"Deflect-O 分层置放架, 耐用",30.0,27.744
A1002440,2020/6/22,FH-14350,当日,西南,重庆,办公用品,装订机,Wilson Jones,"Wilson Jones 装订机, 实惠",15.0,158.376
A1002442,2020/6/22,SC-20050,当日,华东,山东,办公用品,用品,Fiskars,"Fiskars 大剪刀, 工业",6.0,27.58
A1002440,2020/6/22,NM-18520,当日,西南,重庆,家具,用具,Eldon,"Eldon 分层置放架, 优质",9.0,5.553
A1002442,2020/6/22,JO-15280,当日,华东,山东,技术,配件,贝尔金,"贝尔金 路由器, 耐用",20.0,243.92
A1002441,2020/6/22,CC-12475,二级,华北,山西,技术,电话,摩托罗拉,"摩托罗拉 耳机, 整包",33.0,14.96
A1002441,2020/6/22,MZ-17515,二级,华北,山西,技术,电话,苹果,"苹果 信号增强器, 蓝色",28.0,7.184
A1002443,2020/6/22,MS-17830,标准级,西南,四川,办公用品,收纳具,Eldon,"Eldon 文件夹, 金属",30.0,10.512
A1002443,2020/6/22,GK-14620,标准级,西南,四川,办公用品,纸张,SanDisk,"SanDisk 计划信息表, 优质",38.0,263.96
A1002443,2020/6/22,GK-14620,标准级,西南,四川,家具,椅子,Office Star,"Office Star 沙滩椅, 黑色",16.0,71.632
A1002449,2020/6/24,GK-14620,当日,中南,广西,办公用品,信封,Ames,"Ames 马尼拉纸信封, 回收",4.0,9.328
A1002449,2020/6/24,MC-17275,当日,中南,广西,办公用品,标签,Novimex,"Novimex 合法证物标签, 耐用",10.0,5.88
A1002446,2020/6/24,MC-17275,一级,华东,山东,办公用品,收纳具,Tenex,"Tenex 文件车, 工业",25.0,975.92
A1002446,2020/6/24,MC-17275,一级,华东,山东,办公用品,用品,Stiletto,"Stiletto 美工刀, 钢",20.0,303.84
A1002445,2020/6/24,MC-17275,二级,中南,河南,办公用品,信封,Jiffy,"Jiffy 局间信封, 每套 50 个",34.0,485.88
A1002445,2020/6/24,LH-17155,二级,中南,河南,办公用品,器具,Breville,"Breville 咖啡研磨机, 黑色",19.0,12.54
A1002445,2020/6/24,LH-17155,二级,中南,河南,家具,书架,Bush,"Bush 墙角架, 黑色",37.0,8.94
A1002445,2020/6/24,LH-17155,二级,中南,河南,技术,电话,三星,"三星 充电器, 混合尺寸",12.0,9.24
A1002451,2020/6/24,PB-19150,标准级,东北,吉林,办公用品,装订机,Avery,"Avery 订书机, 耐用",26.0,70.008
A1002444,2020/6/24,PB-19150,标准级,华北,河北,办公用品,器具,KitchenAid,"KitchenAid 炉灶, 黑色",27.0,77.6
A1002444,2020/6/24,PB-19150,标准级,华北,河北,办公用品,系固件,Stockwell,"Stockwell 橡皮筋, 混合尺寸",8.0,464.85
A1002444,2020/6/24,SS-20140,标准级,华北,河北,技术,复印机,佳能,"佳能 无线传真机, 每套两件",20.0,10.192
A1002448,2020/6/24,GK-14620,标准级,华东,山东,办公用品,标签,Smead,"Smead 文件夹标签, 白色",6.0,1793.98
A1002448,2020/6/24,GM-14455,标准级,华东,山东,技术,设备,冲电器,"冲电器 电话, 白色",20.0,758.352
A1002447,2020/6/24,SH-19975,标准级,中南,广西,办公用品,装订机,Acco,"Acco 装订机, 实惠",29.0,20.368
A1002450,2020/6/24,SH-19975,标准级,华东,浙江,办公用品,美术,BIC,"BIC 速写本, 整包",11.0,49.848
A1002455,2020/6/25,SC-20725,当日,华东,上海,办公用品,器具,Hoover,"Hoover 炉灶, 黑色",6.0,239.97
A1002455,2020/6/25,TT-21070,当日,华东,上海,办公用品,装订机,Wilson Jones,"Wilson Jones 标签, 回收",17.0,2404.704
A1002455,2020/6/25,TT-21070,当日,华东,上海,家具,书架,Bush,"Bush 搁架, 白色",7.0,563.024
A1002455,2020/6/25,TT-21070,当日,华东,上海,家具,书架,宜家,"宜家 书库, 金属",31.0,344.91
A1002455,2020/6/25,TT-21070,当日,华东,上海,家具,用具,Rubbermaid,"Rubvermaid 闹钟, 耐用",14.0,8.64
A1002455,2020/6/25,SC-20440,当日,华东,上海,技术,设备,松下,"松下 收据打印机, 多色",19.0,89.988
A1002456,2020/6/25,SC-20440,一级,中南,湖南,办公用品,信封,Kraft,"Kraft 搭扣信封, 回收",19.0,229.544
A1002456,2020/6/25,KL-16645,一级,中南,湖南,办公用品,收纳具,Rogers,"Rogers 文件夹, 蓝色",33.0,1.824
A1002456,2020/6/25,KL-16645,一级,中南,湖南,办公用品,用品,Fiskars,"Fiskars 美工刀, 工业",15.0,18.32
A1002456,2020/6/25,KL-16645,一级,中南,湖南,办公用品,系固件,Advantus,"Advantus 橡皮筋, 整包",8.0,48.816
A1002456,2020/6/25,KL-16645,一级,中南,湖南,家具,椅子,Hon,"Hon 摇椅, 黑色",12.0,1.188
A1002456,2020/6/25,KN-16390,一级,中南,湖南,技术,配件,Memorex,"Memorex 记忆卡, 可编程",26.0,119.8
A1002452,2020/6/25,SL-20155,二级,华北,北京,办公用品,信封,Cameo,"Cameo 商业信封, 每套 50 个",17.0,61.568
A1002452,2020/6/25,SL-20155,二级,华北,北京,办公用品,标签,Harbour Creations,"Harbour Creations 文件夹标签, 红色",34.0,6.192
A1002453,2020/6/25,PW-19240,标准级,华东,江西,办公用品,标签,Harbour Creations,"Harbour Creations 圆形标签, 耐用",17.0,2.214
A1002453,2020/6/25,TB-21175,标准级,华东,江西,办公用品,美术,BIC,"BIC 铅笔刀, 混合尺寸",10.0,5.32
A1002453,2020/6/25,TB-21175,标准级,华东,江西,家具,书架,Safco,"Safco 书库, 传统",20.0,975.92
A1002453,2020/6/25,TB-21175,标准级,华东,江西,家具,书架,Sauder,"Sauder 书库, 白色",11.0,2249.91
A1002453,2020/6/25,TB-21175,标准级,华东,江西,技术,电话,摩托罗拉,"摩托罗拉 耳机, 蓝色",33.0,59.92
A1002453,2020/6/25,AH-10210,标准级,华东,江西,技术,设备,StarTech,"StarTech 电话, 红色",28.0,171.2
A1002454,2020/6/25,AH-10210,标准级,中南,湖北,办公用品,标签,Avery,"Avery 可去除的标签, 红色",12.0,3.36
A1002454,2020/6/25,SC-20695,标准级,中南,湖北,技术,复印机,夏普,"夏普 传真复印机, 每套两件",26.0,114.2
A1002458,2020/6/26,RF-19345,二级,东北,黑龙江,办公用品,信封,Cameo,"Cameo 商业信封, 回收",26.0,182.67
A1002458,2020/6/26,RF-19345,二级,东北,黑龙江,办公用品,器具,Hamilton Beach,"Hamilton Beach 冰箱, 银色",19.0,101.7
A1002457,2020/6/26,RF-19345,二级,华北,河北,办公用品,装订机,Ibico,"Ibico 订书机, 耐用",4.0,1126.02
A1002459,2020/6/26,RF-19345,标准级,东北,辽宁,办公用品,系固件,Advantus,"Advantus 订书钉, 整包",23.0,1263.3
A1002459,2020/6/26,EH-13765,标准级,东北,辽宁,家具,椅子,Novimex,"Novimex 沙滩椅, 黑色",20.0,8.82
A1002459,2020/6/26,EH-13765,标准级,东北,辽宁,技术,配件,Enermax,"Enermax 路由器, 实惠",19.0,37.94
A1002462,2020/6/27,EH-13765,一级,中南,广东,技术,设备,StarTech,"StarTech 卡片打印机, 耐用",8.0,4.2
A1002460,2020/6/27,EH-13765,标准级,中南,湖南,办公用品,标签,Harbour Creations,"Harbour Creations 可去除的标签, 白色",6.0,227.28
A1002461,2020/6/27,EH-13765,标准级,华东,浙江,办公用品,收纳具,Smead,"Smead 文件夹, 蓝色",3.0,47.9
A1002461,2020/6/27,EH-13765,标准级,华东,浙江,办公用品,标签,Hon,"Hon 运输标签, 耐用",10.0,61.96
A1002461,2020/6/27,EH-13765,标准级,华东,浙江,技术,配件,Enermax,"Enermax 记忆卡, 耐用",3.0,1117.92
A1002466,2020/6/28,AC-10660,一级,西南,四川,办公用品,系固件,Stockwell,"Stockwell 图钉, 整包",21.0,183.372
A1002465,2020/6/28,AC-10660,二级,东北,辽宁,办公用品,收纳具,Smead,"Smead 搁板, 蓝色",7.0,7.968
A1002465,2020/6/28,SG-20470,二级,东北,辽宁,办公用品,美术,BIC,"BIC 钢笔, 蓝色",9.0,26.352
A1002465,2020/6/28,CA-12310,二级,东北,辽宁,办公用品,装订机,Acco,"Acco 装订机, 耐用",38.0,481.32
A1002470,2020/6/28,CA-12310,标准级,华东,福建,办公用品,收纳具,Rogers,"Rogers 盒, 金属",15.0,13.98
A1002463,2020/6/28,SH-20395,标准级,东北,辽宁,办公用品,器具,Breville,"Breville 咖啡研磨机, 银色",14.0,25.92
A1002463,2020/6/28,SH-20395,标准级,东北,辽宁,办公用品,美术,Stanley,"Stanley 记号笔, 混合尺寸",37.0,91.59
A1002465,2020/6/28,MC-17605,二级,东北,辽宁,家具,椅子,Novimex,"Novimex 折叠椅, 红色",16.0,674.058
A1002465,2020/6/28,JE-15610,二级,东北,辽宁,家具,椅子,Safco,"SAFCO 椅垫, 可调",11.0,22.92
A1002465,2020/6/28,JE-15610,二级,东北,辽宁,技术,复印机,惠普,"惠普 复印机, 数字化",14.0,269.9
A1002465,2020/6/28,MS-17530,二级,东北,辽宁,技术,电话,摩托罗拉,"摩托罗拉 耳机, 全尺寸",29.0,11.808
A1002471,2020/6/28,MS-17530,标准级,中南,河南,办公用品,收纳具,Tenex,"Tenex 锁柜, 金属",7.0,9.588
A1002471,2020/6/28,BH-11710,标准级,中南,河南,技术,设备,柯尼卡,"柯尼卡 喷墨打印机, 耐用",7.0,18.336
A1002464,2020/6/28,BH-11710,标准级,华北,河北,技术,复印机,Hewlett,"Hewlett 个人复印机, 彩色",11.0,36.288
A1002469,2020/6/28,BH-11710,标准级,华东,山东,办公用品,用品,Acme,"Acme 开信刀, 锯齿状",28.0,111.984
A1002468,2020/6/28,BH-11710,标准级,中南,广东,办公用品,信封,Cameo,"Cameo 外皮和封条, 回收",13.0,5.97
A1002468,2020/6/28,BH-11710,标准级,中南,广东,办公用品,器具,Cuisinart,"Cuisinart 冰箱, 红色",12.0,2.508
A1002467,2020/6/28,ME-17725,标准级,中南,湖北,办公用品,信封,Ames,"Ames 邮寄品, 红色",20.0,35.96
A1002467,2020/6/28,ME-17725,标准级,中南,湖北,办公用品,器具,Hamilton Beach,"Hamilton Beach 冰箱, 黑色",4.0,14.952
A1002467,2020/6/28,MB-17305,标准级,中南,湖北,办公用品,器具,KitchenAid,"KitchenAid 烤面包机, 白色",17.0,67.144
A1002467,2020/6/28,MB-17305,标准级,中南,湖北,办公用品,标签,Harbour Creations,"Harbour Creations 合法证物标签, 耐用",25.0,254.058
A1002467,2020/6/28,BM-11575,标准级,中南,湖北,办公用品,美术,BIC,"BIC 速写本, 整包",12.0,173.94
A1002472,2020/6/29,BM-11575,一级,西南,云南,办公用品,标签,Harbour Creations,"Harbour Creations 有色标签, 红色",21.0,231.98
A1002472,2020/6/29,SC-20575,一级,西南,云南,办公用品,系固件,Advantus,"Advantus 订书钉, 金属",16.0,2.296
A1002472,2020/6/29,MH-18115,一级,西南,云南,办公用品,装订机,Avery,"Avery 装订机, 耐用",20.0,96.08
A1002472,2020/6/29,MH-18115,一级,西南,云南,技术,复印机,夏普,"夏普 无线传真机, 数字化",6.0,3.62
A1002475,2020/7/1,MH-18115,二级,东北,黑龙江,技术,复印机,夏普,"夏普 无线传真机, 每套两件",18.0,629.1
A1002473,2020/7/1,MH-18115,标准级,中南,湖南,办公用品,标签,Harbour Creations,"Harbour Creations 可去除的标签, 耐用",5.0,90.48
A1002474,2020/7/1,AR-10345,标准级,华北,河北,家具,椅子,Novimex,"Novimex 折叠椅, 红色",9.0,14.88
A1002476,2020/7/2,MO-17500,一级,华东,山东,办公用品,器具,Hamilton Beach,"Hamilton Beach 冰箱, 红色",4.0,91.275
A1002480,2020/7/2,AD-10180,一级,西北,陕西,办公用品,美术,Stanley,"Stanley 记号笔, 整包",4.0,19.44
A1002481,2020/7/2,AD-10180,一级,中南,河南,办公用品,纸张,SanDisk,"SanDisk 羊皮纸, 每包 12 个",24.0,897.15
A1002477,2020/7/2,KD-16345,标准级,华东,安徽,办公用品,标签,Avery,"Avery 文件夹标签, 白色",36.0,57.75
A1002477,2020/7/2,KD-16345,标准级,华东,安徽,家具,用具,Advantus,"Advantus 闹钟, 耐用",39.0,14.94
A1002479,2020/7/2,FM-14215,二级,中南,湖南,技术,配件,Memorex,"Memorex 闪存驱动器, 实惠",5.0,23.1
A1002478,2020/7/2,ZC-21910,标准级,中南,广东,办公用品,收纳具,Fellowes,"Fellowes 文件夹, 金属",16.0,12.536
A1002478,2020/7/2,ZC-21910,标准级,中南,广东,办公用品,收纳具,Rogers,"Rogers 文件夹, 蓝色",21.0,1.08
A1002484,2020/7/3,ZC-21910,一级,西南,重庆,办公用品,系固件,Advantus,"Advantus 夹子, 混合尺寸",6.0,4.512
A1002484,2020/7/3,KS-16300,一级,西南,重庆,办公用品,装订机,Acco,"Acco 打孔机, 实惠",10.0,16.776
A1002482,2020/7/3,DP-13390,一级,东北,黑龙江,办公用品,装订机,Cardinal,"Cardinal 打孔机, 回收",26.0,33.74
A1002483,2020/7/3,BD-11605,标准级,华东,江苏,办公用品,用品,Acme,"Acme 修剪器, 工业",5.0,1325.85
A1002483,2020/7/3,BD-11605,标准级,华东,江苏,办公用品,装订机,Cardinal,"Cardinal 装订机, 透明",36.0,333.999
A1002485,2020/7/3,BD-11605,标准级,华东,安徽,技术,电话,三星,"三星 耳机, 整包",10.0,19.9
A1002486,2020/7/3,IL-15100,标准级,中南,海南,办公用品,器具,Hamilton Beach,"Hamilton Beach 炉灶, 白色",36.0,1268.82
A1002486,2020/7/3,IL-15100,标准级,中南,海南,家具,桌子,Hon,"Hon 咖啡桌, 黑色",20.0,283.92
A1002487,2020/7/4,IL-15100,一级,中南,广东,办公用品,用品,Acme,"Acme 开信刀, 蓝色",16.0,5.68
A1002488,2020/7/5,LP-17095,二级,华东,安徽,办公用品,标签,Harbour Creations,"Harbour Creations 文件夹标签, 白色",7.0,375.34
A1002488,2020/7/5,JH-15985,二级,华东,安徽,办公用品,纸张,Enermax,"Enermax 令, 每包 12 个",6.0,96.08
A1002488,2020/7/5,JH-15985,二级,华东,安徽,技术,配件,Memorex,"Memorex 记忆卡, 耐用",24.0,11.68
A1002493,2020/7/8,JH-15985,一级,华北,河北,办公用品,美术,Sanford,"Sanford 记号笔, 整包",20.0,4.36
A1002493,2020/7/8,JD-16015,一级,华北,河北,办公用品,装订机,Ibico,"Ibico 装订机, 透明",2.0,29.24
A1002493,2020/7/8,BD-11320,一级,华北,河北,家具,椅子,Novimex,"Novimex 扶手椅, 每套两件",6.0,117.488
A1002493,2020/7/8,BD-11320,一级,华北,河北,家具,用具,Eldon,"Eldon 分层置放架, 一包多件",8.0,18.84
A1002493,2020/7/8,DL-13330,一级,华北,河北,技术,复印机,Hewlett,"Hewlett 无线传真机, 数字化",6.0,12.42
A1002493,2020/7/8,NC-18415,一级,华北,河北,技术,电话,思科,"思科 办公室电话机, 蓝色",13.0,12.96
A1002493,2020/7/8,AS-10225,一级,华北,河北,技术,电话,摩托罗拉,"摩托罗拉 耳机, 混合尺寸",18.0,69.48
A1002490,2020/7/8,MS-17980,标准级,华东,江苏,办公用品,标签,Novimex,"Novimex 运输标签, 红色",34.0,85.9
A1002490,2020/7/8,TS-21205,标准级,华东,江苏,办公用品,用品,Fiskars,"Fiskars 修剪器, 蓝色",23.0,18.06
A1002490,2020/7/8,TS-21205,标准级,华东,江苏,办公用品,系固件,Advantus,"Advantus 图钉, 金属",29.0,79.14
A1002491,2020/7/8,TS-21205,标准级,华东,安徽,办公用品,系固件,Stockwell,"Stockwell 夹子, 整包",3.0,37.4
A1002489,2020/7/8,JK-15730,标准级,华东,山东,办公用品,信封,Kraft,"Kraft 马尼拉纸信封, 银色",9.0,2.512
A1002489,2020/7/8,JK-15730,标准级,华东,山东,办公用品,收纳具,Smead,"Smead 盘, 单宽度",3.0,18.864
A1002492,2020/7/8,TC-21535,二级,中南,湖南,技术,电话,摩托罗拉,"摩托罗拉 办公室电话机, 蓝色",20.0,61.192
A1002491,2020/7/8,TC-21535,标准级,华东,安徽,技术,电话,摩托罗拉,"摩托罗拉 智能手机, 全尺寸",15.0,67.84
A1002489,2020/7/8,AB-10015,标准级,华东,山东,技术,配件,Memorex,"Memorex 键区, 回收",31.0,48.712
A1002494,2020/7/9,AB-10015,标准级,中南,广东,办公用品,装订机,Avery,"Avery 打孔机, 回收",26.0,17.94
A1002495,2020/7/10,AB-10015,当日,华东,山东,办公用品,器具,Cuisinart,"Cuisinart 咖啡研磨机, 银色",8.0,242.94
A1002498,2020/7/11,DP-13000,当日,华北,河北,办公用品,收纳具,Eldon,"Eldon 盒, 金属",27.0,7.764
A1002498,2020/7/11,CY-12745,当日,华北,河北,家具,桌子,Bevis,"Bevis 咖啡桌, 组装",20.0,467.04
A1002496,2020/7/11,BE-11455,标准级,华北,天津,办公用品,用品,Acme,"Acme 剪刀, 钢",20.0,128.85
A1002497,2020/7/11,BE-11455,标准级,西南,四川,办公用品,收纳具,Eldon,"Eldon 盒, 单宽度",14.0,8.4
A1002497,2020/7/11,BE-11455,标准级,西南,四川,家具,书架,Sauder,"Sauder 搁架, 黑色",17.0,199.98
A1002501,2020/7/12,BE-11455,二级,中南,广东,办公用品,信封,Ames,"Ames 搭扣信封, 每套 50 个",7.0,110.98
A1002501,2020/7/12,KL-16555,二级,中南,广东,办公用品,标签,Hon,"Hon 有色标签, 可调",25.0,207.984
A1002501,2020/7/12,KL-16555,二级,中南,广东,办公用品,纸张,施乐,"施乐 备忘录便条, 每包 12 个",9.0,36.112
A1002501,2020/7/12,KL-16555,二级,中南,广东,家具,椅子,Novimex,"Novimex 摇椅, 黑色",6.0,35.568
A1002501,2020/7/12,KL-16555,二级,中南,广东,技术,电话,三星,"三星 音频基座, 蓝色",15.0,88.768
A1002500,2020/7/12,PS-19045,标准级,东北,辽宁,办公用品,系固件,Stockwell,"Stockwell 订书钉, 每包 12 个",5.0,12.9
A1002500,2020/7/12,JR-16210,标准级,东北,辽宁,办公用品,纸张,施乐,"施乐 信纸, 多色",5.0,717.12
A1002499,2020/7/12,AH-10210,标准级,东北,吉林,办公用品,美术,BIC,"BIC 钢笔, 整包",6.0,21.36
A1002500,2020/7/12,AH-10210,标准级,东北,辽宁,技术,电话,摩托罗拉,"摩托罗拉 耳机, 全尺寸",19.0,6.688
A1002503,2020/7/13,AH-10210,标准级,华东,福建,办公用品,系固件,Accos,"Accos 橡皮筋, 整包",20.0,773.94
A1002503,2020/7/13,RW-19630,标准级,华东,福建,办公用品,系固件,Stockwell,"Stockwell 夹子, 每包 12 个",6.0,20.568
A1002502,2020/7/13,RW-19630,标准级,华东,福建,办公用品,收纳具,Eldon,"Eldon 盘, 蓝色",12.0,4.356
A1002503,2020/7/13,RW-19630,标准级,华东,福建,家具,椅子,Harbour Creations,"Harbour Creations 扶手椅, 每套两件",6.0,19.04
A1002502,2020/7/13,AH-10075,标准级,华东,福建,家具,用具,Rubbermaid,"Rubvermaid 框架, 优质",21.0,5.22
A1002502,2020/7/13,IM-15070,标准级,华东,福建,技术,复印机,Brother,"Brother 墨水, 数字化",29.0,84.84
A1002502,2020/7/13,CK-12760,标准级,华东,福建,技术,配件,Enermax,"Enermax 键区, 可编程",11.0,7.24
A1002502,2020/7/13,AG-10390,标准级,华东,福建,技术,配件,Memorex,"Memorex 闪存驱动器, 实惠",13.0,14.4
A1002504,2020/7/15,CL-12700,二级,西南,四川,办公用品,器具,Breville,"Breville 冰箱, 黑色",7.0,15.552
A1002505,2020/7/15,CL-12700,标准级,华北,山西,办公用品,纸张,SanDisk,"SanDisk 信纸, 多色",31.0,1325.76
A1002506,2020/7/16,CL-12700,标准级,华东,安徽,办公用品,装订机,Ibico,"Ibico 打孔机, 透明",11.0,3.108
A1002508,2020/7/17,AW-10930,二级,东北,辽宁,家具,桌子,Barricks,"Barricks 电脑桌, 长方形",20.0,6.672
A1002508,2020/7/17,AW-10930,二级,东北,辽宁,技术,复印机,惠普,"惠普 传真机, 每套两件",7.0,689.408
A1002508,2020/7/17,HG-14965,二级,东北,辽宁,技术,电话,思科,"思科 信号增强器, 整包",33.0,1889.99
A1002508,2020/7/17,RB-19645,二级,东北,辽宁,技术,设备,StarTech,"StarTech 收据打印机, 红色",28.0,55.936
A1002507,2020/7/17,RB-19645,标准级,华北,山西,办公用品,用品,Stiletto,"Stiletto 剪刀, 钢",17.0,18.432
A1002507,2020/7/17,RB-19645,标准级,华北,山西,办公用品,纸张,施乐,"施乐 备忘录便条, 优质",11.0,20.32
A1002507,2020/7/17,SZ-20035,标准级,华北,山西,办公用品,装订机,Cardinal,"Cardinal 标签, 实惠",26.0,52.064
A1002510,2020/7/17,KS-16300,标准级,西南,云南,家具,用具,Rubbermaid,"Rubvermaid 门挡, 优质",33.0,48.784
A1002507,2020/7/17,KS-16300,标准级,华北,山西,技术,配件,SanDisk,"SanDisk 键盘, 可编程",24.0,13.092
A1002509,2020/7/17,SC-20050,标准级,中南,湖南,家具,书架,Sauder,"Sauder 墙角架, 金属",2.0,109.592
A1002513,2020/7/18,SC-20050,当日,西北,陕西,办公用品,器具,Hoover,"Hoover 搅拌机, 黑色",36.0,56.7
A1002515,2020/7/18,AB-10060,标准级,华东,福建,办公用品,标签,Novimex,"Novimex 可去除的标签, 白色",38.0,79.99
A1002511,2020/7/18,EH-14125,二级,华北,河北,技术,复印机,惠普,"惠普 个人复印机, 数字化",12.0,69.5
A1002511,2020/7/18,EH-14125,二级,华北,河北,技术,配件,贝尔金,"贝尔金 路由器, 耐用",20.0,191.6
A1002514,2020/7/18,CC-12475,标准级,西北,宁夏,办公用品,系固件,OIC,"OIC 按钉, 每包 12 个",17.0,10.56
A1002514,2020/7/18,TM-21010,标准级,西北,宁夏,技术,配件,罗技,"罗技 鼠标, 实惠",4.0,47.79
A1002512,2020/7/18,SC-20695,标准级,华东,山东,办公用品,美术,Sanford,"Sanford 荧光笔, 整包",23.0,714.3
A1002512,2020/7/18,Dp-13240,标准级,华东,山东,家具,书架,Dania,"Dania 搁架, 白色",11.0,2321.9
A1002512,2020/7/18,Dp-13240,标准级,华东,山东,家具,椅子,Novimex,"Novimex 摇椅, 红色",14.0,17.94
A1002512,2020/7/18,LR-17035,标准级,华东,山东,家具,用具,Advantus,"Advantus 分层置放架, 优质",8.0,9.522
A1002512,2020/7/18,LR-17035,标准级,华东,山东,家具,用具,Advantus,"Advantus 分层置放架, 耐用",20.0,791.964
A1002517,2020/7/19,LR-17035,标准级,中南,河南,办公用品,收纳具,Fellowes,"Fellowes 搁板, 蓝色",35.0,4.923
A1002517,2020/7/19,TS-21370,标准级,中南,河南,办公用品,收纳具,Fellowes,"Fellowes 锁柜, 金属",4.0,209.979
A1002517,2020/7/19,SW-20350,标准级,中南,河南,办公用品,系固件,OIC,"OIC 夹子, 金属",28.0,33.93
A1002516,2020/7/19,SW-20350,标准级,华东,浙江,办公用品,收纳具,Eldon,"Eldon 锁柜, 单宽度",31.0,222.32
A1002517,2020/7/19,SW-20350,标准级,中南,河南,技术,电话,诺基亚,"诺基亚 耳机, 混合尺寸",17.0,210.564
A1002520,2020/7/22,TH-21100,二级,东北,黑龙江,办公用品,装订机,Acco,"Acco 装订机, 透明",20.0,35.168
A1002520,2020/7/22,TH-21100,二级,东北,黑龙江,技术,复印机,夏普,"夏普 无线传真机, 红色",10.0,1502.376
A1002520,2020/7/22,SS-20410,二级,东北,黑龙江,技术,设备,StarTech,"StarTech 喷墨打印机, 白色",28.0,10.11
A1002519,2020/7/22,SS-20410,标准级,东北,吉林,办公用品,信封,GlobeWeis,"GlobeWeis 商业信封, 每套 50 个",9.0,772.47
A1002521,2020/7/22,SS-20410,标准级,中南,湖南,办公用品,美术,Binney & Smith,"Binney & Smith 速写本, 蓝色",35.0,20.46
A1002521,2020/7/22,MZ-17515,标准级,中南,湖南,家具,书架,Dania,"Dania 柜, 金属",8.0,347.58
A1002518,2020/7/22,JE-15475,标准级,东北,黑龙江,办公用品,装订机,Avery,"Avery 打孔机, 耐用",15.0,72.64
A1002518,2020/7/22,JE-15475,标准级,东北,黑龙江,办公用品,装订机,Cardinal,"Cardinal 打孔机, 透明",34.0,772.47
A1002518,2020/7/22,JE-15475,标准级,东北,黑龙江,技术,配件,SanDisk,"SanDisk 键区, 实惠",8.0,39.92
A1002524,2020/7/23,RF-19735,二级,中南,湖南,办公用品,装订机,Cardinal,"Cardinal 打孔机, 回收",2.0,33.48
A1002524,2020/7/23,RF-19735,二级,中南,湖南,技术,复印机,惠普,"惠普 无线传真机, 每套两件",16.0,461.97
A1002525,2020/7/23,RF-19735,标准级,华东,上海,办公用品,器具,Hamilton Beach,"Hamilton Beach 冰箱, 白色",6.0,137.62
A1002522,2020/7/23,RF-19735,标准级,东北,黑龙江,办公用品,装订机,Wilson Jones,"Wilson Jones 标签, 透明",4.0,302.67
A1002522,2020/7/23,CV-12295,标准级,东北,黑龙江,家具,用具,Deflect-O,"Deflect-O 相框, 一包多件",5.0,239.976
A1002523,2020/7/23,VG-21790,标准级,华北,内蒙古,办公用品,装订机,Acco,"Acco 装订机, 耐用",24.0,8.34
A1002526,2020/7/24,VG-21790,一级,中南,河南,家具,用具,Deflect-O,"Deflect-O 灯泡, 一包多件",8.0,8.57
A1002527,2020/7/24,VG-21790,标准级,中南,湖北,办公用品,信封,Jiffy,"Jiffy 外皮和封条, 回收",20.0,119.616
A1002527,2020/7/24,BB-11545,标准级,中南,湖北,办公用品,器具,Hamilton Beach,"Hamilton Beach 咖啡研磨机, 红色",28.0,212.94
A1002527,2020/7/24,BB-11545,标准级,中南,湖北,办公用品,用品,Elite,"Elite 剪刀, 锯齿状",4.0,26.49
A1002527,2020/7/24,HR-14770,标准级,中南,湖北,办公用品,纸张,施乐,"施乐 信纸, 优质",6.0,687.4
A1002527,2020/7/24,SC-20260,标准级,中南,湖北,办公用品,美术,BIC,"BIC 铅笔刀, 金属",33.0,653.55
A1002528,2020/7/24,SC-20260,标准级,华东,山东,技术,电话,思科,"思科 智能手机, 混合尺寸",8.0,33.9
A1002529,2020/7/25,EG-13900,二级,东北,辽宁,办公用品,美术,Sanford,"Sanford 铅笔刀, 整包",16.0,239.96
A1002530,2020/7/25,TS-21370,标准级,西南,云南,办公用品,装订机,Wilson Jones,"Wilson Jones 装订机, 耐用",6.0,199.836
A1002531,2020/7/25,TS-21370,标准级,西南,贵州,技术,电话,摩托罗拉,"摩托罗拉 耳机, 全尺寸",40.0,716.0
A1002530,2020/7/25,TS-21370,标准级,西南,云南,技术,电话,诺基亚,"诺基亚 耳机, 全尺寸",23.0,221.06
A1002532,2020/7/26,AI-10855,当日,东北,吉林,家具,用具,Eldon,"Eldon 框架, 优质",39.0,67.71
A1002537,2020/7/26,AI-10855,二级,中南,广东,办公用品,美术,BIC,"BIC 铅笔刀, 金属",40.0,129.92
A1002534,2020/7/26,AI-10855,标准级,华东,山东,办公用品,收纳具,Fellowes,"Fellowes 锁柜, 工业",16.0,467.46
A1002535,2020/7/26,AI-10855,标准级,西北,陕西,办公用品,用品,Acme,"Acme 尺子, 锯齿状",2.0,61.4
A1002534,2020/7/26,AI-10855,标准级,华东,山东,技术,配件,Enermax,"Enermax 闪存驱动器, 实惠",7.0,720.76
A1002533,2020/7/26,AI-10855,二级,西北,甘肃,办公用品,标签,Hon,"Hon 圆形标签, 白色",35.0,5.184
A1002533,2020/7/26,AI-10855,二级,西北,甘肃,家具,椅子,Safco,"SAFCO 凳子, 可调",11.0,14.7
A1002536,2020/7/26,DD-13570,标准级,华东,山东,办公用品,器具,Breville,"Breville 炉灶, 黑色",6.0,8.134
A1002539,2020/7/27,DD-13570,标准级,中南,广东,办公用品,纸张,Enermax,"Enermax 计划信息表, 回收",4.0,79.984
A1002538,2020/7/27,AB-10060,标准级,华东,江苏,办公用品,信封,Kraft,"Kraft 邮寄品, 每套 50 个",39.0,18.54
A1002538,2020/7/27,KB-16240,标准级,华东,江苏,办公用品,系固件,Stockwell,"Stockwell 回形针, 混合尺寸",34.0,24.4
A1002540,2020/7/27,JC-15775,标准级,中南,广东,技术,电话,摩托罗拉,"摩托罗拉 信号增强器, 整包",11.0,195.64
A1002538,2020/7/27,AH-10465,标准级,华东,江苏,技术,配件,Memorex,"Memorex 键区, 可编程",38.0,398.4
A1002541,2020/7/29,AH-10465,标准级,华东,安徽,办公用品,收纳具,Eldon,"Eldon 盒, 工业",16.0,7.056
A1002542,2020/7/29,AH-10465,标准级,华东,山东,技术,配件,贝尔金,"贝尔金 鼠标, 回收",13.0,1352.3976
A1002546,2020/7/30,NM-18520,一级,华北,河北,技术,电话,思科,"思科 耳机, 整包",8.0,26.4
A1002544,2020/7/30,NM-18520,二级,东北,吉林,办公用品,标签,Avery,"Avery 圆形标签, 白色",8.0,41.88
A1002543,2020/7/30,CS-11950,标准级,华北,内蒙古,家具,用具,Deflect-O,"Deflect-O 分层置放架, 黑色",27.0,99.846
A1002545,2020/7/30,TP-21130,标准级,中南,广东,家具,椅子,Office Star,"Office Star 凳子, 可调",24.0,699.98
A1002547,2020/7/30,TP-21130,标准级,华北,北京,家具,椅子,Safco,"SAFCO 扶手椅, 每套两件",12.0,584.82
A1002547,2020/7/30,DL-12925,标准级,华北,北京,家具,用具,Tenex,"Tenex 门挡, 一包多件",11.0,43.98
A1002549,2020/7/31,DL-12925,标准级,中南,广西,家具,书架,宜家,"宜家 书库, 传统",10.0,377.97
A1002548,2020/7/31,DL-12925,标准级,中南,湖北,办公用品,系固件,OIC,"OIC 回形针, 混合尺寸",10.0,123.96
A1002550,2020/7/31,CA-12265,标准级,东北,辽宁,办公用品,收纳具,Tenex,"Tenex 锁柜, 金属",3.0,391.98
A1002551,2020/8/1,SC-20380,二级,中南,广东,技术,电话,三星,"三星 信号增强器, 整包",14.0,383.976
A1002552,2020/8/1,SC-20380,标准级,东北,吉林,办公用品,标签,Avery,"Avery 文件夹标签, 可调",17.0,1781.682
A1002556,2020/8/2,TT-21460,二级,华东,山东,办公用品,标签,Harbour Creations,"Harbour Creations 文件夹标签, 可调",6.0,21.4
A1002556,2020/8/2,MA-17560,二级,华东,山东,办公用品,标签,Smead,"Smead 圆形标签, 红色",24.0,549.99
A1002553,2020/8/2,MA-17560,二级,华东,上海,办公用品,收纳具,Fellowes,"Fellowes 锁柜, 工业",13.0,167.535
A1002557,2020/8/2,MA-17560,二级,中南,河南,技术,复印机,惠普,"惠普 传真复印机, 数字化",13.0,38.34
A1002556,2020/8/2,MA-17560,标准级,华东,山东,办公用品,装订机,Avery,"Avery 装订机, 耐用",34.0,53.88
A1002556,2020/8/2,MA-17560,标准级,华东,山东,技术,复印机,Hewlett,"Hewlett 墨水, 彩色",14.0,299.98
A1002554,2020/8/2,JM-16195,标准级,中南,河南,技术,配件,贝尔金,"贝尔金 键区, 可编程",37.0,62.8
A1002555,2020/8/2,MB-18085,二级,华东,福建,家具,用具,Tenex,"Tenex 分层置放架, 黑色",28.0,13.904
A1002559,2020/8/3,SV-20365,一级,中南,湖北,办公用品,系固件,Stockwell,"Stockwell 图钉, 每包 12 个",24.0,744.1
A1002560,2020/8/3,SV-20365,二级,东北,吉林,办公用品,信封,Kraft,"Kraft 外皮和封条, 每套 50 个",28.0,44.84
A1002560,2020/8/3,SV-20365,二级,东北,吉林,办公用品,用品,Fiskars,"Fiskars 尺子, 蓝色",21.0,401.59
A1002560,2020/8/3,CG-12040,二级,东北,吉林,家具,书架,宜家,"宜家 搁架, 黑色",19.0,18.24
A1002560,2020/8/3,BD-11500,二级,东北,吉林,家具,用具,Deflect-O,"Deflect-O 门挡, 一包多件",8.0,359.499
A1002560,2020/8/3,BD-11500,二级,东北,吉林,技术,复印机,Brother,"Brother 传真复印机, 数字化",30.0,10.48
A1002560,2020/8/3,JK-15640,二级,东北,吉林,技术,复印机,佳能,"佳能 无线传真机, 数字化",9.0,20.736
A1002560,2020/8/3,JM-15580,二级,东北,吉林,技术,设备,冲电器,"冲电器 喷墨打印机, 红色",2.0,35.168
A1002558,2020/8/3,JM-15580,标准级,中南,湖南,办公用品,收纳具,Smead,"Smead 盒, 金属",17.0,64.704
A1002558,2020/8/3,SC-20230,标准级,中南,湖南,家具,椅子,Novimex,"Novimex 凳子, 红色",12.0,105.52
A1002558,2020/8/3,ME-17320,标准级,中南,湖南,技术,设备,爱普生,"爱普生 卡片打印机, 耐用",8.0,5.792
A1002564,2020/8/5,KN-16390,二级,中南,湖南,办公用品,美术,Binney & Smith,"Binney & Smith 画布, 混合尺寸",4.0,466.158
A1002564,2020/8/5,KN-16390,二级,中南,湖南,办公用品,美术,Stanley,"Stanley 荧光笔, 整包",6.0,10.312
A1002561,2020/8/5,KN-16390,二级,华东,山东,办公用品,装订机,Acco,"Acco 标签, 耐用",5.0,2.556
A1002561,2020/8/5,HM-14860,二级,华东,山东,办公用品,装订机,Avery,"Avery 标签, 实惠",12.0,7.968
A1002562,2020/8/5,HM-14860,二级,华北,河北,办公用品,装订机,Acco,"Acco 孔加固材料, 透明",16.0,8.784
A1002561,2020/8/5,JM-15580,二级,华东,山东,技术,配件,Enermax,"Enermax 鼠标, 可编程",14.0,3.024
A1002563,2020/8/5,KH-16690,标准级,中南,广东,办公用品,器具,Breville,"Breville 微波炉, 银色",20.0,51.45
A1002563,2020/8/5,BK-11260,标准级,中南,广东,办公用品,收纳具,Tenex,"Tenex 搁板, 单宽度",40.0,14.016
A1002563,2020/8/5,BK-11260,标准级,中南,广东,办公用品,系固件,Advantus,"Advantus 图钉, 整包",36.0,214.95
A1002563,2020/8/5,BK-11260,标准级,中南,广东,家具,用具,Tenex,"Tenex 分层置放架, 耐用",8.0,35.04
A1002563,2020/8/5,BK-11260,标准级,中南,广东,技术,复印机,夏普,"夏普 个人复印机, 数字化",8.0,10.776
A1002563,2020/8/5,BK-11260,标准级,中南,广东,技术,配件,罗技,"罗技 记忆卡, 耐用",20.0,4.6
A1002565,2020/8/5,BK-11260,标准级,西南,贵州,办公用品,器具,Breville,"Breville 烤面包机, 银色",2.0,35.168
A1002567,2020/8/6,PN-18775,标准级,中南,河南,办公用品,系固件,Stockwell,"Stockwell 夹子, 混合尺寸",4.0,19.152
A1002567,2020/8/6,AZ-10750,标准级,中南,河南,办公用品,美术,Binney & Smith,"Binney & Smith 铅笔刀, 蓝色",9.0,4.448
A1002567,2020/8/6,AZ-10750,标准级,中南,河南,家具,用具,Tenex,"Tenex 闹钟, 一包多件",8.0,5.184
A1002566,2020/8/6,AZ-10750,标准级,东北,辽宁,办公用品,标签,Avery,"Avery 运输标签, 耐用",32.0,15.552
A1002566,2020/8/6,GM-14500,标准级,东北,辽宁,家具,书架,宜家,"宜家 柜, 黑色",24.0,40.032
A1002566,2020/8/6,GM-14500,标准级,东北,辽宁,家具,椅子,Office Star,"Office Star 沙滩椅, 可调",15.0,16.776
A1002569,2020/8/6,BM-11785,标准级,华北,内蒙古,办公用品,器具,KitchenAid,"KitchenAid 冰箱, 红色",5.0,186.304
A1002569,2020/8/6,NH-18610,标准级,华北,内蒙古,办公用品,收纳具,Smead,"Smead 盒, 单宽度",15.0,66.36
A1002569,2020/8/6,PN-18775,标准级,华北,内蒙古,办公用品,标签,Novimex,"Novimex 文件夹标签, 红色",9.0,42.048
A1002569,2020/8/6,PN-18775,标准级,华北,内蒙古,办公用品,用品,Fiskars,"Fiskars 修剪器, 蓝色",29.0,67.92
A1002569,2020/8/6,EH-13765,标准级,华北,内蒙古,办公用品,装订机,Ibico,"Ibico 标签, 透明",5.0,52.512
A1002568,2020/8/6,EH-13765,标准级,华东,江西,办公用品,器具,Hoover,"Hoover 咖啡研磨机, 黑色",34.0,186.912
A1002576,2020/8/7,EH-13765,一级,西北,青海,办公用品,标签,Hon,"Hon 有色标签, 白色",7.0,10.048
A1002576,2020/8/7,HA-14905,一级,西北,青海,家具,椅子,Office Star,"Office Star 扶手椅, 黑色",14.0,17.496
A1002573,2020/8/7,AB-10150,二级,华东,江西,办公用品,收纳具,Smead,"Smead 盘, 工业",28.0,15.552
A1002573,2020/8/7,MS-17365,二级,华东,江西,办公用品,系固件,Stockwell,"Stockwell 订书钉, 整包",20.0,10.776
A1002573,2020/8/7,DD-13570,二级,华东,江西,技术,配件,罗技,"罗技 键盘, 实惠",21.0,3.304
A1002572,2020/8/7,MT-17815,一级,华东,山东,办公用品,器具,Hoover,"Hoover 微波炉, 银色",24.0,35.48
A1002572,2020/8/7,GM-14500,一级,华东,山东,办公用品,收纳具,Smead,"Smead 盒, 工业",39.0,34.44
A1002572,2020/8/7,GM-14500,一级,华东,山东,家具,书架,Sauder,"Sauder 古典书架, 白色",35.0,629.93
A1002572,2020/8/7,GM-14500,一级,华东,山东,家具,椅子,Hon,"Hon 椅垫, 黑色",19.0,79.056
A1002574,2020/8/7,KB-16585,标准级,中南,广西,家具,用具,Eldon,"Eldon 灯泡, 优质",26.0,232.55
A1002571,2020/8/7,KB-16585,标准级,中南,湖南,办公用品,收纳具,Tenex,"Tenex 锁柜, 工业",32.0,99.98
A1002571,2020/8/7,KB-16585,标准级,中南,湖南,办公用品,装订机,Acco,"Acco 标签, 透明",26.0,19.44
A1002575,2020/8/7,KB-16585,标准级,中南,广东,办公用品,系固件,Advantus,"Advantus 回形针, 混合尺寸",8.0,12.96
A1002575,2020/8/7,DM-13015,标准级,中南,广东,办公用品,系固件,Advantus,"Advantus 回形针, 金属",21.0,464.292
A1002571,2020/8/7,DM-13015,标准级,中南,湖南,技术,设备,松下,"松下 收据打印机, 白色",7.0,68.46
A1002570,2020/8/7,DM-13015,标准级,中南,广东,办公用品,器具,Hamilton Beach,"Hamilton Beach 咖啡研磨机, 黑色",24.0,2799.96
A1002570,2020/8/7,DM-13015,标准级,中南,广东,技术,配件,贝尔金,"贝尔金 鼠标, 可编程",25.0,601.3
A1002580,2020/8/8,DM-13015,当日,中南,湖北,技术,复印机,佳能,"佳能 复印机, 数字化",24.0,16.99
A1002577,2020/8/8,DM-13015,一级,西南,云南,办公用品,装订机,Acco,"Acco 订书机, 透明",3.0,287.97
A1002582,2020/8/8,DM-13015,二级,华东,山东,办公用品,器具,Hamilton Beach,"Hamilton Beach 搅拌机, 黑色",5.0,44.82
A1002582,2020/8/8,BP-11185,二级,华东,山东,办公用品,收纳具,Eldon,"Eldon 文件夹, 单宽度",17.0,101.12
A1002582,2020/8/8,EP-13915,二级,华东,山东,办公用品,系固件,Stockwell,"Stockwell 图钉, 整包",4.0,107.976
A1002584,2020/8/8,FG-14260,标准级,华东,福建,办公用品,装订机,Acco,"Acco 打孔机, 透明",40.0,58.73
A1002578,2020/8/8,FG-14260,标准级,华北,河北,办公用品,系固件,OIC,"OIC 图钉, 每包 12 个",21.0,93.344
A1002578,2020/8/8,AB-10255,标准级,华北,河北,办公用品,美术,Binney & Smith,"Binney & Smith 荧光笔, 金属",37.0,17.05
A1002583,2020/8/8,RD-19480,标准级,中南,广西,家具,用具,Tenex,"Tenex 门挡, 黑色",10.0,8.096
A1002584,2020/8/8,TS-21430,标准级,华东,福建,家具,椅子,Novimex,"Novimex 扶手椅, 每套两件",7.0,30.36
A1002578,2020/8/8,JA-15970,标准级,华北,河北,家具,书架,宜家,"宜家 墙角架, 金属",26.0,23.34
A1002584,2020/8/8,JA-15970,标准级,华东,福建,技术,设备,松下,"松下 喷墨打印机, 白色",23.0,51.55
A1002578,2020/8/8,SW-20455,标准级,华北,河北,技术,配件,贝尔金,"贝尔金 键盘, 回收",34.0,119.9
A1002579,2020/8/8,FP-14320,二级,中南,广西,办公用品,装订机,Wilson Jones,"Wilson Jones 标签, 透明",11.0,1317.492
A1002581,2020/8/8,FP-14320,标准级,中南,湖北,办公用品,装订机,Avery,"Avery 孔加固材料, 耐用",18.0,63.84
A1002581,2020/8/8,FP-14320,标准级,中南,湖北,技术,复印机,Hewlett,"Hewlett 复印机, 红色",16.0,3.592
A1002585,2020/8/9,JL-15835,一级,华东,山东,办公用品,美术,Sanford,"Sanford 速写本, 金属",3.0,86.26
A1002589,2020/8/9,JL-15835,标准级,西南,云南,办公用品,收纳具,Eldon,"Eldon 锁柜, 工业",40.0,139.04
A1002587,2020/8/9,JL-15835,标准级,西北,陕西,办公用品,系固件,Advantus,"Advantus 订书钉, 混合尺寸",23.0,46.8
A1002588,2020/8/9,JL-15175,标准级,华东,上海,办公用品,收纳具,Smead,"Smead 盒, 蓝色",14.0,8.544
A1002588,2020/8/9,JL-15175,标准级,华东,上海,办公用品,标签,Harbour Creations,"Harbour Creations 圆形标签, 可调",6.0,842.376
A1002588,2020/8/9,JG-15160,标准级,华东,上海,办公用品,标签,Smead,"Smead 文件夹标签, 白色",4.0,1214.85
A1002588,2020/8/9,SH-19975,标准级,华东,上海,家具,椅子,Hon,"Hon 沙滩椅, 红色",35.0,67.78
A1002588,2020/8/9,LS-17200,标准级,华东,上海,技术,配件,罗技,"罗技 闪存驱动器, 可编程",24.0,39.9
A1002586,2020/8/9,CS-11860,标准级,华北,山西,技术,复印机,佳能,"佳能 无线传真机, 数字化",5.0,2.688
A1002591,2020/8/10,CS-11860,当日,东北,辽宁,办公用品,信封,Ames,"Ames 商业信封, 回收",4.0,6.6
A1002591,2020/8/10,KW-16570,当日,东北,辽宁,家具,用具,Deflect-O,"Deflect-O 框架, 一包多件",13.0,28.4
A1002591,2020/8/10,KW-16570,当日,东北,辽宁,技术,电话,诺基亚,"诺基亚 信号增强器, 全尺寸",32.0,212.94
A1002590,2020/8/10,GH-14410,标准级,西北,陕西,办公用品,信封,Kraft,"Kraft 局间信封, 红色",23.0,1001.584
A1002590,2020/8/10,GH-14410,标准级,西北,陕西,办公用品,用品,Acme,"Acme 尺子, 蓝色",24.0,569.058
A1002590,2020/8/10,GH-14410,标准级,西北,陕西,家具,椅子,Hon,"Hon 摇椅, 可调",18.0,14.224
A1002593,2020/8/12,AG-10495,当日,中南,湖南,家具,桌子,Bevis,"Bevis 培训桌, 长方形",36.0,105.584
A1002594,2020/8/12,AG-10495,一级,华东,山东,办公用品,收纳具,Rogers,"Rogers 文件夹, 蓝色",4.0,68.72
A1002594,2020/8/12,TS-21430,一级,华东,山东,办公用品,收纳具,Tenex,"Tenex 搁板, 工业",24.0,1367.84
A1002594,2020/8/12,AJ-10945,一级,华东,山东,办公用品,系固件,Stockwell,"Stockwell 按钉, 金属",18.0,301.96
A1002597,2020/8/12,SJ-20215,一级,中南,湖南,家具,用具,Rubbermaid,"Rubvermaid 分层置放架, 黑色",6.0,170.352
A1002594,2020/8/12,SC-20020,一级,华东,山东,家具,书架,Safco,"Safco 书库, 白色",10.0,3.9
A1002594,2020/8/12,SC-20020,一级,华东,山东,家具,椅子,Novimex,"Novimex 沙滩椅, 每套两件",31.0,12.84
A1002594,2020/8/12,SC-20020,一级,华东,山东,家具,椅子,Office Star,"Office Star 折叠椅, 黑色",8.0,15.84
A1002594,2020/8/12,SC-20020,一级,华东,山东,家具,用具,Tenex,"Tenex 门挡, 黑色",26.0,563.94
A1002594,2020/8/12,SC-20020,一级,华东,山东,技术,复印机,夏普,"夏普 墨水, 彩色",35.0,62.94
A1002596,2020/8/12,SC-20020,二级,东北,吉林,办公用品,收纳具,Smead,"Smead 锁柜, 蓝色",40.0,535.41
A1002596,2020/8/12,LA-16780,二级,东北,吉林,办公用品,用品,Fiskars,"Fiskars 剪刀, 钢",27.0,3504.9
A1002596,2020/8/12,LA-16780,二级,东北,吉林,办公用品,纸张,Eaton,"Eaton 计划信息表, 每包 12 个",12.0,144.12
A1002596,2020/8/12,LA-16780,二级,东北,吉林,办公用品,装订机,Cardinal,"Cardinal 标签, 透明",22.0,314.55
A1002598,2020/8/12,FC-14335,二级,中南,广东,办公用品,标签,Harbour Creations,"Harbour Creations 运输标签, 可调",16.0,3.408
A1002598,2020/8/12,CA-12265,二级,中南,广东,办公用品,美术,Stanley,"Stanley 画布, 金属",19.0,2.072
A1002595,2020/8/12,CA-12265,二级,西北,甘肃,技术,电话,摩托罗拉,"摩托罗拉 耳机, 整包",4.0,328.3992
A1002592,2020/8/12,JH-15985,二级,中南,海南,办公用品,美术,Boston,"Boston 荧光笔, 金属",13.0,53.248
A1002592,2020/8/12,AJ-10795,二级,中南,海南,办公用品,美术,Boston,"Boston 记号笔, 金属",37.0,4.992
A1002592,2020/8/12,BT-11395,二级,中南,海南,家具,椅子,Office Star,"Office Star 椅垫, 每套两件",4.0,37.68
A1002603,2020/8/13,BT-11395,一级,中南,广东,办公用品,信封,Cameo,"Cameo 商业信封, 银色",16.0,258.576
A1002603,2020/8/13,BT-11395,一级,中南,广东,办公用品,器具,Breville,"Breville 炉灶, 银色",15.0,75.84
A1002602,2020/8/13,DJ-13510,当日,中南,广西,技术,配件,Enermax,"Enermax 键盘, 可编程",27.0,45.36
A1002604,2020/8/13,DJ-13510,标准级,西南,四川,办公用品,装订机,Avery,"Avery 标签, 回收",9.0,45.78
A1002600,2020/8/13,AG-10675,标准级,东北,吉林,办公用品,信封,Ames,"Ames 外皮和封条, 每套 50 个",21.0,40.29
A1002600,2020/8/13,AG-10675,标准级,东北,吉林,办公用品,器具,Breville,"Breville 搅拌机, 黑色",33.0,38.71
A1002600,2020/8/13,JD-15790,标准级,东北,吉林,家具,用具,Eldon,"Eldon 相框, 优质",2.0,1801.632
A1002601,2020/8/13,EH-14125,标准级,西南,云南,家具,椅子,Safco,"SAFCO 沙滩椅, 黑色",8.0,748.752
A1002601,2020/8/13,ZC-21910,标准级,西南,云南,技术,配件,贝尔金,"贝尔金 键区, 耐用",16.0,199.96
A1002599,2020/8/13,ZC-21910,标准级,西南,重庆,家具,椅子,Office Star,"Office Star 椅垫, 可调",12.0,1516.2
A1002606,2020/8/14,XP-21865,二级,中南,广东,家具,用具,Advantus,"Advantus 门挡, 一包多件",24.0,167.952
A1002606,2020/8/14,XP-21865,二级,中南,广东,技术,配件,Enermax,"Enermax 记忆卡, 可编程",33.0,45.04
A1002605,2020/8/14,DK-12985,标准级,华东,安徽,技术,复印机,惠普,"惠普 传真复印机, 数字化",14.0,23.16
A1002607,2020/8/14,CS-12250,标准级,华北,内蒙古,办公用品,收纳具,Eldon,"Eldon 盘, 金属",20.0,397.6
A1002607,2020/8/14,CS-12250,标准级,华北,内蒙古,办公用品,系固件,Stockwell,"Stockwell 夹子, 整包",31.0,85.96
A1002611,2020/8/15,CS-12250,标准级,华东,山东,办公用品,纸张,Enermax,"Enermax 计划信息表, 优质",24.0,13.12
A1002610,2020/8/15,CS-12250,标准级,西北,陕西,办公用品,系固件,OIC,"OIC 回形针, 混合尺寸",28.0,45.66
A1002609,2020/8/15,AI-10855,标准级,华东,江西,办公用品,收纳具,Smead,"Smead 文件车, 工业",15.0,158.13
A1002609,2020/8/15,AI-10855,标准级,华东,江西,办公用品,标签,Novimex,"Novimex 有色标签, 耐用",30.0,43.6
A1002611,2020/8/15,AA-10315,标准级,华东,山东,家具,书架,Bush,"Bush 柜, 传统",6.0,3930.072
A1002609,2020/8/15,AA-10315,标准级,华东,江西,家具,用具,Deflect-O,"Deflect-O 灯泡, 一包多件",4.0,2.304
A1002611,2020/8/15,AA-10315,标准级,华东,山东,技术,复印机,Brother,"Brother 个人复印机, 彩色",18.0,431.976
A1002611,2020/8/15,AA-10315,标准级,华东,山东,技术,配件,SanDisk,"SanDisk 键盘, 实惠",36.0,41.72
A1002610,2020/8/15,RE-19450,标准级,西北,陕西,技术,配件,SanDisk,"SanDisk 键盘, 可编程",12.0,104.23
A1002609,2020/8/15,RE-19450,标准级,华东,江西,技术,复印机,佳能,"佳能 个人复印机, 彩色",15.0,70.26
A1002608,2020/8/15,TM-21010,标准级,华东,上海,办公用品,系固件,Stockwell,"Stockwell 图钉, 混合尺寸",12.0,9.26
A1002612,2020/8/16,TM-21010,当日,东北,辽宁,家具,用具,Eldon,"Eldon 框架, 耐用",13.0,105.98
A1002618,2020/8/16,TM-21010,一级,中南,湖北,办公用品,用品,Stiletto,"Stiletto 剪刀, 工业",33.0,1.24
A1002618,2020/8/16,TM-21010,一级,中南,湖北,办公用品,装订机,Cardinal,"Cardinal 装订机, 透明",15.0,20.7
A1002619,2020/8/16,TM-21010,一级,中南,广东,办公用品,收纳具,Fellowes,"Fellowes 搁板, 蓝色",6.0,28.9
A1002619,2020/8/16,TM-21010,一级,中南,广东,办公用品,装订机,Acco,"Acco 孔加固材料, 透明",40.0,27.18
A1002618,2020/8/16,YS-21880,一级,中南,湖北,技术,复印机,佳能,"佳能 复印机, 每套两件",23.0,465.18
A1002616,2020/8/16,AZ-10750,一级,华北,河北,办公用品,纸张,SanDisk,"SanDisk 羊皮纸, 多色",35.0,36.63
A1002623,2020/8/16,CM-12445,标准级,中南,河南,办公用品,标签,Novimex,"Novimex 有色标签, 红色",7.0,51.45
A1002615,2020/8/16,CM-12445,标准级,华东,安徽,办公用品,信封,GlobeWeis,"GlobeWeis 局间信封, 每套 50 个",25.0,7.83
A1002617,2020/8/16,CM-12445,标准级,东北,黑龙江,办公用品,用品,Stiletto,"Stiletto 剪刀, 工业",23.0,35.4
A1002622,2020/8/16,CM-12445,标准级,中南,广东,办公用品,收纳具,Fellowes,"Fellowes 文件车, 单宽度",19.0,29.9
A1002622,2020/8/16,JB-16000,标准级,中南,广东,办公用品,装订机,Wilson Jones,"Wilson Jones 装订机盖, 透明",33.0,17.48
A1002623,2020/8/16,NS-18640,标准级,中南,河南,技术,设备,松下,"松下 喷墨打印机, 红色",32.0,79.14
A1002620,2020/8/16,LC-16930,标准级,东北,吉林,办公用品,美术,Stanley,"Stanley 钢笔, 混合尺寸",12.0,8.4
A1002613,2020/8/16,CA-12775,标准级,西南,四川,办公用品,信封,GlobeWeis,"GlobeWeis 马尼拉纸信封, 银色",8.0,498.26
A1002620,2020/8/16,SR-20425,标准级,东北,吉林,技术,复印机,惠普,"惠普 传真机, 红色",21.0,212.94
A1002614,2020/8/16,PP-18955,标准级,华北,河北,办公用品,标签,Avery,"Avery 圆形标签, 红色",2.0,706.86
A1002614,2020/8/16,PP-18955,标准级,华北,河北,办公用品,纸张,Green Bar,"Green Bar 备忘录便条, 多色",8.0,114.95
A1002621,2020/8/16,PP-18955,标准级,华北,河北,办公用品,器具,Hamilton Beach,"Hamilton Beach 微波炉, 白色",11.0,43.19
A1002621,2020/8/16,JM-15865,标准级,华北,河北,技术,复印机,夏普,"夏普 无线传真机, 每套两件",27.0,166.44
A1002624,2020/8/17,AS-10090,标准级,华北,天津,办公用品,标签,Hon,"Hon 合法证物标签, 耐用",5.0,36.56
A1002624,2020/8/17,AS-10090,标准级,华北,天津,技术,电话,摩托罗拉,"摩托罗拉 耳机, 全尺寸",16.0,186.144
A1002624,2020/8/17,AS-10090,标准级,华北,天津,技术,配件,Enermax,"Enermax 路由器, 实惠",13.0,353.568
A1002625,2020/8/18,LS-16975,标准级,华东,浙江,办公用品,收纳具,Eldon,"Eldon 盒, 工业",20.0,81.98
A1002631,2020/8/19,SA-20830,一级,华北,内蒙古,办公用品,装订机,Wilson Jones,"Wilson Jones 装订机盖, 实惠",29.0,14.624
A1002626,2020/8/19,SA-20830,二级,华北,河北,家具,用具,Eldon,"Eldon 框架, 优质",10.0,697.16
A1002632,2020/8/19,SA-20830,二级,华东,安徽,办公用品,器具,Breville,"Breville 烤面包机, 白色",40.0,30.93
A1002632,2020/8/19,SA-20830,二级,华东,安徽,办公用品,收纳具,Fellowes,"Fellowes 盒, 单宽度",14.0,27.496
A1002632,2020/8/19,LS-17200,二级,华东,安徽,技术,复印机,Hewlett,"Hewlett 传真复印机, 彩色",40.0,605.34
A1002628,2020/8/19,TM-21490,标准级,西南,四川,办公用品,纸张,SanDisk,"SanDisk 计划信息表, 回收",19.0,210.008
A1002629,2020/8/19,TT-21265,二级,华东,山东,办公用品,装订机,Wilson Jones,"Wilson Jones 订书机, 回收",27.0,54.96
A1002627,2020/8/19,DN-13690,二级,华东,山东,技术,配件,贝尔金,"贝尔金 路由器, 回收",17.0,164.22
A1002629,2020/8/19,DN-13690,二级,华东,山东,技术,设备,松下,"松下 打印机, 耐用",30.0,362.94
A1002630,2020/8/19,DN-13690,标准级,华北,河北,办公用品,用品,Stiletto,"Stiletto 美工刀, 钢",35.0,59.98
A1002630,2020/8/19,EB-14110,标准级,华北,河北,技术,设备,冲电器,"冲电器 打印机, 白色",8.0,332.94
A1002635,2020/8/20,EB-14110,一级,华东,福建,办公用品,收纳具,Fellowes,"Fellowes 文件车, 单宽度",13.0,39.872
A1002635,2020/8/20,CM-11815,一级,华东,福建,办公用品,标签,Avery,"Avery 有色标签, 耐用",29.0,13.68
A1002635,2020/8/20,HM-14860,一级,华东,福建,办公用品,系固件,Accos,"Accos 夹子, 金属",17.0,3.318
A1002635,2020/8/20,KM-16375,一级,华东,福建,办公用品,美术,BIC,"BIC 画布, 混合尺寸",21.0,10.44
A1002635,2020/8/20,BF-11020,一级,华东,福建,家具,椅子,Novimex,"Novimex 扶手椅, 每套两件",22.0,136.464
A1002634,2020/8/20,BF-11020,二级,东北,吉林,办公用品,装订机,Ibico,"Ibico 孔加固材料, 耐用",36.0,333.576
A1002634,2020/8/20,BF-11020,二级,东北,吉林,家具,用具,Tenex,"Tenex 门挡, 优质",20.0,12.544
A1002637,2020/8/20,JE-15745,二级,西南,云南,办公用品,信封,GlobeWeis,"GlobeWeis 局间信封, 每套 50 个",20.0,20.768
A1002637,2020/8/20,EJ-14155,二级,西南,云南,家具,用具,Tenex,"Tenex 相框, 耐用",14.0,43.5
A1002633,2020/8/20,BN-11470,二级,华东,福建,办公用品,标签,Avery,"Avery 可去除的标签, 红色",8.0,12.576
A1002633,2020/8/20,EC-14050,二级,华东,福建,办公用品,装订机,Wilson Jones,"Wilson Jones 装订机, 透明",22.0,249.95
A1002636,2020/8/20,EC-14050,标准级,西南,四川,办公用品,收纳具,Fellowes,"Fellowes 盒, 金属",18.0,49.12
A1002633,2020/8/20,TT-21220,二级,华东,福建,家具,椅子,Harbour Creations,"Harbour Creations 沙滩椅, 黑色",24.0,182.91
A1002637,2020/8/20,NP-18685,标准级,西南,云南,办公用品,装订机,Acco,"Acco 打孔机, 耐用",15.0,107.648
A1002637,2020/8/20,AH-10195,标准级,西南,云南,家具,椅子,Harbour Creations,"Harbour Creations 椅垫, 可调",25.0,99.372
A1002645,2020/8/21,AH-10195,当日,华北,山西,技术,复印机,佳能,"佳能 墨水, 每套两件",27.0,33.568
A1002646,2020/8/21,CC-12145,一级,华东,山东,办公用品,标签,Smead,"Smead 圆形标签, 可调",6.0,10.56
A1002647,2020/8/21,DL-13315,一级,中南,湖南,办公用品,器具,Breville,"Breville 搅拌机, 白色",15.0,38.88
A1002648,2020/8/21,XP-21865,二级,中南,广东,办公用品,收纳具,Tenex,"Tenex 锁柜, 单宽度",28.0,35.2
A1002640,2020/8/21,MA-17560,二级,中南,广东,家具,椅子,Novimex,"Novimex 扶手椅, 可调",28.0,45.528
A1002640,2020/8/21,SZ-20035,二级,中南,广东,家具,用具,Tenex,"Tenex 门挡, 耐用",16.0,196.776
A1002648,2020/8/21,SZ-20035,二级,中南,广东,家具,书架,Bush,"Bush 柜, 黑色",21.0,2.92
A1002648,2020/8/21,SZ-20035,二级,中南,广东,家具,椅子,Safco,"SAFCO 折叠椅, 红色",40.0,200.795
A1002640,2020/8/21,SZ-20035,二级,中南,广东,技术,复印机,夏普,"夏普 复印机, 每套两件",3.0,46.688
A1002642,2020/8/21,SZ-20035,一级,华东,山东,办公用品,标签,Novimex,"Novimex 运输标签, 耐用",38.0,21.864
A1002642,2020/8/21,CS-11845,一级,华东,山东,办公用品,装订机,Acco,"Acco 订书机, 回收",15.0,11.76
A1002642,2020/8/21,CS-11845,一级,华东,山东,家具,用具,Deflect-O,"Deflect-O 闹钟, 一包多件",13.0,167.94
A1002641,2020/8/21,CS-11845,二级,华东,山东,办公用品,装订机,Acco,"Acco 装订机, 耐用",32.0,3.89
A1002643,2020/8/21,MH-18115,标准级,华北,山西,办公用品,信封,Jiffy,"Jiffy 局间信封, 银色",7.0,52.44
A1002643,2020/8/21,CB-12025,标准级,华北,山西,办公用品,器具,Breville,"Breville 冰箱, 银色",29.0,32.36
A1002643,2020/8/21,CB-12025,标准级,华北,山西,办公用品,纸张,Eaton,"Eaton 羊皮纸, 每包 12 个",34.0,406.6
A1002638,2020/8/21,JO-15145,标准级,华北,河北,办公用品,信封,Cameo,"Cameo 局间信封, 回收",35.0,27.92
A1002638,2020/8/21,JO-15145,标准级,华北,河北,办公用品,收纳具,Smead,"Smead 盒, 单宽度",33.0,399.672
A1002644,2020/8/21,PA-19060,标准级,华东,浙江,办公用品,信封,GlobeWeis,"GlobeWeis 外皮和封条, 每套 50 个",9.0,3.744
A1002639,2020/8/21,SV-20785,标准级,华北,河北,办公用品,收纳具,Tenex,"Tenex 盒, 蓝色",23.0,715.2
A1002658,2020/8/22,KL-16555,当日,东北,黑龙江,技术,复印机,夏普,"夏普 无线传真机, 彩色",31.0,159.8
A1002651,2020/8/22,KL-16555,标准级,华东,安徽,办公用品,系固件,Stockwell,"Stockwell 回形针, 整包",27.0,44.75
A1002657,2020/8/22,BC-11125,标准级,华东,山东,办公用品,标签,Avery,"Avery 圆形标签, 耐用",35.0,340.116
A1002657,2020/8/22,PO-18850,标准级,华东,山东,办公用品,标签,Harbour Creations,"Harbour Creations 合法证物标签, 可调",37.0,105.52
A1002657,2020/8/22,AG-10675,标准级,华东,山东,办公用品,系固件,Accos,"Accos 按钉, 金属",7.0,13.48
A1002657,2020/8/22,DB-13210,标准级,华东,山东,办公用品,装订机,Avery,"Avery 打孔机, 实惠",32.0,85.52
A1002653,2020/8/22,SP-20860,标准级,中南,湖北,家具,椅子,Harbour Creations,"Harbour Creations 摇椅, 黑色",12.0,6.16
A1002653,2020/8/22,SP-20860,标准级,中南,湖北,家具,椅子,Safco,"SAFCO 扶手椅, 每套两件",40.0,36.84
A1002657,2020/8/22,Dl-13600,标准级,华东,山东,技术,配件,Memorex,"Memorex 鼠标, 耐用",7.0,15.84
A1002654,2020/8/22,Dl-13600,标准级,华北,内蒙古,办公用品,收纳具,Fellowes,"Fellowes 盘, 金属",5.0,44.4
A1002650,2020/8/22,LH-17020,二级,西南,重庆,办公用品,纸张,施乐,"施乐 令, 每包 12 个",20.0,21.24
A1002650,2020/8/22,LH-17020,二级,西南,重庆,办公用品,装订机,Avery,"Avery 打孔机, 实惠",20.0,9.552
A1002652,2020/8/22,LH-17020,二级,华北,天津,办公用品,纸张,SanDisk,"SanDisk 信纸, 每包 12 个",9.0,89.991
A1002652,2020/8/22,AD-10180,二级,华北,天津,办公用品,纸张,施乐,"施乐 计划信息表, 多色",35.0,163.96
A1002655,2020/8/22,KT-16465,标准级,华东,山东,办公用品,装订机,Cardinal,"Cardinal 孔加固材料, 实惠",40.0,17.904
A1002654,2020/8/22,KT-16465,标准级,华北,内蒙古,家具,椅子,Safco,"SAFCO 摇椅, 每套两件",4.0,966.7
A1002650,2020/8/22,KT-16465,二级,西南,重庆,家具,椅子,Harbour Creations,"Harbour Creations 折叠椅, 可调",5.0,182.112
A1002652,2020/8/22,PJ-19015,二级,华北,天津,技术,复印机,Brother,"Brother 无线传真机, 数字化",16.0,4.464
A1002656,2020/8/22,MC-18100,标准级,华东,安徽,办公用品,收纳具,Fellowes,"Fellowes 锁柜, 金属",23.0,51.588
A1002656,2020/8/22,BO-11350,标准级,华东,安徽,办公用品,系固件,Stockwell,"Stockwell 按钉, 金属",7.0,50.4
A1002649,2020/8/22,DP-13000,标准级,华东,福建,办公用品,纸张,Green Bar,"Green Bar 羊皮纸, 回收",10.0,89.568
A1002663,2020/8/23,TM-21490,一级,西北,青海,办公用品,信封,Jiffy,"Jiffy 马尼拉纸信封, 回收",32.0,14.89
A1002659,2020/8/23,TM-21490,一级,华东,福建,办公用品,纸张,施乐,"施乐 备忘录便条, 回收",36.0,543.92
A1002660,2020/8/23,DV-13045,一级,东北,辽宁,办公用品,装订机,Avery,"Avery 标签, 透明",9.0,4.08
A1002662,2020/8/23,DV-13045,标准级,华北,河北,办公用品,收纳具,Tenex,"Tenex 文件车, 金属",8.0,18.9
A1002662,2020/8/23,AH-10690,标准级,华北,河北,办公用品,纸张,Enermax,"Enermax 备忘录便条, 回收",6.0,2275.5
A1002662,2020/8/23,AH-10690,标准级,华北,河北,办公用品,纸张,Enermax,"Enermax 笔记本, 多色",32.0,1979.7
A1002661,2020/8/23,AH-10690,标准级,中南,广东,技术,设备,冲电器,"冲电器 喷墨打印机, 白色",8.0,62.1
A1002661,2020/8/23,AB-10165,标准级,中南,广东,技术,配件,SanDisk,"SanDisk 闪存驱动器, 回收",29.0,37.296
A1002665,2020/8/24,JS-15940,当日,中南,湖北,技术,电话,三星,"三星 智能手机, 混合尺寸",26.0,8.544
A1002664,2020/8/24,BV-11245,标准级,中南,广东,家具,书架,Bush,"Bush 书架, 金属",36.0,68.95
A1002668,2020/8/26,BV-11245,一级,东北,黑龙江,办公用品,装订机,Wilson Jones,"Wilson Jones 装订机, 回收",5.0,296.37
A1002668,2020/8/26,BV-11245,一级,东北,黑龙江,家具,椅子,Office Star,"Office Star 椅垫, 黑色",5.0,39.98
A1002666,2020/8/26,NC-18415,标准级,华东,上海,技术,配件,Memorex,"Memorex 路由器, 回收",11.0,191.058
A1002669,2020/8/26,NC-18415,标准级,华东,安徽,办公用品,收纳具,Tenex,"Tenex 文件夹, 蓝色",6.0,13.04
A1002667,2020/8/26,NC-18415,标准级,华东,安徽,办公用品,系固件,Stockwell,"Stockwell 夹子, 金属",24.0,1525.188
A1002670,2020/8/27,SU-20665,当日,东北,黑龙江,办公用品,器具,Hamilton Beach,"Hamilton Beach 咖啡研磨机, 白色",28.0,9.216
A1002670,2020/8/27,SU-20665,当日,东北,黑龙江,办公用品,用品,Acme,"Acme 开信刀, 锯齿状",6.0,28.048
A1002675,2020/8/27,DJ-13510,二级,中南,广东,办公用品,装订机,Acco,"Acco 装订机, 回收",3.0,64.96
A1002672,2020/8/27,DJ-13510,二级,华北,内蒙古,家具,书架,Safco,"Safco 墙角架, 白色",7.0,30.56
A1002671,2020/8/27,DL-12865,标准级,西南,重庆,办公用品,收纳具,Fellowes,"Fellowes 搁板, 单宽度",18.0,187.056
A1002673,2020/8/27,Dp-13240,标准级,东北,黑龙江,家具,椅子,Harbour Creations,"Harbour Creations 摇椅, 红色",5.0,11.808
A1002673,2020/8/27,Dp-13240,标准级,东北,黑龙江,家具,椅子,Hon,"Hon 扶手椅, 每套两件",6.0,9.656
A1002671,2020/8/27,Dp-13240,标准级,西南,重庆,家具,椅子,Hon,"Hon 沙滩椅, 可调",12.0,20.736
A1002671,2020/8/27,Dp-13240,标准级,西南,重庆,技术,电话,苹果,"苹果 信号增强器, 全尺寸",33.0,27.36
A1002670,2020/8/27,Dp-13240,二级,东北,黑龙江,办公用品,装订机,Avery,"Avery 打孔机, 回收",39.0,2314.116
A1002674,2020/8/27,Dp-13240,标准级,东北,辽宁,家具,椅子,Harbour Creations,"Harbour Creations 扶手椅, 每套两件",39.0,34.236
A1002681,2020/8/28,Dp-13240,当日,中南,湖北,家具,书架,Safco,"Safco 古典书架, 金属",33.0,19.76
A1002682,2020/8/28,TM-21010,当日,华东,山东,家具,椅子,Office Star,"Office Star 摇椅, 红色",34.0,15.96
A1002680,2020/8/28,TZ-21580,二级,华北,北京,家具,椅子,Safco,"SAFCO 沙滩椅, 可调",16.0,16.9
A1002683,2020/8/28,TZ-21580,二级,东北,吉林,办公用品,装订机,Cardinal,"Cardinal 孔加固材料, 透明",37.0,25.08
A1002683,2020/8/28,SC-20260,二级,东北,吉林,家具,椅子,Novimex,"Novimex 椅垫, 黑色",31.0,6.68
A1002677,2020/8/28,LS-17230,二级,中南,广东,技术,复印机,佳能,"佳能 无线传真机, 红色",20.0,19.44
A1002678,2020/8/28,MV-18190,标准级,华北,河北,家具,书架,Dania,"Dania 书库, 金属",20.0,31.92
A1002679,2020/8/28,BD-11620,二级,华北,河北,办公用品,器具,Cuisinart,"Cuisinart 冰箱, 红色",12.0,33.568
A1002676,2020/8/28,CV-12295,标准级,西北,甘肃,办公用品,收纳具,Fellowes,"Fellowes 锁柜, 金属",22.0,63.94
A1002679,2020/8/28,CV-12295,二级,华北,河北,技术,配件,Memorex,"Memorex 记忆卡, 耐用",38.0,60.6
A1002686,2020/8/29,CV-12295,一级,中南,广东,办公用品,用品,Elite,"Elite 剪刀, 钢",38.0,22.72
A1002684,2020/8/29,KB-16315,二级,华东,山东,办公用品,收纳具,Tenex,"Tenex 文件车, 蓝色",11.0,10.68
A1002685,2020/8/29,KB-16315,二级,中南,广东,家具,书架,Bush,"Bush 柜, 白色",13.0,17.34
A1002685,2020/8/29,KB-16315,二级,中南,广东,家具,椅子,Novimex,"Novimex 沙滩椅, 每套两件",27.0,3.38
A1002686,2020/8/29,ME-18010,一级,中南,广东,家具,椅子,Novimex,"Novimex 扶手椅, 红色",3.0,26.976
A1002690,2020/8/30,AJ-10780,当日,西南,云南,办公用品,器具,KitchenAid,"KitchenAid 烤面包机, 白色",38.0,307.776
A1002687,2020/8/30,DV-13465,当日,华东,福建,办公用品,系固件,Stockwell,"Stockwell 橡皮筋, 金属",25.0,244.55
A1002689,2020/8/30,DV-13465,当日,中南,广东,技术,电话,三星,"三星 充电器, 蓝色",22.0,12.24
A1002687,2020/8/30,DV-13465,当日,华东,福建,技术,电话,三星,"三星 充电器, 全尺寸",12.0,13.98
A1002690,2020/8/30,DV-13465,标准级,西南,云南,办公用品,用品,Fiskars,"Fiskars 剪刀, 锯齿状",7.0,899.95
A1002690,2020/8/30,JK-15325,标准级,西南,云南,办公用品,系固件,Stockwell,"Stockwell 图钉, 整包",6.0,1.632
A1002690,2020/8/30,JK-15325,标准级,西南,云南,家具,书架,Sauder,"Sauder 柜, 传统",15.0,267.96
A1002688,2020/8/30,SH-20395,标准级,华东,浙江,家具,用具,Eldon,"Eldon 灯泡, 优质",27.0,31.95
A1002691,2020/8/31,SC-20725,一级,中南,广东,办公用品,装订机,Cardinal,"Cardinal 打孔机, 耐用",38.0,725.84
A1002692,2020/9/1,SC-20725,标准级,中南,广东,技术,复印机,Hewlett,"Hewlett 无线传真机, 彩色",40.0,10.896
A1002693,2020/9/2,SC-20725,二级,华北,河北,办公用品,收纳具,Rogers,"Rogers 锁柜, 工业",21.0,8.544
A1002699,2020/9/2,CS-12250,二级,西北,新疆,办公用品,用品,Stiletto,"Stiletto 大剪刀, 蓝色",31.0,32.34
A1002699,2020/9/2,CS-12250,二级,西北,新疆,办公用品,系固件,OIC,"OIC 图钉, 每包 12 个",6.0,39.9
A1002699,2020/9/2,LH-16900,二级,西北,新疆,办公用品,纸张,Enermax,"Enermax 备忘录便条, 优质",38.0,143.856
A1002699,2020/9/2,YC-21895,二级,西北,新疆,办公用品,纸张,SanDisk,"SanDisk 羊皮纸, 多色",12.0,41.92
A1002699,2020/9/2,YC-21895,二级,西北,新疆,办公用品,装订机,Cardinal,"Cardinal 装订机盖, 耐用",35.0,329.584
A1002699,2020/9/2,CY-12745,二级,西北,新疆,家具,椅子,Office Star,"Office Star 沙滩椅, 每套两件",19.0,87.28
A1002699,2020/9/2,AH-10030,二级,西北,新疆,家具,用具,Tenex,"Tenex 相框, 优质",38.0,279.456
A1002694,2020/9/2,AH-10030,一级,华东,上海,办公用品,纸张,SanDisk,"SanDisk 备忘录便条, 优质",8.0,8.0
A1002695,2020/9/2,AR-10540,标准级,中南,广西,办公用品,美术,Binney & Smith,"Binney & Smith 记号笔, 蓝色",13.0,27.24
A1002697,2020/9/2,SS-20590,二级,东北,黑龙江,办公用品,信封,Jiffy,"Jiffy 马尼拉纸信封, 红色",31.0,16.36
A1002697,2020/9/2,SS-20590,二级,东北,黑龙江,办公用品,收纳具,Fellowes,"Fellowes 文件夹, 金属",20.0,15.78
A1002697,2020/9/2,SS-20590,二级,东北,黑龙江,办公用品,纸张,施乐,"施乐 羊皮纸, 多色",8.0,45.98
A1002700,2020/9/2,DW-13585,标准级,华东,山东,技术,设备,柯尼卡,"柯尼卡 卡片打印机, 耐用",31.0,198.272
A1002698,2020/9/2,NC-18625,标准级,西北,陕西,办公用品,收纳具,Fellowes,"Fellowes 文件车, 蓝色",4.0,720.76
A1002698,2020/9/2,CD-11920,标准级,西北,陕西,办公用品,装订机,Avery,"Avery 装订机盖, 实惠",20.0,70.56
A1002701,2020/9/2,CD-11920,标准级,西北,陕西,办公用品,信封,Cameo,"Cameo 马尼拉纸信封, 回收",28.0,81.96
A1002696,2020/9/2,DW-13195,标准级,中南,广西,家具,书架,宜家,"宜家 柜, 白色",3.0,64.864
A1002702,2020/9/3,EH-13990,二级,华东,山东,办公用品,器具,Hamilton Beach,"Hamilton Beach 烤面包机, 红色",10.0,151.192
A1002702,2020/9/3,BD-11320,二级,华东,山东,办公用品,器具,Hamilton Beach,"Hamilton Beach 烤面包机, 红色",25.0,88.776
A1002702,2020/9/3,BD-11320,二级,华东,山东,办公用品,器具,KitchenAid,"KitchenAid 烤面包机, 红色",12.0,11.56
A1002702,2020/9/3,BD-11320,二级,华东,山东,办公用品,用品,Kleencut,"Kleencut 剪刀, 钢",13.0,15.58
A1002702,2020/9/3,KH-16630,二级,华东,山东,办公用品,系固件,Stockwell,"Stockwell 按钉, 整包",16.0,85.056
A1002702,2020/9/3,NH-18610,二级,华东,山东,家具,椅子,Office Star,"Office Star 凳子, 红色",7.0,273.96
A1002708,2020/9/3,NH-18610,二级,中南,湖南,办公用品,美术,Boston,"Boston 画布, 蓝色",22.0,306.9
A1002707,2020/9/3,AG-10495,二级,华东,福建,办公用品,收纳具,Rogers,"Rogers 锁柜, 单宽度",23.0,15.552
A1002706,2020/9/3,AG-10495,二级,东北,吉林,家具,书架,Sauder,"Sauder 书架, 黑色",17.0,347.361
A1002705,2020/9/3,AG-10495,标准级,东北,黑龙江,办公用品,收纳具,Fellowes,"Fellowes 文件夹, 金属",33.0,10.368
A1002703,2020/9/3,RP-19855,标准级,华东,山东,办公用品,纸张,SanDisk,"SanDisk 信纸, 每包 12 个",34.0,98.16
A1002703,2020/9/3,RP-19855,标准级,华东,山东,家具,椅子,Novimex,"Novimex 凳子, 黑色",34.0,31.44
A1002709,2020/9/3,NB-18655,标准级,华北,河北,技术,复印机,Brother,"Brother 复印机, 红色",19.0,348.488
A1002704,2020/9/3,NB-18655,标准级,华北,天津,办公用品,信封,Cameo,"Cameo 外皮和封条, 红色",20.0,172.736
A1002704,2020/9/3,JM-15580,标准级,华北,天津,技术,配件,贝尔金,"贝尔金 键区, 回收",35.0,15.54
A1002712,2020/9/4,JM-15580,当日,华北,山西,办公用品,装订机,Wilson Jones,"Wilson Jones 装订机盖, 耐用",5.0,105.552
A1002710,2020/9/4,DM-13525,一级,东北,吉林,办公用品,器具,Hamilton Beach,"Hamilton Beach 炉灶, 黑色",10.0,25.92
A1002710,2020/9/4,DM-13525,一级,东北,吉林,办公用品,美术,Sanford,"Sanford 画布, 蓝色",19.0,15.808
A1002710,2020/9/4,DM-13525,一级,东北,吉林,办公用品,美术,Stanley,"Stanley 画布, 整包",19.0,10.368
A1002710,2020/9/4,CC-12220,一级,东北,吉林,办公用品,装订机,Acco,"Acco 订书机, 回收",15.0,358.2
A1002710,2020/9/4,CC-12220,一级,东北,吉林,家具,椅子,Office Star,"Office Star 折叠椅, 红色",35.0,545.916
A1002710,2020/9/4,GA-14725,一级,东北,吉林,家具,椅子,Safco,"SAFCO 扶手椅, 可调",32.0,40.41
A1002710,2020/9/4,CV-12805,一级,东北,吉林,技术,复印机,Brother,"Brother 个人复印机, 红色",33.0,167.976
A1002713,2020/9/4,CV-12805,二级,华东,浙江,办公用品,标签,Hon,"Hon 可去除的标签, 可调",18.0,109.53
A1002711,2020/9/4,CV-12805,标准级,华东,浙江,办公用品,用品,Kleencut,"Kleencut 尺子, 蓝色",8.0,9.82
A1002713,2020/9/4,NC-18535,二级,华东,浙江,家具,椅子,Office Star,"Office Star 扶手椅, 可调",10.0,26.352
A1002711,2020/9/4,GR-14560,标准级,华东,浙江,家具,用具,Tenex,"Tenex 分层置放架, 耐用",27.0,22.5
A1002713,2020/9/4,GR-14560,二级,华东,浙江,技术,配件,SanDisk,"SanDisk 键盘, 实惠",13.0,9.96
A1002711,2020/9/4,GR-14560,标准级,华东,浙江,技术,配件,贝尔金,"贝尔金 路由器, 回收",24.0,213.08
A1002720,2020/9/5,GR-14560,一级,中南,河南,办公用品,收纳具,Rogers,"Rogers 盘, 蓝色",19.0,1025.88
A1002720,2020/9/5,JG-15805,一级,中南,河南,办公用品,收纳具,Smead,"Smead 搁板, 蓝色",16.0,21.98
A1002714,2020/9/5,EB-13750,二级,东北,辽宁,办公用品,美术,Sanford,"Sanford 荧光笔, 整包",36.0,63.2
A1002720,2020/9/5,MC-17605,一级,中南,河南,技术,复印机,佳能,"佳能 无线传真机, 红色",13.0,39.0
A1002720,2020/9/5,BM-11650,一级,中南,河南,技术,电话,思科,"思科 智能手机, 蓝色",35.0,2.907
A1002720,2020/9/5,HF-14995,一级,中南,河南,技术,配件,Memorex,"Memorex 键区, 回收",27.0,556.665
A1002714,2020/9/5,ML-18265,二级,东北,辽宁,技术,设备,柯尼卡,"柯尼卡 喷墨打印机, 耐用",2.0,71.98
A1002716,2020/9/5,ML-18265,二级,西南,四川,办公用品,信封,Cameo,"Cameo 外皮和封条, 银色",20.0,79.98
A1002715,2020/9/5,AH-10195,标准级,东北,吉林,办公用品,标签,Harbour Creations,"Harbour Creations 文件夹标签, 红色",25.0,24.672
A1002715,2020/9/5,AH-10195,标准级,东北,吉林,办公用品,用品,Kleencut,"Kleencut 大剪刀, 蓝色",17.0,3.744
A1002715,2020/9/5,TZ-21580,标准级,东北,吉林,办公用品,用品,Kleencut,"Kleencut 美工刀, 钢",17.0,445.96
A1002719,2020/9/5,TZ-21580,标准级,华东,安徽,家具,书架,Dania,"Dania 柜, 黑色",29.0,36.24
A1002719,2020/9/5,TZ-21580,标准级,华东,安徽,技术,电话,三星,"三星 音频基座, 混合尺寸",34.0,10.65
A1002718,2020/9/5,DM-13345,标准级,华东,山东,办公用品,标签,Smead,"Smead 文件夹标签, 耐用",25.0,87.92
A1002717,2020/9/5,DM-13345,二级,华东,上海,家具,书架,Safco,"Safco 古典书架, 黑色",29.0,22.424
A1002721,2020/9/5,DM-13345,标准级,西北,甘肃,家具,用具,Deflect-O,"Deflect-O 闹钟, 黑色",18.0,90.48
A1002725,2020/9/6,DM-13345,一级,华东,安徽,技术,电话,三星,"三星 智能手机, 混合尺寸",4.0,42.76
A1002722,2020/9/6,TS-21505,标准级,中南,广东,办公用品,收纳具,Eldon,"Eldon 文件车, 工业",8.0,10.08
A1002724,2020/9/6,TS-21505,标准级,华北,北京,办公用品,标签,Novimex,"Novimex 运输标签, 白色",21.0,101.34
A1002723,2020/9/6,TB-21625,标准级,中南,广东,办公用品,器具,Breville,"Breville 搅拌机, 银色",26.0,224.75
A1002723,2020/9/6,LC-16870,标准级,中南,广东,家具,椅子,Novimex,"Novimex 沙滩椅, 黑色",20.0,73.176
A1002726,2020/9/7,LC-16870,标准级,华北,河北,技术,电话,苹果,"苹果 音频基座, 蓝色",17.0,20.736
A1002728,2020/9/9,LC-16870,一级,中南,广东,办公用品,信封,Cameo,"Cameo 马尼拉纸信封, 红色",21.0,39.984
A1002728,2020/9/9,AM-10360,一级,中南,广东,技术,电话,思科,"思科 耳机, 全尺寸",34.0,15.36
A1002729,2020/9/9,JE-15715,二级,华北,天津,办公用品,系固件,Accos,"Accos 订书钉, 金属",20.0,36.288
A1002729,2020/9/9,JE-15715,二级,华北,天津,办公用品,装订机,Wilson Jones,"Wilson Jones 装订机盖, 实惠",4.0,150.384
A1002729,2020/9/9,CS-11950,二级,华北,天津,技术,配件,Enermax,"Enermax 键盘, 可编程",8.0,280.782
A1002731,2020/9/9,CS-11950,标准级,中南,湖南,办公用品,系固件,Stockwell,"Stockwell 按钉, 每包 12 个",40.0,31.984
A1002730,2020/9/9,PF-19225,标准级,西南,四川,办公用品,标签,Smead,"Smead 合法证物标签, 红色",9.0,11.232
A1002727,2020/9/9,PJ-18835,标准级,中南,广东,办公用品,系固件,Accos,"Accos 夹子, 金属",9.0,26.4
A1002738,2020/9/10,JF-15490,一级,中南,湖南,办公用品,器具,KitchenAid,"KitchenAid 烤面包机, 黑色",25.0,3.52
A1002738,2020/9/10,NM-18520,一级,中南,湖南,办公用品,装订机,Cardinal,"Cardinal 标签, 耐用",9.0,1649.95
A1002734,2020/9/10,NM-18520,一级,东北,黑龙江,家具,椅子,Office Star,"Office Star 凳子, 每套两件",6.0,111.9
A1002734,2020/9/10,MH-17290,一级,东北,黑龙江,家具,用具,Rubbermaid,"Rubvermaid 分层置放架, 一包多件",8.0,599.165
A1002738,2020/9/10,SZ-20035,一级,中南,湖南,家具,椅子,Harbour Creations,"Harbour Creations 摇椅, 每套两件",6.0,46.53
A1002736,2020/9/10,PR-18880,二级,中南,湖南,办公用品,纸张,施乐,"施乐 笔记本, 每包 12 个",19.0,31.984
A1002732,2020/9/10,FC-14245,标准级,中南,湖北,办公用品,系固件,Advantus,"Advantus 回形针, 每包 12 个",25.0,161.568
A1002735,2020/9/10,FC-14245,标准级,华东,山东,技术,电话,思科,"思科 充电器, 混合尺寸",21.0,4.064
A1002732,2020/9/10,FC-14245,标准级,中南,湖北,技术,电话,三星,"三星 智能手机, 整包",33.0,6.216
A1002733,2020/9/10,LH-16750,标准级,西南,贵州,办公用品,信封,Kraft,"Kraft 局间信封, 银色",6.0,8.896
A1002737,2020/9/10,RM-19675,标准级,华北,河北,办公用品,收纳具,Tenex,"Tenex 文件车, 蓝色",24.0,1640.7
A1002737,2020/9/10,RM-19675,标准级,华北,河北,技术,电话,摩托罗拉,"摩托罗拉 耳机, 混合尺寸",37.0,270.0
A1002742,2020/9/11,DM-13525,二级,华北,天津,办公用品,器具,Hamilton Beach,"Hamilton Beach 微波炉, 红色",29.0,19.52
A1002739,2020/9/11,DM-13525,一级,华东,山东,办公用品,系固件,OIC,"OIC 订书钉, 金属",18.0,9.81
A1002739,2020/9/11,DM-13525,一级,华东,山东,办公用品,系固件,Stockwell,"Stockwell 订书钉, 金属",22.0,213.216
A1002743,2020/9/11,EH-14185,一级,东北,吉林,技术,复印机,夏普,"夏普 个人复印机, 红色",34.0,588.784
A1002740,2020/9/11,TC-21295,标准级,华东,福建,办公用品,收纳具,Tenex,"Tenex 锁柜, 工业",13.0,2.064
A1002744,2020/9/11,AI-10855,标准级,东北,黑龙江,办公用品,信封,Cameo,"Cameo 邮寄品, 每套 50 个",29.0,6.368
A1002744,2020/9/11,JM-15535,标准级,东北,黑龙江,技术,设备,冲电器,"冲电器 计算器, 白色",15.0,99.6
A1002741,2020/9/11,JM-15535,标准级,华北,山西,办公用品,装订机,Wilson Jones,"Wilson Jones 打孔机, 回收",16.0,62.296
A1002741,2020/9/11,JM-15535,标准级,华北,山西,技术,复印机,Hewlett,"Hewlett 传真机, 数字化",4.0,10.71
A1002745,2020/9/11,BE-11335,标准级,中南,河南,家具,椅子,Office Star,"Office Star 扶手椅, 黑色",8.0,20.936
A1002746,2020/9/12,DR-12880,二级,华东,上海,办公用品,标签,Hon,"Hon 合法证物标签, 白色",17.0,33.0
A1002748,2020/9/12,DR-12880,二级,西南,云南,办公用品,信封,Cameo,"Cameo 商业信封, 银色",8.0,249.95
A1002748,2020/9/12,TA-21385,二级,西南,云南,办公用品,纸张,SanDisk,"SanDisk 信纸, 每包 12 个",8.0,357.93
A1002748,2020/9/12,TA-21385,二级,西南,云南,办公用品,美术,Stanley,"Stanley 速写本, 整包",22.0,57.4
A1002748,2020/9/12,TA-21385,二级,西南,云南,技术,设备,StarTech,"StarTech 卡片打印机, 多色",10.0,331.96
A1002748,2020/9/12,TA-21385,二级,西南,云南,技术,配件,Enermax,"Enermax 记忆卡, 回收",5.0,40.56
A1002750,2020/9/12,KN-16705,标准级,西南,四川,办公用品,美术,BIC,"BIC 铅笔刀, 金属",19.0,86.2
A1002749,2020/9/12,PJ-18835,标准级,东北,辽宁,办公用品,纸张,Enermax,"Enermax 备忘录便条, 回收",10.0,38.016
A1002747,2020/9/12,MC-17605,标准级,中南,湖南,办公用品,器具,Breville,"Breville 搅拌机, 红色",5.0,8.384
A1002747,2020/9/12,MC-17605,标准级,中南,湖南,办公用品,器具,KitchenAid,"KitchenAid 冰箱, 红色",22.0,6.848
A1002747,2020/9/12,BS-11755,标准级,中南,湖南,技术,电话,三星,"三星 音频基座, 整包",14.0,19.6
A1002752,2020/9/13,BS-11755,一级,华东,山东,办公用品,用品,Elite,"Elite 剪刀, 蓝色",35.0,68.46
A1002752,2020/9/13,PK-19075,一级,华东,山东,办公用品,纸张,Enermax,"Enermax 备忘录便条, 回收",17.0,13.344
A1002752,2020/9/13,PK-19075,一级,华东,山东,办公用品,美术,Stanley,"Stanley 速写本, 金属",15.0,1478.272
A1002752,2020/9/13,TS-21205,一级,华东,山东,家具,椅子,Novimex,"Novimex 摇椅, 黑色",16.0,16.272
A1002754,2020/9/13,BD-11725,标准级,东北,吉林,办公用品,收纳具,Tenex,"Tenex 锁柜, 单宽度",20.0,9.24
A1002753,2020/9/13,TS-21340,标准级,华北,天津,办公用品,用品,Stiletto,"Stiletto 修剪器, 锯齿状",10.0,32.34
A1002754,2020/9/13,TS-21340,标准级,东北,吉林,技术,电话,思科,"思科 信号增强器, 全尺寸",23.0,56.064
A1002754,2020/9/13,TS-21340,标准级,东北,吉林,技术,配件,Memorex,"Memorex 路由器, 实惠",2.0,108.72
A1002756,2020/9/13,TS-21340,标准级,华东,山东,办公用品,信封,Cameo,"Cameo 外皮和封条, 每套 50 个",19.0,181.47
A1002756,2020/9/13,ST-20530,标准级,华东,山东,办公用品,纸张,Enermax,"Enermax 令, 优质",8.0,16.176
A1002756,2020/9/13,DB-13210,标准级,华东,山东,技术,电话,三星,"三星 音频基座, 混合尺寸",7.0,122.352
A1002751,2020/9/13,KF-16285,标准级,华东,江苏,办公用品,纸张,Enermax,"Enermax 令, 每包 12 个",38.0,585.552
A1002757,2020/9/13,KF-16285,标准级,中南,湖北,家具,椅子,Safco,"SAFCO 扶手椅, 红色",35.0,19.44
A1002755,2020/9/13,JM-16195,标准级,华东,山东,家具,用具,Eldon,"Eldon 框架, 一包多件",4.0,123.92
A1002751,2020/9/13,TS-21505,标准级,华东,江苏,技术,电话,思科,"思科 耳机, 蓝色",22.0,13.36
A1002758,2020/9/14,TS-21505,二级,华东,安徽,家具,椅子,Harbour Creations,"Harbour Creations 凳子, 红色",31.0,78.256
A1002758,2020/9/14,TS-21505,二级,华东,安徽,家具,椅子,Hon,"Hon 折叠椅, 黑色",11.0,102.018
A1002758,2020/9/14,YC-21895,二级,华东,安徽,技术,复印机,Hewlett,"Hewlett 复印机, 数字化",12.0,750.68
A1002758,2020/9/14,Dp-13240,二级,华东,安徽,技术,电话,三星,"三星 智能手机, 整包",18.0,44.4
A1002759,2020/9/14,Dp-13240,标准级,华北,北京,技术,配件,Enermax,"Enermax 键盘, 回收",20.0,84.55
A1002760,2020/9/16,Dp-13240,当日,中南,河南,技术,配件,Memorex,"Memorex 记忆卡, 实惠",21.0,17.94
A1002761,2020/9/16,SJ-20500,二级,东北,吉林,办公用品,收纳具,Smead,"Smead 搁板, 工业",26.0,128.4
A1002762,2020/9/16,KB-16240,标准级,东北,黑龙江,办公用品,收纳具,Rogers,"Rogers 搁板, 工业",30.0,1.869
A1002762,2020/9/16,CS-12250,标准级,东北,黑龙江,办公用品,用品,Kleencut,"Kleencut 修剪器, 钢",16.0,103.192
A1002762,2020/9/16,CS-12250,标准级,东北,黑龙江,家具,桌子,Bevis,"Bevis 培训桌, 组装",31.0,36.0
A1002763,2020/9/16,CS-12250,标准级,中南,广东,家具,椅子,Hon,"Hon 沙滩椅, 黑色",38.0,239.96
A1002764,2020/9/16,CS-12250,标准级,东北,吉林,办公用品,美术,Stanley,"Stanley 速写本, 混合尺寸",28.0,40.68
A1002765,2020/9/16,EB-13870,标准级,华北,北京,家具,书架,Bush,"Bush 书架, 白色",25.0,419.136
A1002772,2020/9/17,PB-19150,一级,华东,福建,办公用品,用品,Acme,"Acme 尺子, 锯齿状",24.0,23.472
A1002772,2020/9/17,MT-18070,一级,华东,福建,办公用品,系固件,Advantus,"Advantus 订书钉, 金属",30.0,3.592
A1002768,2020/9/17,BF-11020,一级,东北,辽宁,办公用品,信封,Cameo,"Cameo 商业信封, 每套 50 个",19.0,23.976
A1002768,2020/9/17,BF-11020,一级,东北,辽宁,办公用品,装订机,Acco,"Acco 打孔机, 透明",35.0,6.264
A1002772,2020/9/17,BF-11020,一级,华东,福建,技术,复印机,惠普,"惠普 传真机, 红色",16.0,20.808
A1002767,2020/9/17,BF-11020,二级,西北,甘肃,办公用品,收纳具,Fellowes,"Fellowes 盘, 蓝色",20.0,218.352
A1002766,2020/9/17,CG-12520,二级,华东,福建,办公用品,纸张,施乐,"施乐 令, 回收",38.0,18.16
A1002767,2020/9/17,DH-13675,二级,西北,甘肃,家具,书架,Bush,"Bush 书库, 金属",35.0,7.36
A1002767,2020/9/17,DH-13675,二级,西北,甘肃,家具,书架,Dania,"Dania 书库, 白色",35.0,41.4
A1002767,2020/9/17,DH-13675,二级,西北,甘肃,技术,复印机,Brother,"Brother 无线传真机, 每套两件",20.0,411.332
A1002770,2020/9/17,SC-20440,标准级,中南,河南,办公用品,信封,Ames,"Ames 商业信封, 红色",13.0,7.656
A1002770,2020/9/17,HG-15025,标准级,中南,河南,办公用品,信封,GlobeWeis,"GlobeWeis 搭扣信封, 银色",38.0,63.92
A1002770,2020/9/17,MM-18055,标准级,中南,河南,办公用品,收纳具,Smead,"Smead 盘, 金属",27.0,6.56
A1002770,2020/9/17,MM-18055,标准级,中南,河南,办公用品,纸张,施乐,"施乐 信纸, 每包 12 个",22.0,7.83
A1002771,2020/9/17,MM-18055,标准级,华东,山东,办公用品,信封,Ames,"Ames 搭扣信封, 银色",18.0,41.9
A1002769,2020/9/17,MM-18055,标准级,华东,安徽,办公用品,收纳具,Smead,"Smead 盘, 工业",10.0,664.146
A1002769,2020/9/17,MM-18055,标准级,华东,安徽,办公用品,纸张,Green Bar,"Green Bar 笔记本, 优质",8.0,8.96
A1002770,2020/9/17,TH-21115,标准级,中南,河南,家具,桌子,Lesro,"Lesro 电脑桌, 白色",13.0,3.312
A1002769,2020/9/17,TH-21115,标准级,华东,安徽,家具,桌子,Lesro,"Lesro 培训桌, 长方形",25.0,20.136
A1002774,2020/9/18,TH-21115,一级,中南,河南,办公用品,信封,GlobeWeis,"GlobeWeis 马尼拉纸信封, 银色",17.0,8.856
A1002776,2020/9/18,TH-21115,二级,华东,山东,办公用品,用品,Acme,"Acme 美工刀, 锯齿状",27.0,859.2
A1002776,2020/9/18,JE-15745,二级,华东,山东,办公用品,系固件,Advantus,"Advantus 橡皮筋, 金属",4.0,61.96
A1002777,2020/9/18,PG-18820,一级,中南,湖北,家具,用具,Deflect-O,"Deflect-O 闹钟, 一包多件",5.0,17.92
A1002774,2020/9/18,MB-17305,一级,中南,河南,家具,椅子,Harbour Creations,"Harbour Creations 扶手椅, 红色",40.0,145.9
A1002776,2020/9/18,JD-16015,二级,华东,山东,技术,电话,摩托罗拉,"摩托罗拉 耳机, 混合尺寸",6.0,56.704
A1002776,2020/9/18,JD-16015,二级,华东,山东,技术,电话,苹果,"苹果 音频基座, 整包",3.0,11.12
A1002776,2020/9/18,JH-15430,二级,华东,山东,技术,设备,柯尼卡,"柯尼卡 卡片打印机, 耐用",31.0,32.896
A1002778,2020/9/18,JH-15430,标准级,中南,河南,办公用品,收纳具,Rogers,"Rogers 锁柜, 单宽度",10.0,22.776
A1002779,2020/9/18,EN-13780,标准级,东北,吉林,办公用品,用品,Fiskars,"Fiskars 修剪器, 工业",26.0,239.97
A1002775,2020/9/18,EN-13780,标准级,华东,福建,办公用品,系固件,Stockwell,"Stockwell 图钉, 混合尺寸",13.0,160.32
A1002778,2020/9/18,EN-13780,标准级,中南,河南,家具,椅子,Harbour Creations,"Harbour Creations 折叠椅, 可调",19.0,128.85
A1002775,2020/9/18,KC-16255,标准级,华东,福建,家具,用具,Rubbermaid,"Rubvermaid 相框, 一包多件",9.0,1319.96
A1002778,2020/9/18,MS-17980,标准级,中南,河南,技术,复印机,Hewlett,"Hewlett 个人复印机, 每套两件",9.0,239.96
A1002779,2020/9/18,MS-17980,标准级,东北,吉林,技术,设备,冲电器,"冲电器 电话, 耐用",13.0,54.768
A1002773,2020/9/18,MS-17980,标准级,东北,吉林,家具,用具,Rubbermaid,"Rubvermaid 门挡, 耐用",4.0,13.392
A1002773,2020/9/18,MS-17980,标准级,东北,吉林,技术,电话,思科,"思科 充电器, 混合尺寸",6.0,23.92
A1002783,2020/9/19,MS-17980,一级,华北,河北,办公用品,信封,Cameo,"Cameo 马尼拉纸信封, 红色",9.0,255.968
A1002781,2020/9/19,CK-12205,二级,西南,重庆,办公用品,纸张,Eaton,"Eaton 备忘录便条, 回收",14.0,21.552
A1002787,2020/9/19,CK-12205,二级,华东,福建,家具,用具,Rubbermaid,"Rubvermaid 门挡, 优质",31.0,58.24
A1002782,2020/9/19,SJ-20125,标准级,中南,广东,办公用品,美术,Binney & Smith,"Binney & Smith 记号笔, 金属",18.0,80.28
A1002782,2020/9/19,EA-14035,标准级,中南,广东,技术,复印机,Brother,"Brother 传真复印机, 红色",17.0,9.78
A1002782,2020/9/19,MG-17890,标准级,中南,广东,技术,复印机,夏普,"夏普 个人复印机, 数字化",6.0,1.81
A1002782,2020/9/19,AB-10255,标准级,中南,广东,技术,电话,苹果,"苹果 音频基座, 全尺寸",29.0,37.94
A1002785,2020/9/19,SC-20260,标准级,华东,福建,办公用品,信封,Kraft,"Kraft 商业信封, 回收",11.0,79.96
A1002780,2020/9/19,TB-21355,标准级,华北,天津,办公用品,器具,Hoover,"Hoover 炉灶, 白色",8.0,115.296
A1002780,2020/9/19,JK-16090,标准级,华北,天津,办公用品,美术,Binney & Smith,"Binney & Smith 画布, 整包",33.0,2479.96
A1002786,2020/9/19,CK-12595,标准级,东北,辽宁,家具,椅子,Office Star,"Office Star 沙滩椅, 红色",40.0,179.94
A1002780,2020/9/19,CK-12595,标准级,华北,天津,家具,书架,宜家,"宜家 古典书架, 金属",19.0,26.85
A1002785,2020/9/19,CK-12595,标准级,华东,福建,家具,书架,Bush,"Bush 墙角架, 传统",7.0,323.37
A1002785,2020/9/19,CK-12595,标准级,华东,福建,家具,桌子,Lesro,"Lesro 电脑桌, 长方形",29.0,59.94
A1002785,2020/9/19,CK-12595,标准级,华东,福建,家具,用具,Deflect-O,"Deflect-O 相框, 耐用",17.0,64.14
A1002785,2020/9/19,CK-12595,标准级,华东,福建,技术,复印机,夏普,"夏普 个人复印机, 每套两件",9.0,11.67
A1002785,2020/9/19,CK-12595,标准级,华东,福建,技术,配件,Enermax,"Enermax 记忆卡, 实惠",17.0,12.96
A1002784,2020/9/19,SS-20590,标准级,中南,湖南,办公用品,器具,Hamilton Beach,"Hamilton Beach 咖啡研磨机, 银色",22.0,17.43
A1002784,2020/9/19,LE-16810,标准级,中南,湖南,办公用品,装订机,Cardinal,"Cardinal 订书机, 耐用",5.0,181.986
A1002797,2020/9/20,LE-16810,一级,华北,北京,办公用品,装订机,Wilson Jones,"Wilson Jones 装订机盖, 实惠",33.0,1.592
A1002792,2020/9/20,LE-16810,一级,华北,山西,家具,书架,宜家,"宜家 搁架, 黑色",23.0,22.344
A1002789,2020/9/20,ES-14080,二级,华北,天津,技术,电话,三星,"三星 耳机, 整包",40.0,455.97
A1002789,2020/9/20,ES-14080,二级,华北,天津,技术,电话,苹果,"苹果 办公室电话机, 整包",30.0,10.44
A1002795,2020/9/20,ES-14080,一级,华东,福建,办公用品,用品,Acme,"Acme 开信刀, 蓝色",25.0,5.214
A1002795,2020/9/20,MG-17890,一级,华东,福建,办公用品,用品,Fiskars,"Fiskars 尺子, 工业",8.0,67.4
A1002788,2020/9/20,JM-16195,二级,东北,黑龙江,办公用品,纸张,施乐,"施乐 笔记本, 回收",12.0,25.16
A1002794,2020/9/20,JM-16195,二级,华东,山东,办公用品,收纳具,Fellowes,"Fellowes 文件夹, 工业",35.0,126.56
A1002795,2020/9/20,SG-20470,一级,华东,福建,家具,书架,Sauder,"Sauder 柜, 白色",15.0,43.68
A1002788,2020/9/20,SG-20470,二级,东北,黑龙江,家具,书架,Safco,"Safco 书架, 传统",13.0,139.93
A1002788,2020/9/20,DB-12970,二级,东北,黑龙江,技术,设备,松下,"松下 电话, 多色",15.0,2.672
A1002791,2020/9/20,DB-12970,标准级,中南,河南,办公用品,收纳具,Tenex,"Tenex 盘, 金属",26.0,16.656
A1002790,2020/9/20,DB-12970,标准级,中南,河南,技术,设备,StarTech,"StarTech 计算器, 红色",27.0,79.512
A1002796,2020/9/20,DB-12970,标准级,华东,上海,办公用品,系固件,Accos,"Accos 橡皮筋, 整包",34.0,36.288
A1002796,2020/9/20,DB-12970,标准级,华东,上海,办公用品,系固件,Advantus,"Advantus 回形针, 每包 12 个",28.0,67.9932
A1002793,2020/9/20,JW-15220,标准级,华东,山东,办公用品,信封,GlobeWeis,"GlobeWeis 邮寄品, 每套 50 个",30.0,10.16
A1002793,2020/9/20,KD-16495,标准级,华东,山东,办公用品,标签,Novimex,"Novimex 有色标签, 耐用",13.0,6.16
A1002793,2020/9/20,KD-16495,标准级,华东,山东,办公用品,用品,Acme,"Acme 大剪刀, 钢",14.0,56.3
A1002799,2020/9/21,IL-15100,一级,中南,湖南,办公用品,系固件,Advantus,"Advantus 橡皮筋, 混合尺寸",28.0,6.48
A1002800,2020/9/21,IL-15100,二级,中南,广东,办公用品,系固件,Stockwell,"Stockwell 回形针, 金属",39.0,1325.85
A1002800,2020/9/21,IL-15100,二级,中南,广东,办公用品,纸张,SanDisk,"SanDisk 信纸, 多色",31.0,14.94
A1002798,2020/9/21,JE-15610,标准级,西南,云南,办公用品,用品,Elite,"Elite 大剪刀, 蓝色",16.0,34.54
A1002798,2020/9/21,JE-15610,标准级,西南,云南,办公用品,用品,Fiskars,"Fiskars 修剪器, 锯齿状",6.0,2999.95
A1002798,2020/9/21,JE-15610,标准级,西南,云南,办公用品,装订机,Acco,"Acco 打孔机, 透明",39.0,64.12
A1002798,2020/9/21,SU-20665,标准级,西南,云南,家具,椅子,Office Star,"Office Star 折叠椅, 可调",14.0,19.456
A1002798,2020/9/21,SU-20665,标准级,西南,云南,技术,电话,诺基亚,"诺基亚 充电器, 整包",23.0,209.986
A1002798,2020/9/21,SU-20665,标准级,西南,云南,技术,设备,爱普生,"爱普生 打印机, 白色",14.0,29.76
A1002801,2020/9/22,SU-20665,二级,中南,广东,办公用品,信封,Cameo,"Cameo 局间信封, 红色",12.0,89.768
A1002802,2020/9/22,SU-20665,标准级,西南,重庆,办公用品,标签,Smead,"Smead 可去除的标签, 白色",16.0,959.984
A1002802,2020/9/22,SU-20665,标准级,西南,重庆,办公用品,用品,Fiskars,"Fiskars 剪刀, 工业",27.0,15.552
A1002802,2020/9/22,SU-20665,标准级,西南,重庆,办公用品,装订机,Ibico,"Ibico 订书机, 回收",33.0,34.36
A1002802,2020/9/22,EA-14035,标准级,西南,重庆,家具,椅子,Harbour Creations,"Harbour Creations 椅垫, 可调",13.0,98.376
A1002802,2020/9/22,EA-14035,标准级,西南,重庆,技术,复印机,Brother,"Brother 传真机, 每套两件",37.0,29.94
A1002804,2020/9/23,EA-14035,标准级,华东,山东,办公用品,器具,Hoover,"Hoover 搅拌机, 红色",7.0,17.472
A1002804,2020/9/23,EA-14035,标准级,华东,山东,办公用品,收纳具,Rogers,"Rogers 盘, 工业",35.0,36.738
A1002804,2020/9/23,EA-14035,标准级,华东,山东,办公用品,装订机,Acco,"Acco 标签, 回收",10.0,179.94
A1002804,2020/9/23,RF-19840,标准级,华东,山东,办公用品,装订机,Cardinal,"Cardinal 标签, 透明",12.0,383.64
A1002803,2020/9/23,RF-19840,标准级,中南,湖南,家具,书架,Dania,"Dania 古典书架, 金属",4.0,56.52
A1002804,2020/9/23,LC-17050,标准级,华东,山东,家具,椅子,Hon,"Hon 扶手椅, 红色",4.0,6.56
A1002805,2020/9/24,LC-17050,标准级,中南,湖北,办公用品,信封,Ames,"Ames 商业信封, 每套 50 个",12.0,243.92
A1002805,2020/9/24,LC-17050,标准级,中南,湖北,办公用品,器具,Breville,"Breville 咖啡研磨机, 红色",12.0,47.52
A1002805,2020/9/24,PS-18970,标准级,中南,湖北,办公用品,美术,Boston,"Boston 画布, 整包",9.0,19.98
A1002809,2020/9/24,PS-18970,标准级,华东,安徽,办公用品,器具,Cuisinart,"Cuisinart 搅拌机, 白色",29.0,8.0
A1002806,2020/9/24,JO-15280,标准级,东北,吉林,办公用品,装订机,Avery,"Avery 订书机, 回收",8.0,6.16
A1002806,2020/9/24,VP-21730,标准级,东北,吉林,家具,用具,Eldon,"Eldon 灯泡, 耐用",3.0,83.56
A1002808,2020/9/24,VP-21730,标准级,中南,广东,技术,配件,贝尔金,"贝尔金 鼠标, 回收",19.0,546.06
A1002807,2020/9/24,VP-21730,标准级,中南,河南,办公用品,收纳具,Smead,"Smead 搁板, 工业",7.0,269.49
A1002807,2020/9/24,GA-14725,标准级,中南,河南,办公用品,用品,Fiskars,"Fiskars 修剪器, 蓝色",31.0,10.9
A1002807,2020/9/24,EM-14140,标准级,中南,河南,家具,书架,Safco,"Safco 墙角架, 黑色",9.0,6.096
A1002807,2020/9/24,DB-13615,标准级,中南,河南,家具,椅子,Harbour Creations,"Harbour Creations 摇椅, 可调",17.0,34.05
A1002807,2020/9/24,DB-13615,标准级,中南,河南,技术,复印机,佳能,"佳能 墨水, 彩色",28.0,352.38
A1002807,2020/9/24,ML-17395,标准级,中南,河南,技术,电话,苹果,"苹果 充电器, 整包",31.0,245.98
A1002811,2020/9/25,ML-17395,二级,中南,河南,办公用品,收纳具,Smead,"Smead 盒, 单宽度",14.0,18.94
A1002812,2020/9/25,JH-15430,标准级,中南,广东,办公用品,信封,Ames,"Ames 搭扣信封, 银色",36.0,59.913
A1002813,2020/9/25,BP-11095,标准级,东北,吉林,办公用品,器具,Hoover,"Hoover 搅拌机, 白色",15.0,391.98
A1002813,2020/9/25,BP-11095,标准级,东北,吉林,办公用品,收纳具,Eldon,"Eldon 文件车, 单宽度",27.0,437.85
A1002813,2020/9/25,SB-20185,标准级,东北,吉林,办公用品,系固件,OIC,"OIC 橡皮筋, 混合尺寸",26.0,68.62
A1002810,2020/9/25,SV-20785,标准级,华东,山东,家具,用具,Eldon,"Eldon 闹钟, 黑色",21.0,25.02
A1002810,2020/9/25,SV-20785,标准级,华东,山东,技术,设备,冲电器,"冲电器 打印机, 白色",20.0,10.71
A1002818,2020/9/26,DO-13435,当日,华东,江苏,办公用品,纸张,施乐,"施乐 信纸, 多色",10.0,55.984
A1002818,2020/9/26,DO-13435,当日,华东,江苏,家具,椅子,Harbour Creations,"Harbour Creations 凳子, 可调",6.0,14.48
A1002818,2020/9/26,DO-13435,当日,华东,江苏,家具,椅子,Office Star,"Office Star 沙滩椅, 黑色",24.0,142.488
A1002818,2020/9/26,TB-21355,当日,华东,江苏,技术,电话,摩托罗拉,"摩托罗拉 耳机, 整包",33.0,14.16
A1002815,2020/9/26,TB-21355,标准级,西南,云南,办公用品,收纳具,Rogers,"Rogers 文件夹, 单宽度",8.0,79.92
A1002815,2020/9/26,BS-11380,标准级,西南,云南,办公用品,美术,Binney & Smith,"Binney & Smith 记号笔, 整包",26.0,590.352
A1002817,2020/9/26,FM-14215,标准级,华东,福建,家具,书架,Bush,"Bush 书库, 传统",11.0,17.088
A1002819,2020/9/26,FM-14215,标准级,西北,新疆,办公用品,器具,Hoover,"Hoover 冰箱, 银色",23.0,98.392
A1002819,2020/9/26,JL-15835,标准级,西北,新疆,办公用品,收纳具,Smead,"Smead 盒, 蓝色",31.0,11.05
A1002819,2020/9/26,AF-10870,标准级,西北,新疆,办公用品,纸张,施乐,"施乐 信纸, 每包 12 个",8.0,7.78
A1002819,2020/9/26,BG-11035,标准级,西北,新疆,办公用品,装订机,Avery,"Avery 打孔机, 透明",19.0,659.9
A1002819,2020/9/26,MB-17305,标准级,西北,新疆,办公用品,装订机,Ibico,"Ibico 订书机, 实惠",12.0,53.04
A1002816,2020/9/26,HW-14935,标准级,西南,云南,办公用品,信封,GlobeWeis,"GlobeWeis 马尼拉纸信封, 每套 50 个",40.0,843.9
A1002816,2020/9/26,HW-14935,标准级,西南,云南,办公用品,系固件,Stockwell,"Stockwell 订书钉, 整包",20.0,1496.16
A1002819,2020/9/26,AB-10105,标准级,西北,新疆,家具,书架,Sauder,"Sauder 书架, 白色",9.0,117.96
A1002814,2020/9/26,JP-15460,标准级,华北,河北,家具,椅子,Office Star,"Office Star 凳子, 红色",12.0,21.3
A1002819,2020/9/26,JP-15460,标准级,西北,新疆,技术,配件,Enermax,"Enermax 路由器, 可编程",32.0,1040.8
A1002821,2020/9/27,JP-15460,当日,中南,湖南,家具,用具,Eldon,"Eldon 灯泡, 耐用",18.0,29.34
A1002823,2020/9/27,DV-13045,二级,中南,湖南,家具,椅子,Novimex,"Novimex 扶手椅, 可调",4.0,19.52
A1002822,2020/9/27,CM-12190,一级,中南,河南,家具,椅子,Office Star,"Office Star 扶手椅, 黑色",25.0,443.92
A1002820,2020/9/27,SC-20695,标准级,中南,湖北,办公用品,收纳具,Eldon,"Eldon 文件夹, 单宽度",12.0,499.95
A1002820,2020/9/27,SC-20695,标准级,中南,湖北,办公用品,美术,Sanford,"Sanford 铅笔刀, 整包",13.0,3.04
A1002820,2020/9/27,SC-20695,标准级,中南,湖北,家具,用具,Tenex,"Tenex 闹钟, 优质",12.0,201.96
A1002824,2020/9/27,SC-20695,标准级,华东,山东,办公用品,收纳具,Eldon,"Eldon 搁板, 金属",16.0,68.64
A1002824,2020/9/27,VW-21775,标准级,华东,山东,办公用品,系固件,Stockwell,"Stockwell 橡皮筋, 每包 12 个",9.0,100.0
A1002826,2020/9/28,VW-21775,二级,中南,河南,办公用品,系固件,Stockwell,"Stockwell 订书钉, 每包 12 个",6.0,359.98
A1002826,2020/9/28,PP-18955,二级,中南,河南,办公用品,美术,BIC,"BIC 记号笔, 混合尺寸",19.0,6.16
A1002825,2020/9/28,PP-18955,标准级,西北,甘肃,家具,书架,Dania,"Dania 搁架, 白色",7.0,2348.82
A1002825,2020/9/28,DR-12880,标准级,西北,甘肃,技术,电话,诺基亚,"诺基亚 智能手机, 全尺寸",40.0,13.872
A1002835,2020/9/30,DR-12880,当日,西南,贵州,办公用品,用品,Kleencut,"Kleencut 尺子, 工业",39.0,273.552
A1002827,2020/9/30,RB-19465,当日,华东,江西,办公用品,收纳具,Fellowes,"Fellowes 盒, 工业",30.0,815.292
A1002831,2020/9/30,NF-18385,一级,华北,河北,办公用品,用品,Acme,"Acme 开信刀, 蓝色",9.0,234.45
A1002831,2020/9/30,NF-18385,一级,华北,河北,办公用品,用品,Kleencut,"Kleencut 剪刀, 蓝色",5.0,1256.22
A1002831,2020/9/30,NF-18385,一级,华北,河北,家具,书架,Bush,"Bush 墙角架, 白色",34.0,17.46
A1002832,2020/9/30,CR-12580,标准级,华东,江苏,办公用品,美术,Binney & Smith,"Binney & Smith 铅笔刀, 蓝色",12.0,10.528
A1002830,2020/9/30,SU-20665,标准级,华北,山西,办公用品,装订机,Acco,"Acco 装订机, 实惠",6.0,152.8
A1002829,2020/9/30,SC-20050,标准级,华北,河北,办公用品,收纳具,Rogers,"Rogers 锁柜, 工业",12.0,82.56
A1002834,2020/9/30,SC-20050,标准级,中南,河南,办公用品,收纳具,Eldon,"Eldon 锁柜, 金属",18.0,284.97
A1002834,2020/9/30,ML-18040,标准级,中南,河南,办公用品,美术,BIC,"BIC 记号笔, 蓝色",4.0,60.84
A1002834,2020/9/30,GM-14440,标准级,中南,河南,技术,电话,思科,"思科 耳机, 蓝色",20.0,1325.76
A1002828,2020/9/30,GM-14440,标准级,中南,广西,办公用品,美术,Stanley,"Stanley 速写本, 混合尺寸",12.0,572.16
A1002828,2020/9/30,JK-15640,标准级,中南,广西,家具,书架,Bush,"Bush 古典书架, 白色",40.0,28.8
A1002833,2020/9/30,AT-10435,标准级,西南,重庆,办公用品,美术,Binney & Smith,"Binney & Smith 荧光笔, 蓝色",23.0,11.12
A1002837,2020/10/1,DB-12910,二级,华东,山东,办公用品,标签,Smead,"Smead 圆形标签, 红色",20.0,7.04
A1002837,2020/10/1,AH-10690,二级,华东,山东,办公用品,美术,Stanley,"Stanley 画布, 蓝色",4.0,17.94
A1002838,2020/10/1,SJ-20125,标准级,中南,湖北,办公用品,收纳具,Tenex,"Tenex 盒, 单宽度",22.0,34.76
A1002838,2020/10/1,HM-14860,标准级,中南,湖北,办公用品,装订机,Ibico,"Ibico 装订机, 回收",11.0,74.45
A1002836,2020/10/1,AG-10495,标准级,华东,上海,办公用品,用品,Stiletto,"Stiletto 大剪刀, 工业",10.0,192.22
A1002836,2020/10/1,JB-16000,标准级,华东,上海,办公用品,系固件,OIC,"OIC 橡皮筋, 整包",16.0,19.44
A1002836,2020/10/1,AJ-10795,标准级,华东,上海,家具,书架,宜家,"宜家 搁架, 黑色",26.0,32.4
A1002836,2020/10/1,AJ-10795,标准级,华东,上海,家具,椅子,Office Star,"Office Star 折叠椅, 红色",12.0,57.9
A1002838,2020/10/1,AJ-10795,标准级,中南,湖北,技术,电话,三星,"三星 智能手机, 混合尺寸",14.0,10.56
A1002839,2020/10/1,AJ-10795,标准级,华北,河北,办公用品,纸张,Green Bar,"Green Bar 计划信息表, 优质",30.0,1194.165
A1002841,2020/10/1,MM-18280,标准级,华东,福建,家具,书架,宜家,"宜家 书架, 金属",6.0,40.99
A1002840,2020/10/1,TH-21235,标准级,华东,山东,家具,书架,Dania,"Dania 古典书架, 白色",8.0,2.94
A1002842,2020/10/2,AH-10120,二级,东北,辽宁,办公用品,标签,Novimex,"Novimex 圆形标签, 白色",32.0,45.24
A1002842,2020/10/2,AH-10120,二级,东北,辽宁,办公用品,用品,Acme,"Acme 修剪器, 工业",15.0,18.688
A1002842,2020/10/2,AH-10120,二级,东北,辽宁,家具,书架,Safco,"Safco 书架, 金属",16.0,11.648
A1002845,2020/10/2,AH-10120,二级,东北,黑龙江,办公用品,收纳具,Rogers,"Rogers 锁柜, 金属",7.0,112.776
A1002845,2020/10/2,AH-10120,二级,东北,黑龙江,办公用品,收纳具,Tenex,"Tenex 搁板, 金属",17.0,377.45
A1002845,2020/10/2,AH-10120,二级,东北,黑龙江,办公用品,标签,Hon,"Hon 文件夹标签, 白色",12.0,15.936
A1002845,2020/10/2,AH-10120,二级,东北,黑龙江,办公用品,用品,Elite,"Elite 美工刀, 锯齿状",38.0,28.68
A1002845,2020/10/2,CL-12700,二级,东北,黑龙江,办公用品,纸张,Enermax,"Enermax 令, 多色",25.0,21.44
A1002845,2020/10/2,CL-12700,二级,东北,黑龙江,办公用品,纸张,Green Bar,"Green Bar 计划信息表, 回收",9.0,511.056
A1002845,2020/10/2,JG-15310,二级,东北,黑龙江,家具,椅子,Safco,"SAFCO 沙滩椅, 黑色",17.0,18.656
A1002845,2020/10/2,JG-15310,二级,东北,黑龙江,家具,用具,Eldon,"Eldon 相框, 一包多件",29.0,11.088
A1002845,2020/10/2,JG-15310,二级,东北,黑龙江,技术,配件,Memorex,"Memorex 记忆卡, 耐用",20.0,66.688
A1002845,2020/10/2,JG-15310,二级,东北,黑龙江,技术,配件,罗技,"罗技 路由器, 实惠",16.0,99.488
A1002844,2020/10/2,SE-20110,标准级,西南,四川,办公用品,用品,Acme,"Acme 尺子, 锯齿状",31.0,14.62
A1002844,2020/10/2,SE-20110,标准级,西南,四川,家具,书架,Dania,"Dania 墙角架, 传统",4.0,53.984
A1002843,2020/10/2,SE-20110,标准级,西北,青海,办公用品,器具,Cuisinart,"Cuisinart 冰箱, 白色",37.0,389.97
A1002846,2020/10/3,TG-21640,一级,中南,广东,办公用品,美术,Sanford,"Sanford 铅笔刀, 金属",32.0,355.36
A1002846,2020/10/3,TG-21640,一级,中南,广东,家具,椅子,Harbour Creations,"Harbour Creations 折叠椅, 黑色",7.0,140.376
A1002852,2020/10/3,SH-19975,标准级,中南,广东,办公用品,信封,Cameo,"Cameo 马尼拉纸信封, 红色",20.0,15.84
A1002847,2020/10/3,SH-19975,标准级,中南,广东,办公用品,收纳具,Fellowes,"Fellowes 文件车, 蓝色",10.0,8.448
A1002848,2020/10/3,MC-17275,标准级,中南,广东,家具,用具,Eldon,"Eldon 闹钟, 优质",18.0,12.96
A1002847,2020/10/3,PJ-18835,标准级,中南,广东,家具,书架,Bush,"Bush 书架, 金属",31.0,57.408
A1002854,2020/10/3,PJ-18835,标准级,华东,山东,技术,复印机,夏普,"夏普 无线传真机, 每套两件",3.0,27.6
A1002848,2020/10/3,ZC-21910,标准级,中南,广东,技术,电话,苹果,"苹果 耳机, 全尺寸",10.0,38.976
A1002853,2020/10/3,SC-20680,标准级,华东,山东,办公用品,装订机,Acco,"Acco 标签, 回收",25.0,20.44
A1002850,2020/10/3,SC-20680,二级,华北,天津,办公用品,标签,Harbour Creations,"Harbour Creations 有色标签, 白色",14.0,109.92
A1002851,2020/10/3,BP-11230,标准级,华东,山东,办公用品,美术,Binney & Smith,"Binney & Smith 画布, 金属",13.0,6.38
A1002850,2020/10/3,BP-11230,二级,华北,天津,技术,配件,Enermax,"Enermax 记忆卡, 耐用",37.0,6.48
A1002855,2020/10/3,RD-19585,标准级,东北,辽宁,办公用品,信封,GlobeWeis,"GlobeWeis 商业信封, 每套 50 个",30.0,15.84
A1002849,2020/10/3,RD-19585,标准级,华北,山西,技术,复印机,惠普,"惠普 复印机, 彩色",29.0,1049.93
A1002860,2020/10/4,RD-19585,二级,西南,云南,办公用品,标签,Avery,"Avery 合法证物标签, 可调",27.0,154.9
A1002860,2020/10/4,KL-16645,二级,西南,云南,办公用品,用品,Kleencut,"Kleencut 剪刀, 钢",8.0,98.352
A1002858,2020/10/4,CK-12205,二级,华北,天津,家具,用具,Advantus,"Advantus 相框, 耐用",10.0,14.32
A1002859,2020/10/4,CK-12205,一级,中南,湖南,技术,复印机,Hewlett,"Hewlett 复印机, 红色",3.0,129.888
A1002859,2020/10/4,CK-12205,一级,中南,湖南,技术,设备,柯尼卡,"柯尼卡 电话, 红色",22.0,48.944
A1002859,2020/10/4,RB-19705,一级,中南,湖南,技术,配件,罗技,"罗技 路由器, 实惠",30.0,275.058
A1002860,2020/10/4,KM-16225,二级,西南,云南,技术,设备,StarTech,"StarTech 打印机, 白色",10.0,27.36
A1002861,2020/10/4,KM-16225,标准级,中南,湖北,家具,椅子,Office Star,"Office Star 凳子, 每套两件",9.0,44.75
A1002857,2020/10/4,KM-16225,二级,中南,广东,技术,电话,诺基亚,"诺基亚 音频基座, 全尺寸",2.0,134.99
A1002856,2020/10/4,KM-16225,标准级,中南,广东,办公用品,纸张,SanDisk,"SanDisk 令, 优质",31.0,26.4
A1002856,2020/10/4,KM-16225,标准级,中南,广东,技术,复印机,佳能,"佳能 无线传真机, 彩色",34.0,542.94
A1002863,2020/10/5,AH-10465,二级,华东,上海,办公用品,标签,Novimex,"Novimex 合法证物标签, 可调",18.0,71.088
A1002863,2020/10/5,AG-10765,二级,华东,上海,办公用品,美术,BIC,"BIC 荧光笔, 整包",29.0,27.396
A1002863,2020/10/5,AG-10765,二级,华东,上海,办公用品,装订机,Avery,"Avery 打孔机, 实惠",5.0,13.456
A1002863,2020/10/5,EB-14170,二级,华东,上海,技术,配件,Memorex,"Memorex 键盘, 实惠",6.0,11.84
A1002862,2020/10/5,PG-18895,标准级,华北,内蒙古,办公用品,装订机,Ibico,"Ibico 装订机盖, 耐用",28.0,35.88
A1002866,2020/10/7,CA-12055,当日,东北,黑龙江,技术,电话,苹果,"苹果 耳机, 混合尺寸",8.0,40.752
A1002867,2020/10/7,CA-12055,当日,华东,山东,技术,配件,贝尔金,"贝尔金 闪存驱动器, 实惠",40.0,139.96
A1002871,2020/10/7,SS-20875,二级,中南,广西,办公用品,纸张,Eaton,"Eaton 笔记本, 优质",39.0,2.624
A1002864,2020/10/7,SS-20875,一级,中南,湖北,办公用品,标签,Novimex,"Novimex 运输标签, 可调",5.0,136.53
A1002864,2020/10/7,SS-20875,一级,中南,湖北,家具,椅子,Novimex,"Novimex 折叠椅, 黑色",20.0,263.96
A1002868,2020/10/7,RP-19390,标准级,东北,辽宁,办公用品,系固件,Accos,"Accos 夹子, 每包 12 个",39.0,11.64
A1002870,2020/10/7,SC-20440,标准级,东北,辽宁,办公用品,信封,Cameo,"Cameo 局间信封, 回收",12.0,40.176
A1002870,2020/10/7,NW-18400,标准级,东北,辽宁,办公用品,信封,GlobeWeis,"GlobeWeis 外皮和封条, 回收",11.0,79.44
A1002865,2020/10/7,NW-18400,二级,华北,河北,家具,椅子,Novimex,"Novimex 摇椅, 每套两件",32.0,357.93
A1002868,2020/10/7,NW-18400,标准级,东北,辽宁,家具,椅子,Safco,"SAFCO 沙滩椅, 每套两件",20.0,127.764
A1002868,2020/10/7,NW-18400,标准级,东北,辽宁,技术,复印机,Hewlett,"Hewlett 复印机, 红色",26.0,299.944
A1002869,2020/10/7,NW-18400,标准级,西南,重庆,技术,电话,苹果,"苹果 信号增强器, 全尺寸",23.0,19.44
A1002875,2020/10/8,KW-16435,二级,中南,河南,办公用品,收纳具,Smead,"Smead 文件车, 工业",9.0,36.792
A1002873,2020/10/8,HR-14770,标准级,华北,天津,家具,椅子,Novimex,"Novimex 沙滩椅, 每套两件",33.0,5.94
A1002873,2020/10/8,AG-10900,标准级,华北,天津,家具,用具,Eldon,"Eldon 相框, 一包多件",8.0,177.55
A1002872,2020/10/8,BM-11650,标准级,中南,湖北,办公用品,信封,Cameo,"Cameo 商业信封, 银色",9.0,619.95
A1002872,2020/10/8,BM-11650,标准级,中南,湖北,办公用品,器具,Hoover,"Hoover 冰箱, 红色",30.0,29.16
A1002874,2020/10/8,BM-11650,标准级,华东,福建,办公用品,信封,Cameo,"Cameo 搭扣信封, 银色",7.0,57.96
A1002876,2020/10/8,BM-11650,标准级,东北,吉林,办公用品,信封,Ames,"Ames 局间信封, 红色",38.0,29.403
A1002876,2020/10/8,RD-19720,标准级,东北,吉林,办公用品,纸张,Eaton,"Eaton 令, 优质",39.0,81.4
A1002876,2020/10/8,KB-16585,标准级,东北,吉林,家具,书架,Dania,"Dania 书库, 传统",11.0,8.72
A1002876,2020/10/8,KB-16585,标准级,东北,吉林,技术,设备,柯尼卡,"柯尼卡 收据打印机, 耐用",26.0,91.176
A1002877,2020/10/9,KB-16585,二级,华北,河北,办公用品,用品,Kleencut,"Kleencut 尺子, 钢",13.0,159.968
A1002877,2020/10/9,DW-13585,二级,华北,河北,办公用品,系固件,OIC,"OIC 订书钉, 金属",30.0,12.96
A1002880,2020/10/9,VG-21805,标准级,西南,云南,家具,书架,Safco,"Safco 古典书架, 传统",8.0,331.536
A1002877,2020/10/9,DR-12880,二级,华北,河北,家具,用具,Eldon,"Eldon 灯泡, 黑色",26.0,899.91
A1002880,2020/10/9,AH-10690,标准级,西南,云南,技术,复印机,惠普,"惠普 复印机, 每套两件",17.0,946.344
A1002881,2020/10/9,JP-15520,标准级,华东,山东,办公用品,收纳具,Tenex,"Tenex 文件车, 蓝色",2.0,178.11
A1002881,2020/10/9,JP-15520,标准级,华东,山东,办公用品,用品,Kleencut,"Kleencut 剪刀, 工业",33.0,1089.75
A1002879,2020/10/9,JP-15520,标准级,中南,广东,办公用品,标签,Novimex,"Novimex 合法证物标签, 红色",31.0,61.06
A1002882,2020/10/9,JP-15520,标准级,华东,江西,办公用品,信封,GlobeWeis,"GlobeWeis 马尼拉纸信封, 回收",24.0,459.92
A1002882,2020/10/9,JP-15520,标准级,华东,江西,办公用品,装订机,Wilson Jones,"Wilson Jones 装订机盖, 透明",14.0,27.52
A1002882,2020/10/9,DR-12880,标准级,华东,江西,家具,书架,Bush,"Bush 书库, 黑色",15.0,638.82
A1002878,2020/10/9,DR-12880,标准级,华北,山西,技术,电话,苹果,"苹果 信号增强器, 蓝色",23.0,30.69
A1002887,2020/10/10,DR-12880,当日,华东,福建,技术,电话,三星,"三星 办公室电话机, 整包",21.0,25.16
A1002887,2020/10/10,JK-15625,当日,华东,福建,技术,电话,思科,"思科 音频基座, 全尺寸",26.0,13.92
A1002883,2020/10/10,MV-17485,一级,华东,江苏,办公用品,用品,Acme,"Acme 开信刀, 蓝色",33.0,19.36
A1002883,2020/10/10,MV-17485,一级,华东,江苏,办公用品,装订机,Cardinal,"Cardinal 装订机盖, 透明",14.0,19.3
A1002884,2020/10/10,BP-11155,标准级,中南,广西,技术,复印机,Brother,"Brother 传真复印机, 每套两件",6.0,38.376
A1002885,2020/10/10,DH-13075,标准级,中南,湖北,办公用品,纸张,Green Bar,"Green Bar 备忘录便条, 优质",9.0,12.96
A1002885,2020/10/10,DH-13075,标准级,中南,湖北,办公用品,美术,Binney & Smith,"Binney & Smith 速写本, 混合尺寸",20.0,26.48
A1002886,2020/10/10,DH-13075,标准级,华东,福建,家具,用具,Advantus,"Advantus 闹钟, 优质",22.0,532.72
A1002890,2020/10/11,DH-13075,当日,华东,浙江,办公用品,用品,Fiskars,"Fiskars 开信刀, 锯齿状",36.0,26.72
A1002892,2020/10/11,DH-13075,二级,西北,甘肃,办公用品,装订机,Cardinal,"Cardinal 孔加固材料, 耐用",33.0,20.04
A1002888,2020/10/11,DH-13075,二级,中南,湖北,办公用品,装订机,Wilson Jones,"Wilson Jones 打孔机, 耐用",40.0,795.48
A1002889,2020/10/11,DH-13075,标准级,华东,山东,办公用品,信封,Jiffy,"Jiffy 马尼拉纸信封, 银色",27.0,21.56
A1002888,2020/10/11,LH-16900,二级,中南,湖北,家具,椅子,Safco,"SAFCO 折叠椅, 黑色",31.0,249.584
A1002888,2020/10/11,LH-16900,二级,中南,湖北,家具,椅子,Safco,"SAFCO 椅垫, 可调",26.0,68.112
A1002893,2020/10/11,LH-16900,标准级,中南,广东,办公用品,收纳具,Tenex,"Tenex 盒, 工业",22.0,16.56
A1002893,2020/10/11,DK-13090,标准级,中南,广东,办公用品,装订机,Cardinal,"Cardinal 订书机, 透明",40.0,74.95
A1002891,2020/10/11,SS-20410,标准级,中南,湖南,技术,配件,贝尔金,"贝尔金 闪存驱动器, 实惠",7.0,355.455
A1002896,2020/10/12,FP-14320,当日,东北,黑龙江,家具,椅子,Harbour Creations,"Harbour Creations 扶手椅, 可调",21.0,44.4
A1002900,2020/10/12,FP-14320,当日,中南,湖南,技术,电话,苹果,"苹果 充电器, 蓝色",12.0,20.65
A1002895,2020/10/12,LC-17050,标准级,东北,吉林,办公用品,纸张,Green Bar,"Green Bar 计划信息表, 多色",32.0,866.4
A1002897,2020/10/12,AS-10240,标准级,东北,黑龙江,办公用品,信封,Cameo,"Cameo 马尼拉纸信封, 红色",40.0,5.56
A1002897,2020/10/12,HG-15025,标准级,东北,黑龙江,办公用品,收纳具,Eldon,"Eldon 文件夹, 单宽度",23.0,3.16
A1002897,2020/10/12,HG-15025,标准级,东北,黑龙江,办公用品,系固件,Stockwell,"Stockwell 图钉, 每包 12 个",16.0,199.96
A1002897,2020/10/12,BW-11065,标准级,东北,黑龙江,办公用品,纸张,SanDisk,"SanDisk 备忘录便条, 每包 12 个",10.0,46.152
A1002897,2020/10/12,BH-11710,标准级,东北,黑龙江,办公用品,美术,Binney & Smith,"Binney & Smith 画布, 混合尺寸",11.0,32.985
A1002894,2020/10/12,JP-16135,标准级,东北,吉林,办公用品,标签,Hon,"Hon 合法证物标签, 可调",28.0,481.32
A1002894,2020/10/12,JP-16135,标准级,东北,吉林,办公用品,纸张,SanDisk,"SanDisk 备忘录便条, 回收",37.0,6.384
A1002897,2020/10/12,JM-16195,标准级,东北,黑龙江,家具,椅子,Harbour Creations,"Harbour Creations 椅垫, 每套两件",19.0,542.94
A1002897,2020/10/12,JM-16195,标准级,东北,黑龙江,家具,用具,Deflect-O,"Deflect-O 闹钟, 优质",4.0,54.92
A1002897,2020/10/12,FH-14365,标准级,东北,黑龙江,技术,复印机,佳能,"佳能 墨水, 数字化",6.0,448.82
A1002897,2020/10/12,MC-17575,标准级,东北,黑龙江,技术,配件,Memorex,"Memorex 鼠标, 可编程",14.0,353.88
A1002898,2020/10/12,EB-13870,标准级,西南,贵州,技术,复印机,夏普,"夏普 传真机, 每套两件",16.0,333.576
A1002899,2020/10/12,PM-19135,二级,西南,云南,办公用品,器具,Breville,"Breville 烤面包机, 红色",10.0,60.144
A1002899,2020/10/12,AR-10345,二级,西南,云南,家具,书架,Dania,"Dania 书库, 白色",40.0,85.2
A1002899,2020/10/12,SS-20875,二级,西南,云南,家具,书架,Dania,"Dania 书库, 金属",16.0,3.15
A1002899,2020/10/12,SS-20875,二级,西南,云南,技术,电话,诺基亚,"诺基亚 智能手机, 混合尺寸",23.0,22.72
A1002901,2020/10/14,SC-20440,标准级,华东,安徽,技术,设备,爱普生,"爱普生 电话, 红色",4.0,14.91
A1002904,2020/10/15,SC-20440,当日,华东,福建,技术,电话,摩托罗拉,"摩托罗拉 信号增强器, 整包",30.0,1158.12
A1002904,2020/10/15,EA-14035,当日,华东,福建,技术,配件,贝尔金,"贝尔金 键盘, 耐用",21.0,599.99
A1002902,2020/10/15,TP-21130,二级,华北,内蒙古,办公用品,美术,Stanley,"Stanley 记号笔, 金属",20.0,23.968
A1002902,2020/10/15,BP-11290,二级,华北,内蒙古,技术,电话,思科,"思科 耳机, 整包",9.0,638.288
A1002905,2020/10/15,BP-11290,一级,华北,北京,办公用品,信封,Kraft,"Kraft 搭扣信封, 每套 50 个",35.0,13.208
A1002908,2020/10/15,LM-17065,二级,东北,辽宁,办公用品,装订机,Ibico,"Ibico 订书机, 回收",34.0,15.528
A1002903,2020/10/15,KT-16465,标准级,华北,内蒙古,办公用品,标签,Smead,"Smead 圆形标签, 白色",22.0,104.85
A1002906,2020/10/15,AP-10915,标准级,中南,广西,办公用品,系固件,OIC,"OIC 订书钉, 每包 12 个",9.0,30.48
A1002906,2020/10/15,AP-10915,标准级,中南,广西,办公用品,装订机,Ibico,"Ibico 装订机, 回收",40.0,112.648
A1002903,2020/10/15,JD-15790,标准级,华北,内蒙古,家具,书架,Safco,"Safco 古典书架, 白色",4.0,71.976
A1002903,2020/10/15,XP-21865,标准级,华北,内蒙古,技术,电话,思科,"思科 音频基座, 蓝色",8.0,2.21
A1002906,2020/10/15,XP-21865,标准级,中南,广西,技术,配件,Enermax,"Enermax 闪存驱动器, 可编程",22.0,15.52
A1002907,2020/10/15,XP-21865,标准级,中南,湖南,办公用品,系固件,Stockwell,"Stockwell 订书钉, 整包",18.0,36.44
A1002910,2020/10/16,JK-16090,二级,华东,上海,办公用品,用品,Stiletto,"Stiletto 剪刀, 钢",36.0,217.764
A1002910,2020/10/16,JK-16090,二级,华东,上海,家具,椅子,Harbour Creations,"Harbour Creations 沙滩椅, 每套两件",11.0,39.072
A1002913,2020/10/16,JK-16090,二级,中南,广东,办公用品,器具,Breville,"Breville 咖啡研磨机, 白色",12.0,22.638
A1002913,2020/10/16,JK-16090,二级,中南,广东,办公用品,系固件,Stockwell,"Stockwell 夹子, 金属",19.0,95.144
A1002909,2020/10/16,MG-18205,标准级,中南,广东,办公用品,器具,Breville,"Breville 冰箱, 红色",39.0,12.32
A1002909,2020/10/16,MG-18205,标准级,中南,广东,技术,配件,Enermax,"Enermax 键区, 回收",4.0,4.419
A1002912,2020/10/16,PG-18820,标准级,东北,吉林,技术,复印机,Brother,"Brother 传真复印机, 每套两件",37.0,35.0
A1002911,2020/10/16,PG-18820,标准级,华东,山东,办公用品,纸张,SanDisk,"SanDisk 羊皮纸, 优质",9.0,72.784
A1002914,2020/10/16,PG-18820,标准级,华东,江苏,家具,书架,Bush,"Bush 书架, 白色",13.0,97.84
A1002918,2020/10/17,PG-18820,当日,华北,山西,办公用品,标签,Novimex,"Novimex 可去除的标签, 可调",20.0,51.75
A1002917,2020/10/17,PG-18820,当日,华东,山东,办公用品,信封,Jiffy,"Jiffy 商业信封, 红色",25.0,46.672
A1002918,2020/10/17,LD-17005,当日,华北,山西,家具,用具,Advantus,"Advantus 门挡, 黑色",14.0,1395.54
A1002917,2020/10/17,LD-17005,当日,华东,山东,技术,电话,苹果,"苹果 耳机, 全尺寸",31.0,117.36
A1002915,2020/10/17,LD-17005,一级,华东,山东,办公用品,用品,Fiskars,"Fiskars 修剪器, 锯齿状",35.0,18.9
A1002915,2020/10/17,LD-17005,一级,华东,山东,技术,复印机,Hewlett,"Hewlett 复印机, 彩色",25.0,77.52
A1002916,2020/10/17,CR-12730,标准级,东北,辽宁,办公用品,用品,Acme,"Acme 开信刀, 蓝色",20.0,421.372
A1002916,2020/10/17,MN-17935,标准级,东北,辽宁,办公用品,美术,Binney & Smith,"Binney & Smith 画布, 混合尺寸",15.0,575.968
A1002916,2020/10/17,MN-17935,标准级,东北,辽宁,办公用品,装订机,Wilson Jones,"Wilson Jones 装订机盖, 回收",25.0,10.368
A1002916,2020/10/17,RD-19900,标准级,东北,辽宁,家具,用具,Tenex,"Tenex 框架, 优质",22.0,15.984
A1002916,2020/10/17,JP-16135,标准级,东北,辽宁,技术,复印机,Brother,"Brother 复印机, 彩色",20.0,10.272
A1002916,2020/10/17,KE-16420,标准级,东北,辽宁,技术,配件,贝尔金,"贝尔金 闪存驱动器, 实惠",32.0,61.792
A1002918,2020/10/17,KE-16420,标准级,华北,山西,技术,设备,松下,"松下 收据打印机, 耐用",28.0,205.9992
A1002922,2020/10/18,DL-13315,二级,西南,重庆,办公用品,用品,Fiskars,"Fiskars 开信刀, 蓝色",26.0,12.192
A1002921,2020/10/18,DL-13315,二级,中南,广东,办公用品,器具,Cuisinart,"Cuisinart 咖啡研磨机, 白色",31.0,87.168
A1002921,2020/10/18,DL-13315,二级,中南,广东,办公用品,装订机,Avery,"Avery 打孔机, 透明",6.0,31.744
A1002921,2020/10/18,KB-16240,二级,中南,广东,技术,设备,StarTech,"StarTech 喷墨打印机, 耐用",10.0,132.224
A1002923,2020/10/18,JD-16150,标准级,华东,山东,办公用品,收纳具,Eldon,"Eldon 文件车, 金属",15.0,105.52
A1002923,2020/10/18,JD-16150,标准级,华东,山东,办公用品,用品,Fiskars,"Fiskars 尺子, 蓝色",20.0,91.96
A1002919,2020/10/18,JD-16150,标准级,华北,河北,办公用品,收纳具,Smead,"Smead 文件夹, 金属",8.0,187.976
A1002920,2020/10/18,SR-20740,标准级,华东,山东,家具,书架,宜家,"宜家 书库, 白色",6.0,19.44
A1002920,2020/10/18,AC-10450,标准级,华东,山东,技术,配件,Enermax,"Enermax 鼠标, 耐用",5.0,11.672
A1002924,2020/10/19,LS-17245,当日,中南,广东,办公用品,系固件,Advantus,"Advantus 按钉, 混合尺寸",15.0,279.96
A1002924,2020/10/19,LS-17245,当日,中南,广东,技术,复印机,夏普,"夏普 个人复印机, 红色",40.0,12.912
A1002925,2020/10/19,LS-17245,标准级,中南,湖北,办公用品,装订机,Wilson Jones,"Wilson Jones 装订机盖, 耐用",6.0,17.088
A1002929,2020/10/21,LS-17245,标准级,华东,浙江,技术,复印机,佳能,"佳能 无线传真机, 数字化",11.0,93.15
A1002929,2020/10/21,LS-17245,标准级,华东,浙江,技术,配件,罗技,"罗技 路由器, 可编程",35.0,11.52
A1002927,2020/10/21,CS-12175,标准级,华北,天津,办公用品,美术,BIC,"BIC 画布, 混合尺寸",15.0,238.62
A1002927,2020/10/21,CS-12175,标准级,华北,天津,办公用品,美术,BIC,"BIC 钢笔, 混合尺寸",9.0,7.77
A1002927,2020/10/21,CS-12175,标准级,华北,天津,办公用品,美术,Binney & Smith,"Binney & Smith 速写本, 整包",19.0,285.48
A1002927,2020/10/21,CS-12175,标准级,华北,天津,办公用品,装订机,Cardinal,"Cardinal 标签, 实惠",36.0,19.168
A1002926,2020/10/21,AR-10510,二级,华北,河北,家具,书架,Safco,"Safco 书库, 传统",11.0,26.136
A1002928,2020/10/21,KB-16405,标准级,东北,黑龙江,办公用品,收纳具,Smead,"Smead 盘, 工业",36.0,419.4
A1002928,2020/10/21,KB-16405,标准级,东北,黑龙江,家具,桌子,Bevis,"Bevis 会议桌, 长方形",8.0,90.801
A1002928,2020/10/21,KB-16405,标准级,东北,黑龙江,家具,椅子,Hon,"Hon 沙滩椅, 每套两件",32.0,181.764
A1002928,2020/10/21,KB-16405,标准级,东北,黑龙江,技术,复印机,Hewlett,"Hewlett 传真复印机, 红色",8.0,5.56
A1002928,2020/10/21,MM-17920,标准级,东北,黑龙江,技术,电话,思科,"思科 信号增强器, 混合尺寸",5.0,581.96
A1002931,2020/10/22,MM-17920,二级,中南,湖北,办公用品,信封,Ames,"Ames 搭扣信封, 回收",34.0,29.98
A1002931,2020/10/22,RF-19735,二级,中南,湖北,办公用品,系固件,Stockwell,"Stockwell 按钉, 每包 12 个",4.0,519.96
A1002936,2020/10/22,BP-11290,二级,华东,山东,办公用品,系固件,Accos,"Accos 夹子, 金属",14.0,6.264
A1002936,2020/10/22,BP-11290,二级,华东,山东,办公用品,系固件,Stockwell,"Stockwell 订书钉, 每包 12 个",20.0,363.92
A1002930,2020/10/22,MJ-17740,标准级,西南,云南,办公用品,纸张,Green Bar,"Green Bar 信纸, 回收",39.0,64.2
A1002930,2020/10/22,MJ-17740,标准级,西南,云南,办公用品,美术,Stanley,"Stanley 记号笔, 混合尺寸",13.0,38.52
A1002930,2020/10/22,MJ-17740,标准级,西南,云南,办公用品,装订机,Wilson Jones,"Wilson Jones 孔加固材料, 耐用",29.0,72.6
A1002936,2020/10/22,DO-13645,二级,华东,山东,家具,椅子,Safco,"SAFCO 椅垫, 黑色",15.0,57.568
A1002930,2020/10/22,MV-17485,标准级,西南,云南,家具,用具,Eldon,"Eldon 框架, 黑色",4.0,83.7
A1002933,2020/10/22,MG-17875,标准级,华北,天津,办公用品,收纳具,Smead,"Smead 盘, 蓝色",8.0,32.4
A1002933,2020/10/22,MG-17875,标准级,华北,天津,办公用品,装订机,Ibico,"Ibico 打孔机, 透明",17.0,47.98
A1002933,2020/10/22,BS-11665,标准级,华北,天津,办公用品,装订机,Ibico,"Ibico 标签, 耐用",39.0,415.968
A1002933,2020/10/22,BS-11665,标准级,华北,天津,办公用品,装订机,Ibico,"Ibico 订书机, 回收",9.0,304.9
A1002932,2020/10/22,BS-11665,标准级,华北,山西,办公用品,信封,GlobeWeis,"GlobeWeis 马尼拉纸信封, 银色",31.0,80.96
A1002932,2020/10/22,BS-11665,标准级,华北,山西,办公用品,用品,Kleencut,"Kleencut 修剪器, 钢",22.0,377.21
A1002932,2020/10/22,BS-11665,标准级,华北,山西,家具,用具,Tenex,"Tenex 闹钟, 耐用",21.0,32.4
A1002935,2020/10/22,BS-11665,标准级,华北,河北,技术,复印机,Hewlett,"Hewlett 传真复印机, 每套两件",10.0,225.568
A1002935,2020/10/22,BS-11665,标准级,华北,河北,技术,电话,诺基亚,"诺基亚 信号增强器, 蓝色",9.0,36.6
A1002934,2020/10/22,PO-19180,标准级,中南,广东,技术,电话,诺基亚,"诺基亚 耳机, 整包",18.0,715.64
A1002939,2020/10/23,PO-19180,二级,东北,黑龙江,办公用品,器具,Cuisinart,"Cuisinart 咖啡研磨机, 银色",34.0,795.51
A1002939,2020/10/23,PO-19180,二级,东北,黑龙江,办公用品,收纳具,Smead,"Smead 锁柜, 金属",33.0,549.99
A1002939,2020/10/23,PO-19180,二级,东北,黑龙江,办公用品,装订机,Avery,"Avery 装订机盖, 透明",9.0,74.76
A1002944,2020/10/23,PO-19180,二级,西北,青海,家具,用具,Tenex,"Tenex 闹钟, 耐用",13.0,29.22
A1002937,2020/10/23,DA-13450,标准级,东北,黑龙江,办公用品,信封,Cameo,"Cameo 搭扣信封, 红色",21.0,9.64
A1002940,2020/10/23,AH-10690,标准级,西北,甘肃,办公用品,器具,Hamilton Beach,"Hamilton Beach 咖啡研磨机, 银色",6.0,33.488
A1002941,2020/10/23,AH-10690,标准级,东北,黑龙江,技术,复印机,佳能,"佳能 复印机, 数字化",20.0,23.04
A1002942,2020/10/23,AH-10690,标准级,西南,云南,办公用品,器具,Hoover,"Hoover 冰箱, 银色",35.0,1.362
A1002942,2020/10/23,AH-10690,标准级,西南,云南,办公用品,装订机,Wilson Jones,"Wilson Jones 孔加固材料, 实惠",5.0,14.76
A1002938,2020/10/23,JK-15730,标准级,华东,上海,办公用品,系固件,Accos,"Accos 按钉, 金属",19.0,239.666
A1002942,2020/10/23,MS-17530,标准级,西南,云南,家具,书架,Bush,"Bush 书库, 黑色",17.0,301.96
A1002942,2020/10/23,JK-15640,标准级,西南,云南,技术,配件,Enermax,"Enermax 键盘, 耐用",12.0,7.968
A1002942,2020/10/23,CM-12235,标准级,西南,云南,技术,配件,Memorex,"Memorex 键盘, 耐用",35.0,109.92
A1002943,2020/10/23,CM-12235,标准级,中南,广东,办公用品,收纳具,Smead,"Smead 搁板, 单宽度",20.0,19.44
A1002943,2020/10/23,CM-12235,标准级,中南,广东,技术,电话,三星,"三星 信号增强器, 混合尺寸",7.0,11.16
A1002950,2020/10/24,RS-19420,一级,西北,陕西,技术,电话,摩托罗拉,"摩托罗拉 充电器, 混合尺寸",39.0,79.47
A1002947,2020/10/24,RS-19420,一级,中南,广东,家具,桌子,Bevis,"Bevis 木桌, 黑色",20.0,4.56
A1002945,2020/10/24,RS-19420,标准级,华东,江苏,办公用品,信封,Ames,"Ames 外皮和封条, 银色",33.0,1133.35
A1002945,2020/10/24,BP-11185,标准级,华东,江苏,办公用品,信封,Kraft,"Kraft 搭扣信封, 红色",37.0,4.672
A1002945,2020/10/24,BP-11185,标准级,华东,江苏,办公用品,收纳具,Rogers,"Rogers 文件夹, 金属",13.0,104.58
A1002945,2020/10/24,MA-17995,标准级,华东,江苏,家具,桌子,Bevis,"Bevis 圆桌, 黑色",5.0,1603.136
A1002945,2020/10/24,EB-13705,标准级,华东,江苏,技术,电话,诺基亚,"诺基亚 耳机, 蓝色",30.0,993.488
A1002949,2020/10/24,RD-19900,标准级,华北,山西,办公用品,用品,Elite,"Elite 大剪刀, 锯齿状",4.0,127.95
A1002949,2020/10/24,ME-17320,标准级,华北,山西,家具,书架,宜家,"宜家 书库, 白色",37.0,59.76
A1002946,2020/10/24,EH-14005,标准级,东北,黑龙江,技术,配件,贝尔金,"贝尔金 路由器, 可编程",12.0,108.08
A1002948,2020/10/24,EH-14005,标准级,东北,吉林,办公用品,收纳具,Eldon,"Eldon 锁柜, 金属",7.0,9.54
A1002948,2020/10/24,FM-14290,标准级,东北,吉林,办公用品,标签,Hon,"Hon 合法证物标签, 耐用",34.0,11.736
A1002948,2020/10/24,FG-14260,标准级,东北,吉林,家具,椅子,Harbour Creations,"Harbour Creations 沙滩椅, 红色",11.0,447.86
A1002948,2020/10/24,FG-14260,标准级,东北,吉林,家具,用具,Deflect-O,"Deflect-O 分层置放架, 黑色",8.0,17.94
A1002948,2020/10/24,FG-14260,标准级,东北,吉林,技术,复印机,Brother,"Brother 个人复印机, 彩色",13.0,245.88
A1002948,2020/10/24,MV-17485,标准级,东北,吉林,技术,设备,爱普生,"爱普生 计算器, 耐用",26.0,192.16
A1002952,2020/10/25,JW-15220,当日,西北,陕西,办公用品,器具,Breville,"Breville 烤面包机, 银色",19.0,801.568
A1002952,2020/10/25,JW-15220,当日,西北,陕西,办公用品,纸张,Enermax,"Enermax 羊皮纸, 每包 12 个",35.0,368.91
A1002952,2020/10/25,JW-15220,当日,西北,陕西,办公用品,装订机,Acco,"Acco 打孔机, 耐用",12.0,885.528
A1002951,2020/10/25,EH-13765,标准级,中南,广东,家具,椅子,Novimex,"Novimex 椅垫, 可调",21.0,28.28
A1002951,2020/10/25,EH-13765,标准级,中南,广东,家具,椅子,Safco,"SAFCO 椅垫, 红色",8.0,912.59
A1002951,2020/10/25,LS-17245,标准级,中南,广东,家具,用具,Eldon,"Eldon 门挡, 耐用",36.0,14.352
A1002951,2020/10/25,LS-17245,标准级,中南,广东,技术,设备,StarTech,"StarTech 卡片打印机, 红色",9.0,179.97
A1002953,2020/10/25,BP-11050,标准级,华东,山东,办公用品,收纳具,Fellowes,"Fellowes 文件车, 金属",27.0,42.76
A1002954,2020/10/26,CC-12220,一级,华东,江苏,办公用品,标签,Novimex,"Novimex 运输标签, 可调",37.0,45.68
A1002954,2020/10/26,JM-15580,一级,华东,江苏,办公用品,用品,Stiletto,"Stiletto 大剪刀, 工业",28.0,25.06
A1002954,2020/10/26,RD-19720,一级,华东,江苏,技术,配件,Enermax,"Enermax 键盘, 回收",19.0,38.432
A1002954,2020/10/26,RD-19720,一级,华东,江苏,技术,配件,SanDisk,"SanDisk 闪存驱动器, 回收",10.0,21.568
A1002955,2020/10/28,RD-19720,一级,华东,安徽,办公用品,信封,GlobeWeis,"GlobeWeis 邮寄品, 每套 50 个",36.0,81.576
A1002955,2020/10/28,SS-20410,一级,华东,安徽,办公用品,标签,Smead,"Smead 文件夹标签, 耐用",20.0,2.78
A1002955,2020/10/28,KD-16495,一级,华东,安徽,技术,电话,苹果,"苹果 信号增强器, 蓝色",17.0,99.87
A1002961,2020/10/28,PL-18925,标准级,中南,湖北,办公用品,标签,Novimex,"Novimex 合法证物标签, 白色",11.0,44.4
A1002960,2020/10/28,PL-18925,标准级,中南,广东,办公用品,收纳具,Eldon,"Eldon 文件夹, 单宽度",8.0,21.4
A1002958,2020/10/28,ZD-21925,标准级,华东,安徽,办公用品,美术,Sanford,"Sanford 荧光笔, 整包",19.0,71.12
A1002957,2020/10/28,ZD-21925,标准级,中南,湖北,家具,椅子,Harbour Creations,"Harbour Creations 凳子, 可调",20.0,259.96
A1002959,2020/10/28,LS-16945,标准级,东北,辽宁,技术,复印机,惠普,"惠普 传真复印机, 每套两件",6.0,9.78
A1002956,2020/10/28,PB-18805,标准级,中南,广东,技术,复印机,Hewlett,"Hewlett 个人复印机, 每套两件",25.0,24.192
A1002962,2020/10/28,PC-18745,标准级,中南,广西,技术,设备,StarTech,"StarTech 卡片打印机, 多色",19.0,31.56
A1002963,2020/10/29,FM-14290,标准级,华东,山东,办公用品,装订机,Cardinal,"Cardinal 装订机盖, 耐用",13.0,59.94
A1002963,2020/10/29,FM-14290,标准级,华东,山东,技术,复印机,Brother,"Brother 个人复印机, 彩色",12.0,45.36
A1002963,2020/10/29,FM-14290,标准级,华东,山东,技术,设备,松下,"松下 收据打印机, 多色",37.0,26.4
A1002969,2020/10/29,FM-14290,标准级,中南,广东,办公用品,系固件,Stockwell,"Stockwell 夹子, 混合尺寸",4.0,41.4
A1002966,2020/10/29,FM-14290,标准级,华东,江苏,办公用品,装订机,Cardinal,"Cardinal 装订机盖, 实惠",18.0,16.95
A1002968,2020/10/29,KD-16495,标准级,华北,山西,办公用品,信封,Cameo,"Cameo 马尼拉纸信封, 银色",24.0,24.704
A1002966,2020/10/29,KD-16495,标准级,华东,江苏,家具,书架,Safco,"Safco 柜, 金属",40.0,59.7
A1002968,2020/10/29,KD-16495,标准级,华北,山西,技术,配件,SanDisk,"SanDisk 键盘, 可编程",33.0,14.52
A1002967,2020/10/29,KD-16495,标准级,华东,上海,办公用品,纸张,Eaton,"Eaton 计划信息表, 每包 12 个",7.0,104.184
A1002964,2020/10/29,SC-20680,标准级,东北,吉林,家具,用具,Rubbermaid,"Rubvermaid 闹钟, 一包多件",32.0,46.53
A1002964,2020/10/29,DW-13585,标准级,东北,吉林,技术,复印机,夏普,"夏普 传真复印机, 每套两件",12.0,25.5
A1002965,2020/10/29,PF-19120,标准级,东北,辽宁,办公用品,用品,Acme,"Acme 开信刀, 蓝色",20.0,14.9
A1002965,2020/10/29,PF-19120,标准级,东北,辽宁,办公用品,美术,Stanley,"Stanley 钢笔, 整包",4.0,87.71
A1002970,2020/10/29,PF-19120,标准级,华北,河北,办公用品,用品,Fiskars,"Fiskars 开信刀, 蓝色",20.0,199.764
A1002970,2020/10/29,PF-19120,标准级,华北,河北,家具,用具,Advantus,"Advantus 相框, 一包多件",12.0,94.6
A1002965,2020/10/29,PF-19120,标准级,东北,辽宁,技术,电话,苹果,"苹果 智能手机, 全尺寸",12.0,4228.704
A1002977,2020/10/30,PF-19120,二级,中南,河南,办公用品,收纳具,Smead,"Smead 文件夹, 单宽度",4.0,2003.92
A1002977,2020/10/30,PF-19120,二级,中南,河南,办公用品,用品,Acme,"Acme 开信刀, 钢",17.0,209.97
A1002971,2020/10/30,PF-19120,二级,华东,浙江,办公用品,纸张,SanDisk,"SanDisk 计划信息表, 回收",6.0,659.9
A1002971,2020/10/30,PF-19120,二级,华东,浙江,办公用品,美术,BIC,"BIC 荧光笔, 金属",29.0,110.96
A1002977,2020/10/30,PF-19120,二级,中南,河南,技术,电话,思科,"思科 办公室电话机, 蓝色",22.0,67.8
A1002974,2020/10/30,DK-13225,二级,华东,山东,办公用品,收纳具,Rogers,"Rogers 文件夹, 单宽度",18.0,313.176
A1002974,2020/10/30,RB-19435,二级,华东,山东,办公用品,纸张,Eaton,"Eaton 计划信息表, 每包 12 个",19.0,22.96
A1002974,2020/10/30,GD-14590,二级,华东,山东,办公用品,美术,BIC,"BIC 画布, 混合尺寸",7.0,199.5
A1002975,2020/10/30,RA-19885,标准级,中南,河南,家具,用具,Eldon,"Eldon 闹钟, 黑色",5.0,215.92
A1002976,2020/10/30,DB-13555,标准级,东北,黑龙江,办公用品,美术,Boston,"Boston 记号笔, 蓝色",7.0,7.31
A1002978,2020/10/30,DB-13555,标准级,中南,广西,家具,椅子,Office Star,"Office Star 椅垫, 黑色",17.0,8.92
A1002973,2020/10/30,RL-19615,标准级,华东,上海,办公用品,收纳具,Rogers,"Rogers 盒, 单宽度",6.0,87.21
A1002972,2020/10/30,RL-19615,标准级,东北,吉林,办公用品,纸张,Enermax,"Enermax 信纸, 每包 12 个",38.0,15.552
A1002972,2020/10/30,RL-19615,标准级,东北,吉林,办公用品,美术,Sanford,"Sanford 钢笔, 蓝色",13.0,83.988
A1002972,2020/10/30,RL-19615,标准级,东北,吉林,办公用品,美术,Stanley,"Stanley 记号笔, 金属",7.0,13.392
A1002972,2020/10/30,RL-19615,标准级,东北,吉林,家具,书架,Dania,"Dania 柜, 黑色",15.0,16.776
A1002981,2020/10/31,RL-19615,一级,华北,内蒙古,办公用品,信封,Jiffy,"Jiffy 商业信封, 银色",10.0,527.92
A1002981,2020/10/31,RB-19465,一级,华北,内蒙古,办公用品,系固件,Accos,"Accos 订书钉, 整包",11.0,25.4
A1002981,2020/10/31,RB-19465,一级,华北,内蒙古,办公用品,纸张,Eaton,"Eaton 笔记本, 多色",33.0,177.48
A1002981,2020/10/31,RB-19465,一级,华北,内蒙古,办公用品,装订机,Avery,"Avery 标签, 实惠",5.0,71.976
A1002981,2020/10/31,JF-15295,一级,华北,内蒙古,办公用品,装订机,Ibico,"Ibico 装订机盖, 透明",31.0,95.992
A1002980,2020/10/31,JF-15295,一级,中南,河南,办公用品,美术,Binney & Smith,"Binney & Smith 荧光笔, 整包",8.0,13.216
A1002981,2020/10/31,RW-19690,一级,华北,内蒙古,家具,书架,Sauder,"Sauder 书架, 黑色",11.0,435.84
A1002981,2020/10/31,RW-19690,一级,华北,内蒙古,家具,椅子,Novimex,"Novimex 折叠椅, 红色",30.0,5.88
A1002981,2020/10/31,VG-21790,一级,华北,内蒙古,家具,用具,Eldon,"Eldon 相框, 优质",30.0,211.168
A1002980,2020/10/31,JM-15265,一级,中南,河南,家具,书架,宜家,"宜家 墙角架, 黑色",6.0,6.28
A1002980,2020/10/31,JM-15265,一级,中南,河南,家具,椅子,Hon,"Hon 扶手椅, 可调",18.0,95.1
A1002981,2020/10/31,JM-15265,一级,华北,内蒙古,技术,复印机,夏普,"夏普 传真机, 每套两件",31.0,25.92
A1002981,2020/10/31,JM-15265,一级,华北,内蒙古,技术,电话,摩托罗拉,"摩托罗拉 充电器, 全尺寸",16.0,48.84
A1002981,2020/10/31,BE-11455,一级,华北,内蒙古,技术,电话,摩托罗拉,"摩托罗拉 音频基座, 全尺寸",5.0,25.9
A1002981,2020/10/31,CB-12535,一级,华北,内蒙古,技术,设备,冲电器,"冲电器 喷墨打印机, 多色",19.0,42.68
A1002981,2020/10/31,CB-12535,一级,华北,内蒙古,技术,设备,松下,"松下 计算器, 耐用",29.0,299.97
A1002979,2020/10/31,CB-12535,标准级,西南,四川,办公用品,纸张,Eaton,"Eaton 备忘录便条, 多色",4.0,262.24
A1002979,2020/10/31,CB-12535,标准级,西南,四川,办公用品,装订机,Cardinal,"Cardinal 装订机盖, 透明",32.0,234.36
A1002979,2020/10/31,SD-20485,标准级,西南,四川,家具,椅子,Harbour Creations,"Harbour Creations 摇椅, 每套两件",35.0,20.736
A1002979,2020/10/31,SG-20890,标准级,西南,四川,技术,电话,摩托罗拉,"摩托罗拉 智能手机, 整包",18.0,10.5
A1002983,2020/11/1,TS-21430,一级,中南,湖南,办公用品,用品,Acme,"Acme 剪刀, 钢",31.0,23.968
A1002983,2020/11/1,TS-21430,一级,中南,湖南,办公用品,纸张,施乐,"施乐 羊皮纸, 优质",29.0,521.96
A1002984,2020/11/1,DK-13225,标准级,华东,山东,家具,桌子,Hon,"Hon 电脑桌, 组装",16.0,676.55
A1002984,2020/11/1,DK-13225,标准级,华东,山东,家具,椅子,Office Star,"Office Star 凳子, 每套两件",23.0,154.9
A1002985,2020/11/1,DK-13225,标准级,西北,陕西,技术,设备,柯尼卡,"柯尼卡 打印机, 红色",8.0,30.56
A1002986,2020/11/1,DK-13225,标准级,华东,山东,办公用品,美术,Binney & Smith,"Binney & Smith 速写本, 混合尺寸",7.0,770.352
A1002982,2020/11/1,ML-17395,标准级,西南,重庆,办公用品,标签,Hon,"Hon 可去除的标签, 耐用",6.0,21.12
A1002982,2020/11/1,MA-17560,标准级,西南,重庆,家具,椅子,Novimex,"Novimex 折叠椅, 每套两件",20.0,575.928
A1002982,2020/11/1,MA-17560,标准级,西南,重庆,技术,电话,摩托罗拉,"摩托罗拉 信号增强器, 全尺寸",20.0,7.78
A1002987,2020/11/2,MA-17560,二级,东北,吉林,办公用品,美术,BIC,"BIC 荧光笔, 混合尺寸",18.0,123.92
A1002989,2020/11/2,LR-17035,二级,华东,浙江,办公用品,装订机,Cardinal,"Cardinal 订书机, 透明",29.0,17.22
A1002989,2020/11/2,LR-17035,二级,华东,浙江,技术,配件,Enermax,"Enermax 记忆卡, 耐用",34.0,226.56
A1002991,2020/11/2,LR-17035,二级,华东,江苏,办公用品,信封,GlobeWeis,"GlobeWeis 商业信封, 银色",25.0,107.88
A1002990,2020/11/2,BE-11335,二级,中南,河南,办公用品,信封,Ames,"Ames 邮寄品, 回收",5.0,81.98
A1002988,2020/11/2,CC-12145,标准级,西北,甘肃,办公用品,装订机,Wilson Jones,"Wilson Jones 装订机, 耐用",6.0,104.85
A1002993,2020/11/4,CC-12145,二级,东北,黑龙江,办公用品,用品,Kleencut,"Kleencut 修剪器, 工业",24.0,8.704
A1002994,2020/11/4,CC-12145,二级,华北,河北,办公用品,纸张,施乐,"施乐 令, 多色",11.0,19.92
A1002992,2020/11/4,CC-12145,一级,华北,天津,办公用品,标签,Novimex,"Novimex 运输标签, 红色",34.0,43.02
A1002996,2020/11/4,BD-11770,二级,中南,湖南,办公用品,信封,Kraft,"Kraft 马尼拉纸信封, 每套 50 个",31.0,240.784
A1002996,2020/11/4,JK-15640,二级,中南,湖南,办公用品,器具,Cuisinart,"Cuisinart 烤面包机, 银色",20.0,414.96
A1002996,2020/11/4,DB-13615,二级,中南,湖南,办公用品,系固件,Stockwell,"Stockwell 夹子, 每包 12 个",36.0,387.72
A1002996,2020/11/4,RR-19525,二级,中南,湖南,办公用品,装订机,Ibico,"Ibico 孔加固材料, 透明",19.0,360.38
A1002996,2020/11/4,RR-19525,二级,中南,湖南,办公用品,装订机,Ibico,"Ibico 装订机, 透明",27.0,13.56
A1002996,2020/11/4,SV-20935,二级,中南,湖南,办公用品,装订机,Wilson Jones,"Wilson Jones 打孔机, 耐用",32.0,552.0
A1002997,2020/11/4,RB-19465,一级,华东,山东,技术,复印机,惠普,"惠普 墨水, 红色",34.0,429.9
A1002995,2020/11/4,RB-19465,标准级,西南,重庆,办公用品,收纳具,Rogers,"Rogers 盘, 单宽度",21.0,32.06
A1002995,2020/11/4,RB-19465,标准级,西南,重庆,办公用品,用品,Fiskars,"Fiskars 开信刀, 锯齿状",35.0,161.96
A1002995,2020/11/4,RB-19465,标准级,西南,重庆,办公用品,系固件,Stockwell,"Stockwell 橡皮筋, 每包 12 个",14.0,19.86
A1002995,2020/11/4,MV-18190,标准级,西南,重庆,办公用品,装订机,Avery,"Avery 装订机, 回收",34.0,12.96
A1002998,2020/11/4,EH-14185,标准级,东北,黑龙江,办公用品,收纳具,Tenex,"Tenex 锁柜, 蓝色",9.0,20.544
A1002998,2020/11/4,JS-16030,标准级,东北,黑龙江,家具,书架,Sauder,"Sauder 墙角架, 白色",39.0,185.58
A1002995,2020/11/4,JS-16030,标准级,西南,重庆,技术,电话,三星,"三星 充电器, 混合尺寸",7.0,77.56
A1002998,2020/11/4,JS-16030,标准级,东北,黑龙江,技术,配件,贝尔金,"贝尔金 键区, 回收",19.0,87.92
A1002999,2020/11/5,JS-16030,标准级,西北,宁夏,办公用品,器具,Breville,"Breville 炉灶, 黑色",34.0,245.94
A1002999,2020/11/5,JS-16030,标准级,西北,宁夏,办公用品,系固件,Advantus,"Advantus 回形针, 混合尺寸",37.0,8.6
A1002999,2020/11/5,JS-16030,标准级,西北,宁夏,家具,用具,Tenex,"Tenex 门挡, 黑色",32.0,504.9
A1003000,2020/11/5,ES-14020,标准级,华北,天津,技术,电话,诺基亚,"诺基亚 智能手机, 全尺寸",37.0,2357.488
A1003003,2020/11/6,ES-14020,标准级,华北,河北,办公用品,标签,Harbour Creations,"Harbour Creations 圆形标签, 白色",6.0,369.544
A1003001,2020/11/6,ES-14020,标准级,中南,广东,办公用品,信封,Cameo,"Cameo 外皮和封条, 红色",11.0,184.752
A1003001,2020/11/6,NS-18640,标准级,中南,广东,办公用品,收纳具,Eldon,"Eldon 文件夹, 单宽度",18.0,64.96
A1003001,2020/11/6,NS-18640,标准级,中南,广东,办公用品,收纳具,Rogers,"Rogers 盘, 金属",5.0,13.52
A1003001,2020/11/6,NS-18640,标准级,中南,广东,家具,用具,Tenex,"Tenex 分层置放架, 优质",40.0,458.43
A1003002,2020/11/6,NS-18640,标准级,中南,湖南,办公用品,美术,Stanley,"Stanley 记号笔, 蓝色",40.0,387.136
A1003005,2020/11/7,NS-18640,标准级,中南,河南,办公用品,纸张,SanDisk,"SanDisk 计划信息表, 回收",12.0,328.59
A1003005,2020/11/7,SH-19975,标准级,中南,河南,技术,设备,松下,"松下 打印机, 耐用",7.0,338.352
A1003004,2020/11/7,SH-19975,标准级,中南,广东,办公用品,美术,BIC,"BIC 画布, 金属",17.0,25.92
A1003007,2020/11/8,CL-12565,一级,华东,江苏,家具,椅子,Harbour Creations,"Harbour Creations 椅垫, 黑色",1.0,2548.56
A1003011,2020/11/8,KF-16285,标准级,华东,福建,办公用品,装订机,Avery,"Avery 打孔机, 透明",40.0,4158.912
A1003022,2020/11/11,AA-10645,二级,华北,北京,办公用品,纸张,Eaton,"Eaton 羊皮纸, 回收",11.0,129.92
A1003022,2020/11/11,AA-10645,二级,华北,北京,办公用品,纸张,施乐,"施乐 羊皮纸, 多色",34.0,5.28
A1003022,2020/11/11,FA-14230,二级,华北,北京,家具,椅子,Safco,"SAFCO 椅垫, 可调",31.0,859.2
A1003022,2020/11/11,FA-14230,二级,华北,北京,技术,复印机,夏普,"夏普 复印机, 彩色",20.0,506.28
A1003024,2020/11/11,TB-21520,标准级,中南,湖南,家具,用具,Tenex,"Tenex 闹钟, 优质",36.0,14.368
A1003023,2020/11/11,AH-10075,标准级,中南,河南,办公用品,美术,Boston,"Boston 速写本, 蓝色",19.0,314.352
A1003023,2020/11/11,AH-10075,标准级,中南,河南,办公用品,美术,Stanley,"Stanley 记号笔, 蓝色",27.0,27.888
A1003029,2020/11/12,CP-12340,标准级,中南,广西,办公用品,美术,BIC,"BIC 铅笔刀, 蓝色",50.0,1345.485
A1003032,2020/11/12,GA-14725,标准级,中南,湖北,办公用品,信封,Ames,"Ames 邮寄品, 红色",11.0,27.968
A1003032,2020/11/12,EH-14125,标准级,中南,湖北,办公用品,装订机,Ibico,"Ibico 打孔机, 耐用",34.0,142.04
A1003031,2020/11/12,EH-14125,标准级,中南,广东,家具,用具,Deflect-O,"Deflect-O 闹钟, 优质",31.0,14.67
A1003032,2020/11/12,RA-19285,标准级,中南,湖北,家具,桌子,Chromcraft,"Chromcraft 木桌, 白色",3.0,1199.96
A1003032,2020/11/12,RA-19285,标准级,中南,湖北,家具,桌子,Lesro,"Lesro 圆桌, 组装",36.0,12.6
A1003032,2020/11/12,RA-19285,标准级,中南,湖北,家具,用具,Eldon,"Eldon 灯泡, 一包多件",19.0,17.94
A1003031,2020/11/12,TT-21070,标准级,中南,广东,技术,配件,贝尔金,"贝尔金 键盘, 回收",27.0,23.904
A1003035,2020/11/13,CC-12430,一级,中南,广东,家具,椅子,Novimex,"Novimex 沙滩椅, 红色",1.0,518.272
A1003037,2020/11/13,CC-12430,标准级,东北,吉林,办公用品,标签,Novimex,"Novimex 运输标签, 耐用",6.0,343.2
A1003036,2020/11/13,KD-16495,标准级,华东,安徽,办公用品,标签,Avery,"Avery 圆形标签, 耐用",25.0,17.544
A1003040,2020/11/13,BG-11035,标准级,中南,广东,技术,复印机,夏普,"夏普 复印机, 每套两件",19.0,152.688
A1003041,2020/11/13,BG-11035,标准级,中南,湖南,办公用品,器具,Cuisinart,"Cuisinart 搅拌机, 红色",13.0,3.488
A1003042,2020/11/13,BG-11035,标准级,华东,浙江,办公用品,收纳具,Eldon,"Eldon 文件夹, 金属",12.0,5.888
A1003033,2020/11/13,FH-14365,标准级,西南,云南,办公用品,装订机,Cardinal,"Cardinal 订书机, 耐用",37.0,153.552
A1003033,2020/11/13,FH-14365,标准级,西南,云南,家具,椅子,Safco,"SAFCO 椅垫, 红色",4.0,270.62
A1003042,2020/11/13,PG-18820,标准级,华东,浙江,技术,配件,Enermax,"Enermax 键区, 可编程",18.0,468.9
A1003039,2020/11/13,PG-18820,标准级,西南,重庆,技术,复印机,惠普,"惠普 复印机, 每套两件",24.0,72.48
A1003034,2020/11/13,PG-18820,标准级,华东,山东,办公用品,用品,Stiletto,"Stiletto 尺子, 锯齿状",40.0,10.95
A1003038,2020/11/13,PG-18820,标准级,中南,湖南,办公用品,收纳具,Smead,"Smead 盒, 工业",33.0,191.82
A1003034,2020/11/13,NZ-18565,标准级,华东,山东,家具,桌子,Chromcraft,"Chromcraft 会议桌, 黑色",7.0,151.056
A1003038,2020/11/13,TB-21595,标准级,中南,湖南,家具,椅子,Harbour Creations,"Harbour Creations 凳子, 每套两件",6.0,25.16
A1003038,2020/11/13,JE-15475,标准级,中南,湖南,家具,椅子,Office Star,"Office Star 摇椅, 可调",25.0,6.216
A1003038,2020/11/13,JE-15475,标准级,中南,湖南,家具,用具,Rubbermaid,"Rubvermaid 框架, 一包多件",19.0,23.616
A1003034,2020/11/13,JE-15475,标准级,华东,山东,技术,配件,Enermax,"Enermax 闪存驱动器, 回收",13.0,24.032
A1003046,2020/11/14,JE-15475,二级,华北,河北,办公用品,收纳具,Fellowes,"Fellowes 搁板, 蓝色",12.0,2.088
A1003046,2020/11/14,JE-15475,二级,华北,河北,办公用品,装订机,Wilson Jones,"Wilson Jones 标签, 实惠",37.0,4.488
A1003044,2020/11/14,EH-13945,标准级,华东,山东,办公用品,信封,Jiffy,"Jiffy 局间信封, 红色",4.0,29.22
A1003044,2020/11/14,BF-10975,标准级,华东,山东,办公用品,系固件,Stockwell,"Stockwell 夹子, 混合尺寸",18.0,6.48
A1003045,2020/11/14,PC-18745,标准级,华北,天津,办公用品,信封,Kraft,"Kraft 邮寄品, 红色",24.0,1.188
A1003045,2020/11/14,SV-20365,标准级,华北,天津,办公用品,系固件,Advantus,"Advantus 回形针, 整包",40.0,272.646
A1003045,2020/11/14,SV-20365,标准级,华北,天津,技术,电话,摩托罗拉,"摩托罗拉 充电器, 蓝色",33.0,212.8
A1003043,2020/11/14,SV-20365,标准级,中南,广东,技术,设备,StarTech,"StarTech 收据打印机, 耐用",7.0,38.52
A1003049,2020/11/15,SV-20365,当日,华北,天津,办公用品,标签,Avery,"Avery 文件夹标签, 白色",6.0,72.64
A1003047,2020/11/15,SV-20365,一级,华北,北京,办公用品,标签,Hon,"Hon 合法证物标签, 红色",25.0,45.4
A1003047,2020/11/15,SV-20365,一级,华北,北京,办公用品,美术,Binney & Smith,"Binney & Smith 画布, 混合尺寸",19.0,13.76
A1003050,2020/11/15,SV-20365,一级,东北,吉林,办公用品,收纳具,Rogers,"Rogers 盘, 蓝色",13.0,80.991
A1003051,2020/11/15,SV-20365,一级,中南,广东,技术,电话,摩托罗拉,"摩托罗拉 充电器, 全尺寸",12.0,11.784
A1003047,2020/11/15,SV-20365,一级,华北,北京,技术,配件,罗技,"罗技 记忆卡, 回收",37.0,4.36
A1003048,2020/11/15,SV-20365,标准级,华东,福建,办公用品,纸张,施乐,"施乐 计划信息表, 优质",4.0,2888.127
A1003052,2020/11/15,SV-20365,标准级,华东,安徽,家具,书架,Safco,"Safco 搁架, 白色",18.0,1299.66
A1003052,2020/11/15,SV-20365,标准级,华东,安徽,家具,椅子,Office Star,"Office Star 扶手椅, 红色",24.0,2254.41
A1003052,2020/11/15,SV-20365,标准级,华东,安徽,技术,复印机,惠普,"惠普 传真机, 每套两件",40.0,104.85
A1003056,2020/11/16,SV-20365,一级,东北,吉林,办公用品,器具,Breville,"Breville 炉灶, 红色",33.0,59.97
A1003056,2020/11/16,Dp-13240,一级,东北,吉林,办公用品,系固件,OIC,"OIC 图钉, 混合尺寸",7.0,314.532
A1003056,2020/11/16,HR-14830,一级,东北,吉林,家具,书架,Safco,"Safco 搁架, 金属",6.0,13.632
A1003054,2020/11/16,WB-21850,一级,中南,广东,办公用品,用品,Acme,"Acme 修剪器, 钢",25.0,19.432
A1003054,2020/11/16,WB-21850,一级,中南,广东,技术,设备,柯尼卡,"柯尼卡 电话, 耐用",19.0,65.44
A1003053,2020/11/16,AS-10090,标准级,华东,江苏,办公用品,收纳具,Smead,"Smead 文件车, 工业",13.0,6.0
A1003055,2020/11/16,AS-10090,标准级,东北,辽宁,办公用品,收纳具,Rogers,"Rogers 文件车, 单宽度",12.0,1.908
A1003057,2020/11/16,SP-20920,标准级,华东,浙江,办公用品,信封,Ames,"Ames 马尼拉纸信封, 回收",37.0,1474.802
A1003058,2020/11/17,SP-20920,标准级,中南,河南,办公用品,收纳具,Fellowes,"Fellowes 文件夹, 单宽度",4.0,110.096
A1003059,2020/11/18,SP-20920,一级,中南,河南,办公用品,器具,Hoover,"Hoover 搅拌机, 白色",18.0,16.752
A1003065,2020/11/18,SP-20920,标准级,西北,甘肃,办公用品,用品,Stiletto,"Stiletto 开信刀, 钢",24.0,1537.074
A1003065,2020/11/18,SP-20920,标准级,西北,甘肃,办公用品,装订机,Avery,"Avery 孔加固材料, 回收",40.0,449.372
A1003065,2020/11/18,SP-20650,标准级,西北,甘肃,办公用品,装订机,Cardinal,"Cardinal 装订机盖, 透明",33.0,41.904
A1003060,2020/11/18,CM-12655,标准级,中南,广东,办公用品,收纳具,Eldon,"Eldon 锁柜, 蓝色",7.0,2279.96
A1003063,2020/11/18,CM-12655,标准级,华北,山西,技术,配件,贝尔金,"贝尔金 键区, 回收",6.0,14.94
A1003065,2020/11/18,JR-16210,标准级,西北,甘肃,技术,设备,爱普生,"爱普生 计算器, 红色",25.0,191.976
A1003061,2020/11/18,JR-16210,标准级,中南,湖北,办公用品,器具,Breville,"Breville 烤面包机, 红色",19.0,23.832
A1003061,2020/11/18,JR-16210,标准级,中南,湖北,办公用品,系固件,OIC,"OIC 橡皮筋, 混合尺寸",13.0,409.216
A1003061,2020/11/18,JR-16210,标准级,中南,湖北,办公用品,美术,BIC,"BIC 记号笔, 金属",12.0,72.588
A1003061,2020/11/18,CB-12415,标准级,中南,湖北,办公用品,装订机,Acco,"Acco 装订机盖, 耐用",37.0,61.568
A1003064,2020/11/18,SD-20485,标准级,东北,辽宁,办公用品,标签,Avery,"Avery 文件夹标签, 白色",4.0,20.96
A1003064,2020/11/18,SS-20140,标准级,东北,辽宁,办公用品,美术,Binney & Smith,"Binney & Smith 记号笔, 整包",18.0,44.75
A1003061,2020/11/18,SS-20140,标准级,中南,湖北,家具,桌子,Lesro,"Lesro 木桌, 白色",24.0,11.96
A1003061,2020/11/18,SS-20140,标准级,中南,湖北,技术,配件,贝尔金,"贝尔金 键盘, 耐用",40.0,3.912
A1003062,2020/11/18,EH-13990,标准级,东北,黑龙江,办公用品,系固件,Advantus,"Advantus 图钉, 混合尺寸",33.0,327.996
A1003067,2020/11/19,AH-10030,二级,中南,湖南,办公用品,用品,Fiskars,"Fiskars 尺子, 蓝色",7.0,49.408
A1003067,2020/11/19,EM-14200,二级,中南,湖南,办公用品,装订机,Avery,"Avery 装订机盖, 透明",6.0,53.25
A1003067,2020/11/19,EM-14200,二级,中南,湖南,家具,书架,Sauder,"Sauder 柜, 传统",25.0,3.76
A1003070,2020/11/19,TB-21190,标准级,中南,河南,办公用品,收纳具,Tenex,"Tenex 文件夹, 蓝色",19.0,767.214
A1003066,2020/11/19,AB-10165,标准级,中南,广东,办公用品,收纳具,Smead,"Smead 搁板, 工业",13.0,163.96
A1003066,2020/11/19,AO-10810,标准级,中南,广东,办公用品,收纳具,Smead,"Smead 锁柜, 单宽度",12.0,161.28
A1003066,2020/11/19,TT-21220,标准级,中南,广东,办公用品,标签,Smead,"Smead 文件夹标签, 耐用",37.0,192.8
A1003066,2020/11/19,KN-16705,标准级,中南,广东,办公用品,标签,Smead,"Smead 运输标签, 白色",4.0,27.696
A1003066,2020/11/19,KN-16705,标准级,中南,广东,办公用品,系固件,Stockwell,"Stockwell 橡皮筋, 每包 12 个",18.0,73.164
A1003066,2020/11/19,FO-14305,标准级,中南,广东,办公用品,装订机,Avery,"Avery 订书机, 回收",24.0,32.064
A1003071,2020/11/19,GA-14725,二级,华东,安徽,办公用品,收纳具,Tenex,"Tenex 搁板, 工业",40.0,205.666
A1003069,2020/11/19,NC-18415,标准级,中南,广西,办公用品,标签,Novimex,"Novimex 可去除的标签, 白色",33.0,115.44
A1003070,2020/11/19,JF-15190,标准级,中南,河南,家具,用具,Advantus,"Advantus 分层置放架, 优质",7.0,274.8
A1003068,2020/11/19,JF-15190,标准级,西北,甘肃,家具,书架,Dania,"Dania 书架, 白色",6.0,195.64
A1003069,2020/11/19,JF-15190,标准级,中南,广西,家具,椅子,Hon,"Hon 摇椅, 黑色",25.0,257.98
A1003069,2020/11/19,JF-15190,标准级,中南,广西,家具,椅子,Safco,"SAFCO 扶手椅, 红色",19.0,119.04
A1003069,2020/11/19,GT-14710,标准级,中南,广西,家具,椅子,Safco,"SAFCO 沙滩椅, 每套两件",13.0,20.07
A1003069,2020/11/19,KM-16660,标准级,中南,广西,家具,用具,Deflect-O,"Deflect-O 相框, 耐用",12.0,11.76
A1003069,2020/11/19,PJ-18835,标准级,中南,广西,家具,用具,Eldon,"Eldon 分层置放架, 优质",37.0,11.76
A1003069,2020/11/19,PJ-18835,标准级,中南,广西,技术,设备,冲电器,"冲电器 卡片打印机, 白色",4.0,40.736
A1003080,2020/11/20,AC-10660,二级,中南,河南,办公用品,用品,Stiletto,"Stiletto 尺子, 蓝色",18.0,201.584
A1003073,2020/11/20,JG-15310,一级,东北,辽宁,家具,用具,Eldon,"Eldon 框架, 优质",24.0,340.704
A1003078,2020/11/20,RM-19375,标准级,东北,黑龙江,办公用品,器具,Hamilton Beach,"Hamilton Beach 冰箱, 红色",40.0,354.9
A1003074,2020/11/20,EK-13795,标准级,中南,河南,办公用品,装订机,Acco,"Acco 标签, 实惠",33.0,1198.33
A1003075,2020/11/20,RD-19585,标准级,中南,湖南,技术,电话,摩托罗拉,"摩托罗拉 音频基座, 整包",7.0,87.92
A1003076,2020/11/20,CV-12805,标准级,华北,河北,家具,用具,Deflect-O,"Deflect-O 闹钟, 优质",6.0,51.968
A1003081,2020/11/20,CV-12805,标准级,华东,山东,家具,椅子,Novimex,"Novimex 椅垫, 红色",25.0,51.336
A1003079,2020/11/20,CV-12805,标准级,中南,河南,家具,桌子,Barricks,"Barricks 培训桌, 长方形",19.0,332.704
A1003076,2020/11/20,CV-12805,标准级,华北,河北,技术,复印机,Hewlett,"Hewlett 复印机, 彩色",13.0,42.408
A1003072,2020/11/20,AG-10330,标准级,中南,广东,技术,电话,摩托罗拉,"摩托罗拉 办公室电话机, 整包",12.0,81.54
A1003077,2020/11/20,AG-10330,标准级,中南,广东,技术,配件,SanDisk,"SanDisk 闪存驱动器, 耐用",37.0,167.28
A1003083,2020/11/21,GM-14440,二级,华东,安徽,办公用品,系固件,Advantus,"Advantus 橡皮筋, 金属",4.0,772.68
A1003087,2020/11/21,MC-17605,二级,华东,山东,办公用品,纸张,Enermax,"Enermax 备忘录便条, 多色",18.0,323.976
A1003085,2020/11/21,MC-17605,二级,华东,山东,办公用品,信封,Kraft,"Kraft 商业信封, 回收",24.0,11.808
A1003086,2020/11/21,MC-17605,标准级,华东,上海,办公用品,信封,Jiffy,"Jiffy 邮寄品, 银色",40.0,26.16
A1003084,2020/11/21,MC-17605,标准级,华北,内蒙古,办公用品,信封,Jiffy,"Jiffy 马尼拉纸信封, 回收",33.0,33.57
A1003084,2020/11/21,MC-17605,标准级,华北,内蒙古,办公用品,器具,KitchenAid,"KitchenAid 炉灶, 黑色",7.0,1444.992
A1003084,2020/11/21,MC-17605,标准级,华北,内蒙古,办公用品,装订机,Avery,"Avery 装订机, 回收",6.0,20.016
A1003085,2020/11/21,MC-17605,二级,华东,山东,家具,书架,Dania,"Dania 书架, 黑色",25.0,170.24
A1003086,2020/11/21,ES-14020,标准级,华东,上海,家具,书架,Dania,"Dania 古典书架, 黑色",19.0,117.456
A1003084,2020/11/21,RW-19540,标准级,华北,内蒙古,技术,复印机,佳能,"佳能 传真复印机, 每套两件",13.0,22.96
A1003088,2020/11/21,MM-17920,标准级,华北,河北,办公用品,收纳具,Smead,"Smead 盘, 单宽度",12.0,13.36
A1003088,2020/11/21,MH-17440,标准级,华北,河北,办公用品,用品,Stiletto,"Stiletto 美工刀, 钢",37.0,34.248
A1003088,2020/11/21,MH-17440,标准级,华北,河北,办公用品,美术,BIC,"BIC 铅笔刀, 蓝色",4.0,3.52
A1003082,2020/11/21,NZ-18565,标准级,东北,辽宁,技术,配件,Memorex,"Memorex 键区, 耐用",18.0,26.7
A1003095,2020/11/22,NZ-18565,一级,东北,黑龙江,办公用品,器具,KitchenAid,"KitchenAid 炉灶, 白色",24.0,21.2
A1003095,2020/11/22,NZ-18565,一级,东北,黑龙江,办公用品,器具,KitchenAid,"KitchenAid 烤面包机, 白色",40.0,838.38
A1003091,2020/11/22,GB-14575,一级,中南,湖南,办公用品,器具,KitchenAid,"KitchenAid 冰箱, 黑色",33.0,1690.04
A1003091,2020/11/22,GB-14575,一级,中南,湖南,办公用品,标签,Novimex,"Novimex 圆形标签, 红色",7.0,85.96
A1003089,2020/11/22,GB-14575,一级,东北,辽宁,办公用品,美术,Stanley,"Stanley 荧光笔, 金属",6.0,121.96
A1003096,2020/11/22,GB-14575,一级,华北,北京,办公用品,装订机,Wilson Jones,"Wilson Jones 订书机, 实惠",25.0,23.92
A1003096,2020/11/22,GB-14575,一级,华北,北京,家具,书架,宜家,"宜家 书库, 黑色",19.0,63.96
A1003096,2020/11/22,GB-14575,一级,华北,北京,技术,配件,Enermax,"Enermax 路由器, 实惠",13.0,629.95
A1003090,2020/11/22,GB-14575,标准级,华东,上海,家具,桌子,Barricks,"Barricks 电脑桌, 白色",12.0,113.73
A1003090,2020/11/22,GB-14575,标准级,华东,上海,家具,椅子,Safco,"SAFCO 折叠椅, 每套两件",37.0,14.6
A1003090,2020/11/22,GB-14575,标准级,华东,上海,技术,复印机,佳能,"佳能 个人复印机, 彩色",4.0,887.84
A1003090,2020/11/22,DB-13270,标准级,华东,上海,技术,复印机,惠普,"惠普 复印机, 每套两件",18.0,403.92
A1003090,2020/11/22,JK-15625,标准级,华东,上海,技术,配件,Enermax,"Enermax 鼠标, 可编程",24.0,106.8
A1003092,2020/11/22,MH-17785,二级,中南,湖南,办公用品,系固件,Accos,"Accos 订书钉, 混合尺寸",40.0,70.95
A1003092,2020/11/22,MH-17785,二级,中南,湖南,办公用品,美术,Binney & Smith,"Binney & Smith 画布, 蓝色",33.0,34.944
A1003094,2020/11/22,MH-17785,标准级,华东,山东,办公用品,收纳具,Eldon,"Eldon 盘, 蓝色",7.0,119.04
A1003102,2020/11/25,YS-21880,标准级,西北,陕西,办公用品,系固件,OIC,"OIC 按钉, 每包 12 个",6.0,2793.528
A1003102,2020/11/25,YS-21880,标准级,西北,陕西,家具,椅子,Harbour Creations,"Harbour Creations 扶手椅, 红色",25.0,1000.02
A1003106,2020/11/25,YS-21880,标准级,华东,山东,技术,设备,StarTech,"StarTech 收据打印机, 耐用",19.0,65.94
A1003106,2020/11/25,MB-17305,标准级,华东,山东,技术,配件,贝尔金,"贝尔金 路由器, 回收",13.0,18.24
A1003108,2020/11/25,MC-17425,标准级,华东,浙江,办公用品,用品,Elite,"Elite 尺子, 工业",6.0,68.16
A1003104,2020/11/25,MC-17425,标准级,西南,四川,办公用品,信封,Jiffy,"Jiffy 局间信封, 回收",25.0,62.24
A1003104,2020/11/25,PG-18820,标准级,西南,四川,办公用品,用品,Acme,"Acme 剪刀, 工业",19.0,29.97
A1003104,2020/11/25,JS-16030,标准级,西南,四川,办公用品,系固件,OIC,"OIC 图钉, 整包",13.0,125.7
A1003104,2020/11/25,JS-16030,标准级,西南,四川,办公用品,纸张,Enermax,"Enermax 备忘录便条, 优质",12.0,191.98
A1003104,2020/11/25,JS-16030,标准级,西南,四川,家具,桌子,Chromcraft,"Chromcraft 圆桌, 黑色",37.0,20.86
A1003104,2020/11/25,JB-16000,标准级,西南,四川,家具,用具,Deflect-O,"Deflect-O 框架, 黑色",4.0,56.7
A1003107,2020/11/25,DK-12985,标准级,华东,山东,技术,设备,柯尼卡,"柯尼卡 喷墨打印机, 红色",18.0,72.704
A1003108,2020/11/25,DK-12985,标准级,华东,浙江,技术,电话,三星,"三星 信号增强器, 混合尺寸",24.0,12.264
A1003104,2020/11/25,DK-12985,标准级,西南,四川,技术,复印机,夏普,"夏普 传真机, 数字化",40.0,218.352
A1003104,2020/11/25,JF-15490,标准级,西南,四川,技术,复印机,夏普,"夏普 复印机, 红色",33.0,66.294
A1003104,2020/11/25,JF-15490,标准级,西南,四川,技术,复印机,惠普,"惠普 个人复印机, 彩色",7.0,291.168
A1003141,2020/12/2,AZ-10750,标准级,东北,黑龙江,办公用品,标签,Novimex,"Novimex 有色标签, 白色",11.0,64.14
A1003140,2020/12/2,RF-19345,标准级,中南,广东,办公用品,系固件,Advantus,"Advantus 按钉, 金属",33.0,33.552
A1003137,2020/12/2,AJ-10780,二级,华东,福建,家具,书架,Dania,"Dania 墙角架, 白色",5.0,1737.18
A1003137,2020/12/2,AJ-10780,二级,华东,福建,家具,椅子,Hon,"Hon 摇椅, 红色",31.0,704.25
A1003141,2020/12/2,AJ-10780,标准级,东北,黑龙江,家具,用具,Rubbermaid,"Rubvermaid 框架, 黑色",8.0,141.76
A1003139,2020/12/2,SF-20965,标准级,华东,山东,技术,复印机,惠普,"惠普 复印机, 数字化",11.0,36.36
A1003141,2020/12/2,MZ-17335,标准级,东北,黑龙江,技术,电话,三星,"三星 信号增强器, 混合尺寸",30.0,25.83
A1003140,2020/12/2,SB-20170,标准级,中南,广东,技术,配件,贝尔金,"贝尔金 键区, 耐用",30.0,24.588
A1003138,2020/12/2,SB-20170,二级,华东,山东,办公用品,美术,Sanford,"Sanford 荧光笔, 蓝色",6.0,13.984
A1003142,2020/12/2,AH-10210,标准级,中南,海南,技术,配件,贝尔金,"贝尔金 键盘, 耐用",18.0,195.96
A1003145,2020/12/3,NK-18490,二级,华东,江西,办公用品,收纳具,Fellowes,"Fellowes 盒, 金属",31.0,74.352
A1003147,2020/12/4,DB-13660,二级,东北,辽宁,家具,书架,Bush,"Bush 书架, 金属",22.0,65.97
A1003147,2020/12/4,NB-18655,二级,东北,辽宁,家具,书架,Sauder,"Sauder 书架, 黑色",66.0,33.4
A1003150,2020/12/4,NB-18655,标准级,东北,辽宁,办公用品,收纳具,Eldon,"Eldon 搁板, 蓝色",10.0,210.84
A1003150,2020/12/4,XP-21865,标准级,东北,辽宁,办公用品,标签,Novimex,"Novimex 运输标签, 可调",62.0,13.98
A1003150,2020/12/4,XP-21865,标准级,东北,辽宁,办公用品,系固件,Advantus,"Advantus 按钉, 混合尺寸",16.0,272.94
A1003150,2020/12/4,XP-21865,标准级,东北,辽宁,家具,椅子,Safco,"SAFCO 折叠椅, 可调",22.0,19.05
A1003148,2020/12/4,XP-21865,标准级,华东,山东,家具,书架,Sauder,"Sauder 搁架, 黑色",60.0,247.716
A1003148,2020/12/4,XP-21865,标准级,华东,山东,技术,复印机,佳能,"佳能 个人复印机, 数字化",60.0,66.58
A1003148,2020/12/4,XP-21865,标准级,华东,山东,技术,设备,StarTech,"StarTech 卡片打印机, 耐用",12.0,43.92
A1003148,2020/12/4,XP-21865,标准级,华东,山东,技术,配件,贝尔金,"贝尔金 键区, 实惠",36.0,14.73
A1003152,2020/12/5,XP-21865,一级,华东,山东,办公用品,系固件,Accos,"Accos 按钉, 金属",62.0,29.7
A1003161,2020/12/6,JD-16015,标准级,华北,北京,办公用品,装订机,Ibico,"Ibico 标签, 透明",38.0,83.92
A1003165,2020/12/6,CS-12250,标准级,华东,安徽,办公用品,系固件,Stockwell,"Stockwell 回形针, 混合尺寸",25.0,19.68
A1003166,2020/12/6,CS-12250,标准级,华东,山东,办公用品,系固件,Advantus,"Advantus 回形针, 金属",9.0,25.92
A1003170,2020/12/6,CS-12250,标准级,华北,河北,办公用品,信封,Jiffy,"Jiffy 邮寄品, 每套 50 个",17.0,336.48
A1003170,2020/12/6,CS-12250,标准级,华北,河北,办公用品,器具,Cuisinart,"Cuisinart 冰箱, 银色",29.0,86.352
A1003170,2020/12/6,FC-14245,标准级,华北,河北,办公用品,美术,Sanford,"Sanford 铅笔刀, 蓝色",20.0,56.3
A1003164,2020/12/6,SE-20110,标准级,华东,安徽,家具,用具,Deflect-O,"Deflect-O 框架, 一包多件",16.0,51.016
A1003164,2020/12/6,CK-12205,标准级,华东,安徽,家具,用具,Eldon,"Eldon 框架, 耐用",31.0,21150.8
A1003167,2020/12/6,CK-12205,二级,中南,湖南,技术,配件,Enermax,"Enermax 键区, 回收",4.0,1039.992
A1003164,2020/12/6,CK-12205,标准级,华东,安徽,技术,配件,Enermax,"Enermax 记忆卡, 可编程",37.0,51.84
A1003168,2020/12/6,DS-13030,标准级,东北,吉林,家具,用具,Eldon,"Eldon 相框, 一包多件",32.0,41.22
A1003168,2020/12/6,DS-13030,标准级,东北,吉林,技术,复印机,Hewlett,"Hewlett 传真复印机, 每套两件",7.0,240.37
A1003169,2020/12/6,DS-13030,标准级,中南,广东,办公用品,装订机,Cardinal,"Cardinal 订书机, 耐用",20.0,119.02
A1003174,2020/12/9,SA-20830,一级,华东,山东,办公用品,信封,GlobeWeis,"GlobeWeis 搭扣信封, 回收",10.0,133.12
A1003171,2020/12/9,TP-21565,一级,华东,上海,办公用品,收纳具,Tenex,"Tenex 搁板, 单宽度",18.0,1338.08
A1003171,2020/12/9,JK-16120,一级,华东,上海,办公用品,装订机,Wilson Jones,"Wilson Jones 打孔机, 耐用",31.0,113.568
A1003174,2020/12/9,CC-12430,一级,华东,山东,家具,用具,Tenex,"Tenex 灯泡, 优质",3.0,83.92
A1003171,2020/12/9,CC-12430,一级,华东,上海,家具,椅子,Novimex,"Novimex 摇椅, 黑色",10.0,1266.63
A1003188,2020/12/13,GT-14710,标准级,中南,广东,家具,椅子,Hon,"Hon 椅垫, 黑色",38.0,46.2
A1003188,2020/12/13,GT-14710,标准级,中南,广东,技术,配件,Memorex,"Memorex 记忆卡, 回收",25.0,47.952
A1003188,2020/12/13,GT-14710,标准级,中南,广东,技术,配件,罗技,"罗技 键区, 可编程",9.0,7.992
A1003189,2020/12/13,GT-14710,标准级,华东,江苏,办公用品,用品,Fiskars,"Fiskars 剪刀, 锯齿状",17.0,76.864
A1003190,2020/12/13,AH-10120,标准级,西南,云南,技术,复印机,夏普,"夏普 无线传真机, 彩色",29.0,102.93
A1003191,2020/12/14,AH-10120,标准级,中南,湖南,办公用品,美术,BIC,"BIC 记号笔, 金属",20.0,98.16
A1003191,2020/12/14,DR-12940,标准级,中南,湖南,家具,用具,Deflect-O,"Deflect-O 灯泡, 一包多件",16.0,11.52
A1003195,2020/12/16,DL-13495,一级,中南,河南,家具,椅子,Novimex,"Novimex 摇椅, 每套两件",31.0,83.88
A1003196,2020/12/16,BD-11620,标准级,华北,内蒙古,办公用品,美术,BIC,"BIC 钢笔, 整包",4.0,108.576
A1003194,2020/12/16,BD-11620,标准级,华北,天津,家具,桌子,Lesro,"Lesro 圆桌, 长方形",37.0,1055.984
A1003192,2020/12/16,HW-14935,二级,华东,福建,家具,椅子,Harbour Creations,"Harbour Creations 摇椅, 红色",32.0,21.96
A1003192,2020/12/16,HW-14935,二级,华东,福建,家具,椅子,Safco,"SAFCO 折叠椅, 黑色",7.0,368.97
A1003193,2020/12/16,HW-14935,标准级,华东,上海,办公用品,器具,Breville,"Breville 冰箱, 银色",20.0,12.39
A1003193,2020/12/16,HW-14935,标准级,华东,上海,办公用品,标签,Hon,"Hon 可去除的标签, 白色",10.0,332.94
A1003193,2020/12/16,JO-15145,标准级,华东,上海,办公用品,美术,Stanley,"Stanley 铅笔刀, 金属",18.0,111.93
A1003193,2020/12/16,RD-19660,标准级,华东,上海,家具,椅子,Novimex,"Novimex 凳子, 黑色",31.0,454.272
A1003193,2020/12/16,DO-13645,标准级,华东,上海,技术,电话,三星,"三星 办公室电话机, 整包",3.0,19.44
A1003193,2020/12/16,CC-12370,标准级,华东,上海,技术,电话,三星,"三星 音频基座, 混合尺寸",10.0,8399.976
A1003235,2020/12/27,VW-21775,一级,华东,山东,技术,复印机,Hewlett,"Hewlett 传真机, 数字化",1.0,1247.64
A1003237,2020/12/28,DK-13150,一级,中南,河南,家具,椅子,Office Star,"Office Star 椅垫, 红色",38.0,279.9
A1003239,2020/12/28,DK-13150,标准级,华北,河北,办公用品,器具,Hoover,"Hoover 咖啡研磨机, 银色",25.0,2550.352
A1003238,2020/12/28,DK-13150,标准级,中南,湖南,办公用品,收纳具,Eldon,"Eldon 盒, 金属",9.0,34.02
A1003238,2020/12/28,FC-14245,标准级,中南,湖南,办公用品,用品,Kleencut,"Kleencut 尺子, 蓝色",17.0,23.88
A1003238,2020/12/28,FC-14245,标准级,中南,湖南,办公用品,用品,Stiletto,"Stiletto 大剪刀, 钢",29.0,319.52
A1003238,2020/12/28,FC-14245,标准级,中南,湖南,家具,用具,Rubbermaid,"Rubvermaid 闹钟, 优质",20.0,286.93
A1003240,2020/12/29,FC-14245,标准级,中南,河南,家具,用具,Eldon,"Eldon 闹钟, 黑色",16.0,206.384
A1003246,2020/12/30,RD-19480,当日,华东,安徽,技术,电话,摩托罗拉,"摩托罗拉 音频基座, 蓝色",31.0,218.352
A1003242,2020/12/30,RD-19480,二级,华北,河北,技术,电话,三星,"三星 音频基座, 整包",4.0,529.9
A1003243,2020/12/30,RD-19480,一级,中南,广东,办公用品,标签,Harbour Creations,"Harbour Creations 有色标签, 白色",37.0,99.3
A1003244,2020/12/30,RD-19480,标准级,中南,广东,办公用品,收纳具,Rogers,"Rogers 锁柜, 金属",32.0,108.96
A1003245,2020/12/30,RD-19480,标准级,西北,甘肃,办公用品,信封,Kraft,"Kraft 搭扣信封, 每套 50 个",7.0,2.688
A1003245,2020/12/30,AR-10540,标准级,西北,甘肃,办公用品,装订机,Wilson Jones,"Wilson Jones 标签, 耐用",20.0,5443.96
A1003244,2020/12/30,AR-10540,标准级,中南,广东,家具,椅子,Harbour Creations,"Harbour Creations 摇椅, 每套两件",10.0,302.67
A1003244,2020/12/30,AR-10540,标准级,中南,广东,家具,椅子,Hon,"Hon 椅垫, 红色",18.0,56.07
A1003244,2020/12/30,CC-12100,标准级,中南,广东,技术,设备,爱普生,"爱普生 电话, 红色",31.0,10.08
A1003241,2020/12/30,CC-12100,标准级,中南,河南,办公用品,器具,Hoover,"Hoover 烤面包机, 白色",3.0,59.994
A1003256,2020/12/31,CC-12100,二级,中南,河南,办公用品,器具,Cuisinart,"Cuisinart 微波炉, 银色",10.0,755.715
A1003251,2020/12/31,CA-11965,标准级,华东,福建,办公用品,收纳具,Rogers,"Rogers 文件车, 金属",1.0,1999.96
A1003252,2020/12/31,TP-21130,标准级,东北,黑龙江,办公用品,器具,Breville,"Breville 搅拌机, 白色",2.0,1399.95
A1003252,2020/12/31,GT-14710,标准级,东北,黑龙江,办公用品,收纳具,Eldon,"Eldon 盒, 工业",1.0,2152.776
A1003252,2020/12/31,VF-21715,标准级,东北,黑龙江,家具,椅子,Hon,"Hon 扶手椅, 黑色",1.0,634.116
A1003255,2020/12/31,JH-16180,标准级,华东,上海,办公用品,器具,Hamilton Beach,"Hamilton Beach 微波炉, 红色",1.0,327.564
A1003276,2021/1/9,KB-16585,标准级,西南,四川,办公用品,系固件,Stockwell,"Stockwell 橡皮筋, 混合尺寸",38.0,19.8
A1003277,2021/1/9,GT-14710,二级,华东,山东,技术,复印机,惠普,"惠普 复印机, 彩色",25.0,33.568
A1003277,2021/1/9,SV-20815,二级,华东,山东,技术,配件,贝尔金,"贝尔金 路由器, 实惠",9.0,125.93
A1003280,2021/1/10,GG-14650,一级,华东,上海,家具,书架,Sauder,"Sauder 搁架, 金属",17.0,11.76
A1003281,2021/1/10,GG-14650,标准级,东北,黑龙江,技术,配件,贝尔金,"贝尔金 键区, 可编程",29.0,5.344
A1003283,2021/1/11,SV-20785,当日,华北,河北,办公用品,收纳具,Rogers,"Rogers 盘, 蓝色",20.0,1.365
A1003282,2021/1/11,SV-20785,标准级,华东,福建,办公用品,信封,GlobeWeis,"GlobeWeis 搭扣信封, 回收",16.0,62.016
A1003282,2021/1/11,ON-18715,标准级,华东,福建,办公用品,标签,Harbour Creations,"Harbour Creations 文件夹标签, 红色",31.0,60.72
A1003285,2021/1/12,ON-18715,二级,华东,福建,办公用品,纸张,Eaton,"Eaton 备忘录便条, 回收",4.0,146.82
A1003285,2021/1/12,ON-18715,二级,华东,福建,办公用品,纸张,Green Bar,"Green Bar 计划信息表, 回收",37.0,239.84
A1003284,2021/1/12,ON-18715,标准级,华东,安徽,家具,用具,Advantus,"Advantus 闹钟, 黑色",32.0,15.66
A1003286,2021/1/13,RA-19945,标准级,华北,河北,技术,电话,诺基亚,"诺基亚 智能手机, 蓝色",7.0,146.352
A1003287,2021/1/13,SV-20785,标准级,华东,安徽,技术,电话,三星,"三星 信号增强器, 整包",20.0,5.94
A1003289,2021/1/13,SV-20785,标准级,华东,安徽,办公用品,收纳具,Fellowes,"Fellowes 文件夹, 工业",10.0,45.36
A1003288,2021/1/13,SV-20785,标准级,东北,吉林,办公用品,用品,Fiskars,"Fiskars 美工刀, 锯齿状",18.0,211.168
A1003288,2021/1/13,SV-20785,标准级,东北,吉林,技术,复印机,惠普,"惠普 复印机, 数字化",31.0,484.704
A1003291,2021/1/14,SV-20785,标准级,西南,四川,办公用品,纸张,Green Bar,"Green Bar 羊皮纸, 回收",3.0,371.976
A1003290,2021/1/14,KB-16585,标准级,华东,上海,办公用品,信封,Kraft,"Kraft 外皮和封条, 红色",10.0,89.82
A1003290,2021/1/14,JK-16090,标准级,华东,上海,家具,椅子,Hon,"Hon 椅垫, 每套两件",5.0,191.96
A1003293,2021/1/15,JK-16090,一级,华东,山东,家具,书架,Bush,"Bush 柜, 金属",16.0,21.3
A1003295,2021/1/15,JK-16090,一级,华北,内蒙古,办公用品,标签,Smead,"Smead 合法证物标签, 耐用",6.0,469.95
A1003294,2021/1/15,JK-16090,标准级,东北,吉林,办公用品,美术,Sanford,"Sanford 荧光笔, 蓝色",31.0,209.88
A1003294,2021/1/15,MV-18190,标准级,东北,吉林,办公用品,美术,Stanley,"Stanley 铅笔刀, 混合尺寸",40.0,239.666
A1003294,2021/1/15,MV-18190,标准级,东北,吉林,办公用品,装订机,Avery,"Avery 打孔机, 透明",32.0,22.5
A1003292,2021/1/15,MV-18190,二级,西南,重庆,办公用品,用品,Fiskars,"Fiskars 剪刀, 蓝色",40.0,219.84
A1003294,2021/1/15,CP-12085,标准级,东北,吉林,家具,书架,Dania,"Dania 古典书架, 黑色",20.0,32.4
A1003292,2021/1/15,CP-12085,二级,西南,重庆,家具,用具,Tenex,"Tenex 门挡, 黑色",31.0,209.94
A1003294,2021/1/15,CP-12085,标准级,东北,吉林,技术,设备,StarTech,"StarTech 电话, 白色",28.0,4164.05
A1003292,2021/1/15,CP-12085,二级,西南,重庆,技术,电话,思科,"思科 耳机, 全尺寸",39.0,212.94
A1003296,2021/1/16,VP-21760,一级,中南,广东,办公用品,器具,Hoover,"Hoover 冰箱, 白色",30.0,41.88
A1003297,2021/1/16,VP-21760,二级,西南,四川,办公用品,装订机,Acco,"Acco 装订机盖, 实惠",9.0,58.48
A1003297,2021/1/16,PM-18940,二级,西南,四川,办公用品,装订机,Wilson Jones,"Wilson Jones 孔加固材料, 回收",31.0,102.438
A1003301,2021/1/17,PM-18940,二级,中南,广东,办公用品,装订机,Avery,"Avery 订书机, 回收",22.0,199.304
A1003298,2021/1/17,TB-21400,标准级,华东,江苏,办公用品,器具,Hoover,"Hoover 搅拌机, 白色",12.0,6999.96
A1003300,2021/1/17,EH-13990,标准级,华东,山东,办公用品,器具,Hoover,"Hoover 烤面包机, 红色",23.0,12.96
A1003298,2021/1/17,GW-14605,标准级,华东,江苏,家具,用具,Rubbermaid,"Rubvermaid 门挡, 一包多件",15.0,279.86
A1003300,2021/1/17,NP-18685,标准级,华东,山东,技术,设备,柯尼卡,"柯尼卡 电话, 耐用",4.0,7.38
A1003299,2021/1/17,JE-15715,标准级,东北,辽宁,家具,椅子,Harbour Creations,"Harbour Creations 凳子, 黑色",34.0,698.352
A1003299,2021/1/17,JE-15715,标准级,东北,辽宁,技术,复印机,佳能,"佳能 传真机, 红色",19.0,1747.25
A1003299,2021/1/17,BE-11455,标准级,东北,辽宁,技术,设备,柯尼卡,"柯尼卡 收据打印机, 耐用",28.0,54.48
A1003302,2021/1/18,SS-20590,一级,中南,广东,办公用品,器具,Cuisinart,"Cuisinart 微波炉, 白色",12.0,199.99
A1003302,2021/1/18,MB-18085,一级,中南,广东,家具,书架,Bush,"Bush 书库, 白色",20.0,68.541
A1003306,2021/1/20,PO-18865,标准级,华东,上海,家具,书架,Dania,"Dania 搁架, 白色",5.0,79.78
A1003304,2021/1/20,PO-18865,标准级,东北,吉林,办公用品,用品,Fiskars,"Fiskars 美工刀, 蓝色",16.0,133.2
A1003305,2021/1/20,WB-21850,二级,中南,广东,办公用品,纸张,Green Bar,"Green Bar 羊皮纸, 多色",6.0,438.368
A1003303,2021/1/20,WB-21850,标准级,华北,天津,办公用品,器具,Cuisinart,"Cuisinart 微波炉, 白色",31.0,139.944
A1003304,2021/1/20,WB-21850,标准级,东北,吉林,家具,桌子,Chromcraft,"Chromcraft 咖啡桌, 黑色",40.0,133.472
A1003304,2021/1/20,MP-18175,标准级,东北,吉林,家具,椅子,Novimex,"Novimex 沙滩椅, 可调",32.0,564.195
A1003304,2021/1/20,MP-18175,标准级,东北,吉林,技术,复印机,佳能,"佳能 传真复印机, 红色",40.0,87.168
A1003304,2021/1/20,BF-11020,标准级,东北,吉林,技术,电话,摩托罗拉,"摩托罗拉 充电器, 蓝色",20.0,42.616
A1003304,2021/1/20,BF-11020,标准级,东北,吉林,技术,设备,松下,"松下 喷墨打印机, 耐用",31.0,319.984
A1003310,2021/1/21,BF-11020,标准级,东北,辽宁,办公用品,收纳具,Tenex,"Tenex 锁柜, 蓝色",28.0,45.92
A1003310,2021/1/21,BF-11020,标准级,东北,辽宁,办公用品,美术,Boston,"Boston 钢笔, 混合尺寸",39.0,21.184
A1003310,2021/1/21,BF-11020,标准级,东北,辽宁,家具,椅子,Novimex,"Novimex 凳子, 黑色",30.0,20.736
A1003308,2021/1/21,BF-11020,标准级,中南,广东,办公用品,用品,Stiletto,"Stiletto 大剪刀, 工业",9.0,213.43
A1003307,2021/1/21,KM-16375,二级,西北,陕西,办公用品,用品,Fiskars,"Fiskars 修剪器, 工业",31.0,333.576
A1003309,2021/1/21,KM-16375,标准级,东北,吉林,家具,桌子,Bevis,"Bevis 会议桌, 组装",22.0,31.992
A1003309,2021/1/21,KM-16375,标准级,东北,吉林,技术,配件,罗技,"罗技 鼠标, 耐用",12.0,51.168
A1003312,2021/1/22,KM-16375,标准级,中南,广东,技术,复印机,Brother,"Brother 复印机, 每套两件",23.0,10.64
A1003312,2021/1/22,KM-16375,标准级,中南,广东,技术,电话,思科,"思科 充电器, 整包",15.0,68.704
A1003314,2021/1/22,KM-16375,标准级,华东,安徽,技术,复印机,Hewlett,"Hewlett 个人复印机, 每套两件",4.0,386.91
A1003313,2021/1/22,DB-13405,标准级,华北,河北,办公用品,美术,Boston,"Boston 荧光笔, 混合尺寸",34.0,39.66
A1003311,2021/1/22,DB-13405,标准级,华东,江苏,办公用品,装订机,Avery,"Avery 打孔机, 耐用",19.0,113.92
A1003311,2021/1/22,DB-13405,标准级,华东,江苏,家具,用具,Deflect-O,"Deflect-O 分层置放架, 耐用",28.0,447.86
A1003315,2021/1/23,OT-18730,标准级,东北,黑龙江,办公用品,收纳具,Tenex,"Tenex 锁柜, 工业",12.0,356.85
A1003315,2021/1/23,OT-18730,标准级,东北,黑龙江,办公用品,纸张,Enermax,"Enermax 备忘录便条, 优质",20.0,251.58
A1003319,2021/1/24,RB-19645,一级,东北,黑龙江,技术,电话,诺基亚,"诺基亚 办公室电话机, 整包",5.0,49.568
A1003317,2021/1/24,SB-20290,标准级,华东,山东,办公用品,标签,Avery,"Avery 有色标签, 红色",16.0,265.86
A1003317,2021/1/24,TW-21025,标准级,华东,山东,办公用品,系固件,Stockwell,"Stockwell 回形针, 金属",6.0,67.96
A1003317,2021/1/24,DL-13330,标准级,华东,山东,办公用品,纸张,Enermax,"Enermax 信纸, 优质",31.0,10.92
A1003317,2021/1/24,DL-13330,标准级,华东,山东,家具,椅子,Safco,"SAFCO 扶手椅, 每套两件",40.0,83.9
A1003318,2021/1/24,DL-13330,标准级,华东,江苏,办公用品,用品,Fiskars,"Fiskars 美工刀, 工业",32.0,19.75
A1003318,2021/1/24,DL-13330,标准级,华东,江苏,技术,复印机,Hewlett,"Hewlett 传真机, 数字化",40.0,393.54
A1003318,2021/1/24,SD-20485,标准级,华东,江苏,技术,配件,罗技,"罗技 鼠标, 可编程",20.0,46.872
A1003321,2021/1/25,TB-21055,二级,西北,陕西,办公用品,收纳具,Smead,"Smead 锁柜, 单宽度",31.0,10.9
A1003321,2021/1/25,TB-21055,二级,西北,陕西,办公用品,装订机,Wilson Jones,"Wilson Jones 订书机, 耐用",28.0,79.92
A1003320,2021/1/25,TB-21055,标准级,华东,江苏,办公用品,器具,KitchenAid,"KitchenAid 冰箱, 白色",39.0,146.82
A1003321,2021/1/25,DP-13390,二级,西北,陕西,技术,配件,Enermax,"Enermax 记忆卡, 实惠",30.0,3.6
A1003322,2021/1/27,DE-13255,标准级,东北,黑龙江,办公用品,器具,Cuisinart,"Cuisinart 搅拌机, 红色",9.0,20.04
A1003322,2021/1/27,MC-18100,标准级,东北,黑龙江,家具,桌子,Barricks,"Barricks 木桌, 组装",31.0,180.016
A1003323,2021/1/28,MC-18100,当日,东北,黑龙江,办公用品,信封,Kraft,"Kraft 马尼拉纸信封, 银色",22.0,41.552
A1003324,2021/1/28,MC-18100,一级,东北,黑龙江,家具,椅子,Hon,"Hon 折叠椅, 可调",12.0,13.12
A1003326,2021/1/28,HG-15025,标准级,中南,广西,家具,椅子,Novimex,"Novimex 折叠椅, 可调",23.0,1117.92
A1003326,2021/1/28,CM-11815,标准级,中南,广西,家具,椅子,Novimex,"Novimex 椅垫, 黑色",15.0,111.96
A1003325,2021/1/28,RP-19855,二级,中南,河南,办公用品,器具,KitchenAid,"KitchenAid 微波炉, 黑色",4.0,12.16
A1003328,2021/1/29,LS-17200,当日,华北,山西,办公用品,器具,Breville,"Breville 烤面包机, 银色",34.0,17.52
A1003331,2021/1/29,LS-17200,当日,华北,山西,办公用品,器具,KitchenAid,"KitchenAid 搅拌机, 红色",19.0,155.88
A1003331,2021/1/29,DR-12940,当日,华北,山西,家具,椅子,Safco,"SAFCO 折叠椅, 每套两件",28.0,477.51
A1003330,2021/1/29,CC-12475,标准级,华东,浙江,办公用品,信封,GlobeWeis,"GlobeWeis 局间信封, 红色",12.0,164.88
A1003329,2021/1/29,SS-20515,标准级,中南,河南,办公用品,器具,Breville,"Breville 咖啡研磨机, 银色",2000.0,47.97
A1003341,2021/2/3,DB-13060,当日,西北,陕西,办公用品,收纳具,Smead,"Smead 搁板, 单宽度",39.0,39.264
A1003341,2021/2/3,DB-13060,当日,西北,陕西,办公用品,系固件,Advantus,"Advantus 订书钉, 整包",30.0,95.232
A1003342,2021/2/3,CK-12325,一级,中南,广东,办公用品,用品,Elite,"Elite 开信刀, 锯齿状",9.0,30.0
A1003339,2021/2/3,CK-12325,二级,西南,云南,家具,椅子,Novimex,"Novimex 沙滩椅, 黑色",31.0,25.92
A1003342,2021/2/3,CK-12325,一级,中南,广东,技术,电话,摩托罗拉,"摩托罗拉 智能手机, 整包",22.0,159.92
A1003343,2021/2/3,SF-20065,二级,中南,湖南,办公用品,标签,Hon,"Hon 可去除的标签, 可调",12.0,34.944
A1003340,2021/2/3,DP-13105,标准级,华北,河北,办公用品,用品,Acme,"Acme 尺子, 工业",23.0,149.95
A1003345,2021/2/4,DP-13105,一级,华东,山东,办公用品,收纳具,Tenex,"Tenex 文件夹, 蓝色",15.0,23.32
A1003345,2021/2/4,DP-13105,一级,华东,山东,家具,桌子,Barricks,"Barricks 培训桌, 组装",4.0,16.74
A1003345,2021/2/4,VM-21835,一级,华东,山东,技术,电话,诺基亚,"诺基亚 音频基座, 混合尺寸",34.0,14.82
A1003345,2021/2/4,SF-20200,一级,华东,山东,技术,配件,Enermax,"Enermax 键区, 实惠",19.0,10.47
A1003346,2021/2/4,SF-20200,标准级,中南,河南,办公用品,器具,Breville,"Breville 烤面包机, 红色",28.0,11.07
A1003371,2021/2/10,JC-15775,标准级,东北,黑龙江,技术,设备,柯尼卡,"柯尼卡 喷墨打印机, 白色",13.0,20.096
A1003376,2021/2/11,JC-15775,二级,华北,河北,办公用品,纸张,Eaton,"Eaton 笔记本, 每包 12 个",12.0,37.752
A1003376,2021/2/11,JC-15775,二级,华北,河北,办公用品,美术,Binney & Smith,"Binney & Smith 速写本, 整包",37.0,138.588
A1003378,2021/2/11,JC-15775,二级,东北,黑龙江,办公用品,收纳具,Eldon,"Eldon 锁柜, 金属",4.0,259.92
A1003377,2021/2/11,JC-15775,标准级,中南,湖北,办公用品,标签,Harbour Creations,"Harbour Creations 合法证物标签, 红色",18.0,20.736
A1003375,2021/2/11,JH-15910,标准级,华东,山东,办公用品,信封,Ames,"Ames 商业信封, 每套 50 个",24.0,129.93
A1003375,2021/2/11,JH-15910,标准级,华东,山东,办公用品,标签,Smead,"Smead 运输标签, 红色",40.0,69.93
A1003375,2021/2/11,CC-12610,标准级,华东,山东,办公用品,装订机,Wilson Jones,"Wilson Jones 订书机, 透明",33.0,140.736
A1003379,2021/2/12,IM-15055,二级,中南,湖南,家具,书架,Bush,"Bush 书库, 黑色",7.0,8.32
A1003379,2021/2/12,BF-11170,二级,中南,湖南,技术,电话,摩托罗拉,"摩托罗拉 音频基座, 全尺寸",6.0,9.98
A1003381,2021/2/13,CS-12355,一级,华北,河北,办公用品,收纳具,Eldon,"Eldon 盘, 蓝色",25.0,62.94
A1003381,2021/2/13,MC-17605,一级,华北,河北,办公用品,用品,Stiletto,"Stiletto 尺子, 工业",19.0,21.488
A1003381,2021/2/13,MC-17605,一级,华北,河北,办公用品,装订机,Cardinal,"Cardinal 打孔机, 耐用",13.0,239.976
A1003381,2021/2/13,MC-17605,一级,华北,河北,家具,书架,Sauder,"Sauder 柜, 黑色",12.0,34.504
A1003381,2021/2/13,MC-18100,一级,华北,河北,家具,用具,Tenex,"Tenex 框架, 黑色",37.0,20.104
A1003382,2021/2/13,MC-18100,标准级,中南,广东,办公用品,信封,Ames,"Ames 搭扣信封, 每套 50 个",4.0,3.798
A1003380,2021/2/13,MC-18100,标准级,中南,河南,办公用品,纸张,Green Bar,"Green Bar 笔记本, 多色",18.0,7.88
A1003382,2021/2/13,LW-16825,标准级,中南,广东,家具,用具,Advantus,"Advantus 框架, 优质",24.0,35.445
A1003383,2021/2/14,LW-16825,二级,西北,宁夏,办公用品,信封,GlobeWeis,"GlobeWeis 外皮和封条, 回收",40.0,269.97
A1003386,2021/2/14,LW-16825,标准级,华北,北京,办公用品,器具,Hoover,"Hoover 炉灶, 红色",33.0,45.12
A1003384,2021/2/14,LW-16825,标准级,中南,湖南,家具,用具,Tenex,"Tenex 框架, 黑色",7.0,100.8
A1003385,2021/2/14,LW-16825,标准级,东北,黑龙江,办公用品,信封,Kraft,"Kraft 外皮和封条, 红色",6.0,47.968
A1003385,2021/2/14,KH-16510,标准级,东北,黑龙江,办公用品,美术,Boston,"Boston 荧光笔, 混合尺寸",25.0,99.98
A1003385,2021/2/14,RB-19645,标准级,东北,黑龙江,家具,用具,Advantus,"Advantus 相框, 一包多件",19.0,9.96
A1003401,2021/2/21,CS-11860,二级,华东,上海,办公用品,装订机,Avery,"Avery 装订机, 实惠",13.0,17.48
A1003400,2021/2/21,DP-13165,标准级,华东,安徽,办公用品,用品,Fiskars,"Fiskars 剪刀, 蓝色",12.0,8.016
A1003400,2021/2/21,PJ-19015,标准级,华东,安徽,技术,电话,三星,"三星 办公室电话机, 蓝色",37.0,146.04
A1003402,2021/2/21,BM-11575,标准级,华东,山东,家具,用具,Tenex,"Tenex 框架, 一包多件",4.0,27.88
A1003404,2021/2/22,DL-13495,当日,中南,河南,办公用品,用品,Fiskars,"Fiskars 修剪器, 蓝色",18.0,152.65
A1003404,2021/2/22,DL-13495,当日,中南,河南,家具,桌子,Lesro,"Lesro 圆桌, 长方形",24.0,22.72
A1003403,2021/2/22,BF-10975,标准级,华东,山东,家具,用具,Rubbermaid,"Rubvermaid 相框, 黑色",40.0,11.12
A1003403,2021/2/22,FC-14335,标准级,华东,山东,家具,用具,Rubbermaid,"Rubvermaid 闹钟, 优质",33.0,1640.7
A1003405,2021/2/22,FC-14335,标准级,中南,广东,办公用品,信封,Ames,"Ames 商业信封, 回收",7.0,371.2
A1003405,2021/2/22,MP-18175,标准级,中南,广东,办公用品,信封,Cameo,"Cameo 商业信封, 每套 50 个",6.0,14.832
A1003405,2021/2/22,AJ-10795,标准级,中南,广东,办公用品,收纳具,Eldon,"Eldon 盒, 金属",25.0,20.7
A1003405,2021/2/22,AJ-10795,标准级,中南,广东,办公用品,系固件,Advantus,"Advantus 橡皮筋, 整包",19.0,11.34
A1003405,2021/2/22,AJ-10795,标准级,中南,广东,技术,复印机,Brother,"Brother 个人复印机, 每套两件",13.0,67.9
A1003407,2021/2/24,AJ-10795,一级,东北,黑龙江,办公用品,器具,Hoover,"Hoover 烤面包机, 银色",12.0,1059.12
A1003407,2021/2/24,BC-11125,一级,东北,黑龙江,办公用品,标签,Harbour Creations,"Harbour Creations 可去除的标签, 耐用",37.0,478.48
A1003407,2021/2/24,RS-19420,一级,东北,黑龙江,办公用品,纸张,Enermax,"Enermax 备忘录便条, 回收",4.0,32.04
A1003407,2021/2/24,NP-18670,一级,东北,黑龙江,办公用品,纸张,SanDisk,"SanDisk 笔记本, 优质",18.0,55.992
A1003407,2021/2/24,BT-11440,一级,东北,黑龙江,办公用品,美术,BIC,"BIC 荧光笔, 混合尺寸",24.0,76.864
A1003406,2021/2/24,BP-11230,一级,西北,陕西,办公用品,美术,Stanley,"Stanley 荧光笔, 蓝色",40.0,59.92
A1003406,2021/2/24,JO-15145,一级,西北,陕西,家具,书架,Bush,"Bush 古典书架, 金属",33.0,1565.88
A1003406,2021/2/24,JO-15145,一级,西北,陕西,家具,书架,Bush,"Bush 柜, 黑色",7.0,106.05
A1003408,2021/2/24,MF-18250,标准级,中南,海南,家具,书架,宜家,"宜家 古典书架, 金属",6.0,62.04
A1003411,2021/2/25,MF-18250,二级,华东,福建,办公用品,装订机,Cardinal,"Cardinal 装订机盖, 透明",25.0,494.97
A1003412,2021/2/25,MF-18250,标准级,华北,内蒙古,办公用品,收纳具,Rogers,"Rogers 搁板, 工业",19.0,367.96
A1003409,2021/2/25,PS-18760,标准级,华北,山西,办公用品,纸张,SanDisk,"SanDisk 信纸, 多色",38.0,23.04
A1003410,2021/2/25,PS-18760,标准级,东北,黑龙江,办公用品,信封,Kraft,"Kraft 局间信封, 红色",25.0,218.352
A1003410,2021/2/25,MY-17380,标准级,东北,黑龙江,办公用品,标签,Hon,"Hon 有色标签, 可调",9.0,10.368
A1003409,2021/2/25,SC-20230,标准级,华北,山西,家具,书架,Sauder,"Sauder 柜, 金属",17.0,12.672
A1003409,2021/2/25,SC-20230,标准级,华北,山西,家具,椅子,Novimex,"Novimex 摇椅, 可调",29.0,91.96
A1003409,2021/2/25,SC-20230,标准级,华北,山西,家具,用具,Rubbermaid,"Rubvermaid 分层置放架, 一包多件",20.0,254.97
A1003409,2021/2/25,SC-20230,标准级,华北,山西,技术,电话,三星,"三星 音频基座, 整包",16.0,31.984
A1003409,2021/2/25,SC-20230,标准级,华北,山西,技术,配件,Memorex,"Memorex 路由器, 实惠",31.0,2887.056
A1003416,2021/2/26,SC-20230,标准级,华北,河北,办公用品,器具,Hamilton Beach,"Hamilton Beach 烤面包机, 白色",4.0,12.96
A1003416,2021/2/26,SC-20230,标准级,华北,河北,办公用品,系固件,Accos,"Accos 回形针, 混合尺寸",37.0,47.52
A1003415,2021/2/26,RF-19345,标准级,中南,湖南,办公用品,器具,Cuisinart,"Cuisinart 微波炉, 白色",32.0,11.952
A1003415,2021/2/26,SG-20080,标准级,中南,湖南,办公用品,纸张,Green Bar,"Green Bar 羊皮纸, 多色",7.0,4.98
A1003417,2021/2/27,TB-21520,二级,中南,湖南,办公用品,器具,Hoover,"Hoover 搅拌机, 黑色",20.0,10.78
A1003417,2021/2/27,TB-21520,二级,中南,湖南,办公用品,标签,Harbour Creations,"Harbour Creations 圆形标签, 白色",10.0,119.976
A1003417,2021/2/27,MM-17920,二级,中南,湖南,办公用品,用品,Kleencut,"Kleencut 开信刀, 工业",18.0,25.06
A1003417,2021/2/27,MM-17920,二级,中南,湖南,办公用品,用品,Stiletto,"Stiletto 修剪器, 工业",31.0,1652.94
A1003417,2021/2/27,CG-12520,二级,中南,湖南,办公用品,系固件,Accos,"Accos 按钉, 整包",3.0,131.376
A1003417,2021/2/27,CG-12520,二级,中南,湖南,办公用品,装订机,Acco,"Acco 订书机, 实惠",10.0,5.344
A1003422,2021/2/28,HA-14905,一级,西北,陕西,办公用品,收纳具,Fellowes,"Fellowes 盒, 金属",1.0,37.056
A1003424,2021/3/1,SS-20140,二级,华东,江苏,家具,用具,Rubbermaid,"Rubvermaid 灯泡, 一包多件",38.0,411.98
A1003420,2021/3/1,SS-20140,标准级,华北,河北,办公用品,收纳具,Tenex,"Tenex 盒, 单宽度",25.0,34.48
A1003423,2021/3/1,SS-20140,标准级,华东,山东,家具,书架,Dania,"Dania 书库, 传统",9.0,244.55
A1003423,2021/3/1,CK-12205,标准级,华东,山东,技术,电话,摩托罗拉,"摩托罗拉 耳机, 蓝色",17.0,10.782
A1003427,2021/3/2,VS-21820,二级,东北,黑龙江,办公用品,标签,Harbour Creations,"Harbour Creations 合法证物标签, 白色",29.0,602.651
A1003427,2021/3/2,VS-21820,二级,东北,黑龙江,办公用品,用品,Acme,"Acme 修剪器, 锯齿状",20.0,7.656
A1003427,2021/3/2,TN-21040,二级,东北,黑龙江,家具,书架,Safco,"Safco 书库, 白色",16.0,559.93
A1003427,2021/3/2,HR-14830,二级,东北,黑龙江,家具,用具,Advantus,"Advantus 相框, 一包多件",31.0,2399.96
A1003427,2021/3/2,JS-15595,二级,东北,黑龙江,家具,用具,Eldon,"Eldon 分层置放架, 耐用",4.0,16.0
A1003427,2021/3/2,JS-15595,二级,东北,黑龙江,家具,用具,Tenex,"Tenex 相框, 黑色",37.0,5.588
A1003427,2021/3/2,JS-15595,二级,东北,黑龙江,技术,电话,摩托罗拉,"摩托罗拉 耳机, 混合尺寸",32.0,235.92
A1003426,2021/3/2,BN-11470,标准级,中南,广东,办公用品,信封,Cameo,"Cameo 邮寄品, 银色",7.0,10.68
A1003425,2021/3/2,AR-10405,标准级,华东,福建,家具,椅子,Office Star,"Office Star 沙滩椅, 可调",20.0,41.28
A1003428,2021/3/3,SW-20455,一级,中南,河南,办公用品,纸张,施乐,"施乐 笔记本, 优质",10.0,1001.584
A1003428,2021/3/3,JE-16165,一级,中南,河南,家具,书架,Dania,"Dania 墙角架, 传统",18.0,14.76
A1003428,2021/3/3,LH-16900,一级,中南,河南,技术,电话,三星,"三星 充电器, 蓝色",31.0,2.502
A1003429,2021/3/3,VG-21790,标准级,华东,江苏,办公用品,纸张,Enermax,"Enermax 笔记本, 优质",3.0,115.96
A1003431,2021/3/4,EM-13960,二级,西南,云南,办公用品,装订机,Wilson Jones,"Wilson Jones 标签, 实惠",10.0,186.54
A1003468,2021/3/16,KC-16675,标准级,华东,安徽,家具,椅子,Hon,"Hon 折叠椅, 每套两件",38.0,25.76
A1003468,2021/3/16,DR-12940,标准级,华东,安徽,家具,椅子,Novimex,"Novimex 扶手椅, 黑色",6.0,366.744
A1003473,2021/3/16,DW-13195,标准级,华北,北京,办公用品,器具,Hoover,"Hoover 冰箱, 白色",6.0,289.24
A1003473,2021/3/16,DW-13195,标准级,华北,北京,办公用品,收纳具,Rogers,"Rogers 盘, 蓝色",8.0,69.456
A1003473,2021/3/16,ME-18010,标准级,华北,北京,办公用品,用品,Acme,"Acme 美工刀, 锯齿状",13.0,5.184
A1003473,2021/3/16,JF-15490,标准级,华北,北京,家具,椅子,Hon,"Hon 折叠椅, 可调",10.0,205.164
A1003473,2021/3/16,SP-20860,标准级,华北,北京,家具,椅子,Office Star,"Office Star 扶手椅, 红色",19.0,8.544
A1003471,2021/3/16,KN-16390,标准级,华东,江苏,办公用品,用品,Fiskars,"Fiskars 开信刀, 工业",38.0,12.828
A1003470,2021/3/16,KN-16390,标准级,华东,安徽,家具,桌子,Hon,"Hon 木桌, 组装",7.0,598.458
A1003470,2021/3/16,KN-16390,标准级,华东,安徽,技术,设备,柯尼卡,"柯尼卡 收据打印机, 耐用",20.0,25.984
A1003475,2021/3/17,GT-14710,一级,中南,海南,办公用品,装订机,Ibico,"Ibico 订书机, 回收",28.0,17.96
A1003475,2021/3/17,GT-14710,一级,中南,海南,技术,配件,Memorex,"Memorex 记忆卡, 回收",12.0,5.04
A1003474,2021/3/17,GT-14710,标准级,中南,湖南,办公用品,器具,KitchenAid,"KitchenAid 炉灶, 黑色",8.0,208.16
A1003474,2021/3/17,DB-12910,标准级,中南,湖南,办公用品,标签,Smead,"Smead 文件夹标签, 红色",4.0,148.257
A1003476,2021/3/18,FM-14215,一级,东北,辽宁,办公用品,美术,Stanley,"Stanley 记号笔, 混合尺寸",20.0,146.76
A1003477,2021/3/18,FM-14215,标准级,华东,山东,办公用品,系固件,Accos,"Accos 橡皮筋, 金属",10.0,32.96
A1003477,2021/3/18,FM-14215,标准级,华东,山东,家具,桌子,Barricks,"Barricks 电脑桌, 长方形",22.0,587.97
A1003477,2021/3/18,FM-14215,标准级,华东,山东,家具,椅子,Novimex,"Novimex 摇椅, 每套两件",12.0,14.94
A1003477,2021/3/18,SM-20005,标准级,华东,山东,技术,电话,诺基亚,"诺基亚 智能手机, 混合尺寸",11.0,25.83
A1003480,2021/3/19,AP-10915,一级,华北,河北,办公用品,系固件,Advantus,"Advantus 按钉, 整包",25.0,15.552
A1003480,2021/3/19,AP-10915,一级,华北,河北,技术,复印机,夏普,"夏普 传真复印机, 红色",13.0,6.8
A1003478,2021/3/19,AP-10915,标准级,东北,黑龙江,家具,书架,Dania,"Dania 搁架, 金属",31.0,4.224
A1003478,2021/3/19,AP-10915,标准级,东北,黑龙江,家具,用具,Eldon,"Eldon 分层置放架, 耐用",6.0,143.64
A1003478,2021/3/19,AP-10915,标准级,东北,黑龙江,技术,设备,爱普生,"爱普生 计算器, 多色",28.0,31.104
A1003479,2021/3/19,AP-10915,标准级,东北,吉林,办公用品,标签,Harbour Creations,"Harbour Creations 合法证物标签, 可调",34.0,223.056
A1003486,2021/3/20,SP-20545,一级,华东,安徽,办公用品,信封,Cameo,"Cameo 马尼拉纸信封, 银色",3.0,227.46
A1003486,2021/3/20,SP-20545,一级,华东,安徽,家具,用具,Advantus,"Advantus 相框, 黑色",12.0,46.24
A1003481,2021/3/20,RD-19585,二级,东北,黑龙江,家具,书架,宜家,"宜家 古典书架, 金属",14.0,5.22
A1003481,2021/3/20,MC-17575,二级,东北,黑龙江,技术,配件,Memorex,"Memorex 记忆卡, 回收",39.0,33.9
A1003484,2021/3/20,EB-13750,二级,中南,广东,办公用品,系固件,Stockwell,"Stockwell 夹子, 金属",8.0,28.14
A1003483,2021/3/20,EB-13750,标准级,东北,辽宁,办公用品,器具,Hamilton Beach,"Hamilton Beach 烤面包机, 银色",40.0,36.0
A1003483,2021/3/20,EB-13750,标准级,东北,辽宁,办公用品,系固件,OIC,"OIC 回形针, 每包 12 个",28.0,92.94
A1003483,2021/3/20,EB-13750,标准级,东北,辽宁,办公用品,装订机,Ibico,"Ibico 标签, 实惠",35.0,245.646
A1003485,2021/3/20,EB-13750,标准级,华东,山东,办公用品,用品,Acme,"Acme 美工刀, 工业",2.0,55.008
A1003485,2021/3/20,EB-13750,标准级,华东,山东,家具,书架,Sauder,"Sauder 搁架, 白色",8.0,35.232
A1003483,2021/3/20,JE-15610,标准级,东北,辽宁,技术,复印机,佳能,"佳能 传真复印机, 彩色",20.0,523.392
A1003483,2021/3/20,CS-11860,标准级,东北,辽宁,技术,电话,摩托罗拉,"摩托罗拉 充电器, 混合尺寸",6.0,479.984
A1003482,2021/3/20,PB-19105,标准级,东北,吉林,技术,复印机,Hewlett,"Hewlett 传真复印机, 彩色",23.0,12.96
A1003482,2021/3/20,PB-19105,标准级,东北,吉林,技术,复印机,Hewlett,"Hewlett 墨水, 数字化",8.0,17.94
A1003487,2021/3/21,AT-10735,标准级,华东,上海,办公用品,信封,Kraft,"Kraft 局间信封, 回收",23.0,166.72
A1003490,2021/3/21,AT-10735,标准级,华北,北京,办公用品,美术,Boston,"Boston 画布, 蓝色",23.0,24.816
A1003490,2021/3/21,AT-10735,标准级,华北,北京,办公用品,装订机,Wilson Jones,"Wilson Jones 订书机, 回收",12.0,124.36
A1003489,2021/3/21,SV-20365,标准级,华东,山东,办公用品,系固件,OIC,"OIC 订书钉, 整包",2.0,599.97
A1003490,2021/3/21,SV-20365,标准级,华北,北京,家具,用具,Deflect-O,"Deflect-O 相框, 黑色",2.0,198.744
A1003490,2021/3/21,SV-20365,标准级,华北,北京,技术,设备,冲电器,"冲电器 计算器, 耐用",6.0,9.184
A1003489,2021/3/21,PJ-18835,标准级,华东,山东,技术,电话,思科,"思科 音频基座, 混合尺寸",6.0,9.248
A1003488,2021/3/21,NM-18445,标准级,华东,安徽,家具,书架,Dania,"Dania 书架, 传统",7.0,99.592
A1003491,2021/3/23,NM-18445,二级,华东,山东,办公用品,信封,Jiffy,"Jiffy 外皮和封条, 红色",6.0,399.96
A1003491,2021/3/23,TR-21325,二级,华东,山东,办公用品,收纳具,Tenex,"Tenex 盒, 蓝色",5.0,15.552
A1003494,2021/3/24,BF-11005,二级,中南,湖北,家具,用具,Eldon,"Eldon 框架, 优质",31.0,14.576
A1003492,2021/3/24,WB-21850,标准级,华东,江西,办公用品,收纳具,Fellowes,"Fellowes 搁板, 工业",19.0,209.6
A1003492,2021/3/24,WB-21850,标准级,华东,江西,办公用品,纸张,SanDisk,"SanDisk 备忘录便条, 多色",10.0,23.32
A1003492,2021/3/24,WB-21850,标准级,华东,江西,家具,椅子,Harbour Creations,"Harbour Creations 扶手椅, 每套两件",8.0,30.98
A1003495,2021/3/24,WB-21850,二级,东北,吉林,办公用品,用品,Fiskars,"Fiskars 剪刀, 钢",5.0,119.96
A1003495,2021/3/24,WB-21850,二级,东北,吉林,家具,用具,Eldon,"Eldon 闹钟, 黑色",6.0,363.92
A1003497,2021/3/24,WB-21850,标准级,东北,吉林,办公用品,器具,Hoover,"Hoover 搅拌机, 白色",39.0,35.808
A1003497,2021/3/24,WB-21850,标准级,东北,吉林,办公用品,装订机,Avery,"Avery 装订机, 回收",8.0,122.688
A1003493,2021/3/24,WB-21850,标准级,华北,河北,办公用品,器具,Breville,"Breville 搅拌机, 白色",12.0,892.136
A1003496,2021/3/24,WB-21850,标准级,西北,新疆,办公用品,纸张,Eaton,"Eaton 备忘录便条, 回收",24.0,50.22
A1003496,2021/3/24,WB-21850,标准级,西北,新疆,办公用品,装订机,Wilson Jones,"Wilson Jones 打孔机, 耐用",5.0,83.42
A1003497,2021/3/24,WB-21850,标准级,东北,吉林,家具,椅子,Safco,"SAFCO 凳子, 黑色",8.0,5.872
A1003497,2021/3/24,KH-16630,标准级,东北,吉林,家具,用具,Rubbermaid,"Rubvermaid 相框, 优质",9.0,12.144
A1003493,2021/3/24,KL-16645,标准级,华北,河北,家具,用具,Advantus,"Advantus 灯泡, 优质",9.0,27.792
A1003496,2021/3/24,MG-17890,标准级,西北,新疆,家具,桌子,Hon,"Hon 培训桌, 长方形",3.0,6.208
A1003496,2021/3/24,JF-15355,标准级,西北,新疆,家具,椅子,Hon,"Hon 凳子, 黑色",19.0,32.67
A1003497,2021/3/24,RS-19765,标准级,东北,吉林,技术,配件,Memorex,"Memorex 鼠标, 回收",16.0,1261.33
A1003496,2021/3/24,NL-18310,标准级,西北,新疆,技术,复印机,惠普,"惠普 个人复印机, 数字化",6.0,38.88
A1003500,2021/3/25,AS-10285,二级,东北,黑龙江,家具,用具,Deflect-O,"Deflect-O 闹钟, 优质",13.0,1.964
A1003498,2021/3/25,AS-10285,二级,西北,陕西,家具,书架,Sauder,"Sauder 书库, 传统",11.0,82.656
A1003498,2021/3/25,GM-14500,二级,西北,陕西,家具,椅子,Office Star,"Office Star 沙滩椅, 红色",18.0,5.98
A1003499,2021/3/25,SU-20665,标准级,华北,河北,办公用品,信封,Kraft,"Kraft 外皮和封条, 回收",11.0,9.248
A1003499,2021/3/25,CK-12205,标准级,华北,河北,办公用品,装订机,Avery,"Avery 打孔机, 透明",38.0,4.448
A1003502,2021/3/26,CK-12205,当日,中南,湖南,办公用品,用品,Fiskars,"Fiskars 美工刀, 钢",5.0,5.184
A1003502,2021/3/26,CK-12205,当日,中南,湖南,办公用品,装订机,Cardinal,"Cardinal 孔加固材料, 透明",32.0,175.92
A1003502,2021/3/26,CK-12205,当日,中南,湖南,家具,椅子,Harbour Creations,"Harbour Creations 扶手椅, 每套两件",12.0,4.752
A1003501,2021/3/26,CK-12205,标准级,东北,吉林,办公用品,用品,Acme,"Acme 修剪器, 工业",32.0,13.344
A1003503,2021/3/26,JM-15580,标准级,华东,山东,办公用品,信封,GlobeWeis,"GlobeWeis 外皮和封条, 每套 50 个",25.0,54.9
A1003503,2021/3/26,JE-15715,标准级,华东,山东,办公用品,标签,Avery,"Avery 合法证物标签, 红色",20.0,22.911
A1003503,2021/3/26,JE-15715,标准级,华东,山东,办公用品,系固件,Advantus,"Advantus 橡皮筋, 混合尺寸",12.0,309.456
A1003503,2021/3/26,JE-15715,标准级,华东,山东,家具,书架,Dania,"Dania 搁架, 金属",8.0,19.456
A1003503,2021/3/26,JE-15715,标准级,华东,山东,家具,椅子,Hon,"Hon 扶手椅, 红色",20.0,472.518
A1003508,2021/3/27,JE-15715,一级,东北,黑龙江,办公用品,信封,Ames,"Ames 搭扣信封, 银色",12.0,1012.68
A1003508,2021/3/27,JE-15715,一级,东北,黑龙江,办公用品,装订机,Ibico,"Ibico 标签, 耐用",18.0,17.22
A1003504,2021/3/27,AR-10825,二级,中南,广东,家具,椅子,Novimex,"Novimex 折叠椅, 红色",32.0,3.52
A1003507,2021/3/27,AR-10825,标准级,华东,江苏,办公用品,装订机,Ibico,"Ibico 标签, 耐用",7.0,1626.192
A1003506,2021/3/27,AH-10075,标准级,东北,辽宁,办公用品,信封,Ames,"Ames 局间信封, 每套 50 个",40.0,8.595
A1003507,2021/3/27,AH-10075,标准级,华东,江苏,技术,配件,罗技,"罗技 键盘, 回收",13.0,190.896
A1003506,2021/3/27,GA-14515,标准级,东北,辽宁,技术,复印机,Hewlett,"Hewlett 复印机, 每套两件",4.0,99.87
A1003506,2021/3/27,JF-15415,标准级,东北,辽宁,技术,复印机,惠普,"惠普 无线传真机, 数字化",32.0,79.36
A1003505,2021/3/27,KH-16690,标准级,中南,湖南,办公用品,美术,Sanford,"Sanford 画布, 整包",28.0,119.96
A1003512,2021/3/28,CC-12685,一级,华东,山东,办公用品,系固件,Advantus,"Advantus 图钉, 每包 12 个",30.0,106.32
A1003512,2021/3/28,CC-12685,一级,华东,山东,办公用品,装订机,Acco,"Acco 打孔机, 实惠",12.0,163.44
A1003512,2021/3/28,CC-12685,一级,华东,山东,办公用品,装订机,Cardinal,"Cardinal 打孔机, 实惠",37.0,42.76
A1003512,2021/3/28,CC-12685,一级,华东,山东,办公用品,装订机,Wilson Jones,"Wilson Jones 打孔机, 耐用",14.0,51.55
A1003510,2021/3/28,JF-15565,一级,中南,广东,办公用品,收纳具,Rogers,"Rogers 盒, 工业",23.0,479.952
A1003511,2021/3/28,RP-19390,标准级,中南,河南,家具,桌子,Lesro,"Lesro 培训桌, 长方形",37.0,146.688
A1003511,2021/3/28,RP-19390,标准级,中南,河南,技术,配件,Enermax,"Enermax 记忆卡, 回收",32.0,276.784
A1003509,2021/3/28,RP-19390,标准级,东北,黑龙江,办公用品,信封,GlobeWeis,"GlobeWeis 商业信封, 回收",39.0,25.32
A1003509,2021/3/28,CD-11980,标准级,东北,黑龙江,办公用品,器具,KitchenAid,"KitchenAid 微波炉, 银色",16.0,318.96
A1003514,2021/3/30,DF-13135,二级,西北,甘肃,办公用品,信封,GlobeWeis,"GlobeWeis 外皮和封条, 银色",38.0,212.64
A1003514,2021/3/30,SM-20005,二级,西北,甘肃,办公用品,器具,KitchenAid,"KitchenAid 搅拌机, 红色",6.0,23.472
A1003514,2021/3/30,SG-20890,二级,西北,甘肃,办公用品,收纳具,Tenex,"Tenex 锁柜, 蓝色",31.0,19.648
A1003515,2021/3/30,LH-16750,二级,华东,上海,办公用品,系固件,Accos,"Accos 橡皮筋, 金属",5.0,6.57
A1003514,2021/3/30,EJ-14155,二级,西北,甘肃,技术,复印机,夏普,"夏普 个人复印机, 数字化",38.0,421.1
A1003515,2021/3/30,KH-16330,二级,华东,上海,技术,复印机,佳能,"佳能 无线传真机, 红色",30.0,760.116
A1003513,2021/3/30,KH-16330,标准级,华北,山西,家具,用具,Tenex,"Tenex 相框, 黑色",9.0,38.784
A1003517,2021/3/30,KH-16330,标准级,东北,辽宁,办公用品,收纳具,Tenex,"Tenex 盒, 蓝色",4.0,122.328
A1003516,2021/3/30,KM-16720,标准级,华北,山西,办公用品,装订机,Ibico,"Ibico 装订机盖, 回收",37.0,25.98
A1003516,2021/3/30,KM-16720,标准级,华北,山西,家具,书架,Sauder,"Sauder 古典书架, 黑色",23.0,3.28
A1003519,2021/3/31,KM-16720,标准级,东北,辽宁,办公用品,用品,Kleencut,"Kleencut 剪刀, 锯齿状",21.0,459.88
A1003519,2021/3/31,KM-16720,标准级,东北,辽宁,办公用品,美术,Boston,"Boston 记号笔, 蓝色",27.0,7.76
A1003518,2021/3/31,KM-16720,二级,华北,河北,办公用品,用品,Elite,"Elite 大剪刀, 锯齿状",12.0,71.96
A1003519,2021/3/31,KM-16720,标准级,东北,辽宁,家具,用具,Advantus,"Advantus 灯泡, 耐用",27.0,54.9
A1003519,2021/3/31,KM-16720,标准级,东北,辽宁,家具,用具,Tenex,"Tenex 相框, 黑色",6.0,9.28
A1003519,2021/3/31,LW-16990,标准级,东北,辽宁,技术,设备,松下,"松下 卡片打印机, 多色",27.0,1685.88
A1003521,2021/3/31,LW-16990,标准级,华北,天津,办公用品,收纳具,Smead,"Smead 锁柜, 蓝色",5.0,5.728
A1003521,2021/3/31,IG-15085,标准级,华北,天津,办公用品,纸张,Enermax,"Enermax 计划信息表, 回收",21.0,61.96
A1003521,2021/3/31,IG-15085,标准级,华北,天津,家具,用具,Rubbermaid,"Rubvermaid 门挡, 一包多件",5.0,1.344
A1003521,2021/3/31,JP-15460,标准级,华北,天津,技术,复印机,Brother,"Brother 无线传真机, 彩色",9.0,17.94
A1003520,2021/3/31,GG-14650,标准级,中南,广东,办公用品,信封,Ames,"Ames 商业信封, 每套 50 个",5.0,13.904
A1003520,2021/3/31,MM-18280,标准级,中南,广东,办公用品,标签,Hon,"Hon 有色标签, 白色",8.0,67.194
A1003522,2021/3/31,SO-20335,标准级,华北,河北,办公用品,信封,GlobeWeis,"GlobeWeis 外皮和封条, 回收",8.0,41.86
A1003522,2021/3/31,SO-20335,标准级,华北,河北,办公用品,收纳具,Fellowes,"Fellowes 盒, 金属",2.0,141.96
A1003525,2021/4/1,MF-18250,一级,西南,重庆,办公用品,系固件,Stockwell,"Stockwell 订书钉, 每包 12 个",23.0,10.02
A1003525,2021/4/1,MF-18250,一级,西南,重庆,家具,桌子,Lesro,"Lesro 会议桌, 组装",22.0,144.12
A1003525,2021/4/1,JG-15160,一级,西南,重庆,家具,用具,Advantus,"Advantus 灯泡, 耐用",28.0,17.94
A1003525,2021/4/1,JG-15160,一级,西南,重庆,家具,用具,Eldon,"Eldon 门挡, 一包多件",20.0,13.89
A1003525,2021/4/1,JM-16195,一级,西南,重庆,技术,配件,贝尔金,"贝尔金 鼠标, 耐用",22.0,16.45
A1003527,2021/4/1,JM-16195,二级,中南,湖南,办公用品,用品,Stiletto,"Stiletto 尺子, 工业",34.0,19.92
A1003527,2021/4/1,PK-19075,二级,中南,湖南,办公用品,装订机,Ibico,"Ibico 打孔机, 回收",5.0,35.168
A1003528,2021/4/1,PK-19075,二级,西北,新疆,办公用品,器具,Cuisinart,"Cuisinart 炉灶, 黑色",11.0,123.088
A1003524,2021/4/1,TT-21460,二级,中南,湖北,家具,用具,Rubbermaid,"Rubvermaid 框架, 优质",5.0,257.94
A1003527,2021/4/1,TT-21460,二级,中南,湖南,家具,桌子,Chromcraft,"Chromcraft 圆桌, 长方形",10.0,1879.96
A1003527,2021/4/1,TT-21460,二级,中南,湖南,家具,椅子,Safco,"SAFCO 摇椅, 红色",12.0,27.46
A1003530,2021/4/1,TT-21460,标准级,华东,福建,技术,电话,苹果,"苹果 耳机, 蓝色",16.0,89.98
A1003526,2021/4/1,TT-21460,标准级,中南,湖南,办公用品,装订机,Acco,"Acco 订书机, 回收",7.0,828.6
A1003523,2021/4/1,SS-20875,标准级,西南,重庆,办公用品,美术,BIC,"BIC 速写本, 金属",38.0,7.23
A1003523,2021/4/1,SS-20875,标准级,西南,重庆,家具,用具,Tenex,"Tenex 灯泡, 优质",6.0,17.44
A1003523,2021/4/1,SS-20875,标准级,西南,重庆,技术,电话,苹果,"苹果 办公室电话机, 混合尺寸",8.0,62.88
A1003529,2021/4/1,SS-20875,标准级,东北,黑龙江,办公用品,信封,GlobeWeis,"GlobeWeis 局间信封, 每套 50 个",30.0,290.352
A1003531,2021/4/2,TG-21640,标准级,中南,湖南,家具,用具,Deflect-O,"Deflect-O 分层置放架, 黑色",36.0,113.52
A1003532,2021/4/2,TG-21640,标准级,华东,安徽,办公用品,用品,Fiskars,"Fiskars 尺子, 钢",4.0,135.3
A1003532,2021/4/2,HP-14815,标准级,华东,安徽,家具,用具,Deflect-O,"Deflect-O 相框, 黑色",30.0,111.15
A1003533,2021/4/2,MH-17290,标准级,华北,河北,办公用品,系固件,Advantus,"Advantus 橡皮筋, 整包",21.0,776.85
A1003535,2021/4/3,MH-17290,一级,西南,四川,办公用品,系固件,Advantus,"Advantus 订书钉, 整包",4.0,12.294
A1003535,2021/4/3,MH-17290,一级,西南,四川,技术,复印机,惠普,"惠普 复印机, 红色",18.0,154.764
A1003535,2021/4/3,MH-17290,一级,西南,四川,技术,电话,摩托罗拉,"摩托罗拉 信号增强器, 整包",6.0,43.28
A1003534,2021/4/3,CB-12415,标准级,华北,内蒙古,办公用品,用品,Acme,"Acme 尺子, 工业",7.0,92.94
A1003536,2021/4/3,CB-12415,二级,中南,河南,办公用品,信封,GlobeWeis,"GlobeWeis 搭扣信封, 红色",12.0,52.56
A1003537,2021/4/3,VD-21670,二级,华东,山东,家具,书架,Sauder,"Sauder 墙角架, 金属",3.0,971.88
A1003538,2021/4/4,SR-20425,一级,中南,湖南,办公用品,器具,Hamilton Beach,"Hamilton Beach 冰箱, 黑色",3.0,141.96
A1003538,2021/4/4,AG-10330,一级,中南,湖南,技术,配件,SanDisk,"SanDisk 路由器, 耐用",4.0,182.55
A1003539,2021/4/5,BP-11095,标准级,西南,重庆,办公用品,美术,Stanley,"Stanley 荧光笔, 金属",34.0,88.768
A1003541,2021/4/6,JW-16075,标准级,西南,重庆,家具,椅子,Safco,"SAFCO 椅垫, 红色",8.0,53.088
A1003540,2021/4/6,LH-16900,标准级,中南,河南,技术,设备,爱普生,"爱普生 计算器, 白色",11.0,275.88
A1003545,2021/4/7,LH-16900,一级,华北,河北,办公用品,标签,Smead,"Smead 运输标签, 白色",19.0,157.9
A1003545,2021/4/7,KT-16480,一级,华北,河北,办公用品,用品,Stiletto,"Stiletto 大剪刀, 锯齿状",4.0,4.91
A1003543,2021/4/7,CC-12220,一级,华东,安徽,办公用品,信封,Cameo,"Cameo 搭扣信封, 银色",37.0,87.92
A1003543,2021/4/7,CC-12220,一级,华东,安徽,办公用品,标签,Avery,"Avery 文件夹标签, 白色",12.0,5.98
A1003543,2021/4/7,BF-11170,一级,华东,安徽,办公用品,用品,Fiskars,"Fiskars 尺子, 锯齿状",33.0,222.384
A1003543,2021/4/7,BF-11170,一级,华东,安徽,家具,书架,宜家,"宜家 古典书架, 白色",8.0,16.0
A1003542,2021/4/7,MS-17770,标准级,华北,山西,办公用品,信封,Jiffy,"Jiffy 外皮和封条, 红色",15.0,21.84
A1003546,2021/4/7,MS-17770,标准级,东北,黑龙江,办公用品,装订机,Cardinal,"Cardinal 孔加固材料, 耐用",7.0,15.6
A1003546,2021/4/7,AH-10030,标准级,东北,黑龙江,技术,复印机,Brother,"Brother 复印机, 数字化",12.0,247.84
A1003546,2021/4/7,AH-10030,标准级,东北,黑龙江,技术,电话,诺基亚,"诺基亚 信号增强器, 整包",29.0,9.912
A1003544,2021/4/7,CK-12595,标准级,中南,河南,技术,配件,SanDisk,"SanDisk 路由器, 耐用",18.0,69.52
A1003549,2021/4/8,NP-18325,标准级,东北,吉林,办公用品,系固件,Advantus,"Advantus 回形针, 整包",29.0,11.52
A1003547,2021/4/8,NP-18325,标准级,华北,天津,办公用品,信封,Ames,"Ames 外皮和封条, 每套 50 个",14.0,717.72
A1003549,2021/4/8,NP-18325,标准级,东北,吉林,家具,桌子,Barricks,"Barricks 圆桌, 长方形",26.0,236.5
A1003547,2021/4/8,NP-18325,标准级,华北,天津,家具,用具,Advantus,"Advantus 分层置放架, 耐用",29.0,170.352
A1003547,2021/4/8,GM-14440,标准级,华北,天津,技术,设备,松下,"松下 收据打印机, 耐用",8.0,145.764
A1003548,2021/4/8,SG-20605,标准级,华东,山东,家具,书架,Bush,"Bush 书架, 传统",16.0,107.97
A1003548,2021/4/8,HK-14890,标准级,华东,山东,家具,用具,Advantus,"Advantus 闹钟, 一包多件",21.0,143.96
A1003552,2021/4/9,HK-14890,一级,中南,湖南,办公用品,器具,KitchenAid,"KitchenAid 冰箱, 银色",16.0,2399.96
A1003551,2021/4/9,HK-14890,一级,中南,河南,办公用品,信封,Cameo,"Cameo 搭扣信封, 每套 50 个",6.0,74.352
A1003551,2021/4/9,HK-14890,一级,中南,河南,办公用品,器具,Breville,"Breville 烤面包机, 黑色",4.0,87.168
A1003552,2021/4/9,HK-14890,一级,中南,湖南,家具,书架,Bush,"Bush 古典书架, 金属",11.0,32.232
A1003553,2021/4/9,MY-18295,标准级,中南,湖北,办公用品,收纳具,Fellowes,"Fellowes 盒, 金属",24.0,2.202
A1003553,2021/4/9,MY-18295,标准级,中南,湖北,办公用品,收纳具,Rogers,"Rogers 盒, 金属",32.0,9.396
A1003553,2021/4/9,RC-19960,标准级,中南,湖北,办公用品,装订机,Ibico,"Ibico 孔加固材料, 实惠",29.0,89.97
A1003550,2021/4/9,JO-15145,标准级,东北,吉林,办公用品,系固件,Advantus,"Advantus 按钉, 混合尺寸",24.0,12.78
A1003553,2021/4/9,MW-18220,标准级,中南,湖北,技术,复印机,佳能,"佳能 传真复印机, 每套两件",28.0,40.0
A1003555,2021/4/10,NZ-18565,一级,华北,天津,办公用品,系固件,Stockwell,"Stockwell 图钉, 每包 12 个",32.0,23.24
A1003554,2021/4/10,JM-15250,一级,华北,北京,家具,椅子,Office Star,"Office Star 摇椅, 黑色",26.0,908.82
A1003556,2021/4/10,ED-13885,标准级,中南,湖南,办公用品,器具,Cuisinart,"Cuisinart 烤面包机, 白色",7.0,5.552
A1003556,2021/4/10,ED-13885,标准级,中南,湖南,办公用品,用品,Fiskars,"Fiskars 尺子, 锯齿状",28.0,8.016
A1003556,2021/4/10,ED-13885,标准级,中南,湖南,办公用品,美术,Binney & Smith,"Binney & Smith 铅笔刀, 混合尺寸",11.0,74.592
A1003556,2021/4/10,ED-13885,标准级,中南,湖南,家具,用具,Rubbermaid,"Rubvermaid 门挡, 优质",38.0,16.784
A1003556,2021/4/10,ED-13885,标准级,中南,湖南,技术,配件,SanDisk,"SanDisk 路由器, 回收",24.0,38.864
A1003558,2021/4/11,DW-13480,一级,华东,山东,办公用品,用品,Elite,"Elite 开信刀, 工业",16.0,203.976
A1003558,2021/4/11,DW-13480,一级,华东,山东,办公用品,美术,BIC,"BIC 钢笔, 金属",7.0,674.352
A1003558,2021/4/11,JK-15205,一级,华东,山东,家具,书架,Sauder,"Sauder 柜, 白色",19.0,5.388
A1003558,2021/4/11,JK-15205,一级,华东,山东,家具,桌子,Chromcraft,"Chromcraft 电脑桌, 组装",15.0,30.976
A1003557,2021/4/11,JS-15880,标准级,中南,河南,技术,电话,摩托罗拉,"摩托罗拉 智能手机, 全尺寸",27.0,1350.12
A1003563,2021/4/13,JS-15880,二级,东北,吉林,家具,用具,Advantus,"Advantus 灯泡, 一包多件",12.0,15.92
A1003563,2021/4/13,PO-19180,二级,东北,吉林,技术,复印机,Brother,"Brother 复印机, 红色",14.0,19.54
A1003562,2021/4/13,MH-17290,二级,东北,吉林,技术,电话,苹果,"苹果 充电器, 蓝色",11.0,21.4
A1003559,2021/4/13,MH-17290,一级,东北,黑龙江,技术,复印机,夏普,"夏普 复印机, 每套两件",31.0,12.6
A1003561,2021/4/13,PO-19180,标准级,华东,安徽,办公用品,美术,BIC,"BIC 铅笔刀, 整包",12.0,11.96
A1003561,2021/4/13,PO-19180,标准级,华东,安徽,办公用品,美术,Sanford,"Sanford 荧光笔, 蓝色",31.0,138.0
A1003561,2021/4/13,HF-14995,标准级,华东,安徽,家具,书架,Sauder,"Sauder 搁架, 金属",32.0,116.76
A1003560,2021/4/13,HF-14995,标准级,中南,广西,办公用品,收纳具,Fellowes,"Fellowes 文件车, 工业",24.0,331.023
A1003560,2021/4/13,VB-21745,标准级,中南,广西,办公用品,收纳具,Rogers,"Rogers 锁柜, 单宽度",13.0,756.8
A1003560,2021/4/13,MG-17890,标准级,中南,广西,办公用品,收纳具,Tenex,"Tenex 文件夹, 金属",7.0,8.736
A1003560,2021/4/13,BO-11425,标准级,中南,广西,办公用品,标签,Harbour Creations,"Harbour Creations 圆形标签, 白色",23.0,6.08
A1003560,2021/4/13,CM-12115,标准级,中南,广西,办公用品,美术,Sanford,"Sanford 画布, 蓝色",4.0,17.46
A1003560,2021/4/13,CM-12115,标准级,中南,广西,家具,桌子,Barricks,"Barricks 木桌, 白色",3.0,369.16
A1003560,2021/4/13,LC-16930,标准级,中南,广西,技术,设备,爱普生,"爱普生 卡片打印机, 耐用",35.0,2.912
A1003564,2021/4/14,LC-16930,一级,华东,上海,办公用品,装订机,Wilson Jones,"Wilson Jones 打孔机, 耐用",12.0,20.736
A1003564,2021/4/14,LC-16930,一级,华东,上海,家具,桌子,Lesro,"Lesro 培训桌, 黑色",18.0,9.568
A1003565,2021/4/14,EH-13765,二级,东北,黑龙江,办公用品,用品,Kleencut,"Kleencut 尺子, 锯齿状",6.0,30.18
A1003565,2021/4/14,EH-13765,二级,东北,黑龙江,技术,配件,Enermax,"Enermax 路由器, 实惠",26.0,51.648
A1003566,2021/4/14,EH-13765,标准级,中南,广东,办公用品,用品,Fiskars,"Fiskars 尺子, 蓝色",24.0,11.232
A1003567,2021/4/15,MC-17275,二级,东北,辽宁,办公用品,收纳具,Smead,"Smead 文件夹, 工业",18.0,14.73
A1003567,2021/4/15,HW-14935,二级,东北,辽宁,家具,用具,Rubbermaid,"Rubvermaid 相框, 一包多件",36.0,16.4
A1003572,2021/4/15,HW-14935,标准级,西南,重庆,办公用品,信封,Jiffy,"Jiffy 商业信封, 每套 50 个",15.0,25.92
A1003569,2021/4/15,LC-16870,标准级,华东,江苏,办公用品,标签,Hon,"Hon 运输标签, 耐用",18.0,8.82
A1003569,2021/4/15,LC-16870,标准级,华东,江苏,办公用品,标签,Novimex,"Novimex 圆形标签, 耐用",9.0,62.496
A1003569,2021/4/15,LC-16870,标准级,华东,江苏,办公用品,用品,Elite,"Elite 修剪器, 蓝色",33.0,339.96
A1003569,2021/4/15,LC-16870,标准级,华东,江苏,办公用品,系固件,Stockwell,"Stockwell 夹子, 混合尺寸",24.0,49.568
A1003570,2021/4/15,BP-11290,二级,中南,广东,家具,书架,Sauder,"Sauder 搁架, 传统",10.0,274.491
A1003569,2021/4/15,TG-21310,标准级,华东,江苏,家具,椅子,Harbour Creations,"Harbour Creations 摇椅, 可调",17.0,137.94
A1003571,2021/4/15,MC-18100,标准级,东北,吉林,家具,用具,Deflect-O,"Deflect-O 闹钟, 一包多件",8.0,40.68
A1003571,2021/4/15,RB-19360,标准级,东北,吉林,技术,电话,苹果,"苹果 智能手机, 全尺寸",9.0,110.376
A1003568,2021/4/15,RB-19360,标准级,中南,河南,办公用品,装订机,Avery,"Avery 打孔机, 实惠",31.0,151.62
A1003568,2021/4/15,RB-19360,标准级,中南,河南,家具,桌子,Barricks,"Barricks 电脑桌, 白色",3.0,30.8
A1003573,2021/4/16,ES-14080,当日,华东,福建,办公用品,用品,Stiletto,"Stiletto 剪刀, 钢",20.0,123.92
A1003574,2021/4/18,ES-14080,标准级,东北,辽宁,办公用品,系固件,Accos,"Accos 橡皮筋, 金属",21.0,1319.8
A1003574,2021/4/18,RD-19720,标准级,东北,辽宁,技术,配件,SanDisk,"SanDisk 闪存驱动器, 可编程",35.0,89.712
A1003576,2021/4/20,RD-19720,当日,中南,河南,办公用品,信封,Jiffy,"Jiffy 局间信封, 红色",32.0,22.83
A1003575,2021/4/20,SC-20380,当日,中南,海南,办公用品,装订机,Wilson Jones,"Wilson Jones 孔加固材料, 实惠",24.0,30.88
A1003575,2021/4/20,SC-20380,当日,中南,海南,家具,书架,Bush,"Bush 书库, 黑色",38.0,465.16
A1003576,2021/4/20,SC-20380,当日,中南,河南,家具,椅子,Office Star,"Office Star 折叠椅, 黑色",40.0,27.12
A1003579,2021/4/21,GB-14575,标准级,东北,辽宁,办公用品,标签,Harbour Creations,"Harbour Creations 合法证物标签, 红色",12.0,113.6
A1003578,2021/4/21,GB-14575,标准级,华北,山西,办公用品,收纳具,Fellowes,"Fellowes 盘, 蓝色",40.0,12.96
A1003578,2021/4/21,GB-14575,标准级,华北,山西,办公用品,装订机,Ibico,"Ibico 标签, 实惠",33.0,69.456
A1003578,2021/4/21,FP-14320,标准级,华北,山西,技术,复印机,惠普,"惠普 墨水, 红色",32.0,8.64
A1003578,2021/4/21,EA-14035,标准级,华北,山西,技术,设备,柯尼卡,"柯尼卡 计算器, 白色",6.0,341.991
A1003577,2021/4/21,SC-20305,标准级,中南,河南,办公用品,信封,Cameo,"Cameo 搭扣信封, 银色",14.0,43.96
A1003577,2021/4/21,SC-20305,标准级,中南,河南,办公用品,收纳具,Eldon,"Eldon 盘, 单宽度",12.0,39.76
A1003577,2021/4/21,JF-15355,标准级,中南,河南,办公用品,用品,Stiletto,"Stiletto 尺子, 锯齿状",15.0,66.36
A1003577,2021/4/21,JF-15355,标准级,中南,河南,办公用品,美术,Binney & Smith,"Binney & Smith 记号笔, 蓝色",5.0,92.88
A1003577,2021/4/21,JF-15355,标准级,中南,河南,办公用品,装订机,Avery,"Avery 装订机盖, 透明",5.0,24.14
A1003577,2021/4/21,TP-21415,标准级,中南,河南,家具,书架,Sauder,"Sauder 柜, 白色",13.0,4416.174
A1003583,2021/4/23,RL-19615,二级,东北,辽宁,办公用品,收纳具,Tenex,"Tenex 搁板, 单宽度",5.0,49.56
A1003583,2021/4/23,SB-20170,二级,东北,辽宁,办公用品,美术,BIC,"BIC 画布, 混合尺寸",15.0,354.9
A1003584,2021/4/23,JS-15595,标准级,中南,湖南,办公用品,信封,Jiffy,"Jiffy 外皮和封条, 银色",12.0,15.12
A1003581,2021/4/23,JS-15595,标准级,中南,广西,办公用品,纸张,Green Bar,"Green Bar 备忘录便条, 每包 12 个",25.0,302.45
A1003581,2021/4/23,JS-15595,标准级,中南,广西,办公用品,美术,Binney & Smith,"Binney & Smith 画布, 蓝色",4.0,44.672
A1003584,2021/4/23,BP-11155,标准级,中南,湖南,家具,书架,Safco,"Safco 墙角架, 传统",37.0,119.98
A1003580,2021/4/23,BP-11155,标准级,中南,湖北,办公用品,用品,Fiskars,"Fiskars 开信刀, 锯齿状",15.0,989.97
A1003580,2021/4/23,EM-13825,标准级,中南,湖北,办公用品,美术,Sanford,"Sanford 荧光笔, 混合尺寸",32.0,9.216
A1003580,2021/4/23,SC-20695,标准级,中南,湖北,办公用品,装订机,Avery,"Avery 孔加固材料, 耐用",29.0,68.52
A1003580,2021/4/23,EM-14140,标准级,中南,湖北,家具,书架,Safco,"Safco 柜, 金属",11.0,364.74
A1003585,2021/4/23,EM-14140,标准级,华东,山东,家具,椅子,Hon,"Hon 椅垫, 红色",18.0,47.4
A1003580,2021/4/23,EM-14140,标准级,中南,湖北,技术,复印机,佳能,"佳能 墨水, 彩色",24.0,49.76
A1003580,2021/4/23,EM-14140,标准级,中南,湖北,技术,设备,柯尼卡,"柯尼卡 计算器, 多色",10.0,5.56
A1003582,2021/4/23,EM-14140,标准级,华北,内蒙古,技术,复印机,Hewlett,"Hewlett 个人复印机, 每套两件",5.0,629.1
A1003587,2021/4/24,EM-14140,当日,华北,北京,办公用品,信封,GlobeWeis,"GlobeWeis 邮寄品, 每套 50 个",20.0,14.7
A1003587,2021/4/24,EM-14140,当日,华北,北京,办公用品,器具,Hoover,"Hoover 微波炉, 银色",30.0,45.36
A1003587,2021/4/24,EM-14140,当日,华北,北京,办公用品,标签,Novimex,"Novimex 有色标签, 红色",32.0,125.99
A1003587,2021/4/24,GZ-14545,当日,华北,北京,办公用品,用品,Stiletto,"Stiletto 美工刀, 蓝色",19.0,14.7
A1003587,2021/4/24,ML-17395,当日,华北,北京,办公用品,装订机,Avery,"Avery 打孔机, 回收",4.0,32.7
A1003587,2021/4/24,ML-17395,当日,华北,北京,办公用品,装订机,Cardinal,"Cardinal 装订机, 透明",27.0,31.68
A1003587,2021/4/24,PG-18895,当日,华北,北京,办公用品,装订机,Ibico,"Ibico 订书机, 实惠",27.0,181.86
A1003587,2021/4/24,DK-12835,当日,华北,北京,技术,配件,Memorex,"Memorex 闪存驱动器, 实惠",32.0,155.372
A1003588,2021/4/24,SJ-20215,一级,中南,广东,家具,用具,Rubbermaid,"Rubvermaid 分层置放架, 耐用",19.0,13.428
A1003588,2021/4/24,SJ-20215,一级,中南,广东,技术,设备,松下,"松下 电话, 白色",5.0,67.136
A1003586,2021/4/24,AG-10675,标准级,华北,内蒙古,技术,电话,三星,"三星 办公室电话机, 全尺寸",24.0,89.568
A1003589,2021/4/24,AG-10675,标准级,西南,四川,办公用品,器具,Cuisinart,"Cuisinart 冰箱, 红色",29.0,315.776
A1003589,2021/4/24,KD-16495,标准级,西南,四川,办公用品,纸张,Eaton,"Eaton 笔记本, 优质",14.0,273.666
A1003592,2021/4/25,KD-16495,标准级,华北,内蒙古,办公用品,收纳具,Eldon,"Eldon 搁板, 蓝色",12.0,17.48
A1003593,2021/4/25,EB-13975,标准级,西北,陕西,办公用品,收纳具,Fellowes,"Fellowes 搁板, 单宽度",14.0,20.608
A1003591,2021/4/25,EB-13975,标准级,东北,黑龙江,办公用品,美术,BIC,"BIC 铅笔刀, 整包",30.0,4.095
A1003590,2021/4/25,AW-10930,标准级,东北,辽宁,家具,书架,Safco,"Safco 墙角架, 金属",7.0,339.96
A1003590,2021/4/25,AW-10930,标准级,东北,辽宁,家具,用具,Tenex,"Tenex 框架, 黑色",26.0,63.98
A1003597,2021/4/27,JK-16120,当日,中南,河南,办公用品,美术,Stanley,"Stanley 钢笔, 金属",8.0,799.92
A1003596,2021/4/27,TC-21535,一级,华北,山西,办公用品,装订机,Cardinal,"Cardinal 打孔机, 耐用",30.0,35.984
A1003596,2021/4/27,TC-21535,一级,华北,山西,家具,用具,Tenex,"Tenex 闹钟, 优质",16.0,389.97
A1003596,2021/4/27,TH-21235,一级,华北,山西,技术,复印机,夏普,"夏普 个人复印机, 数字化",9.0,185.528
A1003594,2021/4/27,PW-19240,二级,中南,湖南,办公用品,用品,Fiskars,"Fiskars 剪刀, 蓝色",21.0,2541.98
A1003595,2021/4/27,GH-14410,标准级,中南,广东,办公用品,系固件,Accos,"Accos 订书钉, 混合尺寸",3.0,599.985
A1003602,2021/4/28,JK-15730,二级,东北,吉林,家具,书架,Bush,"Bush 墙角架, 白色",27.0,3.036
A1003599,2021/4/28,LC-17140,标准级,华北,山西,办公用品,美术,Boston,"Boston 速写本, 混合尺寸",4.0,25.92
A1003600,2021/4/28,LC-17140,标准级,华东,山东,技术,复印机,惠普,"惠普 复印机, 红色",29.0,66.112
A1003601,2021/4/28,BK-11260,标准级,中南,湖南,办公用品,信封,Jiffy,"Jiffy 外皮和封条, 每套 50 个",3.0,46.36
A1003601,2021/4/28,BS-11365,标准级,中南,湖南,办公用品,装订机,Avery,"Avery 订书机, 透明",3.0,6.9
A1003598,2021/4/28,BS-11365,二级,华东,山东,办公用品,器具,KitchenAid,"KitchenAid 微波炉, 白色",30.0,57.69
A1003598,2021/4/28,AG-10525,二级,华东,山东,办公用品,纸张,Eaton,"Eaton 备忘录便条, 每包 12 个",11.0,559.71
A1003604,2021/4/29,SC-20725,当日,华东,山东,办公用品,标签,Avery,"Avery 合法证物标签, 耐用",2.0,305.01
A1003604,2021/4/29,SC-20725,当日,华东,山东,家具,用具,Deflect-O,"Deflect-O 闹钟, 耐用",33.0,50.784
A1003603,2021/4/29,SC-20725,二级,华北,天津,办公用品,装订机,Acco,"Acco 订书机, 耐用",9.0,26.01
A1003607,2021/4/29,LR-16915,标准级,中南,广东,办公用品,器具,Hoover,"Hoover 搅拌机, 银色",14.0,649.0
A1003607,2021/4/29,CB-12415,标准级,中南,广东,办公用品,用品,Kleencut,"Kleencut 剪刀, 工业",7.0,59.99
A1003607,2021/4/29,RD-19900,标准级,中南,广东,办公用品,用品,Stiletto,"Stiletto 剪刀, 工业",19.0,20.24
A1003607,2021/4/29,NC-18340,标准级,中南,广东,办公用品,美术,BIC,"BIC 画布, 混合尺寸",20.0,37.84
A1003606,2021/4/29,NC-18340,标准级,华东,山东,办公用品,信封,Jiffy,"Jiffy 邮寄品, 银色",37.0,5.472
A1003607,2021/4/29,NB-18655,标准级,中南,广东,家具,椅子,Harbour Creations,"Harbour Creations 沙滩椅, 红色",8.0,77.24
A1003605,2021/4/29,JK-15730,二级,中南,河南,办公用品,标签,Smead,"Smead 运输标签, 白色",8.0,292.1
A1003608,2021/4/30,JK-15730,一级,华东,福建,办公用品,装订机,Acco,"Acco 孔加固材料, 实惠",29.0,8.544
A1003613,2021/4/30,JK-15730,一级,中南,湖南,办公用品,器具,Breville,"Breville 炉灶, 红色",13.0,424.116
A1003613,2021/4/30,JK-15730,一级,中南,湖南,办公用品,收纳具,Rogers,"Rogers 文件车, 工业",17.0,2.892
A1003613,2021/4/30,JK-15730,一级,中南,湖南,办公用品,用品,Elite,"Elite 美工刀, 蓝色",26.0,381.72
A1003614,2021/4/30,DO-13645,一级,华东,福建,家具,椅子,Novimex,"Novimex 扶手椅, 每套两件",5.0,97.184
A1003613,2021/4/30,DO-13645,一级,中南,湖南,技术,复印机,Hewlett,"Hewlett 复印机, 数字化",4.0,10.368
A1003610,2021/4/30,MG-18145,标准级,华东,山东,办公用品,收纳具,Eldon,"Eldon 盒, 工业",25.0,890.841
A1003610,2021/4/30,LH-17155,标准级,华东,山东,办公用品,装订机,Ibico,"Ibico 标签, 耐用",34.0,72.0
A1003612,2021/4/30,LH-17155,标准级,中南,湖北,家具,用具,Eldon,"Eldon 门挡, 耐用",20.0,113.888
A1003611,2021/4/30,LH-17155,二级,西北,新疆,办公用品,收纳具,Rogers,"Rogers 盘, 金属",11.0,158.13
A1003609,2021/4/30,MM-18280,标准级,华北,天津,办公用品,美术,BIC,"BIC 记号笔, 金属",6.0,14.13
A1003611,2021/4/30,BD-11320,二级,西北,新疆,家具,用具,Advantus,"Advantus 分层置放架, 优质",10.0,64.75
A1003611,2021/4/30,SC-20575,二级,西北,新疆,家具,用具,Eldon,"Eldon 框架, 黑色",12.0,1.872
A1003611,2021/4/30,SC-20575,二级,西北,新疆,家具,用具,Rubbermaid,"Rubvermaid 分层置放架, 耐用",10.0,11.214
A1003609,2021/4/30,SC-20575,标准级,华北,天津,家具,椅子,Novimex,"Novimex 扶手椅, 每套两件",27.0,37.376
A1003609,2021/4/30,TN-21040,标准级,华北,天津,技术,复印机,Brother,"Brother 无线传真机, 彩色",8.0,286.4
A1003609,2021/4/30,ZC-21910,标准级,华北,天津,技术,电话,三星,"三星 智能手机, 全尺寸",8.0,43.92
A1003615,2021/4/30,NB-18655,标准级,华北,内蒙古,家具,书架,宜家,"宜家 搁架, 白色",12.0,142.182
A1003616,2021/5/1,KH-16330,二级,华东,山东,办公用品,信封,Cameo,"Cameo 商业信封, 红色",29.0,19.608
A1003616,2021/5/1,KH-16330,二级,华东,山东,办公用品,收纳具,Smead,"Smead 搁板, 单宽度",11.0,4.158
A1003616,2021/5/1,MN-17935,二级,华东,山东,办公用品,标签,Harbour Creations,"Harbour Creations 有色标签, 可调",5.0,979.95
A1003618,2021/5/1,MN-17935,一级,华东,上海,技术,配件,Memorex,"Memorex 闪存驱动器, 实惠",18.0,135.3
A1003617,2021/5/1,MY-18295,标准级,中南,湖南,技术,复印机,佳能,"佳能 传真复印机, 每套两件",18.0,8.904
A1003617,2021/5/1,MY-18295,标准级,中南,湖南,技术,配件,Memorex,"Memorex 键盘, 可编程",30.0,100.8
A1003620,2021/5/2,CS-11950,标准级,中南,湖南,办公用品,收纳具,Smead,"Smead 盒, 工业",36.0,41.96
A1003620,2021/5/2,CS-11950,标准级,中南,湖南,办公用品,标签,Novimex,"Novimex 可去除的标签, 白色",4.0,9.45
A1003619,2021/5/2,MC-17845,标准级,华东,山东,办公用品,标签,Hon,"Hon 运输标签, 耐用",20.0,400.8
A1003619,2021/5/2,MC-17845,标准级,华东,山东,办公用品,纸张,Eaton,"Eaton 备忘录便条, 每包 12 个",38.0,28.792
A1003621,2021/5/2,SC-20050,标准级,中南,广东,办公用品,纸张,Eaton,"Eaton 信纸, 回收",31.0,111.0
A1003621,2021/5/2,SC-20050,标准级,中南,广东,办公用品,装订机,Avery,"Avery 装订机, 实惠",8.0,1279.968
A1003621,2021/5/2,SC-20050,标准级,中南,广东,办公用品,装订机,Wilson Jones,"Wilson Jones 装订机, 透明",15.0,1856.19
A1003621,2021/5/2,SP-20650,标准级,中南,广东,家具,椅子,Safco,"SAFCO 折叠椅, 黑色",10.0,22.752
A1003621,2021/5/2,SC-20440,标准级,中南,广东,技术,复印机,Brother,"Brother 墨水, 彩色",38.0,61.542
A1003621,2021/5/2,SC-20440,标准级,中南,广东,技术,配件,Enermax,"Enermax 键区, 耐用",26.0,81.438
A1003627,2021/5/4,PR-18880,一级,华北,天津,办公用品,信封,Ames,"Ames 邮寄品, 银色",22.0,67.36
A1003627,2021/5/4,PR-18880,一级,华北,天津,办公用品,收纳具,Rogers,"Rogers 文件车, 单宽度",31.0,54.528
A1003627,2021/5/4,JK-15625,一级,华北,天津,办公用品,标签,Hon,"Hon 可去除的标签, 白色",31.0,843.9
A1003625,2021/5/4,JK-15625,二级,中南,河南,办公用品,纸张,Enermax,"Enermax 令, 多色",27.0,44.568
A1003622,2021/5/4,BM-11575,一级,西南,重庆,办公用品,系固件,OIC,"OIC 回形针, 混合尺寸",39.0,15.51
A1003622,2021/5/4,SM-20950,一级,西南,重庆,家具,书架,宜家,"宜家 书库, 金属",4.0,192.186
A1003624,2021/5/4,KC-16255,二级,中南,广东,家具,椅子,Office Star,"Office Star 沙滩椅, 可调",12.0,5.76
A1003626,2021/5/4,SG-20470,标准级,华东,山东,办公用品,装订机,Ibico,"Ibico 装订机, 实惠",20.0,67.88
A1003626,2021/5/4,SG-20470,标准级,华东,山东,技术,复印机,佳能,"佳能 个人复印机, 数字化",36.0,162.89
A1003628,2021/5/4,SG-20470,标准级,中南,湖南,办公用品,纸张,Eaton,"Eaton 羊皮纸, 每包 12 个",33.0,25.71
A1003623,2021/5/4,TB-21520,标准级,中南,广东,办公用品,器具,Hoover,"Hoover 冰箱, 白色",26.0,191.88
A1003628,2021/5/4,DV-13045,标准级,中南,湖南,技术,设备,冲电器,"冲电器 电话, 白色",29.0,72.875
A1003631,2021/5/5,DV-13045,一级,西南,重庆,办公用品,标签,Harbour Creations,"Harbour Creations 文件夹标签, 可调",4.0,73.568
A1003631,2021/5/5,DV-13045,一级,西南,重庆,办公用品,纸张,Green Bar,"Green Bar 备忘录便条, 回收",8.0,13.584
A1003633,2021/5/5,DV-13045,二级,华东,山东,办公用品,美术,Sanford,"Sanford 铅笔刀, 整包",35.0,64.784
A1003633,2021/5/5,SC-20020,二级,华东,山东,技术,电话,摩托罗拉,"摩托罗拉 信号增强器, 混合尺寸",37.0,176.772
A1003634,2021/5/5,JB-15400,二级,华北,天津,办公用品,系固件,Accos,"Accos 按钉, 金属",31.0,38.82
A1003632,2021/5/5,JB-15400,标准级,华东,福建,办公用品,收纳具,Eldon,"Eldon 锁柜, 金属",20.0,21.9
A1003629,2021/5/5,GH-14425,标准级,中南,广东,办公用品,用品,Stiletto,"Stiletto 尺子, 工业",12.0,11.79
A1003629,2021/5/5,MG-17650,标准级,中南,广东,家具,椅子,Harbour Creations,"Harbour Creations 折叠椅, 黑色",39.0,445.44
A1003629,2021/5/5,RD-19660,标准级,中南,广东,家具,用具,Tenex,"Tenex 闹钟, 耐用",15.0,16.52
A1003629,2021/5/5,SN-20560,标准级,中南,广东,技术,配件,Enermax,"Enermax 鼠标, 可编程",20.0,29.9
A1003630,2021/5/5,AH-10690,标准级,东北,辽宁,办公用品,系固件,Stockwell,"Stockwell 回形针, 整包",26.0,116.4
A1003642,2021/5/6,MZ-17335,二级,华东,山东,技术,配件,Memorex,"Memorex 路由器, 耐用",39.0,1.408
A1003639,2021/5/6,MZ-17335,一级,中南,河南,技术,设备,柯尼卡,"柯尼卡 电话, 耐用",36.0,169.568
A1003636,2021/5/6,AR-10345,二级,华东,安徽,办公用品,标签,Smead,"Smead 可去除的标签, 可调",7.0,251.964
A1003636,2021/5/6,AR-10345,二级,华东,安徽,办公用品,美术,Boston,"Boston 钢笔, 金属",38.0,523.764
A1003637,2021/5/6,JF-15295,二级,中南,湖南,办公用品,用品,Acme,"Acme 剪刀, 工业",14.0,19.44
A1003638,2021/5/6,JF-15295,标准级,中南,广东,办公用品,纸张,Eaton,"Eaton 备忘录便条, 多色",2.0,194.352
A1003638,2021/5/6,JF-15295,标准级,中南,广东,办公用品,纸张,SanDisk,"SanDisk 计划信息表, 每包 12 个",7.0,36.624
A1003641,2021/5/6,DS-13180,标准级,华北,山西,办公用品,系固件,Accos,"Accos 图钉, 每包 12 个",33.0,340.182
A1003635,2021/5/6,DS-13180,标准级,华东,山东,办公用品,装订机,Wilson Jones,"Wilson Jones 装订机盖, 耐用",12.0,12.672
A1003638,2021/5/6,DS-13180,标准级,中南,广东,家具,用具,Deflect-O,"Deflect-O 分层置放架, 黑色",8.0,6.888
A1003635,2021/5/6,DS-13180,标准级,华东,山东,技术,复印机,Brother,"Brother 复印机, 彩色",5.0,32.544
A1003640,2021/5/6,DS-13180,标准级,华东,山东,办公用品,器具,KitchenAid,"KitchenAid 炉灶, 银色",14.0,347.802
A1003643,2021/5/6,BP-11095,标准级,西南,云南,办公用品,标签,Avery,"Avery 可去除的标签, 白色",40.0,15.57
A1003643,2021/5/6,TG-21310,标准级,西南,云南,办公用品,装订机,Acco,"Acco 订书机, 耐用",15.0,4.608
A1003644,2021/5/7,BT-11395,二级,华东,安徽,办公用品,收纳具,Rogers,"Rogers 文件夹, 单宽度",39.0,257.98
A1003644,2021/5/7,JF-15190,二级,华东,安徽,办公用品,标签,Novimex,"Novimex 运输标签, 红色",9.0,153.78
A1003644,2021/5/7,JF-15190,二级,华东,安徽,办公用品,用品,Fiskars,"Fiskars 美工刀, 锯齿状",34.0,61.02
A1003644,2021/5/7,JF-15190,二级,华东,安徽,办公用品,纸张,Eaton,"Eaton 备忘录便条, 回收",23.0,110.11
A1003644,2021/5/7,JF-15190,二级,华东,安徽,办公用品,纸张,施乐,"施乐 计划信息表, 多色",20.0,7.89
A1003644,2021/5/7,MK-17905,二级,华东,安徽,办公用品,装订机,Avery,"Avery 订书机, 实惠",25.0,36.024
A1003644,2021/5/7,GG-14650,二级,华东,安徽,家具,用具,Rubbermaid,"Rubvermaid 门挡, 耐用",39.0,54.336
A1003644,2021/5/7,MC-18130,二级,华东,安徽,技术,电话,诺基亚,"诺基亚 智能手机, 蓝色",16.0,92.52
A1003644,2021/5/7,ML-18265,二级,华东,安徽,技术,设备,爱普生,"爱普生 喷墨打印机, 耐用",9.0,10.272
A1003646,2021/5/7,AG-10270,一级,中南,湖北,办公用品,器具,Cuisinart,"Cuisinart 冰箱, 红色",11.0,40.74
A1003646,2021/5/7,AG-10270,一级,中南,湖北,办公用品,收纳具,Tenex,"Tenex 文件夹, 工业",13.0,14.4
A1003651,2021/5/7,AG-10270,一级,西南,云南,办公用品,系固件,Advantus,"Advantus 按钉, 金属",8.0,49.95
A1003651,2021/5/7,AG-10270,一级,西南,云南,办公用品,系固件,Stockwell,"Stockwell 图钉, 整包",22.0,16.9
A1003651,2021/5/7,AG-10270,一级,西南,云南,办公用品,美术,Stanley,"Stanley 记号笔, 整包",31.0,17.61
A1003646,2021/5/7,AG-10270,一级,中南,湖北,家具,椅子,Office Star,"Office Star 扶手椅, 每套两件",8.0,378.0
A1003646,2021/5/7,AG-10270,一级,中南,湖北,技术,配件,SanDisk,"SanDisk 记忆卡, 可编程",19.0,17.64
A1003648,2021/5/7,AG-10270,标准级,中南,湖南,家具,椅子,Harbour Creations,"Harbour Creations 凳子, 红色",14.0,373.08
A1003648,2021/5/7,AG-10270,标准级,中南,湖南,家具,椅子,Hon,"Hon 椅垫, 可调",11.0,336.44
A1003647,2021/5/7,AG-10270,二级,西南,云南,办公用品,信封,Kraft,"Kraft 搭扣信封, 回收",34.0,29.97
A1003645,2021/5/7,TT-21070,标准级,中南,湖南,办公用品,标签,Harbour Creations,"Harbour Creations 有色标签, 红色",2.0,90.368
A1003650,2021/5/7,TT-21070,标准级,东北,黑龙江,办公用品,收纳具,Tenex,"Tenex 盒, 单宽度",11.0,101.52
A1003650,2021/5/7,LT-16765,标准级,东北,黑龙江,办公用品,收纳具,Tenex,"Tenex 盒, 金属",7.0,74.352
A1003650,2021/5/7,DD-13570,标准级,东北,黑龙江,办公用品,标签,Harbour Creations,"Harbour Creations 可去除的标签, 红色",25.0,15.7
A1003650,2021/5/7,DD-13570,标准级,东北,黑龙江,办公用品,标签,Hon,"Hon 可去除的标签, 白色",4.0,59.52
A1003647,2021/5/7,DD-13570,二级,西南,云南,家具,桌子,Barricks,"Barricks 圆桌, 组装",12.0,34.4
A1003645,2021/5/7,DB-12970,标准级,中南,湖南,家具,用具,Deflect-O,"Deflect-O 相框, 一包多件",9.0,313.176
A1003649,2021/5/7,DB-12970,标准级,西北,陕西,家具,椅子,Novimex,"Novimex 沙滩椅, 可调",10.0,466.646
A1003654,2021/5/8,DM-12955,一级,中南,湖南,家具,桌子,Barricks,"Barricks 圆桌, 长方形",22.0,595.408
A1003657,2021/5/8,ME-17725,二级,华东,江苏,家具,书架,Safco,"Safco 书库, 传统",10.0,35.856
A1003654,2021/5/8,ME-17725,一级,中南,湖南,技术,配件,贝尔金,"贝尔金 记忆卡, 耐用",6.0,23.84
A1003656,2021/5/8,TR-21325,标准级,中南,广东,办公用品,美术,Sanford,"Sanford 铅笔刀, 整包",19.0,43.13
A1003656,2021/5/8,TR-21325,标准级,中南,广东,办公用品,装订机,Wilson Jones,"Wilson Jones 装订机盖, 实惠",24.0,30.87
A1003653,2021/5/8,SH-20395,标准级,华东,山东,办公用品,信封,Cameo,"Cameo 外皮和封条, 回收",16.0,70.12
A1003653,2021/5/8,CB-12535,标准级,华东,山东,办公用品,纸张,Eaton,"Eaton 信纸, 回收",11.0,509.9575
A1003655,2021/5/8,CB-12535,标准级,华东,山东,办公用品,收纳具,Rogers,"Rogers 文件车, 蓝色",28.0,122.91
A1003653,2021/5/8,CB-12535,标准级,华东,山东,家具,书架,Dania,"Dania 墙角架, 黑色",10.0,97.568
A1003653,2021/5/8,CB-12535,标准级,华东,山东,技术,复印机,Hewlett,"Hewlett 墨水, 红色",2.0,422.352
A1003655,2021/5/8,ML-17410,标准级,华东,山东,技术,复印机,Hewlett,"Hewlett 墨水, 每套两件",40.0,11.52
A1003660,2021/5/8,JG-15310,二级,中南,湖北,办公用品,系固件,Stockwell,"Stockwell 按钉, 每包 12 个",25.0,167.84
A1003660,2021/5/8,JS-15880,二级,中南,湖北,办公用品,装订机,Wilson Jones,"Wilson Jones 装订机盖, 实惠",4.0,172.11
A1003658,2021/5/8,AG-10270,标准级,中南,广东,办公用品,信封,GlobeWeis,"GlobeWeis 商业信封, 红色",4.0,99.98
A1003658,2021/5/8,MG-17890,标准级,中南,广东,办公用品,纸张,Green Bar,"Green Bar 信纸, 回收",8.0,156.792
A1003659,2021/5/8,MG-17890,标准级,中南,河南,技术,设备,柯尼卡,"柯尼卡 喷墨打印机, 耐用",32.0,35.36
A1003661,2021/5/8,MG-17890,标准级,中南,河南,办公用品,收纳具,Tenex,"Tenex 锁柜, 蓝色",18.0,13.592
A1003661,2021/5/8,SC-20770,标准级,中南,河南,办公用品,装订机,Wilson Jones,"Wilson Jones 装订机, 实惠",5.0,386.68
A1003652,2021/5/8,SC-20770,标准级,中南,广西,办公用品,装订机,Acco,"Acco 装订机, 透明",9.0,379.96
A1003652,2021/5/8,SC-20770,标准级,中南,广西,技术,复印机,Brother,"Brother 传真复印机, 红色",23.0,539.91
A1003662,2021/5/9,SC-20770,二级,东北,吉林,技术,配件,Memorex,"Memorex 闪存驱动器, 耐用",8.0,41.24
A1003670,2021/5/11,SC-20770,当日,东北,辽宁,办公用品,器具,Breville,"Breville 咖啡研磨机, 银色",17.0,51.897
A1003670,2021/5/11,SC-20770,当日,东北,辽宁,办公用品,器具,Hamilton Beach,"Hamilton Beach 炉灶, 白色",17.0,552.56
A1003670,2021/5/11,SC-20770,当日,东北,辽宁,办公用品,收纳具,Eldon,"Eldon 盒, 工业",24.0,23.16
A1003670,2021/5/11,SC-20770,当日,东北,辽宁,办公用品,系固件,Stockwell,"Stockwell 订书钉, 整包",39.0,126.08
A1003670,2021/5/11,SC-20770,当日,东北,辽宁,办公用品,纸张,Eaton,"Eaton 信纸, 优质",12.0,449.1
A1003670,2021/5/11,BS-11755,当日,东北,辽宁,办公用品,装订机,Wilson Jones,"Wilson Jones 装订机, 回收",37.0,195.104
A1003670,2021/5/11,BS-11755,当日,东北,辽宁,家具,椅子,Novimex,"Novimex 沙滩椅, 红色",10.0,36.672
A1003670,2021/5/11,LC-17140,当日,东北,辽宁,家具,用具,Eldon,"Eldon 分层置放架, 耐用",4.0,85.246
A1003670,2021/5/11,LC-17140,当日,东北,辽宁,技术,电话,苹果,"苹果 信号增强器, 混合尺寸",15.0,32.712
A1003670,2021/5/11,MH-17440,当日,东北,辽宁,技术,设备,松下,"松下 收据打印机, 白色",21.0,11.43
A1003667,2021/5/11,MH-17440,一级,中南,广东,办公用品,标签,Hon,"Hon 可去除的标签, 白色",8.0,30.44
A1003667,2021/5/11,MH-17440,一级,中南,广东,办公用品,纸张,Enermax,"Enermax 信纸, 优质",2.0,12.96
A1003667,2021/5/11,MH-17440,一级,中南,广东,家具,用具,Eldon,"Eldon 灯泡, 黑色",9.0,16.0
A1003663,2021/5/11,MH-17440,一级,西南,重庆,技术,复印机,夏普,"夏普 传真复印机, 每套两件",7.0,32.67
A1003671,2021/5/11,RD-19720,二级,东北,黑龙江,办公用品,收纳具,Tenex,"Tenex 文件车, 单宽度",10.0,4.464
A1003664,2021/5/11,RD-19720,二级,中南,湖南,技术,电话,摩托罗拉,"摩托罗拉 办公室电话机, 混合尺寸",20.0,9.345
A1003666,2021/5/11,BP-11095,标准级,东北,辽宁,办公用品,系固件,Accos,"Accos 按钉, 整包",14.0,9.144
A1003665,2021/5/11,BP-11095,二级,中南,广东,办公用品,系固件,Advantus,"Advantus 橡皮筋, 金属",19.0,23.136
A1003665,2021/5/11,BP-11095,二级,中南,广东,办公用品,装订机,Ibico,"Ibico 标签, 回收",40.0,99.2
A1003668,2021/5/11,BF-11020,二级,华东,上海,办公用品,标签,Harbour Creations,"Harbour Creations 合法证物标签, 白色",32.0,21.36
A1003668,2021/5/11,CP-12085,二级,华东,上海,办公用品,美术,Boston,"Boston 荧光笔, 整包",25.0,46.9
A1003665,2021/5/11,JL-15235,二级,中南,广东,家具,书架,Safco,"Safco 柜, 白色",27.0,18.72
A1003669,2021/5/11,JL-15235,标准级,中南,广东,办公用品,用品,Elite,"Elite 剪刀, 钢",8.0,236.528
A1003669,2021/5/11,JG-15805,标准级,中南,广东,办公用品,用品,Fiskars,"Fiskars 修剪器, 工业",10.0,18.9
A1003669,2021/5/11,VP-21760,标准级,中南,广东,办公用品,纸张,Green Bar,"Green Bar 信纸, 回收",7.0,10.688
A1003679,2021/5/12,VP-21760,当日,华东,福建,技术,复印机,Brother,"Brother 传真复印机, 彩色",22.0,237.096
A1003679,2021/5/12,RD-19810,当日,华东,福建,技术,配件,贝尔金,"贝尔金 记忆卡, 耐用",36.0,5.184
A1003673,2021/5/12,RD-19810,二级,华东,江苏,办公用品,器具,Cuisinart,"Cuisinart 搅拌机, 白色",13.0,65.584
A1003673,2021/5/12,RD-19810,二级,华东,江苏,办公用品,系固件,Advantus,"Advantus 按钉, 金属",20.0,22.2
A1003673,2021/5/12,RD-19810,二级,华东,江苏,办公用品,美术,BIC,"BIC 记号笔, 混合尺寸",20.0,419.4
A1003673,2021/5/12,MH-18025,二级,华东,江苏,办公用品,美术,Sanford,"Sanford 荧光笔, 整包",8.0,88.92
A1003676,2021/5/12,SJ-20125,标准级,中南,湖南,办公用品,信封,Jiffy,"Jiffy 外皮和封条, 每套 50 个",29.0,9.912
A1003677,2021/5/12,SJ-20125,标准级,华东,山东,办公用品,系固件,Stockwell,"Stockwell 橡皮筋, 每包 12 个",38.0,318.43
A1003677,2021/5/12,SJ-20125,标准级,华东,山东,办公用品,装订机,Ibico,"Ibico 打孔机, 回收",28.0,5.8
A1003681,2021/5/12,SJ-20125,标准级,东北,黑龙江,办公用品,装订机,Ibico,"Ibico 孔加固材料, 实惠",7.0,115.76
A1003683,2021/5/12,FM-14380,标准级,华东,上海,技术,电话,三星,"三星 智能手机, 整包",9.0,148.48
A1003672,2021/5/12,KH-16360,标准级,中南,广东,技术,配件,SanDisk,"SanDisk 键区, 实惠",36.0,9.248
A1003677,2021/5/12,KH-16360,标准级,华东,山东,技术,设备,松下,"松下 电话, 红色",7.0,136.624
A1003674,2021/5/12,LL-16840,标准级,中南,广东,办公用品,标签,Harbour Creations,"Harbour Creations 运输标签, 红色",29.0,569.64
A1003674,2021/5/12,LL-16840,标准级,中南,广东,办公用品,纸张,SanDisk,"SanDisk 信纸, 回收",6.0,9.14
A1003674,2021/5/12,LL-16840,标准级,中南,广东,家具,书架,Sauder,"Sauder 搁架, 金属",30.0,396.86
A1003674,2021/5/12,LL-16840,标准级,中南,广东,家具,椅子,Harbour Creations,"Harbour Creations 扶手椅, 黑色",7.0,14.94
A1003680,2021/5/12,AR-10540,标准级,中南,河南,技术,复印机,夏普,"夏普 墨水, 数字化",40.0,14.56
A1003680,2021/5/12,AR-10540,标准级,中南,河南,技术,设备,松下,"松下 卡片打印机, 耐用",38.0,52.76
A1003675,2021/5/12,NP-18670,标准级,华东,山东,家具,椅子,Office Star,"Office Star 凳子, 每套两件",24.0,538.92
A1003682,2021/5/12,LP-17095,标准级,华东,上海,技术,电话,三星,"三星 充电器, 混合尺寸",7.0,14.88
A1003678,2021/5/12,LP-17095,标准级,东北,辽宁,技术,设备,柯尼卡,"柯尼卡 卡片打印机, 耐用",33.0,34.24
A1003687,2021/5/13,LP-17095,二级,华东,江苏,办公用品,收纳具,Smead,"Smead 文件车, 单宽度",8.0,261.74
A1003687,2021/5/13,AH-10690,二级,华东,江苏,办公用品,收纳具,Tenex,"Tenex 文件车, 蓝色",23.0,87.84
A1003687,2021/5/13,TB-21190,二级,华东,江苏,办公用品,系固件,Stockwell,"Stockwell 夹子, 整包",22.0,34.92
A1003691,2021/5/13,AA-10315,标准级,华东,山东,办公用品,标签,Hon,"Hon 合法证物标签, 耐用",7.0,14.94
A1003685,2021/5/13,AA-10315,标准级,华北,天津,办公用品,纸张,SanDisk,"SanDisk 信纸, 多色",8.0,14.56
A1003686,2021/5/13,AC-10615,标准级,中南,河南,办公用品,标签,Novimex,"Novimex 合法证物标签, 耐用",8.0,3.576
A1003691,2021/5/13,AC-10615,标准级,华东,山东,家具,椅子,Harbour Creations,"Harbour Creations 摇椅, 每套两件",12.0,147.184
A1003691,2021/5/13,EM-14140,标准级,华东,山东,家具,椅子,Novimex,"Novimex 沙滩椅, 每套两件",28.0,899.95
A1003684,2021/5/13,QJ-19255,二级,西南,云南,办公用品,系固件,Stockwell,"Stockwell 回形针, 每包 12 个",30.0,13.568
A1003689,2021/5/13,ME-17320,标准级,西北,陕西,办公用品,纸张,SanDisk,"SanDisk 羊皮纸, 多色",13.0,573.82
A1003690,2021/5/13,ME-17320,二级,华北,河北,家具,用具,Advantus,"Advantus 相框, 一包多件",25.0,609.98
A1003688,2021/5/13,ME-17320,标准级,华东,福建,技术,配件,Enermax,"Enermax 记忆卡, 实惠",7.0,5.48
A1003699,2021/5/14,ME-17320,一级,中南,湖南,办公用品,纸张,施乐,"施乐 备忘录便条, 回收",4.0,391.98
A1003698,2021/5/14,ME-17320,二级,中南,广东,办公用品,系固件,Stockwell,"Stockwell 橡皮筋, 每包 12 个",40.0,755.96
A1003692,2021/5/14,ME-17320,一级,华东,福建,办公用品,收纳具,Rogers,"Rogers 盒, 单宽度",16.0,31.12
A1003696,2021/5/14,ME-17320,一级,西南,重庆,办公用品,美术,Sanford,"Sanford 钢笔, 混合尺寸",31.0,6.54
A1003699,2021/5/14,LB-16795,一级,中南,湖南,家具,椅子,Novimex,"Novimex 折叠椅, 可调",4.0,12.78
A1003698,2021/5/14,JP-16135,二级,中南,广东,家具,椅子,Office Star,"Office Star 椅垫, 黑色",26.0,18.464
A1003698,2021/5/14,EB-13705,二级,中南,广东,技术,配件,Memorex,"Memorex 记忆卡, 可编程",23.0,445.802
A1003701,2021/5/14,CS-12400,标准级,西南,云南,办公用品,纸张,Eaton,"Eaton 计划信息表, 多色",6.0,2.48
A1003693,2021/5/14,CS-12400,标准级,华东,山东,办公用品,收纳具,Fellowes,"Fellowes 锁柜, 单宽度",11.0,25.9
A1003701,2021/5/14,PM-19135,标准级,西南,云南,技术,复印机,佳能,"佳能 墨水, 每套两件",7.0,29.9
A1003697,2021/5/14,PM-19135,标准级,西南,重庆,办公用品,收纳具,Fellowes,"Fellowes 盘, 蓝色",3.0,249.91
A1003694,2021/5/14,PM-19135,标准级,中南,河南,办公用品,美术,Sanford,"Sanford 铅笔刀, 蓝色",35.0,153.164
A1003695,2021/5/14,AA-10645,标准级,华北,河北,办公用品,收纳具,Rogers,"Rogers 文件夹, 单宽度",35.0,12.96
A1003694,2021/5/14,FA-14230,标准级,中南,河南,家具,书架,Bush,"Bush 搁架, 黑色",24.0,106.68
A1003695,2021/5/14,CM-12190,标准级,华北,河北,技术,电话,思科,"思科 耳机, 混合尺寸",4.0,119.94
A1003695,2021/5/14,CC-12475,标准级,华北,河北,技术,配件,罗技,"罗技 闪存驱动器, 可编程",18.0,10.272
A1003700,2021/5/14,CC-12475,标准级,华北,河北,技术,电话,三星,"三星 充电器, 蓝色",17.0,512.19
A1003710,2021/5/15,CC-12475,一级,华东,上海,办公用品,装订机,Avery,"Avery 孔加固材料, 回收",27.0,1.556
A1003705,2021/5/15,TC-21295,一级,东北,辽宁,家具,书架,Bush,"Bush 柜, 金属",8.0,4.448
A1003705,2021/5/15,TC-21295,一级,东北,辽宁,技术,复印机,惠普,"惠普 传真机, 红色",18.0,276.69
A1003705,2021/5/15,TC-21295,一级,东北,辽宁,技术,配件,Enermax,"Enermax 路由器, 耐用",6.0,4.96
A1003711,2021/5/15,TC-21295,二级,华东,福建,办公用品,用品,Fiskars,"Fiskars 尺子, 钢",7.0,71.92
A1003711,2021/5/15,TC-21295,二级,华东,福建,家具,椅子,Harbour Creations,"Harbour Creations 凳子, 每套两件",6.0,18.84
A1003709,2021/5/15,TC-21295,标准级,中南,湖南,办公用品,用品,Kleencut,"Kleencut 开信刀, 钢",8.0,140.97
A1003707,2021/5/15,TC-21295,标准级,华东,山东,办公用品,装订机,Wilson Jones,"Wilson Jones 孔加固材料, 实惠",17.0,9.24
A1003708,2021/5/15,TB-21400,标准级,中南,广东,办公用品,收纳具,Fellowes,"Fellowes 文件车, 蓝色",8.0,35.88
A1003704,2021/5/15,TB-21400,标准级,华北,天津,家具,书架,宜家,"宜家 柜, 白色",10.0,164.792
A1003709,2021/5/15,JK-15325,标准级,中南,湖南,技术,电话,诺基亚,"诺基亚 耳机, 蓝色",19.0,23.36
A1003707,2021/5/15,BW-11200,标准级,华东,山东,技术,配件,贝尔金,"贝尔金 鼠标, 回收",6.0,12.176
A1003704,2021/5/15,SH-20395,标准级,华北,天津,技术,电话,苹果,"苹果 耳机, 蓝色",10.0,46.384
A1003703,2021/5/15,SH-20395,标准级,华东,山东,办公用品,系固件,Stockwell,"Stockwell 回形针, 混合尺寸",9.0,362.92
A1003703,2021/5/15,JL-15835,标准级,华东,山东,家具,椅子,Safco,"SAFCO 椅垫, 红色",21.0,9.248
A1003702,2021/5/15,JL-15835,标准级,东北,黑龙江,办公用品,标签,Harbour Creations,"Harbour Creations 有色标签, 红色",26.0,9.24
A1003702,2021/5/15,JL-15835,标准级,东北,黑龙江,办公用品,标签,Hon,"Hon 可去除的标签, 可调",20.0,35.88
A1003702,2021/5/15,JL-15835,标准级,东北,黑龙江,办公用品,标签,Novimex,"Novimex 可去除的标签, 白色",32.0,396.92
A1003706,2021/5/15,JL-15835,标准级,华东,山东,办公用品,信封,Ames,"Ames 外皮和封条, 红色",13.0,239.456
A1003706,2021/5/15,JL-15835,标准级,华东,山东,办公用品,信封,GlobeWeis,"GlobeWeis 外皮和封条, 每套 50 个",19.0,13.12
A1003706,2021/5/15,JL-15835,标准级,华东,山东,办公用品,信封,GlobeWeis,"GlobeWeis 邮寄品, 每套 50 个",27.0,29.36
A1003702,2021/5/15,JL-15835,标准级,东北,黑龙江,家具,用具,Advantus,"Advantus 分层置放架, 黑色",20.0,214.9
A1003702,2021/5/15,JL-15835,标准级,东北,黑龙江,家具,用具,Advantus,"Advantus 门挡, 耐用",25.0,15.92
A1003702,2021/5/15,JL-15835,标准级,东北,黑龙江,家具,用具,Advantus,"Advantus 闹钟, 黑色",20.0,146.45
A1003702,2021/5/15,JL-15835,标准级,东北,黑龙江,家具,用具,Eldon,"Eldon 灯泡, 黑色",6.0,15.14
A1003702,2021/5/15,JL-15835,标准级,东北,黑龙江,技术,电话,三星,"三星 充电器, 整包",10.0,5.76
A1003712,2021/5/16,JL-15835,二级,中南,广东,办公用品,系固件,Advantus,"Advantus 订书钉, 整包",32.0,199.98
A1003714,2021/5/16,MD-17350,标准级,中南,湖南,办公用品,信封,Jiffy,"Jiffy 局间信封, 红色",2.0,8.952
A1003714,2021/5/16,MD-17350,标准级,中南,湖南,办公用品,纸张,Enermax,"Enermax 笔记本, 回收",21.0,8.856
A1003714,2021/5/16,MD-17350,标准级,中南,湖南,办公用品,装订机,Wilson Jones,"Wilson Jones 打孔机, 耐用",33.0,85.246
A1003712,2021/5/16,CL-12565,二级,中南,广东,技术,设备,爱普生,"爱普生 卡片打印机, 红色",7.0,21.728
A1003713,2021/5/16,CL-12565,标准级,华北,河北,办公用品,收纳具,Rogers,"Rogers 文件夹, 蓝色",20.0,187.04
A1003715,2021/5/16,RA-19885,标准级,西北,甘肃,办公用品,收纳具,Rogers,"Rogers 盘, 单宽度",2.0,71.88
A1003713,2021/5/16,RA-19885,标准级,华北,河北,技术,复印机,惠普,"惠普 墨水, 数字化",28.0,9.24
A1003719,2021/5/18,RA-19885,一级,东北,黑龙江,家具,椅子,Harbour Creations,"Harbour Creations 扶手椅, 每套两件",4.0,35.88
A1003721,2021/5/18,RA-19885,标准级,东北,辽宁,办公用品,纸张,SanDisk,"SanDisk 计划信息表, 优质",17.0,17.04
A1003722,2021/5/18,RA-19885,二级,华东,福建,办公用品,标签,Novimex,"Novimex 可去除的标签, 白色",12.0,31.176
A1003722,2021/5/18,LC-16885,二级,华东,福建,办公用品,装订机,Ibico,"Ibico 装订机, 回收",10.0,266.352
A1003723,2021/5/18,LC-16885,标准级,华东,福建,家具,椅子,Harbour Creations,"Harbour Creations 折叠椅, 黑色",21.0,83.136
A1003718,2021/5/18,SW-20245,二级,东北,黑龙江,办公用品,器具,Cuisinart,"Cuisinart 冰箱, 白色",4.0,196.784
A1003716,2021/5/18,SW-20245,标准级,东北,黑龙江,办公用品,信封,Cameo,"Cameo 局间信封, 每套 50 个",4.0,231.92
A1003720,2021/5/18,HG-14965,标准级,东北,黑龙江,办公用品,器具,Hoover,"Hoover 搅拌机, 银色",13.0,29.7
A1003716,2021/5/18,MV-17485,标准级,东北,黑龙江,办公用品,用品,Acme,"Acme 修剪器, 工业",12.0,13.592
A1003717,2021/5/18,GT-14710,标准级,东北,吉林,办公用品,信封,Kraft,"Kraft 邮寄品, 银色",8.0,70.88
A1003717,2021/5/18,BS-11380,标准级,东北,吉林,办公用品,标签,Hon,"Hon 合法证物标签, 白色",2.0,114.288
A1003717,2021/5/18,BS-11380,标准级,东北,吉林,办公用品,装订机,Avery,"Avery 打孔机, 透明",37.0,36.624
A1003717,2021/5/18,BS-11380,标准级,东北,吉林,办公用品,装订机,Wilson Jones,"Wilson Jones 装订机, 实惠",4.0,242.352
A1003716,2021/5/18,BS-11380,标准级,东北,黑龙江,家具,书架,宜家,"宜家 墙角架, 黑色",16.0,49.616
A1003717,2021/5/18,BS-11380,标准级,东北,吉林,家具,椅子,Safco,"SAFCO 沙滩椅, 红色",25.0,508.704
A1003716,2021/5/18,BS-11380,标准级,东北,黑龙江,技术,配件,Enermax,"Enermax 鼠标, 可编程",5.0,57.36
A1003728,2021/5/19,BS-11380,当日,东北,黑龙江,技术,配件,贝尔金,"贝尔金 记忆卡, 可编程",25.0,906.68
A1003734,2021/5/19,CM-12715,一级,华东,福建,家具,书架,Safco,"Safco 柜, 白色",33.0,115.0
A1003729,2021/5/19,CM-12715,二级,东北,黑龙江,办公用品,用品,Fiskars,"Fiskars 大剪刀, 蓝色",30.0,194.7
A1003729,2021/5/19,CM-12715,二级,东北,黑龙江,办公用品,用品,Kleencut,"Kleencut 美工刀, 钢",7.0,11.98
A1003726,2021/5/19,CM-12715,二级,中南,广东,办公用品,器具,KitchenAid,"KitchenAid 咖啡研磨机, 红色",15.0,0.898
A1003726,2021/5/19,EM-13825,二级,中南,广东,办公用品,收纳具,Smead,"Smead 搁板, 蓝色",40.0,21.204
A1003726,2021/5/19,KH-16330,二级,中南,广东,办公用品,装订机,Acco,"Acco 孔加固材料, 实惠",6.0,34.74
A1003726,2021/5/19,KH-16330,二级,中南,广东,技术,设备,柯尼卡,"柯尼卡 电话, 白色",37.0,833.94
A1003724,2021/5/19,KH-16330,标准级,中南,湖南,办公用品,美术,Stanley,"Stanley 钢笔, 金属",7.0,12.96
A1003725,2021/5/19,KH-16330,标准级,华东,上海,家具,书架,Safco,"Safco 书库, 白色",20.0,25.92
A1003724,2021/5/19,AF-10885,标准级,中南,湖南,技术,设备,松下,"松下 计算器, 多色",22.0,15.0
A1003727,2021/5/19,AF-10885,标准级,华北,河北,技术,设备,StarTech,"StarTech 喷墨打印机, 红色",7.0,194.7
A1003730,2021/5/19,JR-16210,标准级,西北,陕西,家具,桌子,Barricks,"Barricks 培训桌, 长方形",35.0,158.28
A1003732,2021/5/19,JR-16210,标准级,中南,河南,技术,复印机,夏普,"夏普 复印机, 红色",24.0,497.94
A1003733,2021/5/19,DL-12925,标准级,中南,湖南,技术,复印机,Hewlett,"Hewlett 无线传真机, 每套两件",16.0,533.94
A1003731,2021/5/19,DL-12925,标准级,西北,宁夏,办公用品,收纳具,Fellowes,"Fellowes 文件夹, 单宽度",4.0,167.94
A1003740,2021/5/20,DL-12925,一级,中南,河南,技术,配件,Memorex,"Memorex 键盘, 可编程",23.0,31.68
A1003743,2021/5/20,BD-11605,二级,中南,广西,办公用品,美术,Sanford,"Sanford 速写本, 金属",12.0,15.0
A1003743,2021/5/20,RB-19570,二级,中南,广西,办公用品,装订机,Acco,"Acco 装订机盖, 耐用",32.0,194.7
A1003743,2021/5/20,RB-19795,二级,中南,广西,办公用品,装订机,Avery,"Avery 装订机, 耐用",40.0,63.824
A1003743,2021/5/20,TB-21250,二级,中南,广西,技术,复印机,夏普,"夏普 传真复印机, 每套两件",27.0,435.168
A1003736,2021/5/20,TB-21250,标准级,华北,河北,办公用品,收纳具,Tenex,"Tenex 文件夹, 金属",29.0,48.58
A1003736,2021/5/20,KN-16390,标准级,华北,河北,技术,配件,Enermax,"Enermax 键盘, 回收",11.0,47.976
A1003738,2021/5/20,KN-16390,标准级,中南,广东,办公用品,美术,Binney & Smith,"Binney & Smith 记号笔, 蓝色",8.0,20.736
A1003742,2021/5/20,RL-19615,标准级,华北,北京,家具,书架,宜家,"宜家 搁架, 传统",10.0,26.46
A1003742,2021/5/20,RL-19615,标准级,华北,北京,技术,电话,苹果,"苹果 耳机, 混合尺寸",28.0,49.12
A1003739,2021/5/20,RL-19615,标准级,华东,上海,技术,电话,诺基亚,"诺基亚 办公室电话机, 整包",13.0,15.0
A1003735,2021/5/20,FH-14275,标准级,华东,山东,技术,配件,Memorex,"Memorex 键盘, 实惠",25.0,194.7
A1003741,2021/5/20,FH-14275,标准级,华东,浙江,家具,椅子,Office Star,"Office Star 折叠椅, 每套两件",28.0,591.32
A1003741,2021/5/20,FH-14275,标准级,华东,浙江,技术,复印机,佳能,"佳能 个人复印机, 每套两件",23.0,2.84
A1003737,2021/5/20,YS-21880,标准级,东北,辽宁,办公用品,用品,Acme,"Acme 开信刀, 蓝色",3.0,221.96
A1003737,2021/5/20,YS-21880,标准级,东北,辽宁,办公用品,系固件,OIC,"OIC 橡皮筋, 整包",35.0,236.0
A1003737,2021/5/20,SW-20755,标准级,东北,辽宁,办公用品,系固件,OIC,"OIC 橡皮筋, 每包 12 个",8.0,41.94
A1003737,2021/5/20,SW-20755,标准级,东北,辽宁,家具,书架,Dania,"Dania 书库, 白色",6.0,52.792
A1003737,2021/5/20,PN-18775,标准级,东北,辽宁,技术,电话,思科,"思科 耳机, 混合尺寸",16.0,363.94
A1003745,2021/5/21,AT-10735,二级,中南,广西,办公用品,收纳具,Tenex,"Tenex 文件夹, 工业",40.0,65.12
A1003745,2021/5/21,AT-10735,二级,中南,广西,家具,书架,Safco,"Safco 古典书架, 白色",7.0,17.94
A1003746,2021/5/21,EJ-13720,二级,华东,江西,办公用品,信封,Ames,"Ames 局间信封, 银色",14.0,22.856
A1003746,2021/5/21,DM-13345,二级,华东,江西,办公用品,用品,Stiletto,"Stiletto 大剪刀, 钢",25.0,27.764
A1003746,2021/5/21,KH-16690,二级,华东,江西,办公用品,系固件,OIC,"OIC 夹子, 整包",9.0,499.93
A1003746,2021/5/21,KH-16690,二级,华东,江西,办公用品,美术,Sanford,"Sanford 荧光笔, 蓝色",35.0,14.4
A1003746,2021/5/21,KH-16690,二级,华东,江西,家具,椅子,Novimex,"Novimex 折叠椅, 每套两件",18.0,122.97
A1003750,2021/5/21,KH-16690,标准级,华东,江苏,办公用品,信封,GlobeWeis,"GlobeWeis 商业信封, 每套 50 个",26.0,9.32
A1003750,2021/5/21,KH-16690,标准级,华东,江苏,办公用品,器具,Hamilton Beach,"Hamilton Beach 烤面包机, 红色",18.0,122.94
A1003750,2021/5/21,MB-18085,标准级,华东,江苏,办公用品,纸张,Enermax,"Enermax 计划信息表, 回收",12.0,17.31
A1003749,2021/5/21,DK-12895,标准级,中南,广东,办公用品,器具,Hamilton Beach,"Hamilton Beach 冰箱, 黑色",30.0,128.744
A1003749,2021/5/21,DB-13210,标准级,中南,广东,办公用品,用品,Acme,"Acme 尺子, 蓝色",7.0,58.248
A1003749,2021/5/21,DB-13210,标准级,中南,广东,办公用品,用品,Acme,"Acme 美工刀, 蓝色",14.0,71.246
A1003749,2021/5/21,DB-13210,标准级,中南,广东,办公用品,美术,BIC,"BIC 画布, 金属",8.0,7.872
A1003749,2021/5/21,DB-13210,标准级,中南,广东,办公用品,装订机,Ibico,"Ibico 订书机, 回收",30.0,87.271
A1003744,2021/5/21,CV-12295,二级,华北,内蒙古,家具,用具,Eldon,"Eldon 门挡, 黑色",8.0,146.86
A1003751,2021/5/21,CV-12295,标准级,东北,辽宁,家具,用具,Eldon,"Eldon 分层置放架, 耐用",18.0,36.56
A1003750,2021/5/21,GK-14620,标准级,华东,江苏,技术,电话,三星,"三星 智能手机, 混合尺寸",35.0,225.576
A1003748,2021/5/21,JA-15970,标准级,华北,内蒙古,办公用品,美术,Boston,"Boston 速写本, 整包",2.0,5.248
A1003748,2021/5/21,JA-15970,标准级,华北,内蒙古,办公用品,装订机,Acco,"Acco 订书机, 耐用",12.0,38.256
A1003747,2021/5/21,JA-15970,标准级,中南,广东,家具,椅子,Novimex,"Novimex 扶手椅, 可调",37.0,40.24
A1003747,2021/5/21,JA-15970,标准级,中南,广东,家具,椅子,Safco,"SAFCO 扶手椅, 每套两件",16.0,29.925
A1003754,2021/5/22,JA-15970,当日,西南,重庆,家具,书架,宜家,"宜家 墙角架, 金属",10.0,148.704
A1003754,2021/5/22,JA-15970,当日,西南,重庆,家具,用具,Advantus,"Advantus 灯泡, 一包多件",22.0,55.92
A1003754,2021/5/22,TH-21115,当日,西南,重庆,技术,配件,Enermax,"Enermax 闪存驱动器, 实惠",32.0,12.96
A1003753,2021/5/22,BS-11665,当日,华北,河北,技术,配件,SanDisk,"SanDisk 记忆卡, 回收",8.0,25.176
A1003758,2021/5/22,BS-11665,标准级,华东,安徽,办公用品,纸张,施乐,"施乐 信纸, 多色",16.0,5.584
A1003757,2021/5/22,BS-11665,标准级,东北,黑龙江,家具,用具,Rubbermaid,"Rubvermaid 闹钟, 黑色",4.0,297.368
A1003756,2021/5/22,NS-18505,标准级,华东,山东,家具,书架,Sauder,"Sauder 古典书架, 传统",15.0,264.32
A1003758,2021/5/22,MK-18160,标准级,华东,安徽,技术,电话,诺基亚,"诺基亚 充电器, 混合尺寸",33.0,25.92
A1003752,2021/5/22,MK-18160,二级,东北,辽宁,技术,复印机,Hewlett,"Hewlett 复印机, 数字化",36.0,22.96
A1003752,2021/5/22,SA-20830,二级,东北,辽宁,技术,配件,Enermax,"Enermax 鼠标, 回收",32.0,19.44
A1003755,2021/5/22,BH-11710,标准级,华北,河北,技术,配件,SanDisk,"SanDisk 记忆卡, 实惠",18.0,9.54
A1003760,2021/5/23,BH-11710,一级,华东,浙江,办公用品,标签,Hon,"Hon 圆形标签, 白色",12.0,5.81
A1003762,2021/5/23,BH-11710,标准级,中南,广东,办公用品,纸张,Green Bar,"Green Bar 备忘录便条, 优质",4.0,5.76
A1003762,2021/5/23,SC-20380,标准级,中南,广东,办公用品,纸张,施乐,"施乐 笔记本, 多色",12.0,14.91
A1003761,2021/5/23,RF-19345,二级,中南,河南,办公用品,装订机,Cardinal,"Cardinal 装订机盖, 耐用",34.0,6.642
A1003759,2021/5/23,CM-12235,标准级,中南,广东,办公用品,系固件,OIC,"OIC 图钉, 金属",7.0,18.54
A1003759,2021/5/23,CM-12235,标准级,中南,广东,办公用品,纸张,Green Bar,"Green Bar 令, 优质",24.0,679.96
A1003759,2021/5/23,JM-15655,标准级,中南,广东,家具,椅子,Novimex,"Novimex 椅垫, 红色",12.0,189.576
A1003769,2021/5/25,JM-15655,一级,西南,四川,办公用品,器具,KitchenAid,"KitchenAid 烤面包机, 红色",10.0,71.96
A1003769,2021/5/25,RB-19435,一级,西南,四川,办公用品,用品,Fiskars,"Fiskars 尺子, 钢",40.0,539.92
A1003769,2021/5/25,RB-19435,一级,西南,四川,技术,复印机,惠普,"惠普 墨水, 数字化",15.0,25.344
A1003764,2021/5/25,RB-19435,二级,华北,河北,办公用品,器具,KitchenAid,"KitchenAid 炉灶, 黑色",34.0,7.44
A1003768,2021/5/25,SS-20515,二级,华东,福建,办公用品,美术,Binney & Smith,"Binney & Smith 铅笔刀, 蓝色",31.0,39.48
A1003763,2021/5/25,NM-18445,标准级,东北,吉林,办公用品,器具,Hoover,"Hoover 微波炉, 银色",22.0,850.5
A1003768,2021/5/25,NM-18445,二级,华东,福建,技术,电话,摩托罗拉,"摩托罗拉 信号增强器, 混合尺寸",35.0,75.33
A1003767,2021/5/25,EM-14095,二级,华北,内蒙古,办公用品,纸张,Enermax,"Enermax 笔记本, 多色",34.0,325.632
A1003765,2021/5/25,EM-14095,标准级,中南,湖北,办公用品,纸张,SanDisk,"SanDisk 令, 多色",32.0,23.344
A1003766,2021/5/25,EM-14095,标准级,华北,天津,办公用品,信封,Ames,"Ames 局间信封, 红色",16.0,16.52
A1003765,2021/5/25,MP-17470,标准级,中南,湖北,家具,书架,Bush,"Bush 古典书架, 金属",7.0,335.72
A1003776,2021/5/26,MP-17470,当日,华北,河北,办公用品,标签,Harbour Creations,"Harbour Creations 有色标签, 耐用",31.0,251.944
A1003776,2021/5/26,MP-17470,当日,华北,河北,家具,书架,Safco,"Safco 书架, 金属",10.0,127.302
A1003775,2021/5/26,KH-16360,当日,中南,广东,技术,电话,诺基亚,"诺基亚 充电器, 混合尺寸",9.0,207.84
A1003776,2021/5/26,KH-16360,当日,华北,河北,技术,电话,摩托罗拉,"摩托罗拉 音频基座, 混合尺寸",38.0,12.53
A1003771,2021/5/26,KH-16360,二级,华东,山东,办公用品,纸张,Eaton,"Eaton 羊皮纸, 回收",9.0,34.58
A1003771,2021/5/26,KH-16360,二级,华东,山东,办公用品,纸张,Green Bar,"Green Bar 计划信息表, 优质",8.0,30.98
A1003774,2021/5/26,KH-16360,二级,中南,广东,家具,椅子,Office Star,"Office Star 凳子, 红色",10.0,258.75
A1003774,2021/5/26,DB-13555,二级,中南,广东,技术,复印机,Hewlett,"Hewlett 传真复印机, 数字化",38.0,59.52
A1003774,2021/5/26,DB-13555,二级,中南,广东,技术,配件,SanDisk,"SanDisk 闪存驱动器, 耐用",29.0,57.96
A1003778,2021/5/26,DB-13555,一级,中南,湖北,技术,电话,诺基亚,"诺基亚 充电器, 整包",12.0,441.96
A1003777,2021/5/26,DB-13555,标准级,华东,山东,办公用品,装订机,Cardinal,"Cardinal 打孔机, 回收",18.0,68.04
A1003770,2021/5/26,LB-16795,标准级,中南,广西,办公用品,收纳具,Fellowes,"Fellowes 盘, 蓝色",38.0,703.71
A1003772,2021/5/26,LB-16795,标准级,华北,河北,办公用品,用品,Stiletto,"Stiletto 开信刀, 工业",8.0,17.904
A1003773,2021/5/26,LB-16795,标准级,东北,吉林,办公用品,器具,Hamilton Beach,"Hamilton Beach 搅拌机, 红色",29.0,11.976
A1003773,2021/5/26,LB-16795,标准级,东北,吉林,办公用品,纸张,施乐,"施乐 令, 多色",19.0,67.96
A1003772,2021/5/26,CA-11965,标准级,华北,河北,家具,椅子,Hon,"Hon 沙滩椅, 可调",38.0,892.224
A1003773,2021/5/26,DL-12925,标准级,东北,吉林,技术,电话,三星,"三星 耳机, 蓝色",29.0,299.99
A1003773,2021/5/26,FC-14335,标准级,东北,吉林,技术,电话,思科,"思科 耳机, 全尺寸",22.0,4.544
A1003773,2021/5/26,FC-14335,标准级,东北,吉林,技术,设备,冲电器,"冲电器 卡片打印机, 白色",32.0,352.032
A1003779,2021/5/27,DB-13120,二级,华东,上海,办公用品,用品,Elite,"Elite 大剪刀, 蓝色",27.0,548.99
A1003780,2021/5/27,DB-13120,标准级,华北,山西,家具,书架,Dania,"Dania 古典书架, 白色",23.0,19.872
A1003780,2021/5/27,CK-12205,标准级,华北,山西,技术,配件,Enermax,"Enermax 路由器, 可编程",8.0,119.448
A1003783,2021/5/27,CK-12205,标准级,东北,辽宁,办公用品,器具,Cuisinart,"Cuisinart 冰箱, 白色",34.0,118.16
A1003783,2021/5/27,FW-14395,标准级,东北,辽宁,办公用品,器具,KitchenAid,"KitchenAid 微波炉, 银色",33.0,19.56
A1003783,2021/5/27,JM-15865,标准级,东北,辽宁,办公用品,系固件,OIC,"OIC 订书钉, 每包 12 个",12.0,80.96
A1003783,2021/5/27,JM-15865,标准级,东北,辽宁,家具,椅子,Office Star,"Office Star 折叠椅, 可调",3.0,25.92
A1003784,2021/5/27,PS-18970,标准级,华东,安徽,技术,电话,诺基亚,"诺基亚 充电器, 整包",15.0,106.96
A1003782,2021/5/27,PS-18970,标准级,东北,辽宁,技术,复印机,佳能,"佳能 传真机, 数字化",27.0,187.76
A1003781,2021/5/27,TC-21475,标准级,东北,黑龙江,技术,复印机,Brother,"Brother 墨水, 数字化",3.0,76.776
A1003790,2021/5/28,CV-12805,二级,华东,江苏,办公用品,系固件,OIC,"OIC 图钉, 金属",13.0,53.9
A1003788,2021/5/28,VS-21820,二级,华北,北京,办公用品,收纳具,Tenex,"Tenex 盒, 单宽度",23.0,76.728
A1003788,2021/5/28,VS-21820,二级,华北,北京,办公用品,用品,Fiskars,"Fiskars 剪刀, 蓝色",33.0,10.43
A1003789,2021/5/28,SC-20575,一级,华东,上海,家具,书架,Dania,"Dania 墙角架, 黑色",11.0,99.2
A1003789,2021/5/28,SG-20605,一级,华东,上海,家具,椅子,Office Star,"Office Star 折叠椅, 可调",15.0,15.92
A1003790,2021/5/28,NB-18580,二级,华东,江苏,技术,电话,思科,"思科 耳机, 蓝色",18.0,129.92
A1003789,2021/5/28,DR-12940,一级,华东,上海,技术,设备,柯尼卡,"柯尼卡 计算器, 多色",17.0,30.4
A1003786,2021/5/28,DR-12940,二级,华东,安徽,办公用品,标签,Novimex,"Novimex 可去除的标签, 可调",5.0,299.91
A1003786,2021/5/28,DR-12940,二级,华东,安徽,办公用品,装订机,Wilson Jones,"Wilson Jones 打孔机, 回收",19.0,119.1
A1003791,2021/5/28,MA-17560,标准级,东北,黑龙江,办公用品,收纳具,Rogers,"Rogers 文件夹, 工业",19.0,40.08
A1003787,2021/5/28,MA-17560,二级,中南,广东,家具,书架,Dania,"Dania 搁架, 传统",11.0,59.94
A1003793,2021/5/28,MA-17560,二级,东北,吉林,办公用品,标签,Harbour Creations,"Harbour Creations 有色标签, 可调",12.0,259.98
A1003785,2021/5/28,MA-17560,标准级,华东,山东,办公用品,收纳具,Eldon,"Eldon 盘, 蓝色",26.0,170.98
A1003792,2021/5/28,MA-17560,标准级,西南,四川,办公用品,器具,Breville,"Breville 烤面包机, 白色",11.0,38.97
A1003785,2021/5/28,MA-17560,标准级,华东,山东,家具,椅子,Safco,"SAFCO 折叠椅, 红色",11.0,154.9
A1003785,2021/5/28,MA-17560,标准级,华东,山东,技术,配件,SanDisk,"SanDisk 记忆卡, 实惠",31.0,46.068
A1003785,2021/5/28,TS-21655,标准级,华东,山东,技术,配件,罗技,"罗技 路由器, 耐用",19.0,152.94
A1003794,2021/5/28,JG-15115,标准级,中南,湖北,办公用品,标签,Harbour Creations,"Harbour Creations 可去除的标签, 可调",8.0,23.472
A1003794,2021/5/28,KM-16375,标准级,中南,湖北,办公用品,系固件,OIC,"OIC 订书钉, 整包",14.0,195.64
A1003794,2021/5/28,KM-16375,标准级,中南,湖北,办公用品,美术,BIC,"BIC 钢笔, 蓝色",6.0,14.94
A1003794,2021/5/28,KM-16375,标准级,中南,湖北,家具,椅子,Office Star,"Office Star 凳子, 可调",11.0,1687.8
A1003797,2021/5/29,KM-16375,一级,中南,广东,办公用品,用品,Elite,"Elite 修剪器, 蓝色",9.0,341.96
A1003797,2021/5/29,KM-16375,一级,中南,广东,办公用品,用品,Kleencut,"Kleencut 大剪刀, 钢",24.0,605.88
A1003795,2021/5/29,SD-20485,二级,华东,山东,家具,用具,Rubbermaid,"Rubvermaid 框架, 一包多件",35.0,186.732
A1003795,2021/5/29,SD-20485,二级,华东,山东,家具,用具,Rubbermaid,"Rubvermaid 相框, 黑色",28.0,812.97
A1003801,2021/5/29,TT-21070,标准级,中南,广东,办公用品,美术,Sanford,"Sanford 画布, 整包",30.0,26.424
A1003800,2021/5/29,TT-21070,标准级,中南,湖南,办公用品,装订机,Acco,"Acco 孔加固材料, 回收",31.0,25.99
A1003799,2021/5/29,BB-11545,标准级,华北,北京,办公用品,器具,Hoover,"Hoover 微波炉, 白色",17.0,468.61
A1003796,2021/5/29,BB-11545,标准级,华北,天津,办公用品,器具,Breville,"Breville 微波炉, 银色",23.0,17.3
A1003799,2021/5/29,BB-11545,标准级,华北,北京,办公用品,标签,Avery,"Avery 合法证物标签, 红色",22.0,160.0
A1003799,2021/5/29,RS-19420,标准级,华北,北京,办公用品,用品,Fiskars,"Fiskars 开信刀, 蓝色",12.0,179.94
A1003799,2021/5/29,RS-19420,标准级,华北,北京,办公用品,用品,Stiletto,"Stiletto 剪刀, 锯齿状",11.0,872.94
A1003799,2021/5/29,RS-19420,标准级,华北,北京,办公用品,装订机,Cardinal,"Cardinal 标签, 实惠",38.0,12.96
A1003800,2021/5/29,AI-10855,标准级,中南,湖南,家具,椅子,Novimex,"Novimex 摇椅, 可调",31.0,88.8
A1003798,2021/5/29,AI-10855,标准级,东北,辽宁,办公用品,用品,Acme,"Acme 修剪器, 工业",12.0,319.968
A1003798,2021/5/29,MC-17275,标准级,东北,辽宁,家具,椅子,Hon,"Hon 扶手椅, 可调",22.0,167.888
A1003802,2021/5/30,AH-10120,一级,华北,天津,办公用品,标签,Novimex,"Novimex 圆形标签, 红色",21.0,163.96
A1003802,2021/5/30,AH-10120,一级,华北,天津,办公用品,系固件,Stockwell,"Stockwell 夹子, 混合尺寸",12.0,5.232
A1003802,2021/5/30,BF-11170,一级,华北,天津,办公用品,装订机,Ibico,"Ibico 订书机, 透明",7.0,299.98
A1003803,2021/5/30,BF-11170,一级,华东,上海,办公用品,装订机,Avery,"Avery 装订机盖, 实惠",32.0,73.85
A1003803,2021/5/30,BF-11170,一级,华东,上海,家具,书架,Safco,"Safco 书架, 白色",4.0,25.71
A1003804,2021/5/30,BF-11170,标准级,东北,吉林,办公用品,系固件,OIC,"OIC 回形针, 金属",24.0,17.28
A1003804,2021/5/30,BF-11170,标准级,东北,吉林,家具,用具,Deflect-O,"Deflect-O 灯泡, 黑色",15.0,526.582
A1003805,2021/5/31,AA-10480,标准级,华东,福建,家具,用具,Advantus,"Advantus 门挡, 黑色",9.0,11.56
A1003810,2021/6/1,AA-10480,一级,中南,广西,家具,书架,Sauder,"Sauder 古典书架, 黑色",10.0,209.97
A1003806,2021/6/1,AA-10480,一级,中南,湖北,技术,复印机,惠普,"惠普 墨水, 数字化",19.0,47.84
A1003809,2021/6/1,AA-10480,一级,华北,北京,技术,设备,冲电器,"冲电器 卡片打印机, 白色",27.0,79.97
A1003810,2021/6/1,AA-10480,一级,中南,广西,技术,配件,SanDisk,"SanDisk 键区, 耐用",37.0,8.64
A1003808,2021/6/1,SV-20815,标准级,华北,河北,办公用品,信封,Kraft,"Kraft 局间信封, 回收",20.0,11.68
A1003808,2021/6/1,EH-14185,标准级,华北,河北,家具,椅子,Office Star,"Office Star 椅垫, 红色",24.0,40.776
A1003808,2021/6/1,EH-14185,标准级,华北,河北,技术,电话,苹果,"苹果 信号增强器, 整包",36.0,13.698
A1003807,2021/6/1,JL-15850,标准级,中南,广东,技术,复印机,惠普,"惠普 墨水, 红色",15.0,87.8
A1003813,2021/6/2,JM-15250,标准级,中南,广东,办公用品,收纳具,Fellowes,"Fellowes 锁柜, 工业",7.0,77.952
A1003814,2021/6/2,JM-15250,标准级,东北,黑龙江,办公用品,信封,GlobeWeis,"GlobeWeis 局间信封, 回收",17.0,147.184
A1003814,2021/6/2,JM-15250,标准级,东北,黑龙江,办公用品,系固件,Stockwell,"Stockwell 图钉, 混合尺寸",11.0,47.952
A1003814,2021/6/2,JB-15925,标准级,东北,黑龙江,办公用品,美术,Stanley,"Stanley 记号笔, 金属",40.0,250.26
A1003815,2021/6/2,PB-19105,二级,西北,青海,办公用品,收纳具,Fellowes,"Fellowes 锁柜, 金属",40.0,40.776
A1003812,2021/6/2,SP-20620,标准级,华东,浙江,办公用品,纸张,SanDisk,"SanDisk 令, 优质",25.0,29.6
A1003815,2021/6/2,SP-20620,二级,西北,青海,家具,椅子,Office Star,"Office Star 摇椅, 红色",16.0,1.938
A1003812,2021/6/2,MC-17605,标准级,华东,浙江,家具,椅子,Harbour Creations,"Harbour Creations 椅垫, 可调",30.0,159.96
A1003812,2021/6/2,BG-11695,标准级,华东,浙江,家具,用具,Advantus,"Advantus 闹钟, 耐用",32.0,59.52
A1003814,2021/6/2,BG-11695,标准级,东北,黑龙江,技术,电话,摩托罗拉,"摩托罗拉 音频基座, 全尺寸",40.0,17.48
A1003815,2021/6/2,BG-11695,二级,西北,青海,技术,设备,爱普生,"爱普生 打印机, 多色",3.0,13.168
A1003811,2021/6/2,JO-15550,二级,华东,福建,办公用品,纸张,Enermax,"Enermax 羊皮纸, 多色",12.0,40.74
A1003824,2021/6/3,AR-10345,当日,中南,广东,办公用品,装订机,Acco,"Acco 装订机, 回收",20.0,179.886
A1003826,2021/6/3,TS-21505,当日,东北,黑龙江,办公用品,标签,Smead,"Smead 运输标签, 红色",6.0,286.256
A1003822,2021/6/3,TS-21505,当日,西南,贵州,办公用品,美术,Stanley,"Stanley 铅笔刀, 整包",11.0,24.224
A1003824,2021/6/3,TS-21505,当日,中南,广东,家具,桌子,Hon,"Hon 会议桌, 白色",38.0,331.536
A1003824,2021/6/3,JK-15640,当日,中南,广东,技术,配件,SanDisk,"SanDisk 记忆卡, 可编程",31.0,17.52
A1003823,2021/6/3,GA-14515,二级,中南,河南,办公用品,信封,Kraft,"Kraft 商业信封, 红色",30.0,17.856
A1003821,2021/6/3,TN-21040,一级,华东,安徽,办公用品,纸张,SanDisk,"SanDisk 备忘录便条, 多色",13.0,41.976
A1003820,2021/6/3,TW-21025,一级,华东,福建,办公用品,收纳具,Fellowes,"Fellowes 锁柜, 工业",36.0,291.136
A1003817,2021/6/3,PA-19060,二级,华东,上海,家具,用具,Eldon,"Eldon 分层置放架, 一包多件",27.0,114.848
A1003823,2021/6/3,JD-15790,二级,中南,河南,家具,椅子,Office Star,"Office Star 摇椅, 黑色",5.0,10.688
A1003823,2021/6/3,MN-17935,二级,中南,河南,家具,用具,Eldon,"Eldon 框架, 优质",12.0,15.232
A1003825,2021/6/3,GM-14500,标准级,中南,广东,办公用品,装订机,Avery,"Avery 标签, 耐用",18.0,12.42
A1003816,2021/6/3,DG-13300,标准级,华北,天津,办公用品,装订机,Wilson Jones,"Wilson Jones 订书机, 耐用",4.0,19.44
A1003818,2021/6/3,JG-15160,标准级,华东,江苏,家具,用具,Deflect-O,"Deflect-O 框架, 一包多件",12.0,70.368
A1003819,2021/6/3,AG-10330,标准级,华东,上海,办公用品,标签,Hon,"Hon 可去除的标签, 白色",6.0,12.672
A1003819,2021/6/3,JF-15355,标准级,华东,上海,家具,用具,Advantus,"Advantus 分层置放架, 耐用",12.0,89.95
A1003827,2021/6/4,SC-20680,二级,华东,福建,家具,书架,Safco,"Safco 柜, 黑色",20.0,6.58
A1003827,2021/6/4,SC-20680,二级,华东,福建,技术,配件,Enermax,"Enermax 鼠标, 可编程",27.0,94.99
A1003831,2021/6/4,CM-11935,一级,华东,福建,办公用品,装订机,Acco,"Acco 孔加固材料, 透明",20.0,35.12
A1003829,2021/6/4,KT-16480,二级,华北,天津,办公用品,系固件,Accos,"Accos 夹子, 整包",5.0,25.92
A1003831,2021/6/4,CP-12340,一级,华东,福建,家具,书架,Dania,"Dania 书架, 白色",28.0,7.96
A1003831,2021/6/4,CP-12340,一级,华东,福建,家具,书架,Safco,"Safco 柜, 传统",36.0,566.97
A1003831,2021/6/4,CP-12340,一级,华东,福建,技术,电话,三星,"三星 耳机, 混合尺寸",20.0,9.84
A1003828,2021/6/4,EK-13795,标准级,华东,浙江,办公用品,信封,Jiffy,"Jiffy 商业信封, 红色",37.0,25.488
A1003828,2021/6/4,CW-11905,标准级,华东,浙江,办公用品,美术,Binney & Smith,"Binney & Smith 钢笔, 金属",31.0,7.56
A1003832,2021/6/4,KH-16510,标准级,华北,山西,办公用品,收纳具,Smead,"Smead 锁柜, 金属",28.0,60.84
A1003830,2021/6/4,KH-16510,标准级,华东,江西,办公用品,信封,Cameo,"Cameo 外皮和封条, 回收",8.0,450.04
A1003830,2021/6/4,KH-16510,标准级,华东,江西,办公用品,纸张,Eaton,"Eaton 计划信息表, 回收",10.0,34.6
A1003830,2021/6/4,KH-16510,标准级,华东,江西,技术,复印机,Hewlett,"Hewlett 墨水, 每套两件",14.0,33.02
A1003835,2021/6/5,AB-10600,当日,华东,山东,办公用品,器具,Hamilton Beach,"Hamilton Beach 烤面包机, 黑色",4.0,17.088
A1003835,2021/6/5,AH-10075,当日,华东,山东,办公用品,收纳具,Smead,"Smead 文件车, 单宽度",8.0,3.008
A1003839,2021/6/5,CK-12595,一级,华东,江西,办公用品,装订机,Acco,"Acco 装订机, 耐用",36.0,268.24
A1003836,2021/6/5,CK-12595,一级,中南,河南,家具,椅子,Hon,"Hon 沙滩椅, 可调",28.0,431.16
A1003838,2021/6/5,SP-20620,标准级,中南,河南,家具,椅子,Safco,"SAFCO 凳子, 黑色",4.0,43.6
A1003840,2021/6/5,SP-20620,标准级,东北,黑龙江,办公用品,收纳具,Smead,"Smead 盒, 单宽度",35.0,154.95
A1003837,2021/6/5,JP-15460,标准级,华东,安徽,办公用品,美术,Binney & Smith,"Binney & Smith 画布, 金属",28.0,15.552
A1003833,2021/6/5,BG-11035,标准级,华东,安徽,办公用品,装订机,Ibico,"Ibico 孔加固材料, 回收",8.0,42.208
A1003833,2021/6/5,CC-12550,标准级,华东,安徽,家具,书架,Bush,"Bush 书架, 黑色",6.0,10.368
A1003833,2021/6/5,SL-20155,标准级,华东,安徽,家具,桌子,Chromcraft,"Chromcraft 培训桌, 长方形",19.0,2.224
A1003834,2021/6/5,FO-14305,标准级,华东,山东,技术,复印机,惠普,"惠普 传真复印机, 红色",23.0,74.52
A1003841,2021/6/6,BB-11545,一级,东北,辽宁,家具,椅子,Office Star,"Office Star 折叠椅, 红色",7.0,17.52
A1003841,2021/6/6,BB-11545,一级,东北,辽宁,家具,用具,Rubbermaid,"Rubvermaid 分层置放架, 一包多件",25.0,1779.9
A1003842,2021/6/7,BB-11545,二级,东北,黑龙江,技术,电话,思科,"思科 耳机, 混合尺寸",9.0,219.9
A1003844,2021/6/8,DO-13435,一级,东北,辽宁,家具,椅子,Safco,"SAFCO 扶手椅, 黑色",37.0,7.152
A1003844,2021/6/8,LB-16735,一级,东北,辽宁,家具,用具,Deflect-O,"Deflect-O 框架, 一包多件",2.0,26.72
A1003844,2021/6/8,TS-21205,一级,东北,辽宁,技术,设备,松下,"松下 电话, 多色",18.0,839.728
A1003850,2021/6/8,TS-21205,二级,西北,陕西,办公用品,装订机,Ibico,"Ibico 标签, 透明",20.0,45.96
A1003843,2021/6/8,CS-12505,二级,西南,四川,办公用品,美术,BIC,"BIC 铅笔刀, 混合尺寸",34.0,456.588
A1003843,2021/6/8,CS-12505,二级,西南,四川,家具,椅子,Hon,"Hon 凳子, 黑色",37.0,499.985
A1003850,2021/6/8,CS-12505,二级,西北,陕西,技术,复印机,Brother,"Brother 墨水, 数字化",23.0,59.976
A1003846,2021/6/8,SP-20920,二级,东北,黑龙江,办公用品,系固件,Stockwell,"Stockwell 订书钉, 每包 12 个",13.0,6.12
A1003845,2021/6/8,CD-12790,一级,华东,山东,办公用品,器具,Hamilton Beach,"Hamilton Beach 咖啡研磨机, 白色",12.0,10.98
A1003845,2021/6/8,CD-12790,一级,华东,山东,办公用品,美术,Binney & Smith,"Binney & Smith 铅笔刀, 蓝色",20.0,7.86
A1003846,2021/6/8,CD-12790,二级,东北,黑龙江,技术,复印机,惠普,"惠普 无线传真机, 数字化",37.0,51.45
A1003849,2021/6/8,CD-12790,标准级,中南,广东,办公用品,信封,Ames,"Ames 外皮和封条, 每套 50 个",18.0,37.056
A1003853,2021/6/8,RF-19840,标准级,中南,广东,办公用品,信封,Cameo,"Cameo 局间信封, 红色",22.0,203.92
A1003852,2021/6/8,RF-19840,二级,东北,吉林,办公用品,系固件,Stockwell,"Stockwell 图钉, 混合尺寸",33.0,29.56
A1003852,2021/6/8,FO-14305,二级,东北,吉林,办公用品,系固件,Stockwell,"Stockwell 订书钉, 金属",10.0,8.568
A1003848,2021/6/8,ER-13855,标准级,东北,辽宁,家具,用具,Deflect-O,"Deflect-O 闹钟, 黑色",38.0,45.248
A1003849,2021/6/8,ER-13855,标准级,中南,广东,家具,椅子,Hon,"Hon 折叠椅, 黑色",33.0,876.3
A1003854,2021/6/8,ER-13855,二级,华东,福建,家具,用具,Advantus,"Advantus 门挡, 优质",24.0,185.376
A1003849,2021/6/8,PB-19150,标准级,中南,广东,技术,配件,罗技,"罗技 鼠标, 实惠",13.0,25.06
A1003851,2021/6/8,LW-17215,二级,西北,陕西,办公用品,标签,Novimex,"Novimex 有色标签, 可调",35.0,2.89
A1003851,2021/6/8,LW-17215,二级,西北,陕西,家具,书架,宜家,"宜家 古典书架, 白色",22.0,7.896
A1003851,2021/6/8,LW-17215,二级,西北,陕西,家具,椅子,Office Star,"Office Star 椅垫, 红色",9.0,22.608
A1003851,2021/6/8,LW-17215,二级,西北,陕西,技术,电话,诺基亚,"诺基亚 信号增强器, 蓝色",14.0,30.528
A1003847,2021/6/8,FG-14260,标准级,华东,浙江,技术,配件,Enermax,"Enermax 记忆卡, 耐用",28.0,4.842
A1003857,2021/6/9,BP-11050,一级,华北,河北,办公用品,器具,Hoover,"Hoover 炉灶, 红色",14.0,1.8
A1003857,2021/6/9,SP-20860,一级,华北,河北,办公用品,用品,Fiskars,"Fiskars 剪刀, 钢",8.0,39.984
A1003857,2021/6/9,JD-15895,一级,华北,河北,办公用品,用品,Stiletto,"Stiletto 尺子, 锯齿状",8.0,32.4
A1003857,2021/6/9,JD-15895,一级,华北,河北,办公用品,纸张,SanDisk,"SanDisk 备忘录便条, 优质",21.0,97.88
A1003856,2021/6/9,FM-14380,一级,中南,广东,办公用品,信封,Cameo,"Cameo 马尼拉纸信封, 回收",20.0,307.168
A1003856,2021/6/9,MP-17965,一级,中南,广东,办公用品,用品,Kleencut,"Kleencut 尺子, 锯齿状",33.0,26.9
A1003855,2021/6/9,HR-14830,标准级,中南,广西,办公用品,纸张,Green Bar,"Green Bar 计划信息表, 回收",20.0,47.01
A1003855,2021/6/9,HR-14830,标准级,中南,广西,办公用品,美术,Stanley,"Stanley 画布, 金属",10.0,469.99
A1003858,2021/6/9,HR-14830,标准级,中南,海南,办公用品,收纳具,Tenex,"Tenex 文件夹, 金属",20.0,207.846
A1003858,2021/6/9,BW-11065,标准级,中南,海南,办公用品,美术,BIC,"BIC 速写本, 混合尺寸",7.0,324.744
A1003858,2021/6/9,MS-17710,标准级,中南,海南,办公用品,装订机,Acco,"Acco 打孔机, 透明",3.0,40.48
A1003855,2021/6/9,SJ-20125,标准级,中南,广西,家具,用具,Eldon,"Eldon 门挡, 一包多件",22.0,12.0
A1003858,2021/6/9,SJ-20125,标准级,中南,海南,技术,配件,Memorex,"Memorex 路由器, 耐用",5.0,1200.064
A1003862,2021/6/10,SJ-20125,一级,华东,上海,办公用品,标签,Hon,"Hon 圆形标签, 耐用",22.0,25.424
A1003865,2021/6/10,SJ-20125,一级,华东,山东,办公用品,器具,Hoover,"Hoover 咖啡研磨机, 黑色",39.0,2.816
A1003862,2021/6/10,SJ-20125,一级,华东,上海,家具,椅子,Hon,"Hon 摇椅, 红色",6.0,3.204
A1003862,2021/6/10,VS-21820,一级,华东,上海,技术,复印机,佳能,"佳能 无线传真机, 红色",10.0,30.828
A1003862,2021/6/10,VS-21820,一级,华东,上海,技术,电话,摩托罗拉,"摩托罗拉 信号增强器, 全尺寸",13.0,47.616
A1003863,2021/6/10,VS-21820,二级,中南,广东,办公用品,纸张,Eaton,"Eaton 计划信息表, 回收",21.0,108.784
A1003861,2021/6/10,DK-13090,二级,华北,北京,办公用品,信封,Cameo,"Cameo 邮寄品, 回收",16.0,4.77
A1003861,2021/6/10,DK-13090,二级,华北,北京,办公用品,用品,Acme,"Acme 剪刀, 蓝色",9.0,7.98
A1003861,2021/6/10,DK-13090,二级,华北,北京,办公用品,美术,Boston,"Boston 画布, 混合尺寸",39.0,550.431
A1003861,2021/6/10,DK-13090,二级,华北,北京,办公用品,装订机,Cardinal,"Cardinal 装订机, 耐用",7.0,10.56
A1003861,2021/6/10,MG-17680,二级,华北,北京,技术,复印机,佳能,"佳能 传真机, 数字化",18.0,497.666
A1003860,2021/6/10,MG-17680,标准级,东北,辽宁,办公用品,用品,Elite,"Elite 大剪刀, 蓝色",3.0,17.52
A1003860,2021/6/10,DP-13390,标准级,东北,辽宁,办公用品,装订机,Ibico,"Ibico 装订机, 实惠",26.0,113.22
A1003864,2021/6/10,DP-13390,标准级,西南,重庆,办公用品,信封,GlobeWeis,"GlobeWeis 局间信封, 每套 50 个",4.0,35.88
A1003859,2021/6/10,DP-13390,标准级,西南,重庆,家具,书架,Bush,"Bush 古典书架, 金属",6.0,535.976
A1003859,2021/6/10,CJ-12010,标准级,西南,重庆,家具,用具,Rubbermaid,"Rubvermaid 灯泡, 一包多件",21.0,11.84
A1003859,2021/6/10,CW-11905,标准级,西南,重庆,技术,复印机,Brother,"Brother 传真机, 数字化",36.0,592.74
A1003859,2021/6/10,GW-14605,标准级,西南,重庆,技术,配件,SanDisk,"SanDisk 键区, 回收",7.0,111.672
A1003866,2021/6/11,PP-18955,标准级,中南,湖南,办公用品,标签,Harbour Creations,"Harbour Creations 运输标签, 白色",14.0,8.64
A1003868,2021/6/11,PP-18955,标准级,华北,山西,办公用品,器具,Cuisinart,"Cuisinart 炉灶, 银色",13.0,149.97
A1003869,2021/6/11,PW-19030,标准级,西南,四川,办公用品,纸张,施乐,"施乐 令, 回收",35.0,232.88
A1003867,2021/6/11,PW-19030,标准级,中南,广东,家具,书架,Safco,"Safco 书架, 传统",9.0,90.882
A1003867,2021/6/11,CY-12745,标准级,中南,广东,技术,复印机,Brother,"Brother 无线传真机, 数字化",6.0,508.768
A1003867,2021/6/11,CY-12745,标准级,中南,广东,技术,电话,苹果,"苹果 信号增强器, 全尺寸",14.0,9.912
A1003870,2021/6/12,BW-11110,二级,西北,甘肃,办公用品,系固件,Stockwell,"Stockwell 回形针, 每包 12 个",25.0,63.936
A1003870,2021/6/12,BW-11110,二级,西北,甘肃,办公用品,纸张,SanDisk,"SanDisk 羊皮纸, 多色",8.0,59.52
A1003870,2021/6/12,BW-11110,二级,西北,甘肃,家具,桌子,Chromcraft,"Chromcraft 会议桌, 长方形",35.0,311.976
A1003872,2021/6/12,BW-11110,一级,东北,黑龙江,办公用品,信封,GlobeWeis,"GlobeWeis 外皮和封条, 回收",8.0,50.352
A1003875,2021/6/12,MB-18085,二级,西南,四川,办公用品,收纳具,Fellowes,"Fellowes 文件夹, 金属",36.0,19.136
A1003875,2021/6/12,CR-12820,二级,西南,四川,办公用品,纸张,Green Bar,"Green Bar 备忘录便条, 多色",32.0,13.12
A1003875,2021/6/12,EB-14110,二级,西南,四川,家具,书架,Sauder,"Sauder 书架, 传统",37.0,241.568
A1003875,2021/6/12,EB-14110,二级,西南,四川,技术,电话,苹果,"苹果 信号增强器, 整包",34.0,479.92
A1003875,2021/6/12,SH-19975,二级,西南,四川,技术,配件,Memorex,"Memorex 记忆卡, 耐用",6.0,307.136
A1003873,2021/6/12,SH-19975,二级,中南,广西,办公用品,系固件,Stockwell,"Stockwell 图钉, 整包",13.0,12.6
A1003871,2021/6/12,SH-19975,标准级,华东,上海,办公用品,信封,Kraft,"Kraft 局间信封, 每套 50 个",14.0,159.98
A1003871,2021/6/12,CV-12295,标准级,华东,上海,办公用品,器具,Hoover,"Hoover 搅拌机, 白色",5.0,6.12
A1003874,2021/6/12,CV-12295,标准级,中南,河南,家具,椅子,Safco,"SAFCO 沙滩椅, 黑色",8.0,784.72
A1003885,2021/6/13,AT-10735,二级,西南,重庆,办公用品,用品,Fiskars,"Fiskars 美工刀, 锯齿状",12.0,45.96
A1003885,2021/6/13,AG-10390,二级,西南,重庆,技术,电话,三星,"三星 信号增强器, 混合尺寸",29.0,58.05
A1003883,2021/6/13,AG-10390,一级,西南,重庆,技术,电话,思科,"思科 充电器, 蓝色",31.0,71.28
A1003876,2021/6/13,GM-14500,一级,中南,湖北,家具,椅子,Office Star,"Office Star 凳子, 每套两件",8.0,124.404
A1003876,2021/6/13,JK-15205,一级,中南,湖北,家具,用具,Rubbermaid,"Rubvermaid 灯泡, 一包多件",27.0,154.9
A1003880,2021/6/13,JK-15205,二级,华东,上海,技术,电话,苹果,"苹果 办公室电话机, 全尺寸",20.0,871.88
A1003880,2021/6/13,DW-13540,二级,华东,上海,技术,设备,StarTech,"StarTech 计算器, 耐用",35.0,16.192
A1003884,2021/6/13,AS-10090,标准级,中南,河南,办公用品,器具,Hamilton Beach,"Hamilton Beach 咖啡研磨机, 白色",8.0,18.936
A1003877,2021/6/13,AS-10090,标准级,东北,黑龙江,办公用品,系固件,Advantus,"Advantus 夹子, 整包",35.0,12.672
A1003878,2021/6/13,AS-10090,标准级,华北,北京,办公用品,信封,Kraft,"Kraft 邮寄品, 每套 50 个",10.0,5.04
A1003878,2021/6/13,TS-21205,标准级,华北,北京,办公用品,标签,Novimex,"Novimex 可去除的标签, 可调",7.0,8.448
A1003878,2021/6/13,TS-21205,标准级,华北,北京,办公用品,标签,Smead,"Smead 文件夹标签, 可调",20.0,20.388
A1003878,2021/6/13,SM-20320,标准级,华北,北京,办公用品,系固件,OIC,"OIC 回形针, 每包 12 个",19.0,9.96
A1003878,2021/6/13,BH-11710,标准级,华北,北京,办公用品,美术,BIC,"BIC 钢笔, 金属",26.0,320.64
A1003884,2021/6/13,BH-11710,标准级,中南,河南,技术,设备,冲电器,"冲电器 收据打印机, 耐用",30.0,52.0
A1003878,2021/6/13,LW-16825,标准级,华北,北京,技术,复印机,Hewlett,"Hewlett 无线传真机, 红色",11.0,25.584
A1003878,2021/6/13,LW-16825,标准级,华北,北京,技术,设备,StarTech,"StarTech 打印机, 多色",20.0,464.0
A1003881,2021/6/13,LW-16825,标准级,中南,广东,办公用品,器具,Hamilton Beach,"Hamilton Beach 搅拌机, 银色",4.0,235.95
A1003879,2021/6/13,LW-16825,标准级,东北,辽宁,办公用品,收纳具,Tenex,"Tenex 搁板, 工业",25.0,39.96
A1003879,2021/6/13,JA-15970,标准级,东北,辽宁,技术,配件,Memorex,"Memorex 闪存驱动器, 回收",6.0,18.528
A1003882,2021/6/13,KA-16525,标准级,华东,山东,办公用品,器具,Hoover,"Hoover 咖啡研磨机, 银色",15.0,17.9
A1003882,2021/6/13,KA-16525,标准级,华东,山东,技术,配件,Memorex,"Memorex 记忆卡, 回收",36.0,81.96
A1003888,2021/6/14,TG-21310,当日,华东,福建,办公用品,用品,Kleencut,"Kleencut 修剪器, 钢",32.0,272.736
A1003888,2021/6/14,TG-21310,当日,华东,福建,家具,书架,Sauder,"Sauder 柜, 金属",32.0,18.496
A1003888,2021/6/14,TG-21310,当日,华东,福建,家具,椅子,Office Star,"Office Star 椅垫, 黑色",23.0,441.92
A1003886,2021/6/14,TG-21310,标准级,中南,广西,办公用品,器具,KitchenAid,"KitchenAid 微波炉, 白色",18.0,127.764
A1003886,2021/6/14,DB-13360,标准级,中南,广西,办公用品,用品,Acme,"Acme 修剪器, 钢",37.0,166.44
A1003886,2021/6/14,LS-17245,标准级,中南,广西,办公用品,纸张,施乐,"施乐 信纸, 多色",3.0,13.38
A1003886,2021/6/14,MO-17950,标准级,中南,广西,技术,设备,爱普生,"爱普生 打印机, 多色",19.0,24.0
A1003887,2021/6/14,CA-11965,标准级,东北,辽宁,办公用品,器具,Breville,"Breville 微波炉, 银色",4.0,24.448
A1003887,2021/6/14,DB-12910,标准级,东北,辽宁,办公用品,收纳具,Tenex,"Tenex 锁柜, 单宽度",20.0,6.16
A1003887,2021/6/14,DB-12910,标准级,东北,辽宁,办公用品,用品,Acme,"Acme 大剪刀, 蓝色",3.0,95.136
A1003887,2021/6/14,DB-12910,标准级,东北,辽宁,办公用品,用品,Acme,"Acme 美工刀, 蓝色",26.0,8.56
A1003887,2021/6/14,DB-12910,标准级,东北,辽宁,办公用品,系固件,OIC,"OIC 按钉, 整包",38.0,97.82
A1003890,2021/6/15,DK-12835,一级,中南,湖南,办公用品,信封,Jiffy,"Jiffy 邮寄品, 银色",11.0,31.104
A1003890,2021/6/15,DK-12835,一级,中南,湖南,办公用品,系固件,Stockwell,"Stockwell 按钉, 每包 12 个",11.0,11.176
A1003890,2021/6/15,EB-14170,一级,中南,湖南,办公用品,美术,Binney & Smith,"Binney & Smith 钢笔, 蓝色",13.0,5.04
A1003890,2021/6/15,DR-12940,一级,中南,湖南,家具,书架,Dania,"Dania 墙角架, 黑色",4.0,242.176
A1003890,2021/6/15,JS-15685,一级,中南,湖南,家具,书架,Sauder,"Sauder 书架, 白色",20.0,337.176
A1003890,2021/6/15,LC-16870,一级,中南,湖南,技术,复印机,Brother,"Brother 传真机, 彩色",39.0,13.344
A1003890,2021/6/15,LC-16870,一级,中南,湖南,技术,设备,StarTech,"StarTech 计算器, 多色",6.0,76.752
A1003897,2021/6/15,LC-16870,标准级,中南,河南,办公用品,信封,Cameo,"Cameo 外皮和封条, 银色",5.0,102.336
A1003897,2021/6/15,LC-16870,标准级,中南,河南,办公用品,信封,Cameo,"Cameo 搭扣信封, 回收",6.0,10.32
A1003897,2021/6/15,LC-16870,标准级,中南,河南,办公用品,收纳具,Rogers,"Rogers 盒, 蓝色",19.0,47.32
A1003896,2021/6/15,LC-16870,标准级,华东,山东,办公用品,用品,Elite,"Elite 大剪刀, 锯齿状",5.0,23.376
A1003897,2021/6/15,LC-16870,标准级,中南,河南,办公用品,美术,Sanford,"Sanford 钢笔, 整包",34.0,16.72
A1003894,2021/6/15,LC-16870,标准级,华东,山东,办公用品,信封,GlobeWeis,"GlobeWeis 搭扣信封, 红色",32.0,16.192
A1003894,2021/6/15,JP-15520,标准级,华东,山东,办公用品,装订机,Cardinal,"Cardinal 孔加固材料, 回收",32.0,32.4
A1003897,2021/6/15,TS-21655,标准级,中南,河南,家具,书架,宜家,"宜家 古典书架, 白色",16.0,19.89
A1003897,2021/6/15,TS-21655,标准级,中南,河南,家具,椅子,Office Star,"Office Star 凳子, 每套两件",28.0,399.98
A1003897,2021/6/15,TS-21655,标准级,中南,河南,家具,用具,Advantus,"Advantus 闹钟, 一包多件",24.0,343.85
A1003897,2021/6/15,TS-21655,标准级,中南,河南,技术,复印机,Hewlett,"Hewlett 个人复印机, 彩色",17.0,106.32
A1003892,2021/6/15,NM-18445,标准级,中南,河南,办公用品,系固件,Advantus,"Advantus 按钉, 每包 12 个",31.0,13.92
A1003892,2021/6/15,EH-14125,标准级,中南,河南,办公用品,系固件,OIC,"OIC 订书钉, 每包 12 个",9.0,82.4
A1003892,2021/6/15,EH-14125,标准级,中南,河南,办公用品,纸张,Green Bar,"Green Bar 信纸, 优质",28.0,6.24
A1003895,2021/6/15,EH-14125,标准级,华东,福建,办公用品,美术,Sanford,"Sanford 钢笔, 整包",20.0,447.84
A1003895,2021/6/15,DC-12850,标准级,华东,福建,家具,书架,宜家,"宜家 柜, 黑色",32.0,272.048
A1003891,2021/6/15,DC-12850,标准级,中南,河南,技术,设备,柯尼卡,"柯尼卡 电话, 白色",36.0,614.582
A1003895,2021/6/15,DC-12850,标准级,华东,福建,技术,电话,诺基亚,"诺基亚 办公室电话机, 蓝色",25.0,24.32
A1003889,2021/6/15,DC-12850,标准级,东北,辽宁,技术,配件,Enermax,"Enermax 鼠标, 回收",27.0,1.584
A1003893,2021/6/15,DC-12850,标准级,华北,天津,办公用品,收纳具,Rogers,"Rogers 文件车, 工业",4.0,31.984
A1003893,2021/6/15,DC-12850,标准级,华北,天津,技术,电话,思科,"思科 耳机, 蓝色",29.0,14.76
A1003899,2021/6/16,DC-12850,标准级,西南,四川,办公用品,标签,Smead,"Smead 合法证物标签, 白色",23.0,423.648
A1003898,2021/6/16,DO-13645,标准级,东北,吉林,办公用品,美术,Boston,"Boston 荧光笔, 蓝色",5.0,76.64
A1003908,2021/6/17,LS-16975,一级,中南,湖南,办公用品,标签,Hon,"Hon 文件夹标签, 耐用",21.0,4.464
A1003901,2021/6/17,LS-16975,二级,华东,山东,办公用品,器具,Breville,"Breville 搅拌机, 红色",40.0,3.96
A1003901,2021/6/17,RW-19630,二级,华东,山东,家具,椅子,Office Star,"Office Star 摇椅, 每套两件",24.0,715.64
A1003905,2021/6/17,RD-19720,二级,华东,安徽,办公用品,用品,Fiskars,"Fiskars 美工刀, 工业",20.0,268.704
A1003905,2021/6/17,RD-19720,二级,华东,安徽,办公用品,系固件,Stockwell,"Stockwell 橡皮筋, 混合尺寸",6.0,21.92
A1003905,2021/6/17,RD-19720,二级,华东,安徽,办公用品,装订机,Cardinal,"Cardinal 打孔机, 实惠",20.0,48.72
A1003905,2021/6/17,RD-19720,二级,华东,安徽,家具,书架,Dania,"Dania 古典书架, 金属",19.0,205.666
A1003905,2021/6/17,RB-19570,二级,华东,安徽,家具,用具,Advantus,"Advantus 门挡, 一包多件",36.0,30.344
A1003905,2021/6/17,JE-15715,二级,华东,安徽,技术,复印机,Hewlett,"Hewlett 个人复印机, 彩色",14.0,25.696
A1003905,2021/6/17,SR-20740,二级,华东,安徽,技术,电话,苹果,"苹果 音频基座, 全尺寸",25.0,3404.5
A1003907,2021/6/17,SR-20740,标准级,华东,山东,办公用品,信封,Jiffy,"Jiffy 外皮和封条, 每套 50 个",10.0,101.34
A1003900,2021/6/17,PO-19195,二级,华东,山东,办公用品,收纳具,Eldon,"Eldon 文件夹, 金属",18.0,344.372
A1003900,2021/6/17,JK-16120,二级,华东,山东,办公用品,美术,Boston,"Boston 荧光笔, 混合尺寸",38.0,30.384
A1003903,2021/6/17,JP-16135,标准级,中南,广西,办公用品,收纳具,Smead,"Smead 锁柜, 金属",12.0,22.848
A1003903,2021/6/17,Dp-13240,标准级,中南,广西,办公用品,装订机,Acco,"Acco 打孔机, 耐用",13.0,38.62
A1003900,2021/6/17,Dp-13240,二级,华东,山东,家具,书架,宜家,"宜家 墙角架, 黑色",24.0,59.98
A1003900,2021/6/17,JB-16000,二级,华东,山东,家具,用具,Eldon,"Eldon 框架, 优质",16.0,174.3
A1003903,2021/6/17,PP-18955,标准级,中南,广西,家具,用具,Advantus,"Advantus 框架, 一包多件",28.0,383.96
A1003903,2021/6/17,PP-18955,标准级,中南,广西,家具,用具,Deflect-O,"Deflect-O 框架, 一包多件",37.0,15.57
A1003904,2021/6/17,RF-19840,标准级,东北,黑龙江,技术,配件,贝尔金,"贝尔金 鼠标, 可编程",15.0,22.32
A1003900,2021/6/17,RF-19840,二级,华东,山东,技术,复印机,Brother,"Brother 墨水, 红色",25.0,103.6
A1003900,2021/6/17,KH-16330,二级,华东,山东,技术,电话,摩托罗拉,"摩托罗拉 耳机, 整包",12.0,2.97
A1003906,2021/6/17,KH-16330,标准级,西北,陕西,办公用品,系固件,OIC,"OIC 订书钉, 金属",26.0,569.99
A1003902,2021/6/17,KH-16330,标准级,东北,辽宁,家具,椅子,Office Star,"Office Star 沙滩椅, 每套两件",11.0,50.97
A1003902,2021/6/17,EM-14200,标准级,东北,辽宁,家具,用具,Advantus,"Advantus 门挡, 优质",32.0,298.116
A1003906,2021/6/17,DK-12835,标准级,西北,陕西,家具,椅子,Hon,"Hon 凳子, 黑色",11.0,59.52
A1003902,2021/6/17,MC-17425,标准级,东北,辽宁,技术,电话,苹果,"苹果 耳机, 全尺寸",8.0,230.28
A1003913,2021/6/18,MC-17425,二级,华东,山东,办公用品,器具,Cuisinart,"Cuisinart 搅拌机, 红色",13.0,105.52
A1003915,2021/6/18,RW-19540,一级,华东,江西,办公用品,纸张,Enermax,"Enermax 信纸, 回收",20.0,23.36
A1003910,2021/6/18,RW-19540,二级,东北,黑龙江,办公用品,装订机,Cardinal,"Cardinal 装订机盖, 透明",24.0,71.976
A1003914,2021/6/18,RW-19540,标准级,华东,安徽,办公用品,用品,Elite,"Elite 尺子, 蓝色",12.0,8.56
A1003914,2021/6/18,RW-19540,标准级,华东,安徽,办公用品,美术,Stanley,"Stanley 铅笔刀, 混合尺寸",28.0,13.92
A1003912,2021/6/18,RW-19540,标准级,华东,福建,办公用品,信封,Cameo,"Cameo 马尼拉纸信封, 回收",17.0,218.29
A1003909,2021/6/18,RW-19540,标准级,中南,河南,家具,书架,宜家,"宜家 搁架, 金属",16.0,540.57
A1003911,2021/6/18,RW-19540,标准级,华东,上海,技术,配件,贝尔金,"贝尔金 记忆卡, 耐用",28.0,221.056
A1003917,2021/6/19,DS-13180,一级,东北,吉林,办公用品,用品,Fiskars,"Fiskars 开信刀, 工业",4.0,81.424
A1003917,2021/6/19,DS-13180,一级,东北,吉林,办公用品,装订机,Cardinal,"Cardinal 标签, 实惠",5.0,134.8
A1003923,2021/6/19,GA-14725,当日,华东,山东,办公用品,系固件,Stockwell,"Stockwell 按钉, 整包",13.0,39.582
A1003921,2021/6/19,GA-14725,二级,中南,湖南,办公用品,收纳具,Rogers,"Rogers 文件车, 单宽度",14.0,44.688
A1003921,2021/6/19,GA-14725,二级,中南,湖南,办公用品,用品,Acme,"Acme 开信刀, 蓝色",38.0,31.744
A1003920,2021/6/19,GA-14725,二级,东北,吉林,办公用品,装订机,Cardinal,"Cardinal 装订机盖, 实惠",12.0,40.98
A1003920,2021/6/19,GA-14725,二级,东北,吉林,家具,用具,Deflect-O,"Deflect-O 分层置放架, 耐用",12.0,3.168
A1003921,2021/6/19,SC-20380,二级,中南,湖南,技术,设备,爱普生,"爱普生 计算器, 多色",34.0,18.84
A1003924,2021/6/19,SC-20380,二级,东北,吉林,办公用品,收纳具,Tenex,"Tenex 盘, 工业",16.0,362.25
A1003916,2021/6/19,SC-20380,二级,华东,安徽,办公用品,信封,GlobeWeis,"GlobeWeis 局间信封, 回收",12.0,63.552
A1003916,2021/6/19,SC-20380,二级,华东,安徽,办公用品,纸张,SanDisk,"SanDisk 计划信息表, 多色",39.0,129.552
A1003924,2021/6/19,KD-16345,二级,东北,吉林,技术,复印机,Hewlett,"Hewlett 传真机, 彩色",12.0,5.984
A1003924,2021/6/19,KD-16345,二级,东北,吉林,技术,电话,思科,"思科 充电器, 全尺寸",6.0,861.76
A1003918,2021/6/19,KH-16330,标准级,华北,天津,办公用品,信封,Jiffy,"Jiffy 搭扣信封, 回收",35.0,66.96
A1003918,2021/6/19,KH-16330,标准级,华北,天津,办公用品,器具,Cuisinart,"Cuisinart 微波炉, 黑色",31.0,6.24
A1003918,2021/6/19,GG-14650,标准级,华北,天津,办公用品,收纳具,Fellowes,"Fellowes 文件夹, 金属",20.0,435.168
A1003918,2021/6/19,GG-14650,标准级,华北,天津,办公用品,装订机,Cardinal,"Cardinal 订书机, 透明",8.0,14.9
A1003922,2021/6/19,GG-14650,标准级,西南,四川,办公用品,用品,Fiskars,"Fiskars 修剪器, 钢",20.0,15.8
A1003925,2021/6/19,GG-14650,标准级,华东,安徽,办公用品,系固件,OIC,"OIC 夹子, 每包 12 个",10.0,72.9
A1003918,2021/6/19,GG-14650,标准级,华北,天津,技术,复印机,佳能,"佳能 无线传真机, 数字化",18.0,206.352
A1003919,2021/6/19,GG-14650,标准级,中南,广东,技术,电话,三星,"三星 音频基座, 蓝色",12.0,7.992
A1003931,2021/6/20,JS-15685,一级,东北,黑龙江,办公用品,器具,Hoover,"Hoover 微波炉, 黑色",17.0,81.36
A1003931,2021/6/20,JS-15685,一级,东北,黑龙江,办公用品,标签,Avery,"Avery 可去除的标签, 可调",33.0,20.232
A1003927,2021/6/20,JS-15685,二级,华北,山西,办公用品,用品,Stiletto,"Stiletto 开信刀, 工业",5.0,389.056
A1003926,2021/6/20,JS-15685,标准级,西北,甘肃,办公用品,器具,Cuisinart,"Cuisinart 冰箱, 银色",6.0,20.736
A1003929,2021/6/20,JS-15685,二级,华北,山西,办公用品,器具,KitchenAid,"KitchenAid 烤面包机, 红色",7.0,41.472
A1003929,2021/6/20,BP-11095,二级,华北,山西,办公用品,装订机,Ibico,"Ibico 装订机, 耐用",9.0,33.36
A1003928,2021/6/20,CC-12610,标准级,华北,山西,办公用品,系固件,OIC,"OIC 图钉, 混合尺寸",2.0,90.882
A1003928,2021/6/20,CC-12610,标准级,华北,山西,家具,书架,Dania,"Dania 书架, 黑色",22.0,15.992
A1003930,2021/6/20,CC-12610,标准级,华北,北京,技术,电话,摩托罗拉,"摩托罗拉 办公室电话机, 整包",12.0,120.784
A1003933,2021/6/21,SP-20860,一级,西南,四川,办公用品,信封,Cameo,"Cameo 商业信封, 银色",12.0,519.792
A1003933,2021/6/21,SP-20860,一级,西南,四川,办公用品,标签,Avery,"Avery 运输标签, 红色",34.0,31.176
A1003933,2021/6/21,SP-20860,一级,西南,四川,技术,电话,摩托罗拉,"摩托罗拉 音频基座, 蓝色",10.0,10.368
A1003933,2021/6/21,SP-20860,一级,西南,四川,技术,配件,SanDisk,"SanDisk 记忆卡, 耐用",36.0,2.724
A1003932,2021/6/21,SP-20860,标准级,华东,江苏,办公用品,收纳具,Tenex,"Tenex 文件车, 蓝色",11.0,254.352
A1003932,2021/6/21,SP-20860,标准级,华东,江苏,家具,书架,Sauder,"Sauder 书架, 黑色",34.0,3.762
A1003938,2021/6/22,SP-20860,一级,华北,河北,办公用品,收纳具,Rogers,"Rogers 盘, 蓝色",36.0,10.272
A1003938,2021/6/22,JK-15625,一级,华北,河北,办公用品,用品,Stiletto,"Stiletto 尺子, 钢",22.0,69.97
A1003934,2021/6/22,JK-15625,一级,华东,山东,办公用品,系固件,Stockwell,"Stockwell 夹子, 混合尺寸",20.0,113.73
A1003938,2021/6/22,CC-12100,一级,华北,河北,家具,桌子,Barricks,"Barricks 圆桌, 组装",6.0,5.104
A1003938,2021/6/22,DP-13000,一级,华北,河北,技术,设备,松下,"松下 电话, 耐用",19.0,16.448
A1003934,2021/6/22,SF-20065,一级,华东,山东,技术,设备,冲电器,"冲电器 卡片打印机, 白色",36.0,81.92
A1003934,2021/6/22,SF-20065,一级,华东,山东,技术,配件,罗技,"罗技 键盘, 实惠",36.0,254.9
A1003936,2021/6/22,EH-13765,标准级,中南,广东,办公用品,收纳具,Fellowes,"Fellowes 锁柜, 蓝色",38.0,15.12
A1003937,2021/6/22,EH-13765,标准级,华东,山东,办公用品,器具,Hamilton Beach,"Hamilton Beach 微波炉, 银色",23.0,7.872
A1003937,2021/6/22,DN-13690,标准级,华东,山东,家具,用具,Deflect-O,"Deflect-O 闹钟, 优质",40.0,8.32
A1003939,2021/6/22,PJ-19015,标准级,华北,河北,家具,书架,Dania,"Dania 古典书架, 金属",21.0,89.95
A1003935,2021/6/22,MA-17560,标准级,华东,浙江,办公用品,装订机,Avery,"Avery 标签, 耐用",40.0,25.2
A1003947,2021/6/23,MA-17560,一级,中南,广西,办公用品,系固件,OIC,"OIC 橡皮筋, 金属",17.0,37.59
A1003944,2021/6/23,MA-17560,二级,东北,吉林,办公用品,标签,Hon,"Hon 可去除的标签, 耐用",12.0,14.97
A1003944,2021/6/23,MA-17560,二级,东北,吉林,办公用品,用品,Acme,"Acme 剪刀, 蓝色",18.0,1.98
A1003945,2021/6/23,VM-21835,二级,华东,山东,办公用品,用品,Acme,"Acme 美工刀, 工业",25.0,39.936
A1003945,2021/6/23,VM-21835,二级,华东,山东,办公用品,纸张,SanDisk,"SanDisk 羊皮纸, 优质",38.0,18.464
A1003947,2021/6/23,MM-18055,一级,中南,广西,家具,书架,Bush,"Bush 柜, 黑色",24.0,4.896
A1003945,2021/6/23,MM-18055,二级,华东,山东,家具,用具,Tenex,"Tenex 框架, 优质",23.0,145.764
A1003942,2021/6/23,MM-18055,二级,东北,辽宁,办公用品,器具,Hamilton Beach,"Hamilton Beach 搅拌机, 银色",29.0,9.612
A1003946,2021/6/23,CR-12580,标准级,华东,山东,办公用品,纸张,Green Bar,"Green Bar 羊皮纸, 每包 12 个",26.0,199.75
A1003946,2021/6/23,CR-12580,标准级,华东,山东,办公用品,装订机,Ibico,"Ibico 装订机, 透明",40.0,673.184
A1003948,2021/6/23,BS-11365,标准级,华东,江苏,办公用品,用品,Acme,"Acme 大剪刀, 钢",14.0,12.18
A1003942,2021/6/23,BS-11365,二级,东北,辽宁,家具,椅子,Novimex,"Novimex 扶手椅, 红色",39.0,57.68
A1003942,2021/6/23,RD-19585,二级,东北,辽宁,家具,用具,Advantus,"Advantus 相框, 黑色",16.0,263.96
A1003946,2021/6/23,KD-16270,标准级,华东,山东,家具,椅子,Office Star,"Office Star 凳子, 红色",13.0,299.94
A1003942,2021/6/23,KD-16270,二级,东北,辽宁,技术,复印机,夏普,"夏普 复印机, 数字化",3.0,25.76
A1003941,2021/6/23,AA-10645,标准级,华北,北京,技术,复印机,惠普,"惠普 传真机, 彩色",8.0,271.9
A1003946,2021/6/23,AA-10645,标准级,华东,山东,技术,配件,Enermax,"Enermax 记忆卡, 回收",40.0,45.84
A1003943,2021/6/23,AA-10645,标准级,华东,山东,办公用品,收纳具,Smead,"Smead 搁板, 金属",20.0,9.82
A1003943,2021/6/23,MC-18100,标准级,华东,山东,办公用品,收纳具,Smead,"Smead 文件夹, 单宽度",33.0,93.36
A1003943,2021/6/23,AA-10645,标准级,华东,山东,办公用品,标签,Hon,"Hon 有色标签, 耐用",8.0,541.24
A1003943,2021/6/23,AA-10645,标准级,华东,山东,办公用品,系固件,Stockwell,"Stockwell 按钉, 每包 12 个",28.0,106.32
A1003943,2021/6/23,AA-10645,标准级,华东,山东,办公用品,美术,Boston,"Boston 记号笔, 蓝色",21.0,1323.9
A1003940,2021/6/23,QJ-19255,标准级,中南,湖北,办公用品,信封,Ames,"Ames 商业信封, 银色",25.0,126.624
A1003950,2021/6/24,JM-16195,二级,东北,黑龙江,办公用品,系固件,OIC,"OIC 回形针, 每包 12 个",33.0,125.944
A1003950,2021/6/24,TB-21625,二级,东北,黑龙江,家具,书架,Bush,"Bush 书库, 金属",26.0,663.92
A1003949,2021/6/24,TB-21625,标准级,东北,黑龙江,办公用品,标签,Hon,"Hon 合法证物标签, 可调",20.0,120.0
A1003953,2021/6/25,TB-21625,标准级,华东,山东,办公用品,信封,Ames,"Ames 外皮和封条, 银色",19.0,3.29
A1003953,2021/6/25,TB-21625,标准级,华东,山东,办公用品,标签,Avery,"Avery 运输标签, 白色",15.0,18.84
A1003953,2021/6/25,NF-18595,标准级,华东,山东,办公用品,系固件,Advantus,"Advantus 订书钉, 混合尺寸",10.0,60.672
A1003952,2021/6/25,NF-18595,标准级,东北,吉林,办公用品,用品,Stiletto,"Stiletto 剪刀, 钢",39.0,30.816
A1003953,2021/6/25,BF-11020,标准级,华东,山东,家具,书架,宜家,"宜家 书库, 金属",35.0,52.792
A1003954,2021/6/25,NP-18670,标准级,中南,湖北,办公用品,信封,Kraft,"Kraft 局间信封, 银色",4.0,83.9
A1003951,2021/6/25,NP-18670,标准级,西南,云南,办公用品,器具,Breville,"Breville 冰箱, 银色",33.0,11.76
A1003951,2021/6/25,HM-14860,标准级,西南,云南,家具,椅子,Office Star,"Office Star 折叠椅, 可调",33.0,4.992
A1003954,2021/6/25,HM-14860,标准级,中南,湖北,技术,电话,苹果,"苹果 信号增强器, 混合尺寸",12.0,87.92
A1003956,2021/6/25,HM-14860,标准级,中南,广东,家具,书架,Bush,"Bush 书架, 金属",6.0,657.93
A1003957,2021/6/25,HM-14860,标准级,中南,湖北,技术,电话,三星,"三星 信号增强器, 混合尺寸",13.0,1.044
A1003957,2021/6/25,DM-13525,标准级,中南,湖北,技术,配件,SanDisk,"SanDisk 鼠标, 耐用",29.0,210.68
A1003955,2021/6/25,DM-13525,标准级,华东,浙江,办公用品,信封,Cameo,"Cameo 商业信封, 银色",38.0,78.8
A1003959,2021/6/26,DM-13525,当日,华东,上海,办公用品,系固件,OIC,"OIC 回形针, 每包 12 个",14.0,19.99
A1003962,2021/6/26,DM-13525,二级,西北,陕西,办公用品,装订机,Cardinal,"Cardinal 订书机, 实惠",20.0,772.68
A1003962,2021/6/26,JF-15565,二级,西北,陕西,家具,椅子,Hon,"Hon 折叠椅, 黑色",31.0,106.08
A1003962,2021/6/26,NM-18520,二级,西北,陕西,家具,椅子,Novimex,"Novimex 扶手椅, 每套两件",4.0,23.076
A1003961,2021/6/26,NM-18520,标准级,中南,湖南,办公用品,用品,Elite,"Elite 大剪刀, 锯齿状",18.0,25.92
A1003960,2021/6/26,MV-17485,标准级,华东,江苏,办公用品,纸张,SanDisk,"SanDisk 计划信息表, 每包 12 个",5.0,47.952
A1003960,2021/6/26,MV-17485,标准级,华东,江苏,办公用品,装订机,Avery,"Avery 装订机, 回收",4.0,0.984
A1003960,2021/6/26,MV-17485,标准级,华东,江苏,家具,用具,Rubbermaid,"Rubvermaid 分层置放架, 耐用",25.0,75.384
A1003964,2021/6/26,MV-17485,二级,华东,上海,家具,书架,Bush,"Bush 书架, 黑色",11.0,4.608
A1003965,2021/6/26,BF-11275,标准级,华北,河北,办公用品,纸张,Enermax,"Enermax 羊皮纸, 每包 12 个",8.0,41.91
A1003958,2021/6/26,JC-15775,标准级,东北,吉林,办公用品,器具,KitchenAid,"KitchenAid 咖啡研磨机, 银色",36.0,435.999
A1003958,2021/6/26,CM-11815,标准级,东北,吉林,办公用品,装订机,Wilson Jones,"Wilson Jones 订书机, 回收",12.0,388.704
A1003963,2021/6/26,CM-11815,标准级,西北,陕西,技术,复印机,惠普,"惠普 复印机, 红色",8.0,572.58
A1003972,2021/6/27,CM-11815,一级,华东,山东,家具,椅子,Office Star,"Office Star 折叠椅, 黑色",7.0,33.18
A1003970,2021/6/27,PV-18985,一级,西南,四川,办公用品,收纳具,Fellowes,"Fellowes 盒, 单宽度",3.0,63.88
A1003970,2021/6/27,PV-18985,一级,西南,四川,家具,桌子,Chromcraft,"Chromcraft 电脑桌, 黑色",30.0,26.72
A1003971,2021/6/27,DO-13645,标准级,华北,河北,办公用品,用品,Acme,"Acme 剪刀, 锯齿状",12.0,295.056
A1003969,2021/6/27,HA-14905,标准级,华北,河北,家具,桌子,Chromcraft,"Chromcraft 电脑桌, 黑色",4.0,393.25
A1003969,2021/6/27,SH-20395,标准级,华北,河北,技术,设备,StarTech,"StarTech 喷墨打印机, 多色",18.0,2.214
A1003967,2021/6/27,JM-16195,标准级,华东,山东,办公用品,装订机,Cardinal,"Cardinal 孔加固材料, 实惠",29.0,16.272
A1003966,2021/6/27,DK-13225,标准级,华东,江苏,办公用品,用品,Stiletto,"Stiletto 剪刀, 锯齿状",23.0,706.86
A1003968,2021/6/27,CM-12715,标准级,华北,内蒙古,办公用品,收纳具,Eldon,"Eldon 文件夹, 单宽度",29.0,5.97
A1003968,2021/6/27,CM-12715,标准级,华北,内蒙古,办公用品,系固件,Stockwell,"Stockwell 夹子, 混合尺寸",8.0,21.184
A1003967,2021/6/27,CM-12715,标准级,华东,山东,家具,书架,宜家,"宜家 搁架, 金属",18.0,41.376
A1003973,2021/6/28,BF-10975,标准级,华东,浙江,办公用品,用品,Fiskars,"Fiskars 修剪器, 工业",27.0,17.94
A1003977,2021/6/29,SF-20965,二级,东北,黑龙江,办公用品,收纳具,Smead,"Smead 文件车, 工业",24.0,2.655
A1003977,2021/6/29,CB-12025,二级,东北,黑龙江,办公用品,装订机,Acco,"Acco 标签, 回收",9.0,82.35
A1003977,2021/6/29,CB-12025,二级,东北,黑龙江,技术,复印机,Brother,"Brother 传真复印机, 每套两件",7.0,307.666
A1003978,2021/6/29,CB-12025,标准级,中南,河南,办公用品,器具,Hoover,"Hoover 炉灶, 红色",7.0,728.82
A1003976,2021/6/29,CB-12025,标准级,东北,黑龙江,家具,椅子,Hon,"Hon 摇椅, 黑色",35.0,41.36
A1003978,2021/6/29,CB-12025,标准级,中南,河南,技术,电话,苹果,"苹果 智能手机, 蓝色",4.0,43.176
A1003974,2021/6/29,CB-12025,标准级,西南,重庆,办公用品,用品,Fiskars,"Fiskars 修剪器, 工业",32.0,4.16
A1003974,2021/6/29,TC-20980,标准级,西南,重庆,办公用品,装订机,Wilson Jones,"Wilson Jones 装订机盖, 回收",12.0,61.4
A1003975,2021/6/29,TC-20980,二级,西南,贵州,家具,椅子,Office Star,"Office Star 折叠椅, 红色",8.0,24.448
A1003974,2021/6/29,LW-17215,标准级,西南,重庆,家具,椅子,Safco,"SAFCO 摇椅, 可调",21.0,263.96
A1003974,2021/6/29,LW-17215,标准级,西南,重庆,家具,用具,Rubbermaid,"Rubvermaid 分层置放架, 黑色",25.0,359.97
A1003980,2021/6/30,LW-17215,一级,华东,安徽,办公用品,用品,Kleencut,"Kleencut 美工刀, 锯齿状",6.0,12.96
A1003980,2021/6/30,LW-17215,一级,华东,安徽,办公用品,纸张,施乐,"施乐 计划信息表, 每包 12 个",7.0,116.82
A1003980,2021/6/30,LW-17215,一级,华东,安徽,技术,复印机,Hewlett,"Hewlett 个人复印机, 彩色",12.0,276.784
A1003979,2021/6/30,NS-18640,标准级,华北,河北,办公用品,信封,Ames,"Ames 邮寄品, 回收",3.0,239.97
A1003981,2021/6/30,NS-18640,标准级,西北,青海,办公用品,标签,Novimex,"Novimex 运输标签, 白色",21.0,16.02
A1003981,2021/6/30,JM-15250,标准级,西北,青海,办公用品,标签,Smead,"Smead 可去除的标签, 白色",7.0,454.56
A1003982,2021/7/1,JM-15250,当日,中南,湖北,技术,配件,Memorex,"Memorex 鼠标, 耐用",25.0,141.42
A1003986,2021/7/1,JM-15250,一级,华北,河北,办公用品,纸张,Green Bar,"Green Bar 令, 多色",7.0,310.744
A1003986,2021/7/1,JM-15250,一级,华北,河北,家具,椅子,Harbour Creations,"Harbour Creations 沙滩椅, 红色",20.0,12.736
A1003985,2021/7/1,JM-15250,二级,华北,山西,办公用品,收纳具,Tenex,"Tenex 盘, 单宽度",22.0,6.47
A1003985,2021/7/1,JM-15250,二级,华北,山西,办公用品,纸张,Eaton,"Eaton 信纸, 优质",14.0,13.748
A1003987,2021/7/1,JM-15250,二级,中南,广西,办公用品,美术,Sanford,"Sanford 荧光笔, 混合尺寸",36.0,15.224
A1003988,2021/7/1,RF-19345,一级,中南,海南,家具,椅子,Office Star,"Office Star 沙滩椅, 黑色",16.0,27.42
A1003985,2021/7/1,RF-19345,二级,华北,山西,家具,用具,Eldon,"Eldon 灯泡, 一包多件",2.0,165.98
A1003984,2021/7/1,RF-19345,二级,华北,内蒙古,办公用品,装订机,Ibico,"Ibico 孔加固材料, 回收",21.0,75.0
A1003983,2021/7/1,CA-12055,一级,华东,福建,技术,设备,松下,"松下 收据打印机, 耐用",11.0,134.272
A1003989,2021/7/2,KH-16690,一级,华北,天津,办公用品,标签,Avery,"Avery 合法证物标签, 白色",8.0,146.544
A1003990,2021/7/2,KH-16690,一级,东北,吉林,技术,设备,StarTech,"StarTech 卡片打印机, 耐用",27.0,131.904
A1003991,2021/7/2,KH-16690,标准级,华东,山东,办公用品,标签,Harbour Creations,"Harbour Creations 可去除的标签, 可调",12.0,203.88
A1003991,2021/7/2,KH-16690,标准级,华东,山东,办公用品,装订机,Wilson Jones,"Wilson Jones 订书机, 透明",23.0,14.301
A1003994,2021/7/3,KH-16690,二级,西南,云南,家具,椅子,Safco,"SAFCO 摇椅, 黑色",12.0,718.64
A1003992,2021/7/3,LC-16960,标准级,中南,河南,办公用品,信封,Ames,"Ames 邮寄品, 银色",20.0,61.1
A1003992,2021/7/3,JL-15130,标准级,中南,河南,办公用品,系固件,Advantus,"Advantus 橡皮筋, 混合尺寸",36.0,28.08
A1003996,2021/7/3,DM-12955,标准级,华东,安徽,办公用品,纸张,SanDisk,"SanDisk 笔记本, 优质",20.0,10.496
A1003997,2021/7/3,MV-18190,标准级,西南,云南,办公用品,信封,GlobeWeis,"GlobeWeis 外皮和封条, 银色",28.0,39.92
A1003997,2021/7/3,NS-18640,标准级,西南,云南,办公用品,收纳具,Rogers,"Rogers 文件车, 金属",10.0,77.58
A1003997,2021/7/3,AS-10630,标准级,西南,云南,办公用品,美术,Binney & Smith,"Binney & Smith 荧光笔, 金属",8.0,269.36
A1003997,2021/7/3,MT-17815,标准级,西南,云南,家具,书架,Bush,"Bush 古典书架, 金属",12.0,5.76
A1003995,2021/7/3,SR-20425,标准级,华东,江西,办公用品,装订机,Acco,"Acco 装订机, 回收",23.0,109.9
A1003995,2021/7/3,DK-13375,标准级,华东,江西,技术,配件,Memorex,"Memorex 鼠标, 耐用",8.0,23.88
A1003993,2021/7/3,DK-13375,标准级,东北,吉林,办公用品,用品,Elite,"Elite 开信刀, 工业",8.0,26.2
A1003993,2021/7/3,DK-13375,标准级,东北,吉林,家具,椅子,Harbour Creations,"Harbour Creations 扶手椅, 每套两件",28.0,12.96
A1003998,2021/7/6,DK-13375,标准级,中南,湖南,家具,用具,Deflect-O,"Deflect-O 相框, 黑色",11.0,234.95
A1003998,2021/7/6,SV-20935,标准级,中南,湖南,技术,配件,Enermax,"Enermax 记忆卡, 可编程",8.0,118.25
A1004004,2021/7/7,SV-20935,二级,中南,广西,办公用品,装订机,Cardinal,"Cardinal 订书机, 透明",12.0,4.28
A1004000,2021/7/7,RH-19510,一级,东北,吉林,办公用品,用品,Elite,"Elite 剪刀, 蓝色",10.0,26.85
A1004000,2021/7/7,RH-19510,一级,东北,吉林,技术,电话,三星,"三星 耳机, 整包",25.0,3357.6
A1004003,2021/7/7,SB-20185,标准级,华东,山东,办公用品,器具,Hoover,"Hoover 炉灶, 黑色",18.0,8.26
A1004002,2021/7/7,SB-20185,标准级,中南,广西,家具,椅子,Harbour Creations,"Harbour Creations 椅垫, 可调",3.0,2973.32
A1004001,2021/7/7,SB-20185,标准级,华北,山西,家具,椅子,Safco,"SAFCO 折叠椅, 黑色",20.0,104.79
A1003999,2021/7/7,SB-20185,标准级,中南,广东,办公用品,器具,Breville,"Breville 冰箱, 红色",17.0,775.728
A1003999,2021/7/7,CR-12820,标准级,中南,广东,办公用品,装订机,Avery,"Avery 订书机, 实惠",29.0,89.0664
A1004005,2021/7/7,CR-12820,标准级,东北,黑龙江,技术,配件,贝尔金,"贝尔金 鼠标, 实惠",23.0,175.44
A1004007,2021/7/8,CR-12820,标准级,东北,辽宁,办公用品,系固件,Stockwell,"Stockwell 橡皮筋, 金属",9.0,438.336
A1004007,2021/7/8,EG-13900,标准级,东北,辽宁,家具,椅子,Novimex,"Novimex 扶手椅, 红色",12.0,215.544
A1004006,2021/7/8,RD-19930,二级,华东,浙江,技术,复印机,惠普,"惠普 墨水, 每套两件",30.0,55.584
A1004008,2021/7/8,RD-19930,标准级,西南,重庆,办公用品,收纳具,Tenex,"Tenex 盒, 单宽度",18.0,127.386
A1004010,2021/7/9,JM-15865,标准级,西南,四川,办公用品,标签,Novimex,"Novimex 有色标签, 耐用",4.0,248.43
A1004009,2021/7/9,JM-15865,标准级,华东,江西,办公用品,装订机,Ibico,"Ibico 装订机盖, 实惠",2.0,11.648
A1004009,2021/7/9,JM-15865,标准级,华东,江西,办公用品,装订机,Wilson Jones,"Wilson Jones 孔加固材料, 实惠",19.0,85.246
A1004009,2021/7/9,LW-16825,标准级,华东,江西,技术,复印机,Hewlett,"Hewlett 个人复印机, 红色",6.0,20.64
A1004014,2021/7/10,RW-19540,标准级,中南,广西,办公用品,器具,KitchenAid,"KitchenAid 炉灶, 黑色",26.0,148.02
A1004014,2021/7/10,BG-11695,标准级,中南,广西,办公用品,美术,BIC,"BIC 速写本, 蓝色",20.0,33.29
A1004012,2021/7/10,TT-21220,标准级,东北,辽宁,家具,书架,Dania,"Dania 书库, 金属",35.0,204.95
A1004014,2021/7/10,EB-13930,标准级,中南,广西,家具,用具,Tenex,"Tenex 门挡, 优质",35.0,526.344
A1004012,2021/7/10,LP-17080,标准级,东北,辽宁,技术,配件,SanDisk,"SanDisk 路由器, 回收",25.0,41.96
A1004012,2021/7/10,LP-17080,标准级,东北,辽宁,技术,配件,罗技,"罗技 路由器, 回收",14.0,451.152
A1004013,2021/7/10,LP-17080,标准级,中南,广东,办公用品,纸张,SanDisk,"SanDisk 备忘录便条, 回收",11.0,31.504
A1004011,2021/7/10,FP-14320,标准级,西南,云南,技术,设备,柯尼卡,"柯尼卡 收据打印机, 白色",38.0,30.672
A1004016,2021/7/11,FP-14320,标准级,华东,江西,技术,配件,Enermax,"Enermax 键盘, 耐用",20.0,1079.976
A1004015,2021/7/11,JA-15970,标准级,西南,四川,办公用品,收纳具,Smead,"Smead 锁柜, 工业",38.0,161.568
A1004018,2021/7/13,TS-21655,二级,华东,山东,家具,椅子,Safco,"SAFCO 折叠椅, 红色",14.0,2.934
A1004017,2021/7/13,TS-21655,标准级,华东,浙江,办公用品,系固件,OIC,"OIC 夹子, 整包",9.0,18.528
A1004017,2021/7/13,TS-21655,标准级,华东,浙江,办公用品,装订机,Cardinal,"Cardinal 孔加固材料, 耐用",33.0,670.752
A1004017,2021/7/13,DP-13000,标准级,华东,浙江,家具,椅子,Novimex,"Novimex 摇椅, 可调",8.0,64.96
A1004019,2021/7/14,JD-15895,当日,中南,河南,办公用品,装订机,Cardinal,"Cardinal 装订机盖, 实惠",26.0,41.94
A1004023,2021/7/14,JD-15895,一级,中南,广西,办公用品,系固件,Stockwell,"Stockwell 图钉, 每包 12 个",6.0,11.96
A1004023,2021/7/14,JD-15895,一级,中南,广西,办公用品,纸张,Green Bar,"Green Bar 计划信息表, 优质",16.0,13.12
A1004023,2021/7/14,JD-15895,一级,中南,广西,家具,椅子,Office Star,"Office Star 椅垫, 每套两件",12.0,535.41
A1004023,2021/7/14,GH-14485,一级,中南,广西,家具,用具,Eldon,"Eldon 分层置放架, 一包多件",10.0,72.78
A1004023,2021/7/14,RD-19585,一级,中南,广西,技术,电话,摩托罗拉,"摩托罗拉 充电器, 整包",35.0,36.84
A1004020,2021/7/14,RD-19585,二级,华北,河北,办公用品,美术,Sanford,"Sanford 荧光笔, 整包",8.0,87.71
A1004021,2021/7/14,CS-12490,标准级,华东,山东,技术,电话,苹果,"苹果 办公室电话机, 全尺寸",25.0,562.2925
A1004022,2021/7/14,BF-11215,标准级,华北,山西,办公用品,用品,Fiskars,"Fiskars 修剪器, 工业",20.0,56.52
A1004022,2021/7/14,NK-18490,标准级,华北,山西,家具,椅子,Novimex,"Novimex 凳子, 黑色",28.0,11.264
A1004025,2021/7/15,NK-18490,标准级,华东,山东,家具,书架,Dania,"Dania 书库, 金属",11.0,284.08
A1004026,2021/7/15,NK-18490,标准级,东北,黑龙江,办公用品,器具,Hamilton Beach,"Hamilton Beach 烤面包机, 黑色",8.0,18.496
A1004024,2021/7/15,AZ-10750,标准级,华北,内蒙古,技术,电话,思科,"思科 充电器, 混合尺寸",7.0,14.73
A1004027,2021/7/16,AZ-10750,一级,中南,广东,家具,椅子,Novimex,"Novimex 扶手椅, 可调",15.0,186.54
A1004029,2021/7/16,AZ-10750,一级,中南,河南,办公用品,系固件,Accos,"Accos 橡皮筋, 每包 12 个",33.0,557.728
A1004031,2021/7/16,AZ-10750,一级,东北,黑龙江,办公用品,系固件,Stockwell,"Stockwell 图钉, 每包 12 个",5.0,159.968
A1004028,2021/7/16,Co-12640,标准级,华东,山东,办公用品,纸张,施乐,"施乐 计划信息表, 多色",5.0,471.9
A1004028,2021/7/16,Co-12640,标准级,华东,山东,家具,用具,Deflect-O,"Deflect-O 相框, 耐用",22.0,3.52
A1004030,2021/7/16,AG-10675,标准级,西南,重庆,办公用品,收纳具,Tenex,"Tenex 盘, 蓝色",30.0,49.12
A1004036,2021/7/17,EM-14140,二级,华北,北京,办公用品,装订机,Cardinal,"Cardinal 标签, 回收",16.0,20.16
A1004033,2021/7/17,CA-11965,标准级,东北,黑龙江,办公用品,标签,Novimex,"Novimex 有色标签, 红色",8.0,10.68
A1004035,2021/7/17,CA-11965,二级,华东,山东,家具,椅子,Hon,"Hon 摇椅, 黑色",8.0,141.96
A1004033,2021/7/17,RB-19360,标准级,东北,黑龙江,家具,椅子,Hon,"Hon 扶手椅, 每套两件",12.0,32.48
A1004037,2021/7/17,RB-19360,标准级,东北,吉林,技术,电话,思科,"思科 智能手机, 蓝色",34.0,20.04
A1004034,2021/7/17,RB-19360,标准级,西北,甘肃,办公用品,纸张,SanDisk,"SanDisk 计划信息表, 每包 12 个",16.0,13999.96
A1004034,2021/7/17,RD-19720,标准级,西北,甘肃,技术,配件,Memorex,"Memorex 记忆卡, 实惠",19.0,238.0
A1004032,2021/7/17,RD-19720,标准级,华东,安徽,家具,书架,宜家,"宜家 搁架, 金属",19.0,61.96
A1004040,2021/7/18,MS-17830,当日,东北,吉林,办公用品,标签,Avery,"Avery 运输标签, 可调",8.0,239.372
A1004038,2021/7/18,PG-18820,标准级,西南,重庆,办公用品,装订机,Acco,"Acco 装订机, 实惠",11.0,595.0
A1004039,2021/7/18,KB-16240,标准级,东北,吉林,技术,复印机,Hewlett,"Hewlett 个人复印机, 每套两件",34.0,16.032
A1004043,2021/7/20,RB-19465,一级,华北,北京,办公用品,美术,Boston,"Boston 记号笔, 整包",22.0,199.75
A1004043,2021/7/20,JD-15790,一级,华北,北京,办公用品,装订机,Wilson Jones,"Wilson Jones 打孔机, 耐用",17.0,227.96
A1004045,2021/7/20,JJ-15445,二级,华东,山东,办公用品,用品,Acme,"Acme 美工刀, 钢",12.0,293.52
A1004041,2021/7/20,JJ-15445,二级,西南,云南,办公用品,装订机,Wilson Jones,"Wilson Jones 装订机, 实惠",20.0,307.98
A1004047,2021/7/20,LT-17110,二级,华东,福建,办公用品,美术,BIC,"BIC 荧光笔, 蓝色",21.0,96.96
A1004047,2021/7/20,LT-17110,二级,华东,福建,办公用品,美术,Binney & Smith,"Binney & Smith 记号笔, 整包",6.0,117.488
A1004045,2021/7/20,LT-17110,二级,华东,山东,家具,用具,Eldon,"Eldon 门挡, 优质",15.0,11.952
A1004043,2021/7/20,LT-17110,一级,华北,北京,技术,设备,柯尼卡,"柯尼卡 喷墨打印机, 耐用",37.0,512.499
A1004046,2021/7/20,AH-10690,标准级,华东,浙江,办公用品,纸张,Enermax,"Enermax 令, 优质",24.0,863.128
A1004046,2021/7/20,AB-10060,标准级,华东,浙江,办公用品,装订机,Acco,"Acco 标签, 实惠",9.0,2036.86
A1004044,2021/7/20,AB-10060,标准级,中南,广东,办公用品,信封,Kraft,"Kraft 局间信封, 红色",17.0,449.568
A1004042,2021/7/20,AB-10060,标准级,东北,辽宁,家具,椅子,Novimex,"Novimex 椅垫, 红色",6.0,108.96
A1004042,2021/7/20,FM-14380,标准级,东北,辽宁,技术,电话,三星,"三星 耳机, 蓝色",20.0,264.18
A1004044,2021/7/20,GH-14410,标准级,中南,广东,技术,电话,摩托罗拉,"摩托罗拉 办公室电话机, 混合尺寸",19.0,2.88
A1004052,2021/7/21,GH-14410,当日,华东,山东,办公用品,用品,Fiskars,"Fiskars 大剪刀, 蓝色",37.0,41.904
A1004052,2021/7/21,GH-14410,当日,华东,山东,办公用品,系固件,OIC,"OIC 橡皮筋, 混合尺寸",6.0,23.92
A1004052,2021/7/21,HE-14800,当日,华东,山东,办公用品,美术,Stanley,"Stanley 铅笔刀, 混合尺寸",10.0,156.512
A1004052,2021/7/21,SZ-20035,当日,华东,山东,技术,电话,摩托罗拉,"摩托罗拉 充电器, 全尺寸",16.0,128.34
A1004050,2021/7/21,CM-12115,一级,西南,重庆,办公用品,装订机,Acco,"Acco 标签, 回收",21.0,474.95
A1004050,2021/7/21,TG-21310,一级,西南,重庆,技术,电话,诺基亚,"诺基亚 充电器, 整包",27.0,999.98
A1004050,2021/7/21,DK-12985,一级,西南,重庆,技术,配件,贝尔金,"贝尔金 鼠标, 可编程",16.0,277.5
A1004051,2021/7/21,SS-20410,一级,西南,重庆,技术,复印机,夏普,"夏普 墨水, 彩色",35.0,1252.704
A1004049,2021/7/21,SS-20410,标准级,中南,广东,办公用品,美术,BIC,"BIC 画布, 整包",25.0,110.97
A1004053,2021/7/21,BM-11575,二级,中南,湖南,办公用品,信封,Kraft,"Kraft 马尼拉纸信封, 红色",12.0,22.608
A1004048,2021/7/21,BM-11575,标准级,中南,湖北,办公用品,美术,Stanley,"Stanley 画布, 金属",4.0,1.892
A1004049,2021/7/21,MY-17380,标准级,中南,广东,家具,书架,Sauder,"Sauder 书架, 金属",17.0,63.312
A1004053,2021/7/21,AG-10900,二级,中南,湖南,技术,复印机,Hewlett,"Hewlett 传真复印机, 数字化",9.0,7.824
A1004053,2021/7/21,AG-10900,二级,中南,湖南,技术,电话,思科,"思科 耳机, 整包",12.0,170.072
A1004053,2021/7/21,BW-11110,二级,中南,湖南,技术,设备,爱普生,"爱普生 收据打印机, 红色",8.0,62.82
A1004055,2021/7/22,SG-20470,一级,华北,河北,办公用品,信封,Ames,"Ames 搭扣信封, 每套 50 个",33.0,19.44
A1004055,2021/7/22,SG-20470,一级,华北,河北,家具,椅子,Harbour Creations,"Harbour Creations 凳子, 可调",32.0,7.38
A1004054,2021/7/22,CC-12370,标准级,华东,山东,办公用品,系固件,Stockwell,"Stockwell 按钉, 混合尺寸",22.0,38.88
A1004056,2021/7/22,CC-12370,标准级,中南,河南,办公用品,系固件,Advantus,"Advantus 夹子, 混合尺寸",5.0,187.76
A1004056,2021/7/22,LR-16915,标准级,中南,河南,办公用品,系固件,Stockwell,"Stockwell 按钉, 每包 12 个",16.0,6.048
A1004056,2021/7/22,LR-16915,标准级,中南,河南,办公用品,装订机,Cardinal,"Cardinal 孔加固材料, 耐用",34.0,98.352
A1004056,2021/7/22,LR-16915,标准级,中南,河南,技术,设备,爱普生,"爱普生 喷墨打印机, 红色",5.0,335.744
A1004056,2021/7/22,DB-13120,标准级,中南,河南,技术,配件,SanDisk,"SanDisk 记忆卡, 回收",4.0,8.96
A1004057,2021/7/23,LP-17095,二级,华东,福建,办公用品,信封,Kraft,"Kraft 邮寄品, 银色",13.0,89.568
A1004057,2021/7/23,LP-17095,二级,华东,福建,办公用品,收纳具,Eldon,"Eldon 盒, 金属",13.0,71.96
A1004057,2021/7/23,LP-17095,二级,华东,福建,办公用品,装订机,Acco,"Acco 装订机盖, 回收",4.0,15.552
A1004058,2021/7/23,AF-10870,标准级,东北,黑龙江,办公用品,系固件,Stockwell,"Stockwell 图钉, 整包",12.0,10.43
A1004058,2021/7/23,AF-10870,标准级,东北,黑龙江,家具,书架,宜家,"宜家 书库, 黑色",4.0,72.784
A1004061,2021/7/24,KD-16495,一级,中南,广东,技术,配件,贝尔金,"贝尔金 键区, 可编程",17.0,67.15
A1004060,2021/7/24,KD-16495,一级,中南,河南,办公用品,系固件,Accos,"Accos 图钉, 整包",21.0,549.98
A1004060,2021/7/24,KD-16495,一级,中南,河南,办公用品,装订机,Cardinal,"Cardinal 标签, 耐用",11.0,11.82
A1004059,2021/7/24,KD-16495,标准级,西南,云南,办公用品,标签,Avery,"Avery 合法证物标签, 红色",8.0,4643.8
A1004062,2021/7/25,KD-16495,标准级,华东,安徽,办公用品,器具,Hamilton Beach,"Hamilton Beach 咖啡研磨机, 白色",10.0,577.764
A1004062,2021/7/25,SA-20830,标准级,华东,安徽,家具,用具,Advantus,"Advantus 相框, 耐用",8.0,191.5155
A1004063,2021/7/26,SA-20830,二级,东北,黑龙江,办公用品,收纳具,Tenex,"Tenex 盘, 单宽度",36.0,2.624
A1004063,2021/7/26,BG-11035,二级,东北,黑龙江,办公用品,用品,Fiskars,"Fiskars 尺子, 钢",8.0,1369.764
A1004063,2021/7/26,BG-11035,二级,东北,黑龙江,家具,椅子,Office Star,"Office Star 凳子, 可调",7.0,294.368
A1004066,2021/7/27,DM-12955,一级,华东,福建,家具,椅子,Harbour Creations,"Harbour Creations 椅垫, 每套两件",8.0,81.568
A1004066,2021/7/27,MC-17845,一级,华东,福建,技术,复印机,Brother,"Brother 传真复印机, 红色",19.0,44.46
A1004066,2021/7/27,MC-17845,一级,华东,福建,技术,电话,摩托罗拉,"摩托罗拉 音频基座, 蓝色",8.0,314.088
A1004067,2021/7/27,ML-17395,二级,华东,山东,办公用品,信封,Ames,"Ames 马尼拉纸信封, 每套 50 个",9.0,6.336
A1004067,2021/7/27,ML-17395,二级,华东,山东,办公用品,器具,Breville,"Breville 炉灶, 白色",24.0,10.48
A1004067,2021/7/27,ML-17395,二级,华东,山东,办公用品,装订机,Avery,"Avery 订书机, 透明",9.0,2.469
A1004065,2021/7/27,ML-17395,标准级,华北,天津,办公用品,装订机,Cardinal,"Cardinal 装订机, 透明",7.0,3.264
A1004064,2021/7/27,RD-19930,标准级,华北,天津,家具,桌子,Bevis,"Bevis 圆桌, 黑色",23.0,4.344
A1004064,2021/7/27,RD-19930,标准级,华北,天津,家具,椅子,Hon,"Hon 椅垫, 每套两件",20.0,31.776
A1004069,2021/7/28,RD-19930,二级,中南,湖北,办公用品,器具,KitchenAid,"KitchenAid 微波炉, 银色",5.0,4.928
A1004069,2021/7/28,RD-19930,二级,中南,湖北,办公用品,标签,Smead,"Smead 有色标签, 可调",26.0,1.788
A1004069,2021/7/28,RD-19930,二级,中南,湖北,办公用品,装订机,Acco,"Acco 打孔机, 透明",12.0,15.072
A1004068,2021/7/28,AB-10015,标准级,华东,上海,家具,用具,Tenex,"Tenex 分层置放架, 耐用",12.0,12.624
A1004070,2021/7/29,EA-14035,二级,华北,山西,办公用品,用品,Elite,"Elite 开信刀, 钢",5.0,185.88
A1004070,2021/7/29,EA-14035,二级,华北,山西,家具,椅子,Safco,"SAFCO 凳子, 黑色",12.0,12.96
A1004070,2021/7/29,SF-20065,二级,华北,山西,技术,配件,贝尔金,"贝尔金 闪存驱动器, 可编程",40.0,189.7
A1004075,2021/7/30,SF-20065,一级,东北,吉林,家具,椅子,Harbour Creations,"Harbour Creations 摇椅, 每套两件",6.0,40.99
A1004075,2021/7/30,BC-11125,一级,东北,吉林,技术,电话,三星,"三星 办公室电话机, 全尺寸",39.0,82.64
A1004074,2021/7/30,BC-11125,标准级,东北,黑龙江,办公用品,器具,Hamilton Beach,"Hamilton Beach 搅拌机, 白色",13.0,31.02
A1004073,2021/7/30,BC-11125,标准级,华北,内蒙古,办公用品,标签,Avery,"Avery 文件夹标签, 白色",5.0,89.97
A1004073,2021/7/30,PF-19165,标准级,华北,内蒙古,办公用品,美术,Sanford,"Sanford 铅笔刀, 整包",10.0,35.97
A1004072,2021/7/30,PF-19165,标准级,华北,河北,技术,电话,摩托罗拉,"摩托罗拉 音频基座, 整包",10.0,1266.86
A1004071,2021/7/30,SE-20110,标准级,西南,四川,技术,配件,Enermax,"Enermax 键盘, 回收",12.0,169.45
A1004076,2021/7/31,SE-20110,一级,华东,福建,办公用品,标签,Avery,"Avery 可去除的标签, 白色",12.0,40.68
A1004076,2021/7/31,CJ-12010,一级,华东,福建,技术,配件,Enermax,"Enermax 键盘, 耐用",8.0,3.328
A1004077,2021/7/31,CJ-12010,二级,东北,吉林,办公用品,信封,Kraft,"Kraft 搭扣信封, 回收",7.0,933.262
A1004078,2021/7/31,CJ-12010,二级,华北,河北,办公用品,信封,Ames,"Ames 局间信封, 银色",11.0,2803.92
A1004078,2021/7/31,PT-19090,二级,华北,河北,办公用品,收纳具,Tenex,"Tenex 锁柜, 金属",34.0,4.768
A1004078,2021/7/31,PT-19090,二级,华北,河北,办公用品,纸张,SanDisk,"SanDisk 笔记本, 每包 12 个",36.0,6.672
A1004078,2021/7/31,PT-19090,二级,华北,河北,办公用品,装订机,Acco,"Acco 打孔机, 实惠",23.0,4.448
A1004078,2021/7/31,PT-19090,二级,华北,河北,家具,书架,Sauder,"Sauder 书架, 传统",6.0,43.936
A1004081,2021/8/1,LH-16900,二级,中南,河南,办公用品,标签,Avery,"Avery 合法证物标签, 红色",17.0,23.744
A1004081,2021/8/1,LH-16900,二级,中南,河南,家具,书架,Bush,"Bush 古典书架, 黑色",8.0,357.0
A1004081,2021/8/1,BW-11200,二级,中南,河南,家具,椅子,Harbour Creations,"Harbour Creations 椅垫, 可调",32.0,806.336
A1004081,2021/8/1,BW-11200,二级,中南,河南,家具,椅子,Safco,"SAFCO 折叠椅, 黑色",4.0,85.44
A1004082,2021/8/1,BS-11365,标准级,华北,河北,办公用品,系固件,OIC,"OIC 按钉, 整包",14.0,344.91
A1004082,2021/8/1,DP-13390,标准级,华北,河北,家具,书架,Sauder,"Sauder 墙角架, 白色",8.0,70.97
A1004080,2021/8/1,DP-13390,标准级,中南,广东,家具,用具,Rubbermaid,"Rubvermaid 灯泡, 一包多件",5.0,36.784
A1004080,2021/8/1,CS-12400,标准级,中南,广东,技术,电话,诺基亚,"诺基亚 办公室电话机, 混合尺寸",13.0,743.988
A1004079,2021/8/1,MS-17365,标准级,华东,上海,技术,复印机,惠普,"惠普 无线传真机, 彩色",21.0,11.212
A1004091,2021/8/3,MS-17365,当日,华北,天津,办公用品,信封,Kraft,"Kraft 搭扣信封, 回收",12.0,4.712
A1004091,2021/8/3,MS-17365,当日,华北,天津,办公用品,纸张,Green Bar,"Green Bar 令, 多色",30.0,180.98
A1004089,2021/8/3,MS-17365,二级,中南,广东,办公用品,收纳具,Rogers,"Rogers 文件车, 蓝色",26.0,60.416
A1004083,2021/8/3,DK-12895,二级,中南,广东,技术,配件,贝尔金,"贝尔金 键盘, 可编程",5.0,299.99
A1004095,2021/8/3,DK-12895,一级,中南,广东,办公用品,标签,Smead,"Smead 有色标签, 白色",36.0,192.16
A1004095,2021/8/3,DK-12895,一级,中南,广东,办公用品,装订机,Cardinal,"Cardinal 孔加固材料, 透明",36.0,242.624
A1004088,2021/8/3,DK-12895,二级,华北,山西,技术,电话,摩托罗拉,"摩托罗拉 办公室电话机, 蓝色",5.0,46.74
A1004088,2021/8/3,DK-12895,二级,华北,山西,技术,配件,罗技,"罗技 记忆卡, 实惠",25.0,174.95
A1004087,2021/8/3,DK-12895,标准级,华北,山西,办公用品,收纳具,Eldon,"Eldon 搁板, 蓝色",4.0,100.704
A1004090,2021/8/3,SN-20560,二级,华东,福建,办公用品,收纳具,Rogers,"Rogers 盒, 蓝色",13.0,368.91
A1004090,2021/8/3,SN-20560,二级,华东,福建,办公用品,标签,Hon,"Hon 有色标签, 白色",2.0,8.02
A1004084,2021/8/3,SN-20560,标准级,华东,江苏,办公用品,装订机,Avery,"Avery 订书机, 回收",28.0,171.04
A1004094,2021/8/3,TC-21475,二级,中南,河南,办公用品,纸张,Enermax,"Enermax 笔记本, 每包 12 个",15.0,19.44
A1004092,2021/8/3,AM-10705,标准级,华东,浙江,办公用品,美术,Stanley,"Stanley 荧光笔, 蓝色",19.0,13.092
A1004085,2021/8/3,AJ-10960,标准级,华北,天津,办公用品,信封,Ames,"Ames 邮寄品, 银色",20.0,122.94
A1004085,2021/8/3,AJ-10960,标准级,华北,天津,家具,桌子,Barricks,"Barricks 咖啡桌, 长方形",20.0,35.448
A1004096,2021/8/3,KH-16360,标准级,东北,吉林,办公用品,收纳具,Eldon,"Eldon 文件车, 金属",33.0,19.98
A1004096,2021/8/3,LP-17095,标准级,东北,吉林,办公用品,收纳具,Tenex,"Tenex 文件夹, 蓝色",20.0,69.375
A1004086,2021/8/3,LP-17095,标准级,中南,广东,办公用品,收纳具,Smead,"Smead 文件车, 金属",14.0,31.68
A1004093,2021/8/3,LP-17095,标准级,中南,广西,办公用品,装订机,Wilson Jones,"Wilson Jones 订书机, 透明",12.0,2003.168
A1004086,2021/8/3,LP-17095,标准级,中南,广东,家具,用具,Eldon,"Eldon 分层置放架, 优质",31.0,9.344
A1004097,2021/8/4,JE-15715,一级,华东,福建,办公用品,收纳具,Fellowes,"Fellowes 搁板, 金属",5.0,2563.056
A1004097,2021/8/4,MY-18295,一级,华东,福建,办公用品,纸张,Enermax,"Enermax 信纸, 回收",4.0,387.136
A1004097,2021/8/4,FC-14245,一级,华东,福建,技术,复印机,惠普,"惠普 墨水, 彩色",12.0,3.424
A1004105,2021/8/4,ND-18460,二级,华东,山东,办公用品,信封,Kraft,"Kraft 邮寄品, 每套 50 个",38.0,1085.42
A1004105,2021/8/4,DB-13360,二级,华东,山东,办公用品,美术,Sanford,"Sanford 钢笔, 混合尺寸",7.0,43.056
A1004105,2021/8/4,LC-16960,二级,华东,山东,办公用品,装订机,Ibico,"Ibico 标签, 耐用",21.0,3.762
A1004103,2021/8/4,LC-16960,一级,东北,吉林,家具,桌子,Hon,"Hon 咖啡桌, 长方形",11.0,34.86
A1004105,2021/8/4,LC-16960,二级,华东,山东,技术,电话,苹果,"苹果 智能手机, 整包",12.0,432.456
A1004099,2021/8/4,BD-11725,标准级,东北,黑龙江,办公用品,用品,Fiskars,"Fiskars 大剪刀, 锯齿状",40.0,675.06
A1004099,2021/8/4,MC-17605,标准级,东北,黑龙江,办公用品,美术,Binney & Smith,"Binney & Smith 记号笔, 金属",11.0,65.232
A1004100,2021/8/4,MC-17605,标准级,中南,海南,办公用品,收纳具,Smead,"Smead 盘, 蓝色",3.0,207.0
A1004106,2021/8/4,SZ-20035,标准级,东北,辽宁,办公用品,美术,Boston,"Boston 钢笔, 整包",8.0,600.53
A1004102,2021/8/4,SZ-20035,标准级,西南,云南,办公用品,器具,Breville,"Breville 冰箱, 银色",14.0,59.904
A1004102,2021/8/4,SZ-20035,标准级,西南,云南,办公用品,收纳具,Rogers,"Rogers 搁板, 工业",36.0,637.44
A1004102,2021/8/4,SZ-20035,标准级,西南,云南,办公用品,系固件,Advantus,"Advantus 按钉, 金属",18.0,51.756
A1004099,2021/8/4,DH-13675,标准级,东北,黑龙江,家具,桌子,Barricks,"Barricks 木桌, 黑色",5.0,31.104
A1004104,2021/8/4,DH-13675,标准级,西南,四川,家具,椅子,Harbour Creations,"Harbour Creations 摇椅, 红色",26.0,47.96
A1004104,2021/8/4,DH-13675,标准级,西南,四川,家具,椅子,Office Star,"Office Star 扶手椅, 黑色",4.0,158.928
A1004099,2021/8/4,DH-13675,标准级,东北,黑龙江,技术,设备,冲电器,"冲电器 计算器, 耐用",3.0,211.248
A1004102,2021/8/4,DH-13675,标准级,西南,云南,技术,配件,SanDisk,"SanDisk 鼠标, 耐用",8.0,5.552
A1004101,2021/8/4,DH-13675,标准级,中南,广西,办公用品,器具,Breville,"Breville 微波炉, 白色",6.0,2.952
A1004107,2021/8/4,LC-16885,标准级,华东,浙江,办公用品,标签,Avery,"Avery 文件夹标签, 耐用",7.0,10.332
A1004107,2021/8/4,JO-15145,标准级,华东,浙江,办公用品,装订机,Acco,"Acco 打孔机, 实惠",18.0,18.368
A1004098,2021/8/4,MT-17815,标准级,华北,河北,家具,椅子,Safco,"SAFCO 沙滩椅, 红色",12.0,299.9
A1004118,2021/8/5,EB-13750,当日,华东,安徽,办公用品,信封,Ames,"Ames 邮寄品, 每套 50 个",32.0,26.55
A1004118,2021/8/5,EB-13750,当日,华东,安徽,办公用品,标签,Harbour Creations,"Harbour Creations 合法证物标签, 耐用",14.0,111.98
A1004118,2021/8/5,RS-19765,当日,华东,安徽,办公用品,系固件,Stockwell,"Stockwell 按钉, 每包 12 个",8.0,4.928
A1004117,2021/8/5,RS-19765,当日,中南,湖南,办公用品,装订机,Acco,"Acco 装订机盖, 回收",7.0,11.784
A1004117,2021/8/5,RB-19435,当日,中南,湖南,办公用品,装订机,Avery,"Avery 标签, 耐用",12.0,7.98
A1004117,2021/8/5,OT-18730,当日,中南,湖南,技术,配件,贝尔金,"贝尔金 记忆卡, 可编程",36.0,180.96
A1004115,2021/8/5,GZ-14545,一级,中南,河南,办公用品,系固件,Stockwell,"Stockwell 订书钉, 混合尺寸",12.0,1649.95
A1004110,2021/8/5,GZ-14545,二级,西南,四川,办公用品,美术,Sanford,"Sanford 钢笔, 整包",21.0,362.352
A1004110,2021/8/5,NL-18310,二级,西南,四川,家具,书架,Bush,"Bush 书架, 金属",31.0,73.584
A1004110,2021/8/5,BG-11740,二级,西南,四川,家具,桌子,Bevis,"Bevis 木桌, 黑色",4.0,486.368
A1004110,2021/8/5,MT-18070,二级,西南,四川,家具,椅子,Hon,"Hon 摇椅, 黑色",32.0,32.4
A1004109,2021/8/5,MT-18070,标准级,中南,广东,办公用品,器具,Hoover,"Hoover 炉灶, 红色",8.0,41.86
A1004112,2021/8/5,MT-18070,标准级,东北,吉林,办公用品,信封,GlobeWeis,"GlobeWeis 局间信封, 每套 50 个",27.0,77.56
A1004112,2021/8/5,BC-11125,标准级,东北,吉林,办公用品,收纳具,Rogers,"Rogers 搁板, 单宽度",17.0,37.17
A1004112,2021/8/5,GW-14605,标准级,东北,吉林,办公用品,装订机,Ibico,"Ibico 打孔机, 耐用",29.0,137.352
A1004112,2021/8/5,GW-14605,标准级,东北,吉林,技术,配件,SanDisk,"SanDisk 记忆卡, 回收",15.0,376.509
A1004113,2021/8/5,BD-11500,二级,中南,湖南,办公用品,器具,Hamilton Beach,"Hamilton Beach 烤面包机, 黑色",37.0,62.72
A1004113,2021/8/5,BD-11500,二级,中南,湖南,办公用品,收纳具,Eldon,"Eldon 盒, 金属",20.0,2939.93
A1004113,2021/8/5,PV-18985,二级,中南,湖南,办公用品,收纳具,Tenex,"Tenex 文件夹, 工业",22.0,512.358
A1004113,2021/8/5,PV-18985,二级,中南,湖南,办公用品,标签,Hon,"Hon 文件夹标签, 可调",14.0,3.488
A1004113,2021/8/5,PV-18985,二级,中南,湖南,办公用品,标签,Novimex,"Novimex 运输标签, 可调",16.0,22.288
A1004113,2021/8/5,PV-18985,二级,中南,湖南,办公用品,标签,Novimex,"Novimex 运输标签, 白色",25.0,16.032
A1004113,2021/8/5,HM-14980,二级,中南,湖南,办公用品,用品,Kleencut,"Kleencut 剪刀, 蓝色",23.0,1.752
A1004108,2021/8/5,HM-14980,二级,华东,上海,办公用品,器具,KitchenAid,"KitchenAid 咖啡研磨机, 银色",37.0,20.992
A1004108,2021/8/5,EM-14065,二级,华东,上海,办公用品,美术,Binney & Smith,"Binney & Smith 钢笔, 混合尺寸",3.0,11.21
A1004113,2021/8/5,SF-20065,二级,中南,湖南,家具,椅子,Novimex,"Novimex 凳子, 可调",33.0,45.04
A1004113,2021/8/5,SC-20380,二级,中南,湖南,技术,电话,诺基亚,"诺基亚 充电器, 整包",17.0,15.624
A1004111,2021/8/5,ND-18370,标准级,华东,江西,办公用品,收纳具,Rogers,"Rogers 文件车, 单宽度",12.0,8.74
A1004111,2021/8/5,ND-18370,标准级,华东,江西,办公用品,用品,Kleencut,"Kleencut 剪刀, 蓝色",36.0,44.75
A1004111,2021/8/5,FC-14245,标准级,华东,江西,办公用品,系固件,Advantus,"Advantus 按钉, 混合尺寸",24.0,61.68
A1004111,2021/8/5,FC-14245,标准级,华东,江西,办公用品,装订机,Avery,"Avery 标签, 透明",10.0,158.376
A1004111,2021/8/5,KL-16555,标准级,华东,江西,办公用品,装订机,Ibico,"Ibico 孔加固材料, 回收",31.0,2.864
A1004111,2021/8/5,KL-16555,标准级,华东,江西,家具,桌子,Hon,"Hon 会议桌, 黑色",6.0,94.192
A1004111,2021/8/5,XP-21865,标准级,华东,江西,技术,配件,Enermax,"Enermax 闪存驱动器, 耐用",8.0,143.7
A1004116,2021/8/5,XP-21865,标准级,华东,江苏,办公用品,用品,Elite,"Elite 美工刀, 蓝色",6.0,6.48
A1004114,2021/8/5,FP-14320,标准级,中南,广东,办公用品,收纳具,Eldon,"Eldon 文件车, 蓝色",17.0,7.88
A1004122,2021/8/6,PS-18760,一级,华北,河北,办公用品,系固件,OIC,"OIC 回形针, 金属",5.0,11.21
A1004123,2021/8/6,PS-18760,二级,西北,甘肃,家具,书架,Sauder,"Sauder 书库, 白色",14.0,354.9
A1004119,2021/8/6,PS-18760,一级,中南,湖北,家具,椅子,Office Star,"Office Star 沙滩椅, 黑色",35.0,17.94
A1004120,2021/8/6,PS-18760,二级,中南,广东,办公用品,器具,Hamilton Beach,"Hamilton Beach 微波炉, 白色",12.0,51.8
A1004120,2021/8/6,CW-11905,二级,中南,广东,办公用品,美术,Boston,"Boston 记号笔, 混合尺寸",11.0,299.52
A1004120,2021/8/6,KH-16360,二级,中南,广东,办公用品,装订机,Wilson Jones,"Wilson Jones 打孔机, 耐用",6.0,7.7
A1004121,2021/8/6,TC-20980,标准级,中南,河南,办公用品,信封,Kraft,"Kraft 外皮和封条, 银色",35.0,23.92
A1004121,2021/8/6,TC-20980,标准级,中南,河南,家具,椅子,Safco,"SAFCO 扶手椅, 每套两件",39.0,498.0
A1004126,2021/8/7,YS-21880,二级,中南,广东,办公用品,系固件,Stockwell,"Stockwell 订书钉, 混合尺寸",31.0,436.704
A1004126,2021/8/7,CC-12220,二级,中南,广东,家具,书架,Bush,"Bush 书架, 传统",26.0,32.4
A1004124,2021/8/7,ZD-21925,标准级,华北,河北,办公用品,用品,Elite,"Elite 大剪刀, 锯齿状",37.0,61.44
A1004124,2021/8/7,JK-15370,标准级,华北,河北,办公用品,系固件,Stockwell,"Stockwell 回形针, 混合尺寸",38.0,73.36
A1004125,2021/8/7,GM-14440,标准级,华东,福建,办公用品,收纳具,Rogers,"Rogers 文件夹, 金属",9.0,59.2
A1004125,2021/8/7,GM-14440,标准级,华东,福建,办公用品,用品,Kleencut,"Kleencut 尺子, 锯齿状",33.0,32.952
A1004128,2021/8/7,GM-14440,二级,华东,安徽,办公用品,收纳具,Eldon,"Eldon 盘, 金属",27.0,218.376
A1004128,2021/8/7,JW-15220,二级,华东,安徽,技术,电话,苹果,"苹果 音频基座, 混合尺寸",8.0,31.4
A1004127,2021/8/7,JW-15220,标准级,西北,新疆,办公用品,标签,Avery,"Avery 合法证物标签, 白色",17.0,9.48
A1004127,2021/8/7,JW-15220,标准级,西北,新疆,办公用品,纸张,Eaton,"Eaton 计划信息表, 多色",13.0,209.5
A1004127,2021/8/7,JW-15220,标准级,西北,新疆,办公用品,装订机,Avery,"Avery 打孔机, 耐用",11.0,24.3
A1004127,2021/8/7,JW-15220,标准级,西北,新疆,技术,配件,Enermax,"Enermax 闪存驱动器, 回收",8.0,6.48
A1004127,2021/8/7,BO-11350,标准级,西北,新疆,技术,配件,Memorex,"Memorex 键盘, 可编程",30.0,32.448
A1004132,2021/8/8,BO-11350,当日,华东,山东,办公用品,器具,Cuisinart,"Cuisinart 咖啡研磨机, 白色",13.0,26.388
A1004132,2021/8/8,BO-11350,当日,华东,山东,办公用品,收纳具,Smead,"Smead 盘, 工业",30.0,373.47
A1004135,2021/8/8,BO-11350,标准级,中南,湖南,办公用品,器具,Breville,"Breville 烤面包机, 银色",18.0,64.2
A1004130,2021/8/8,BO-11350,标准级,华东,浙江,技术,设备,爱普生,"爱普生 卡片打印机, 多色",14.0,8.0
A1004133,2021/8/8,XP-21865,标准级,东北,黑龙江,办公用品,装订机,Cardinal,"Cardinal 打孔机, 实惠",7.0,186.54
A1004129,2021/8/8,MM-18055,标准级,华东,上海,技术,配件,Memorex,"Memorex 闪存驱动器, 可编程",21.0,87.08
A1004134,2021/8/8,MM-18055,标准级,中南,湖北,办公用品,器具,KitchenAid,"KitchenAid 咖啡研磨机, 黑色",9.0,105.584
A1004131,2021/8/8,MM-18055,标准级,华东,上海,办公用品,用品,Stiletto,"Stiletto 修剪器, 锯齿状",38.0,217.44
A1004134,2021/8/8,TS-21655,标准级,中南,湖北,家具,椅子,Novimex,"Novimex 折叠椅, 黑色",22.0,31.744
A1004131,2021/8/8,TS-21655,标准级,华东,上海,家具,椅子,Harbour Creations,"Harbour Creations 折叠椅, 黑色",5.0,5.432
A1004131,2021/8/8,TS-21655,标准级,华东,上海,技术,复印机,Brother,"Brother 复印机, 每套两件",24.0,913.43
A1004143,2021/8/10,TS-21655,一级,西南,四川,办公用品,装订机,Acco,"Acco 孔加固材料, 实惠",40.0,372.144
A1004138,2021/8/10,JL-15235,二级,东北,吉林,办公用品,美术,BIC,"BIC 钢笔, 金属",14.0,751.984
A1004136,2021/8/10,SZ-20035,二级,中南,河南,办公用品,信封,Cameo,"Cameo 外皮和封条, 每套 50 个",7.0,604.768
A1004136,2021/8/10,LR-17035,二级,中南,河南,办公用品,用品,Fiskars,"Fiskars 尺子, 蓝色",8.0,27.36
A1004137,2021/8/10,LR-17035,二级,华北,河北,办公用品,器具,Breville,"Breville 烤面包机, 黑色",33.0,20.56
A1004141,2021/8/10,LR-17035,标准级,西北,陕西,办公用品,标签,Harbour Creations,"Harbour Creations 合法证物标签, 白色",7.0,83.92
A1004142,2021/8/10,SV-20365,标准级,华东,上海,办公用品,纸张,Green Bar,"Green Bar 羊皮纸, 优质",7.0,902.712
A1004141,2021/8/10,MG-17890,标准级,西北,陕西,办公用品,美术,BIC,"BIC 钢笔, 整包",10.0,120.666
A1004139,2021/8/10,NC-18415,标准级,华东,上海,家具,椅子,Office Star,"Office Star 沙滩椅, 每套两件",20.0,4.984
A1004141,2021/8/10,SC-20680,标准级,西北,陕西,技术,配件,Enermax,"Enermax 记忆卡, 可编程",11.0,82.26
A1004141,2021/8/10,RO-19780,标准级,西北,陕西,技术,配件,Memorex,"Memorex 鼠标, 回收",22.0,29.74
A1004144,2021/8/10,JL-15175,标准级,中南,广西,办公用品,美术,Stanley,"Stanley 铅笔刀, 金属",23.0,87.36
A1004140,2021/8/10,JL-15175,标准级,中南,河南,办公用品,收纳具,Tenex,"Tenex 文件车, 金属",14.0,56.16
A1004140,2021/8/10,PW-19030,标准级,中南,河南,办公用品,用品,Elite,"Elite 剪刀, 工业",35.0,64.384
A1004140,2021/8/10,MF-18250,标准级,中南,河南,技术,复印机,Hewlett,"Hewlett 传真机, 每套两件",9.0,64.784
A1004147,2021/8/11,MF-18250,一级,东北,黑龙江,办公用品,标签,Novimex,"Novimex 运输标签, 耐用",38.0,15.552
A1004147,2021/8/11,MF-18250,一级,东北,黑龙江,办公用品,系固件,Accos,"Accos 夹子, 整包",12.0,223.888
A1004147,2021/8/11,CC-12220,一级,东北,黑龙江,家具,用具,Deflect-O,"Deflect-O 灯泡, 优质",16.0,10.896
A1004146,2021/8/11,AC-10660,标准级,中南,广东,办公用品,纸张,施乐,"施乐 计划信息表, 优质",18.0,84.784
A1004145,2021/8/11,MH-17440,标准级,东北,黑龙江,办公用品,纸张,施乐,"施乐 令, 每包 12 个",14.0,241.5
A1004148,2021/8/12,CD-12790,当日,华东,江苏,家具,椅子,Hon,"Hon 凳子, 每套两件",29.0,59.97
A1004153,2021/8/12,CD-12790,一级,华北,天津,办公用品,信封,Ames,"Ames 邮寄品, 红色",16.0,13.36
A1004149,2021/8/12,CV-12805,一级,华东,福建,办公用品,装订机,Ibico,"Ibico 打孔机, 耐用",39.0,11.808
A1004151,2021/8/12,TB-21625,一级,东北,吉林,家具,用具,Advantus,"Advantus 相框, 优质",18.0,16.24
A1004150,2021/8/12,TB-21625,标准级,东北,黑龙江,办公用品,信封,Ames,"Ames 邮寄品, 回收",13.0,77.55
A1004150,2021/8/12,DG-13300,标准级,东北,黑龙江,办公用品,收纳具,Eldon,"Eldon 锁柜, 单宽度",18.0,76.12
A1004150,2021/8/12,RD-19810,标准级,东北,黑龙江,办公用品,标签,Avery,"Avery 有色标签, 可调",11.0,17.184
A1004150,2021/8/12,CS-12250,标准级,东北,黑龙江,家具,书架,Sauder,"Sauder 书架, 传统",12.0,11.76
A1004150,2021/8/12,JB-16045,标准级,东北,黑龙江,家具,椅子,Novimex,"Novimex 扶手椅, 黑色",30.0,27.46
A1004150,2021/8/12,EJ-14155,标准级,东北,黑龙江,技术,复印机,佳能,"佳能 复印机, 数字化",31.0,137.94
A1004150,2021/8/12,EJ-14155,标准级,东北,黑龙江,技术,电话,摩托罗拉,"摩托罗拉 办公室电话机, 整包",4.0,111.15
A1004154,2021/8/12,EJ-14155,标准级,中南,河南,办公用品,装订机,Acco,"Acco 装订机盖, 实惠",28.0,901.95
A1004152,2021/8/12,EJ-14155,标准级,中南,广东,技术,复印机,惠普,"惠普 墨水, 红色",19.0,366.009
A1004159,2021/8/13,BD-11620,一级,华东,福建,办公用品,装订机,Cardinal,"Cardinal 孔加固材料, 透明",17.0,310.688
A1004159,2021/8/13,MR-17545,一级,华东,福建,家具,椅子,Hon,"Hon 椅垫, 黑色",16.0,7.68
A1004155,2021/8/13,SR-20425,标准级,华东,浙江,家具,书架,Sauder,"Sauder 古典书架, 传统",24.0,155.372
A1004156,2021/8/13,TH-21100,标准级,中南,广东,技术,设备,松下,"松下 喷墨打印机, 耐用",10.0,10.744
A1004158,2021/8/13,BD-11635,标准级,华东,江苏,办公用品,器具,Breville,"Breville 搅拌机, 红色",17.0,232.4
A1004157,2021/8/13,BD-11635,标准级,东北,辽宁,技术,配件,SanDisk,"SanDisk 记忆卡, 耐用",24.0,164.646
A1004160,2021/8/14,BD-11635,标准级,华北,河北,办公用品,纸张,Green Bar,"Green Bar 笔记本, 每包 12 个",38.0,22.68
A1004161,2021/8/14,SM-20950,标准级,华东,山东,家具,书架,Safco,"Safco 古典书架, 金属",20.0,105.52
A1004162,2021/8/15,HE-14800,一级,东北,吉林,办公用品,系固件,Stockwell,"Stockwell 按钉, 金属",26.0,83.92
A1004162,2021/8/15,HE-14800,一级,东北,吉林,办公用品,纸张,Green Bar,"Green Bar 信纸, 每包 12 个",37.0,141.9
A1004162,2021/8/15,HE-14800,一级,东北,吉林,办公用品,美术,BIC,"BIC 画布, 金属",18.0,39.98
A1004162,2021/8/15,HE-14800,一级,东北,吉林,家具,椅子,Office Star,"Office Star 扶手椅, 黑色",31.0,28.91
A1004162,2021/8/15,HE-14800,一级,东北,吉林,技术,复印机,夏普,"夏普 传真复印机, 数字化",8.0,174.95
A1004162,2021/8/15,JK-15640,一级,东北,吉林,技术,电话,思科,"思科 办公室电话机, 混合尺寸",6.0,110.528
A1004164,2021/8/15,ON-18715,一级,华北,内蒙古,办公用品,用品,Elite,"Elite 美工刀, 工业",12.0,630.024
A1004165,2021/8/15,TH-21100,标准级,华东,浙江,办公用品,信封,GlobeWeis,"GlobeWeis 局间信封, 回收",27.0,27.86
A1004165,2021/8/15,MD-17350,标准级,华东,浙江,办公用品,器具,Cuisinart,"Cuisinart 咖啡研磨机, 黑色",12.0,933.408
A1004163,2021/8/15,AH-10075,标准级,西南,重庆,家具,椅子,Safco,"SAFCO 摇椅, 红色",20.0,51.84
A1004163,2021/8/15,AH-10075,标准级,西南,重庆,技术,配件,SanDisk,"SanDisk 键盘, 实惠",30.0,165.6
A1004166,2021/8/16,ML-17755,标准级,华北,北京,办公用品,装订机,Cardinal,"Cardinal 订书机, 回收",30.0,106.32
A1004167,2021/8/16,LB-16795,标准级,中南,广西,办公用品,用品,Kleencut,"Kleencut 美工刀, 蓝色",12.0,147.92
A1004169,2021/8/17,LB-16795,二级,华东,山东,办公用品,信封,Ames,"Ames 搭扣信封, 红色",28.0,104.28
A1004169,2021/8/17,LB-16795,二级,华东,山东,家具,椅子,Safco,"SAFCO 椅垫, 每套两件",19.0,286.85
A1004172,2021/8/17,LB-16795,二级,东北,黑龙江,办公用品,收纳具,Fellowes,"Fellowes 盒, 单宽度",11.0,66.96
A1004172,2021/8/17,LB-16795,二级,东北,黑龙江,技术,设备,StarTech,"StarTech 打印机, 红色",20.0,199.98
A1004172,2021/8/17,NP-18670,二级,东北,黑龙江,技术,配件,Memorex,"Memorex 鼠标, 回收",11.0,45.0
A1004168,2021/8/17,NP-18670,标准级,中南,广东,技术,复印机,夏普,"夏普 传真机, 彩色",3.0,17.9
A1004176,2021/8/17,NP-18670,标准级,东北,黑龙江,办公用品,用品,Kleencut,"Kleencut 美工刀, 工业",17.0,40.48
A1004173,2021/8/17,NP-18670,标准级,华东,安徽,办公用品,收纳具,Fellowes,"Fellowes 文件夹, 单宽度",26.0,2154.9
A1004171,2021/8/17,EB-13750,标准级,华东,江西,技术,电话,诺基亚,"诺基亚 智能手机, 整包",16.0,18.432
A1004171,2021/8/17,RP-19390,标准级,华东,江西,技术,配件,SanDisk,"SanDisk 键区, 实惠",5.0,10.944
A1004170,2021/8/17,DC-12850,标准级,西南,重庆,办公用品,信封,Kraft,"Kraft 搭扣信封, 每套 50 个",8.0,4.36
A1004174,2021/8/17,DJ-13510,标准级,中南,广东,办公用品,标签,Smead,"Smead 有色标签, 白色",20.0,62.352
A1004174,2021/8/17,CL-12565,标准级,中南,广东,办公用品,美术,BIC,"BIC 铅笔刀, 整包",15.0,303.92
A1004174,2021/8/17,NC-18340,标准级,中南,广东,办公用品,装订机,Acco,"Acco 孔加固材料, 回收",15.0,129.3
A1004170,2021/8/17,KN-16450,标准级,西南,重庆,家具,用具,Deflect-O,"Deflect-O 相框, 一包多件",26.0,274.2
A1004175,2021/8/17,SC-20260,标准级,东北,吉林,办公用品,系固件,OIC,"OIC 订书钉, 混合尺寸",20.0,6.048
A1004177,2021/8/18,SC-20260,一级,中南,湖北,办公用品,收纳具,Fellowes,"Fellowes 搁板, 单宽度",29.0,6.848
A1004178,2021/8/18,SC-20260,二级,中南,湖北,家具,用具,Deflect-O,"Deflect-O 框架, 优质",34.0,9.96
A1004181,2021/8/18,SC-20260,一级,华东,福建,家具,椅子,Hon,"Hon 沙滩椅, 每套两件",8.0,8.552
A1004179,2021/8/18,AM-10705,标准级,华北,北京,技术,电话,三星,"三星 办公室电话机, 混合尺寸",12.0,45.584
A1004180,2021/8/18,RA-19945,标准级,西南,四川,技术,复印机,Brother,"Brother 墨水, 彩色",15.0,25.488
A1004182,2021/8/19,MM-17260,当日,中南,河南,办公用品,用品,Kleencut,"Kleencut 尺子, 蓝色",8.0,136.96
A1004182,2021/8/19,BN-11470,当日,中南,河南,办公用品,纸张,Enermax,"Enermax 羊皮纸, 每包 12 个",9.0,49.616
A1004182,2021/8/19,JB-16045,当日,中南,河南,办公用品,美术,Stanley,"Stanley 画布, 金属",5.0,10.584
A1004182,2021/8/19,DB-13615,当日,中南,河南,家具,椅子,Office Star,"Office Star 沙滩椅, 红色",33.0,84.416
A1004187,2021/8/20,JB-16045,当日,华东,山东,办公用品,装订机,Acco,"Acco 订书机, 回收",15.0,431.94
A1004187,2021/8/20,JB-16045,当日,华东,山东,办公用品,装订机,Ibico,"Ibico 孔加固材料, 实惠",6.0,2.043
A1004187,2021/8/20,JB-16045,当日,华东,山东,家具,椅子,Harbour Creations,"Harbour Creations 沙滩椅, 可调",28.0,68.238
A1004183,2021/8/20,AH-10075,二级,华北,北京,办公用品,系固件,Stockwell,"Stockwell 订书钉, 金属",12.0,240.744
A1004183,2021/8/20,AH-10075,二级,华北,北京,办公用品,装订机,Wilson Jones,"Wilson Jones 打孔机, 回收",12.0,35.0
A1004183,2021/8/20,AH-10075,二级,华北,北京,技术,设备,柯尼卡,"柯尼卡 卡片打印机, 红色",30.0,210.68
A1004190,2021/8/20,AH-10075,标准级,中南,河南,办公用品,器具,Cuisinart,"Cuisinart 冰箱, 白色",4.0,637.896
A1004188,2021/8/20,AH-10075,标准级,华东,上海,家具,书架,Safco,"Safco 书架, 黑色",11.0,43.44
A1004185,2021/8/20,AH-10075,二级,中南,湖南,技术,电话,思科,"思科 办公室电话机, 全尺寸",19.0,2.22
A1004189,2021/8/20,AI-10855,标准级,中南,广东,办公用品,纸张,Green Bar,"Green Bar 笔记本, 多色",4.0,1679.96
A1004186,2021/8/20,TH-21115,标准级,华东,安徽,办公用品,装订机,Acco,"Acco 标签, 实惠",27.0,344.372
A1004191,2021/8/20,TH-21115,标准级,东北,黑龙江,办公用品,器具,KitchenAid,"KitchenAid 搅拌机, 银色",9.0,1554.936
A1004191,2021/8/20,TH-21115,标准级,东北,黑龙江,办公用品,系固件,Stockwell,"Stockwell 订书钉, 混合尺寸",17.0,127.88
A1004189,2021/8/20,JE-15610,标准级,中南,广东,家具,椅子,Safco,"SAFCO 椅垫, 黑色",24.0,222.384
A1004191,2021/8/20,TH-21235,标准级,东北,黑龙江,技术,复印机,Brother,"Brother 无线传真机, 彩色",34.0,106.869
A1004184,2021/8/20,TH-21235,标准级,华东,山东,办公用品,收纳具,Fellowes,"Fellowes 搁板, 金属",8.0,3.564
A1004184,2021/8/20,JE-15715,标准级,华东,山东,家具,椅子,Harbour Creations,"Harbour Creations 凳子, 黑色",22.0,25.68
A1004192,2021/8/20,JE-15715,标准级,华北,河北,技术,设备,松下,"松下 计算器, 红色",15.0,12.384
A1004195,2021/8/21,AT-10735,一级,华东,山东,办公用品,器具,Hoover,"Hoover 搅拌机, 红色",8.0,25.3
A1004198,2021/8/21,AT-10735,一级,东北,辽宁,办公用品,收纳具,Rogers,"Rogers 文件车, 金属",17.0,95.94
A1004198,2021/8/21,JH-15820,一级,东北,辽宁,办公用品,纸张,Green Bar,"Green Bar 备忘录便条, 优质",17.0,7.5
A1004199,2021/8/21,DR-12940,二级,华东,浙江,办公用品,收纳具,Rogers,"Rogers 文件夹, 蓝色",4.0,302.376
A1004195,2021/8/21,AB-10165,一级,华东,山东,家具,椅子,Safco,"SAFCO 椅垫, 每套两件",32.0,46.688
A1004198,2021/8/21,MC-18100,一级,东北,辽宁,家具,桌子,Bevis,"Bevis 圆桌, 黑色",22.0,17.94
A1004198,2021/8/21,IG-15085,一级,东北,辽宁,家具,椅子,Novimex,"Novimex 扶手椅, 红色",12.0,370.14
A1004195,2021/8/21,FH-14275,一级,华东,山东,技术,复印机,佳能,"佳能 个人复印机, 每套两件",33.0,8.928
A1004193,2021/8/21,AS-10285,二级,华东,江苏,办公用品,纸张,施乐,"施乐 令, 优质",8.0,2678.94
A1004200,2021/8/21,PN-18775,标准级,西南,云南,办公用品,纸张,Eaton,"Eaton 备忘录便条, 每包 12 个",18.0,387.136
A1004194,2021/8/21,PN-18775,标准级,华北,天津,办公用品,信封,Jiffy,"Jiffy 搭扣信封, 回收",37.0,45.408
A1004194,2021/8/21,PN-18775,标准级,华北,天津,技术,电话,思科,"思科 音频基座, 混合尺寸",8.0,77.952
A1004197,2021/8/21,PN-18775,标准级,华东,上海,办公用品,信封,Jiffy,"Jiffy 商业信封, 银色",23.0,3.0
A1004197,2021/8/21,GM-14500,标准级,华东,上海,办公用品,美术,Boston,"Boston 钢笔, 蓝色",30.0,9.952
A1004197,2021/8/21,NC-18625,标准级,华东,上海,家具,椅子,Office Star,"Office Star 沙滩椅, 红色",18.0,37.896
A1004196,2021/8/21,NC-18625,标准级,华北,山西,办公用品,用品,Stiletto,"Stiletto 尺子, 蓝色",38.0,65.584
A1004201,2021/8/22,TW-21025,一级,东北,辽宁,办公用品,标签,Smead,"Smead 有色标签, 可调",29.0,44.784
A1004202,2021/8/22,BF-11020,标准级,华东,山东,办公用品,系固件,Stockwell,"Stockwell 橡皮筋, 每包 12 个",40.0,1035.8
A1004202,2021/8/22,TT-21460,标准级,华东,山东,办公用品,纸张,Green Bar,"Green Bar 令, 回收",26.0,5.76
A1004202,2021/8/22,SW-20245,标准级,华东,山东,家具,书架,宜家,"宜家 书库, 金属",8.0,19.98
A1004203,2021/8/23,PG-18820,当日,中南,湖南,办公用品,美术,BIC,"BIC 速写本, 蓝色",37.0,35.98
A1004204,2021/8/24,DP-13390,二级,华北,河北,办公用品,用品,Stiletto,"Stiletto 修剪器, 锯齿状",38.0,16.656
A1004205,2021/8/24,DJ-13510,一级,西南,重庆,办公用品,信封,Kraft,"Kraft 外皮和封条, 回收",2.0,20.7
A1004205,2021/8/24,EN-13780,一级,西南,重庆,办公用品,器具,KitchenAid,"KitchenAid 炉灶, 黑色",8.0,83.7
A1004205,2021/8/24,PB-19150,一级,西南,重庆,家具,椅子,Harbour Creations,"Harbour Creations 椅垫, 每套两件",8.0,199.8
A1004206,2021/8/24,BD-11560,二级,中南,河南,技术,复印机,Brother,"Brother 个人复印机, 彩色",4.0,45.68
A1004210,2021/8/24,BD-11560,标准级,东北,辽宁,办公用品,美术,Binney & Smith,"Binney & Smith 速写本, 混合尺寸",21.0,110.96
A1004210,2021/8/24,BD-11560,标准级,东北,辽宁,家具,桌子,Chromcraft,"Chromcraft 木桌, 组装",22.0,11.94
A1004210,2021/8/24,SE-20110,标准级,东北,辽宁,家具,椅子,Safco,"SAFCO 折叠椅, 可调",9.0,8749.95
A1004208,2021/8/24,SE-20110,标准级,华东,安徽,技术,配件,Memorex,"Memorex 路由器, 可编程",18.0,36.4
A1004207,2021/8/24,SE-20110,标准级,东北,黑龙江,家具,椅子,Safco,"SAFCO 椅垫, 可调",4.0,18.69
A1004207,2021/8/24,AT-10735,标准级,东北,黑龙江,技术,电话,思科,"思科 信号增强器, 混合尺寸",12.0,5.94
A1004209,2021/8/24,CC-12685,标准级,华东,上海,办公用品,装订机,Ibico,"Ibico 孔加固材料, 透明",12.0,60.736
A1004212,2021/8/25,CC-12685,当日,华东,山东,技术,电话,思科,"思科 信号增强器, 整包",37.0,479.976
A1004211,2021/8/25,CC-12685,一级,华东,安徽,办公用品,用品,Stiletto,"Stiletto 大剪刀, 蓝色",13.0,6.08
A1004211,2021/8/25,AS-10225,一级,华东,安徽,办公用品,美术,Binney & Smith,"Binney & Smith 记号笔, 金属",37.0,165.6
A1004213,2021/8/25,AB-10150,一级,中南,广东,办公用品,装订机,Avery,"Avery 孔加固材料, 实惠",18.0,59.52
A1004211,2021/8/25,AB-10150,一级,华东,安徽,家具,椅子,Office Star,"Office Star 椅垫, 可调",25.0,479.97
A1004219,2021/8/25,AB-10150,一级,华东,山东,办公用品,标签,Novimex,"Novimex 运输标签, 红色",17.0,18.62
A1004219,2021/8/25,AB-10150,一级,华东,山东,办公用品,系固件,Accos,"Accos 夹子, 整包",22.0,49.632
A1004215,2021/8/25,AB-10150,二级,中南,河南,办公用品,器具,Cuisinart,"Cuisinart 炉灶, 黑色",17.0,97.82
A1004218,2021/8/25,DH-13075,二级,华东,上海,办公用品,标签,Harbour Creations,"Harbour Creations 有色标签, 红色",10.0,15.984
A1004215,2021/8/25,DH-13075,二级,中南,河南,办公用品,装订机,Wilson Jones,"Wilson Jones 打孔机, 透明",19.0,184.752
A1004218,2021/8/25,SR-20740,二级,华东,上海,家具,椅子,Safco,"SAFCO 凳子, 每套两件",20.0,12.96
A1004219,2021/8/25,NR-18550,一级,华东,山东,技术,配件,贝尔金,"贝尔金 记忆卡, 可编程",29.0,366.744
A1004218,2021/8/25,SJ-20125,二级,华东,上海,技术,复印机,佳能,"佳能 个人复印机, 每套两件",3.0,8.856
A1004218,2021/8/25,SJ-20125,二级,华东,上海,技术,复印机,夏普,"夏普 传真复印机, 彩色",5.0,27.96
A1004215,2021/8/25,SJ-20125,二级,中南,河南,技术,复印机,惠普,"惠普 无线传真机, 数字化",25.0,146.352
A1004215,2021/8/25,CA-12775,二级,中南,河南,技术,设备,StarTech,"StarTech 收据打印机, 多色",27.0,175.23
A1004220,2021/8/25,CA-12775,标准级,华东,江苏,办公用品,信封,Jiffy,"Jiffy 搭扣信封, 回收",10.0,125.99
A1004214,2021/8/25,CA-12775,标准级,华北,北京,办公用品,收纳具,Fellowes,"Fellowes 文件车, 金属",12.0,23.0
A1004214,2021/8/25,LC-16885,标准级,华北,北京,家具,书架,Sauder,"Sauder 墙角架, 金属",15.0,25.584
A1004217,2021/8/25,NS-18640,标准级,东北,黑龙江,家具,椅子,Office Star,"Office Star 摇椅, 可调",18.0,73.784
A1004216,2021/8/25,NS-18640,标准级,华北,河北,家具,书架,Bush,"Bush 古典书架, 金属",5.0,20.736
A1004222,2021/8/26,HG-14965,当日,东北,黑龙江,办公用品,用品,Acme,"Acme 剪刀, 工业",17.0,17.52
A1004223,2021/8/26,HG-14965,标准级,西南,四川,办公用品,标签,Avery,"Avery 运输标签, 耐用",26.0,35.76
A1004223,2021/8/26,SF-20200,标准级,西南,四川,办公用品,美术,Stanley,"Stanley 钢笔, 混合尺寸",4.0,3.64
A1004221,2021/8/26,EM-14065,标准级,西南,重庆,家具,椅子,Hon,"Hon 折叠椅, 每套两件",26.0,30.336
A1004226,2021/8/27,DO-13645,当日,华东,山东,办公用品,标签,Novimex,"Novimex 有色标签, 白色",14.0,12.99
A1004228,2021/8/27,DO-13645,当日,华东,山东,办公用品,收纳具,Fellowes,"Fellowes 锁柜, 单宽度",28.0,182.22
A1004228,2021/8/27,DO-13645,当日,华东,山东,办公用品,标签,Harbour Creations,"Harbour Creations 合法证物标签, 红色",4.0,302.94
A1004229,2021/8/27,MP-17470,标准级,华东,山东,办公用品,系固件,Stockwell,"Stockwell 夹子, 金属",40.0,54.992
A1004229,2021/8/27,MY-18295,标准级,华东,山东,家具,书架,宜家,"宜家 古典书架, 传统",21.0,12.99
A1004224,2021/8/27,DB-13615,标准级,华东,江苏,办公用品,装订机,Wilson Jones,"Wilson Jones 订书机, 实惠",5.0,55.86
A1004225,2021/8/27,SP-20920,标准级,中南,湖北,办公用品,收纳具,Tenex,"Tenex 盒, 单宽度",13.0,44.376
A1004225,2021/8/27,SP-20920,标准级,中南,湖北,办公用品,系固件,OIC,"OIC 回形针, 金属",23.0,51.264
A1004227,2021/8/27,SP-20920,标准级,中南,广东,办公用品,收纳具,Fellowes,"Fellowes 锁柜, 工业",36.0,5.193
A1004227,2021/8/27,SP-20920,标准级,中南,广东,办公用品,系固件,Accos,"Accos 按钉, 整包",34.0,159.984
A1004227,2021/8/27,SP-20920,标准级,中南,广东,办公用品,美术,Stanley,"Stanley 铅笔刀, 混合尺寸",11.0,54.224
A1004225,2021/8/27,ME-17320,标准级,中南,湖北,技术,复印机,夏普,"夏普 复印机, 数字化",12.0,241.424
A1004230,2021/8/27,BS-11755,标准级,华北,河北,技术,复印机,惠普,"惠普 个人复印机, 红色",20.0,33.36
A1004231,2021/8/28,BS-11755,一级,华东,山东,技术,复印机,夏普,"夏普 无线传真机, 数字化",25.0,13.76
A1004237,2021/8/28,BS-11755,标准级,华东,浙江,办公用品,用品,Acme,"Acme 尺子, 钢",20.0,496.86
A1004239,2021/8/28,BS-11755,标准级,华东,山东,办公用品,标签,Avery,"Avery 有色标签, 白色",13.0,389.97
A1004239,2021/8/28,KS-16300,标准级,华东,山东,办公用品,美术,BIC,"BIC 铅笔刀, 混合尺寸",11.0,9.82
A1004238,2021/8/28,CC-12475,二级,华北,北京,办公用品,信封,Kraft,"Kraft 马尼拉纸信封, 红色",2.0,56.4
A1004235,2021/8/28,HD-14785,标准级,华东,安徽,家具,椅子,Safco,"SAFCO 椅垫, 可调",38.0,18.312
A1004239,2021/8/28,HD-14785,标准级,华东,山东,家具,书架,Bush,"Bush 书库, 白色",8.0,25.92
A1004238,2021/8/28,HD-14785,二级,华北,北京,家具,用具,Advantus,"Advantus 分层置放架, 耐用",16.0,8.016
A1004237,2021/8/28,KB-16315,标准级,华东,浙江,技术,设备,StarTech,"StarTech 喷墨打印机, 耐用",3.0,479.984
A1004239,2021/8/28,KB-16315,标准级,华东,山东,技术,复印机,Brother,"Brother 复印机, 彩色",22.0,30.84
A1004238,2021/8/28,HR-14830,二级,华北,北京,技术,电话,苹果,"苹果 信号增强器, 整包",4.0,33.568
A1004234,2021/8/28,HR-14830,标准级,西南,四川,办公用品,器具,KitchenAid,"KitchenAid 搅拌机, 白色",29.0,422.625
A1004240,2021/8/28,TB-21625,标准级,华东,上海,办公用品,标签,Harbour Creations,"Harbour Creations 合法证物标签, 可调",6.0,199.98
A1004233,2021/8/28,DS-13180,标准级,华东,安徽,家具,用具,Tenex,"Tenex 相框, 优质",39.0,20.24
A1004232,2021/8/28,DS-13180,标准级,华东,江苏,家具,书架,Sauder,"Sauder 墙角架, 白色",37.0,39.92
A1004240,2021/8/28,DS-13180,标准级,华东,上海,家具,椅子,Safco,"SAFCO 折叠椅, 可调",35.0,32.54
A1004236,2021/8/28,GB-14530,二级,东北,黑龙江,技术,复印机,Hewlett,"Hewlett 传真复印机, 彩色",36.0,39.0
A1004241,2021/8/29,GB-14530,一级,中南,河南,技术,配件,SanDisk,"SanDisk 键区, 回收",27.0,12.6
A1004243,2021/8/29,GB-14530,标准级,西南,云南,办公用品,收纳具,Fellowes,"Fellowes 文件车, 金属",27.0,24.64
A1004243,2021/8/29,VB-21745,标准级,西南,云南,家具,椅子,Office Star,"Office Star 凳子, 红色",22.0,6.264
A1004242,2021/8/29,VB-21745,标准级,华东,山东,办公用品,信封,Jiffy,"Jiffy 马尼拉纸信封, 红色",4.0,14.432
A1004242,2021/8/29,MC-17425,标准级,华东,山东,办公用品,纸张,SanDisk,"SanDisk 备忘录便条, 每包 12 个",7.0,719.976
A1004242,2021/8/29,CB-12025,标准级,华东,山东,办公用品,美术,Binney & Smith,"Binney & Smith 钢笔, 蓝色",3.0,239.92
A1004244,2021/8/30,PM-18940,标准级,华东,浙江,办公用品,信封,Jiffy,"Jiffy 外皮和封条, 红色",30.0,1056.86
A1004244,2021/8/30,DC-13285,标准级,华东,浙江,技术,配件,Enermax,"Enermax 记忆卡, 耐用",20.0,447.944
A1004245,2021/8/30,DC-13285,二级,中南,湖南,办公用品,器具,KitchenAid,"KitchenAid 冰箱, 红色",12.0,150.408
A1004245,2021/8/30,LA-16780,二级,中南,湖南,家具,椅子,Office Star,"Office Star 扶手椅, 可调",37.0,453.576
A1004245,2021/8/30,LA-16780,二级,中南,湖南,技术,复印机,Hewlett,"Hewlett 复印机, 数字化",4.0,45.36
A1004245,2021/8/30,LA-16780,二级,中南,湖南,技术,电话,摩托罗拉,"摩托罗拉 充电器, 全尺寸",12.0,287.88
A1004257,2021/8/31,LA-16780,当日,东北,吉林,办公用品,器具,KitchenAid,"KitchenAid 咖啡研磨机, 银色",14.0,131.88
A1004257,2021/8/31,LA-16780,当日,东北,吉林,办公用品,装订机,Avery,"Avery 订书机, 实惠",38.0,2.328
A1004252,2021/8/31,DJ-13420,一级,东北,吉林,办公用品,器具,Breville,"Breville 微波炉, 黑色",17.0,1454.9
A1004252,2021/8/31,MH-18115,一级,东北,吉林,办公用品,标签,Hon,"Hon 可去除的标签, 白色",4.0,4.842
A1004252,2021/8/31,MH-18115,一级,东北,吉林,办公用品,美术,Binney & Smith,"Binney & Smith 画布, 整包",20.0,220.704
A1004252,2021/8/31,BG-11035,一级,东北,吉林,家具,用具,Advantus,"Advantus 分层置放架, 黑色",32.0,67.176
A1004254,2021/8/31,BG-11035,二级,中南,广东,办公用品,用品,Stiletto,"Stiletto 开信刀, 锯齿状",4.0,15.232
A1004247,2021/8/31,SV-20365,一级,中南,海南,办公用品,装订机,Acco,"Acco 标签, 实惠",13.0,31.104
A1004256,2021/8/31,DP-13105,二级,华东,上海,家具,书架,Sauder,"Sauder 柜, 传统",6.0,968.744
A1004256,2021/8/31,DP-13105,二级,华东,上海,家具,椅子,Novimex,"Novimex 折叠椅, 黑色",40.0,222.352
A1004256,2021/8/31,DP-13105,二级,华东,上海,家具,椅子,Office Star,"Office Star 扶手椅, 红色",8.0,479.984
A1004256,2021/8/31,SR-20740,二级,华东,上海,家具,椅子,Safco,"SAFCO 椅垫, 可调",33.0,10.272
A1004249,2021/8/31,BT-11680,二级,华北,天津,办公用品,美术,BIC,"BIC 钢笔, 整包",30.0,998.85
A1004249,2021/8/31,MS-17770,二级,华北,天津,技术,配件,贝尔金,"贝尔金 闪存驱动器, 耐用",30.0,24.56
A1004255,2021/8/31,JK-15640,一级,华东,山东,技术,电话,摩托罗拉,"摩托罗拉 信号增强器, 混合尺寸",25.0,5.67
A1004253,2021/8/31,ST-20530,标准级,华东,上海,办公用品,器具,Hamilton Beach,"Hamilton Beach 搅拌机, 红色",20.0,14.336
A1004253,2021/8/31,TS-21505,标准级,华东,上海,办公用品,收纳具,Tenex,"Tenex 搁板, 单宽度",16.0,102.3
A1004253,2021/8/31,CM-12190,标准级,华东,上海,办公用品,美术,Binney & Smith,"Binney & Smith 钢笔, 金属",20.0,607.52
A1004251,2021/8/31,CM-12190,标准级,华北,山西,办公用品,收纳具,Fellowes,"Fellowes 锁柜, 单宽度",21.0,31.16
A1004246,2021/8/31,JW-15955,标准级,华北,河北,办公用品,纸张,Enermax,"Enermax 令, 每包 12 个",24.0,2.61
A1004251,2021/8/31,MC-17590,标准级,华北,山西,家具,椅子,Novimex,"Novimex 椅垫, 可调",40.0,10.332
A1004251,2021/8/31,MC-17590,标准级,华北,山西,家具,用具,Advantus,"Advantus 闹钟, 一包多件",28.0,10.368
A1004246,2021/8/31,MC-17590,标准级,华北,河北,家具,用具,Advantus,"Advantus 框架, 耐用",6.0,20.784
A1004246,2021/8/31,MC-17590,标准级,华北,河北,技术,设备,柯尼卡,"柯尼卡 卡片打印机, 白色",24.0,66.96
A1004248,2021/8/31,MH-17440,标准级,东北,黑龙江,技术,配件,Memorex,"Memorex 记忆卡, 耐用",19.0,17.248
A1004250,2021/8/31,RD-19720,标准级,中南,广西,办公用品,标签,Avery,"Avery 合法证物标签, 耐用",26.0,11.088
A1004250,2021/8/31,KB-16240,标准级,中南,广西,家具,用具,Advantus,"Advantus 门挡, 一包多件",38.0,1287.45
A1004258,2021/9/1,KB-16240,当日,华东,安徽,家具,椅子,Novimex,"Novimex 沙滩椅, 每套两件",16.0,168.1
A1004260,2021/9/1,FC-14335,二级,华东,山东,办公用品,纸张,Eaton,"Eaton 信纸, 每包 12 个",35.0,51.968
A1004260,2021/9/1,BD-11770,二级,华东,山东,家具,用具,Rubbermaid,"Rubvermaid 门挡, 耐用",16.0,4.768
A1004260,2021/9/1,FH-14365,二级,华东,山东,技术,配件,Memorex,"Memorex 闪存驱动器, 可编程",29.0,7.98
A1004259,2021/9/1,SO-20335,标准级,中南,河南,办公用品,信封,Kraft,"Kraft 局间信封, 每套 50 个",36.0,18.688
A1004261,2021/9/2,SO-20335,二级,中南,广西,技术,配件,SanDisk,"SanDisk 闪存驱动器, 可编程",6.0,11.664
A1004262,2021/9/3,PM-19135,一级,华北,河北,办公用品,信封,Cameo,"Cameo 商业信封, 红色",35.0,191.976
A1004262,2021/9/3,PM-19135,一级,华北,河北,办公用品,纸张,Enermax,"Enermax 信纸, 优质",11.0,499.168
A1004262,2021/9/3,GD-14590,一级,华北,河北,办公用品,装订机,Avery,"Avery 打孔机, 实惠",9.0,11.88
A1004265,2021/9/3,GD-14590,标准级,华东,浙江,办公用品,器具,Hamilton Beach,"Hamilton Beach 炉灶, 白色",5.0,35.44
A1004265,2021/9/3,PA-19060,标准级,华东,浙江,办公用品,用品,Acme,"Acme 开信刀, 锯齿状",28.0,67.136
A1004263,2021/9/3,LS-17200,二级,华东,山东,办公用品,标签,Novimex,"Novimex 圆形标签, 耐用",28.0,4.32
A1004263,2021/9/3,LS-17200,二级,华东,山东,办公用品,纸张,Eaton,"Eaton 令, 回收",39.0,14.94
A1004263,2021/9/3,LS-17200,二级,华东,山东,技术,复印机,Hewlett,"Hewlett 传真复印机, 红色",9.0,40.54
A1004264,2021/9/3,LS-17200,标准级,东北,黑龙江,办公用品,信封,GlobeWeis,"GlobeWeis 马尼拉纸信封, 红色",33.0,7.312
A1004268,2021/9/4,JL-15175,当日,中南,河南,家具,用具,Deflect-O,"Deflect-O 门挡, 耐用",19.0,475.944
A1004266,2021/9/4,CA-12310,一级,西南,贵州,办公用品,器具,Hamilton Beach,"Hamilton Beach 搅拌机, 白色",13.0,30.08
A1004266,2021/9/4,CA-12310,一级,西南,贵州,家具,书架,宜家,"宜家 柜, 金属",7.0,165.6
A1004271,2021/9/4,CA-12310,一级,西南,重庆,办公用品,信封,Jiffy,"Jiffy 局间信封, 每套 50 个",6.0,180.96
A1004270,2021/9/4,CM-12160,标准级,华东,福建,办公用品,信封,Kraft,"Kraft 邮寄品, 回收",31.0,23.18
A1004270,2021/9/4,BT-11440,标准级,华东,福建,办公用品,标签,Novimex,"Novimex 文件夹标签, 可调",8.0,56.96
A1004267,2021/9/4,BT-11440,标准级,华东,安徽,办公用品,装订机,Avery,"Avery 孔加固材料, 实惠",16.0,15.56
A1004270,2021/9/4,BT-11440,标准级,华东,福建,家具,书架,Sauder,"Sauder 书库, 传统",13.0,353.568
A1004267,2021/9/4,BT-11440,标准级,华东,安徽,家具,书架,Bush,"Bush 柜, 白色",6.0,13.96
A1004267,2021/9/4,SE-20110,标准级,华东,安徽,技术,复印机,Brother,"Brother 个人复印机, 数字化",35.0,82.95
A1004267,2021/9/4,HG-14965,标准级,华东,安徽,技术,复印机,Hewlett,"Hewlett 传真复印机, 每套两件",6.0,39.68
A1004267,2021/9/4,PF-19165,标准级,华东,安徽,技术,复印机,佳能,"佳能 墨水, 红色",16.0,479.97
A1004269,2021/9/4,BD-11770,二级,华北,天津,办公用品,纸张,SanDisk,"SanDisk 计划信息表, 每包 12 个",33.0,7.38
A1004269,2021/9/4,BD-11770,二级,华北,天津,办公用品,美术,Sanford,"Sanford 记号笔, 金属",35.0,14.256
A1004269,2021/9/4,BD-11770,二级,华北,天津,家具,桌子,Bevis,"Bevis 电脑桌, 黑色",20.0,81.98
A1004272,2021/9/5,BD-11770,标准级,华东,安徽,技术,电话,摩托罗拉,"摩托罗拉 办公室电话机, 整包",37.0,39.624
A1004273,2021/9/6,BT-11395,标准级,华东,安徽,办公用品,装订机,Acco,"Acco 装订机, 回收",19.0,399.672
A1004276,2021/9/7,EM-14095,二级,华东,山东,办公用品,用品,Kleencut,"Kleencut 修剪器, 工业",35.0,65.12
A1004274,2021/9/7,LC-17050,标准级,华北,内蒙古,办公用品,美术,Sanford,"Sanford 铅笔刀, 蓝色",27.0,30.56
A1004274,2021/9/7,FH-14275,标准级,华北,内蒙古,家具,用具,Rubbermaid,"Rubvermaid 门挡, 一包多件",20.0,20.768
A1004275,2021/9/7,CM-12235,二级,中南,河南,家具,书架,Sauder,"Sauder 书架, 金属",9.0,39.808
A1004277,2021/9/7,FM-14380,标准级,华东,山东,家具,书架,Sauder,"Sauder 柜, 金属",16.0,121.104
A1004285,2021/9/8,FM-14380,一级,华东,江西,办公用品,器具,Hamilton Beach,"Hamilton Beach 冰箱, 黑色",7.0,111.96
A1004282,2021/9/8,HG-14965,一级,中南,湖南,办公用品,美术,Sanford,"Sanford 铅笔刀, 混合尺寸",33.0,15.696
A1004282,2021/9/8,AG-10525,一级,中南,湖南,办公用品,装订机,Acco,"Acco 孔加固材料, 回收",10.0,70.26
A1004280,2021/9/8,AG-10525,一级,东北,黑龙江,家具,用具,Eldon,"Eldon 相框, 优质",8.0,90.0
A1004279,2021/9/8,AG-10525,标准级,华北,河北,办公用品,收纳具,Rogers,"Rogers 文件车, 单宽度",4.0,6.096
A1004283,2021/9/8,AG-10525,标准级,中南,河南,办公用品,标签,Smead,"Smead 合法证物标签, 可调",5.0,481.176
A1004279,2021/9/8,AG-10525,标准级,华北,河北,办公用品,标签,Avery,"Avery 可去除的标签, 耐用",8.0,7.24
A1004283,2021/9/8,OT-18730,标准级,中南,河南,办公用品,系固件,Stockwell,"Stockwell 橡皮筋, 金属",5.0,177.45
A1004279,2021/9/8,OT-18730,标准级,华北,河北,办公用品,装订机,Cardinal,"Cardinal 孔加固材料, 回收",36.0,1369.764
A1004279,2021/9/8,OT-18730,标准级,华北,河北,家具,椅子,Hon,"Hon 扶手椅, 可调",24.0,9.48
A1004283,2021/9/8,SV-20365,标准级,中南,河南,家具,用具,Eldon,"Eldon 灯泡, 一包多件",16.0,130.98
A1004279,2021/9/8,JM-16195,标准级,华北,河北,技术,复印机,惠普,"惠普 墨水, 彩色",20.0,174.95
A1004284,2021/9/8,JM-16195,标准级,西南,贵州,办公用品,信封,Kraft,"Kraft 商业信封, 回收",24.0,826.0
A1004284,2021/9/8,HM-14980,标准级,西南,贵州,办公用品,用品,Elite,"Elite 剪刀, 工业",9.0,139.58
A1004278,2021/9/8,PO-19180,标准级,华北,天津,办公用品,美术,Boston,"Boston 钢笔, 整包",4.0,399.95
A1004278,2021/9/8,KC-16675,标准级,华北,天津,办公用品,美术,Stanley,"Stanley 铅笔刀, 蓝色",13.0,12.39
A1004278,2021/9/8,DB-13120,标准级,华北,天津,办公用品,装订机,Wilson Jones,"Wilson Jones 装订机, 回收",22.0,760.98
A1004284,2021/9/8,SV-20935,标准级,西南,贵州,家具,椅子,Office Star,"Office Star 摇椅, 红色",7.0,67.86
A1004278,2021/9/8,NS-18640,标准级,华北,天津,家具,桌子,Barricks,"Barricks 培训桌, 黑色",20.0,31.504
A1004278,2021/9/8,NS-18640,标准级,华北,天津,家具,椅子,Safco,"SAFCO 沙滩椅, 红色",21.0,5.04
A1004278,2021/9/8,NS-18640,标准级,华北,天津,家具,用具,Eldon,"Eldon 框架, 一包多件",7.0,39.879
A1004278,2021/9/8,NS-18640,标准级,华北,天津,技术,设备,爱普生,"爱普生 电话, 耐用",35.0,4.712
A1004281,2021/9/8,MH-17455,标准级,华东,安徽,技术,复印机,Brother,"Brother 个人复印机, 红色",21.0,194.352
A1004288,2021/9/9,RR-19525,二级,华东,山东,办公用品,系固件,Stockwell,"Stockwell 橡皮筋, 金属",14.0,97.424
A1004288,2021/9/9,RH-19555,二级,华东,山东,办公用品,纸张,Enermax,"Enermax 令, 多色",18.0,704.76
A1004292,2021/9/9,RH-19555,二级,华东,上海,办公用品,信封,GlobeWeis,"GlobeWeis 外皮和封条, 每套 50 个",28.0,27.396
A1004292,2021/9/9,RP-19390,二级,华东,上海,办公用品,纸张,施乐,"施乐 令, 回收",9.0,5.7
A1004292,2021/9/9,RP-19390,二级,华东,上海,办公用品,美术,BIC,"BIC 记号笔, 蓝色",31.0,14.19
A1004289,2021/9/9,RP-19390,标准级,西南,四川,家具,椅子,Safco,"SAFCO 椅垫, 红色",13.0,7.3
A1004290,2021/9/9,RP-19390,标准级,东北,辽宁,家具,书架,Dania,"Dania 搁架, 金属",8.0,199.98
A1004290,2021/9/9,RP-19390,标准级,东北,辽宁,家具,椅子,Novimex,"Novimex 凳子, 可调",33.0,144.96
A1004291,2021/9/9,RP-19390,标准级,中南,河南,办公用品,收纳具,Fellowes,"Fellowes 搁板, 金属",33.0,118.0
A1004293,2021/9/9,RP-19390,二级,西北,陕西,办公用品,用品,Acme,"Acme 大剪刀, 蓝色",2.0,48.94
A1004293,2021/9/9,RP-19390,二级,西北,陕西,办公用品,美术,Binney & Smith,"Binney & Smith 画布, 金属",4.0,22.66
A1004287,2021/9/9,KB-16600,标准级,华北,山西,办公用品,信封,Ames,"Ames 局间信封, 回收",14.0,0.836
A1004287,2021/9/9,MH-17620,标准级,华北,山西,办公用品,系固件,Advantus,"Advantus 图钉, 金属",20.0,30.96
A1004287,2021/9/9,HZ-14950,标准级,华北,山西,办公用品,纸张,Enermax,"Enermax 信纸, 每包 12 个",12.0,723.92
A1004293,2021/9/9,JG-15160,二级,西北,陕西,家具,桌子,Barricks,"Barricks 会议桌, 组装",11.0,21.968
A1004286,2021/9/9,JG-15160,标准级,华东,浙江,技术,电话,苹果,"苹果 耳机, 混合尺寸",38.0,619.152
A1004287,2021/9/9,JG-15160,标准级,华北,山西,技术,设备,StarTech,"StarTech 喷墨打印机, 耐用",30.0,127.904
A1004298,2021/9/10,AB-10165,当日,华东,福建,办公用品,器具,Hamilton Beach,"Hamilton Beach 炉灶, 红色",32.0,94.2
A1004296,2021/9/10,HJ-14875,当日,华北,河北,办公用品,系固件,Stockwell,"Stockwell 按钉, 混合尺寸",29.0,49.5
A1004296,2021/9/10,CJ-11875,当日,华北,河北,办公用品,系固件,Stockwell,"Stockwell 订书钉, 每包 12 个",27.0,16.52
A1004296,2021/9/10,ED-13885,当日,华北,河北,家具,书架,Safco,"Safco 书库, 传统",7.0,55.36
A1004298,2021/9/10,ED-13885,当日,华东,福建,技术,电话,苹果,"苹果 音频基座, 整包",38.0,11.56
A1004294,2021/9/10,AI-10855,标准级,华北,河北,办公用品,系固件,Stockwell,"Stockwell 橡皮筋, 混合尺寸",35.0,17.12
A1004294,2021/9/10,KB-16315,标准级,华北,河北,办公用品,纸张,SanDisk,"SanDisk 笔记本, 回收",8.0,182.352
A1004294,2021/9/10,KB-16315,标准级,华北,河北,办公用品,美术,BIC,"BIC 钢笔, 蓝色",18.0,118.16
A1004294,2021/9/10,JS-16030,标准级,华北,河北,家具,书架,Safco,"Safco 书架, 金属",9.0,18.368
A1004294,2021/9/10,JS-16030,标准级,华北,河北,家具,书架,Sauder,"Sauder 书架, 传统",26.0,600.558
A1004294,2021/9/10,JS-16030,标准级,华北,河北,家具,用具,Eldon,"Eldon 分层置放架, 优质",8.0,50.352
A1004297,2021/9/10,JS-16030,标准级,华北,河北,办公用品,信封,Kraft,"Kraft 外皮和封条, 每套 50 个",15.0,28.032
A1004297,2021/9/10,JS-16030,标准级,华北,河北,办公用品,信封,Kraft,"Kraft 邮寄品, 红色",20.0,7.692
A1004295,2021/9/10,PO-18850,标准级,华东,安徽,办公用品,器具,Breville,"Breville 烤面包机, 黑色",29.0,517.405
A1004301,2021/9/11,RD-19810,标准级,华东,山东,办公用品,装订机,Acco,"Acco 装订机, 透明",13.0,8.608
A1004299,2021/9/11,RD-19810,二级,中南,广东,办公用品,标签,Novimex,"Novimex 文件夹标签, 白色",11.0,159.56
A1004299,2021/9/11,JD-15895,二级,中南,广东,办公用品,系固件,Accos,"Accos 回形针, 整包",7.0,2104.55
A1004300,2021/9/11,JD-15895,标准级,西南,云南,办公用品,收纳具,Rogers,"Rogers 文件车, 金属",20.0,40.7
A1004300,2021/9/11,SR-20740,标准级,西南,云南,办公用品,装订机,Wilson Jones,"Wilson Jones 标签, 透明",10.0,47.79
A1004304,2021/9/11,TZ-21580,标准级,华北,北京,办公用品,标签,Smead,"Smead 圆形标签, 红色",12.0,5.16
A1004304,2021/9/11,TN-21040,标准级,华北,北京,办公用品,系固件,OIC,"OIC 橡皮筋, 金属",5.0,21.21
A1004304,2021/9/11,PW-19030,标准级,华北,北京,办公用品,装订机,Avery,"Avery 打孔机, 透明",36.0,96.36
A1004299,2021/9/11,AH-10075,二级,中南,广东,家具,椅子,Harbour Creations,"Harbour Creations 椅垫, 红色",22.0,231.72
A1004300,2021/9/11,AH-10075,标准级,西南,云南,家具,用具,Advantus,"Advantus 框架, 优质",28.0,17.9
A1004304,2021/9/11,AH-10075,标准级,华北,北京,技术,电话,苹果,"苹果 音频基座, 全尺寸",15.0,12.48
A1004304,2021/9/11,AY-10555,标准级,华北,北京,技术,设备,爱普生,"爱普生 计算器, 白色",32.0,8.016
A1004305,2021/9/11,SP-20650,标准级,东北,辽宁,办公用品,器具,Cuisinart,"Cuisinart 咖啡研磨机, 白色",19.0,259.896
A1004305,2021/9/11,SP-20650,标准级,东北,辽宁,技术,电话,摩托罗拉,"摩托罗拉 充电器, 混合尺寸",8.0,247.188
A1004303,2021/9/11,SP-20650,标准级,华东,安徽,办公用品,器具,KitchenAid,"KitchenAid 搅拌机, 银色",6.0,279.96
A1004303,2021/9/11,ED-13885,标准级,华东,安徽,办公用品,纸张,Enermax,"Enermax 备忘录便条, 每包 12 个",37.0,450.0
A1004303,2021/9/11,CR-12625,标准级,华东,安徽,办公用品,装订机,Cardinal,"Cardinal 打孔机, 回收",29.0,19.44
A1004303,2021/9/11,CS-12400,标准级,华东,安徽,办公用品,装订机,Cardinal,"Cardinal 订书机, 耐用",20.0,300.904
A1004302,2021/9/11,TS-21205,标准级,东北,辽宁,办公用品,装订机,Cardinal,"Cardinal 订书机, 透明",11.0,239.976
A1004303,2021/9/11,TS-21205,标准级,华东,安徽,家具,书架,Safco,"Safco 书库, 传统",2.0,31.168
A1004303,2021/9/11,TS-21205,标准级,华东,安徽,家具,椅子,Novimex,"Novimex 沙滩椅, 红色",31.0,120.96
A1004302,2021/9/11,TS-21205,标准级,东北,辽宁,技术,配件,Enermax,"Enermax 键盘, 实惠",12.0,2239.936
A1004306,2021/9/12,TS-21205,二级,中南,湖北,办公用品,收纳具,Smead,"Smead 搁板, 工业",9.0,76.608
A1004306,2021/9/12,TS-21205,二级,中南,湖北,办公用品,装订机,Avery,"Avery 打孔机, 实惠",39.0,142.776
A1004306,2021/9/12,TS-21205,二级,中南,湖北,家具,椅子,Hon,"Hon 沙滩椅, 黑色",13.0,91.36
A1004306,2021/9/12,RP-19390,二级,中南,湖北,技术,电话,摩托罗拉,"摩托罗拉 音频基座, 混合尺寸",9.0,3.552
A1004308,2021/9/12,IL-15100,一级,中南,湖南,办公用品,纸张,Eaton,"Eaton 计划信息表, 每包 12 个",21.0,115.136
A1004307,2021/9/12,NF-18475,标准级,西南,贵州,办公用品,用品,Kleencut,"Kleencut 修剪器, 锯齿状",31.0,4.71
A1004307,2021/9/12,PP-18955,标准级,西南,贵州,办公用品,装订机,Cardinal,"Cardinal 装订机盖, 实惠",17.0,172.764
A1004309,2021/9/12,PP-18955,标准级,中南,广东,家具,书架,Bush,"Bush 墙角架, 黑色",29.0,3.52
A1004309,2021/9/12,JD-16150,标准级,中南,广东,家具,椅子,Office Star,"Office Star 椅垫, 可调",5.0,79.968
A1004307,2021/9/12,JD-16150,标准级,西南,贵州,家具,书架,Dania,"Dania 搁架, 金属",6.0,305.9745
A1004307,2021/9/12,JD-16150,标准级,西南,贵州,家具,用具,Tenex,"Tenex 相框, 黑色",33.0,344.91
A1004312,2021/9/14,EJ-14155,一级,华北,山西,办公用品,装订机,Avery,"Avery 标签, 耐用",34.0,626.352
A1004310,2021/9/14,PW-19240,二级,中南,广西,办公用品,收纳具,Fellowes,"Fellowes 搁板, 工业",8.0,359.499
A1004310,2021/9/14,TS-21430,二级,中南,广西,办公用品,标签,Harbour Creations,"Harbour Creations 圆形标签, 可调",7.0,71.952
A1004310,2021/9/14,TS-21430,二级,中南,广西,办公用品,纸张,Enermax,"Enermax 计划信息表, 多色",20.0,29.8
A1004310,2021/9/14,BM-11650,二级,中南,广西,技术,设备,松下,"松下 打印机, 耐用",7.0,1.824
A1004313,2021/9/14,AW-10930,二级,中南,广东,办公用品,美术,BIC,"BIC 速写本, 混合尺寸",12.0,64.384
A1004314,2021/9/14,AW-10930,标准级,西北,陕西,办公用品,信封,Cameo,"Cameo 商业信封, 每套 50 个",40.0,6.984
A1004314,2021/9/14,AW-10930,标准级,西北,陕西,办公用品,装订机,Ibico,"Ibico 装订机, 实惠",5.0,11.264
A1004314,2021/9/14,AW-10930,标准级,西北,陕西,家具,书架,Safco,"Safco 墙角架, 白色",31.0,15.552
A1004314,2021/9/14,AW-10930,标准级,西北,陕西,技术,复印机,Brother,"Brother 个人复印机, 红色",19.0,379.372
A1004314,2021/9/14,AW-10930,标准级,西北,陕西,技术,复印机,惠普,"惠普 传真复印机, 红色",10.0,67.536
A1004311,2021/9/14,AW-10930,二级,中南,河南,办公用品,装订机,Ibico,"Ibico 装订机盖, 耐用",39.0,1.524
A1004315,2021/9/14,MH-17290,标准级,华东,山东,办公用品,纸张,SanDisk,"SanDisk 笔记本, 每包 12 个",28.0,37.408
A1004316,2021/9/14,MH-17290,标准级,东北,辽宁,技术,配件,贝尔金,"贝尔金 鼠标, 实惠",24.0,25.344
A1004326,2021/9/15,SW-20275,当日,东北,辽宁,办公用品,用品,Fiskars,"Fiskars 尺子, 蓝色",4.0,46.2
A1004326,2021/9/15,SP-20860,当日,东北,辽宁,技术,设备,柯尼卡,"柯尼卡 收据打印机, 多色",17.0,4.728
A1004323,2021/9/15,SP-20860,一级,华东,山东,办公用品,收纳具,Eldon,"Eldon 盘, 蓝色",17.0,53.352
A1004318,2021/9/15,SP-20860,一级,华北,天津,办公用品,收纳具,Rogers,"Rogers 文件夹, 金属",38.0,131.104
A1004324,2021/9/15,SP-20860,二级,中南,广东,技术,设备,StarTech,"StarTech 打印机, 耐用",32.0,22.512
A1004321,2021/9/15,SP-20860,标准级,东北,黑龙江,办公用品,收纳具,Rogers,"Rogers 锁柜, 工业",11.0,72.744
A1004328,2021/9/15,SC-20695,标准级,中南,海南,办公用品,纸张,Enermax,"Enermax 计划信息表, 多色",22.0,52.59
A1004328,2021/9/15,PW-19030,标准级,中南,海南,办公用品,美术,Sanford,"Sanford 速写本, 混合尺寸",16.0,19.44
A1004319,2021/9/15,PW-19030,二级,华北,内蒙古,家具,桌子,Barricks,"Barricks 培训桌, 组装",4.0,126.3
A1004321,2021/9/15,PW-19030,标准级,东北,黑龙江,家具,椅子,Office Star,"Office Star 扶手椅, 每套两件",5.0,1287.45
A1004321,2021/9/15,CS-12250,标准级,东北,黑龙江,技术,复印机,惠普,"惠普 传真复印机, 红色",5.0,64.96
A1004327,2021/9/15,RP-19855,二级,东北,辽宁,办公用品,信封,Kraft,"Kraft 商业信封, 红色",37.0,535.41
A1004327,2021/9/15,CS-12175,二级,东北,辽宁,办公用品,信封,Kraft,"Kraft 局间信封, 回收",17.0,8.1
A1004327,2021/9/15,MJ-17740,二级,东北,辽宁,办公用品,器具,Breville,"Breville 咖啡研磨机, 黑色",8.0,13.248
A1004327,2021/9/15,MJ-17740,二级,东北,辽宁,办公用品,收纳具,Smead,"Smead 锁柜, 蓝色",17.0,83.988
A1004317,2021/9/15,JG-15160,标准级,中南,广东,办公用品,标签,Smead,"Smead 运输标签, 耐用",2.0,73.2
A1004320,2021/9/15,AG-10765,二级,华东,山东,家具,用具,Advantus,"Advantus 闹钟, 一包多件",23.0,10.74
A1004327,2021/9/15,CK-12205,二级,东北,辽宁,技术,设备,StarTech,"StarTech 计算器, 红色",20.0,11.032
A1004325,2021/9/15,CK-12205,标准级,西南,四川,办公用品,装订机,Ibico,"Ibico 标签, 耐用",12.0,53.04
A1004325,2021/9/15,HD-14785,标准级,西南,四川,家具,椅子,Novimex,"Novimex 凳子, 黑色",13.0,17.12
A1004322,2021/9/15,HD-14785,标准级,华北,内蒙古,办公用品,标签,Smead,"Smead 文件夹标签, 白色",14.0,59.94
A1004322,2021/9/15,BO-11350,标准级,华北,内蒙古,技术,电话,三星,"三星 信号增强器, 混合尺寸",19.0,210.58
A1004330,2021/9/16,BO-11350,一级,华东,江苏,办公用品,系固件,OIC,"OIC 按钉, 金属",28.0,30.96
A1004336,2021/9/16,BO-11350,二级,华东,山东,家具,椅子,Safco,"SAFCO 凳子, 每套两件",5.0,239.984
A1004336,2021/9/16,LC-16885,二级,华东,山东,家具,用具,Eldon,"Eldon 灯泡, 一包多件",10.0,3050.376
A1004337,2021/9/16,LC-16885,一级,华东,江苏,家具,用具,Deflect-O,"Deflect-O 闹钟, 一包多件",37.0,133.98
A1004334,2021/9/16,RB-19465,二级,华北,山西,家具,书架,Dania,"Dania 搁架, 白色",4.0,93.248
A1004334,2021/9/16,RB-19465,二级,华北,山西,家具,椅子,Harbour Creations,"Harbour Creations 摇椅, 黑色",10.0,177.48
A1004333,2021/9/16,JD-16015,标准级,东北,黑龙江,家具,椅子,Novimex,"Novimex 沙滩椅, 每套两件",8.0,17.712
A1004334,2021/9/16,JD-16015,二级,华北,山西,技术,复印机,Brother,"Brother 墨水, 彩色",20.0,4.86
A1004334,2021/9/16,JD-16015,二级,华北,山西,技术,配件,贝尔金,"贝尔金 键盘, 耐用",34.0,6.258
A1004333,2021/9/16,MF-17665,标准级,东北,黑龙江,技术,复印机,佳能,"佳能 墨水, 数字化",21.0,37.68
A1004329,2021/9/16,MF-17665,标准级,西南,云南,办公用品,器具,Hoover,"Hoover 搅拌机, 红色",32.0,51.84
A1004331,2021/9/16,MF-17665,标准级,华北,天津,办公用品,收纳具,Rogers,"Rogers 盘, 工业",39.0,27.42
A1004329,2021/9/16,MF-17665,标准级,西南,云南,技术,配件,SanDisk,"SanDisk 键盘, 实惠",4.0,5.4
A1004332,2021/9/16,BF-11170,标准级,中南,湖南,办公用品,美术,Binney & Smith,"Binney & Smith 记号笔, 蓝色",38.0,1270.99
A1004335,2021/9/16,BF-11170,标准级,华东,浙江,办公用品,信封,Kraft,"Kraft 邮寄品, 每套 50 个",23.0,125.36
A1004346,2021/9/17,FO-14305,一级,西北,甘肃,家具,用具,Eldon,"Eldon 闹钟, 耐用",24.0,14.03
A1004342,2021/9/17,FO-14305,一级,华东,浙江,办公用品,器具,Hamilton Beach,"Hamilton Beach 微波炉, 银色",32.0,27.96
A1004342,2021/9/17,BB-11545,一级,华东,浙江,办公用品,收纳具,Rogers,"Rogers 盘, 金属",22.0,5.344
A1004340,2021/9/17,BB-11545,二级,西北,甘肃,办公用品,收纳具,Tenex,"Tenex 文件车, 金属",12.0,1.696
A1004340,2021/9/17,BB-11545,二级,西北,甘肃,办公用品,系固件,Stockwell,"Stockwell 订书钉, 整包",31.0,24.588
A1004342,2021/9/17,BB-11545,一级,华东,浙江,家具,书架,宜家,"宜家 书架, 传统",36.0,7.98
A1004342,2021/9/17,IL-15100,一级,华东,浙江,家具,椅子,Hon,"Hon 凳子, 黑色",21.0,288.0
A1004342,2021/9/17,PO-19180,一级,华东,浙江,家具,椅子,Safco,"SAFCO 扶手椅, 每套两件",20.0,146.952
A1004343,2021/9/17,PO-19180,一级,华北,北京,家具,桌子,Barricks,"Barricks 电脑桌, 白色",4.0,83.136
A1004339,2021/9/17,DB-13555,标准级,东北,黑龙江,办公用品,器具,Breville,"Breville 炉灶, 红色",4.0,942.784
A1004341,2021/9/17,DB-13555,标准级,华东,福建,办公用品,美术,Stanley,"Stanley 荧光笔, 混合尺寸",11.0,74.352
A1004344,2021/9/17,LC-16960,二级,东北,黑龙江,办公用品,收纳具,Smead,"Smead 文件车, 单宽度",4.0,26.88
A1004344,2021/9/17,LC-16960,二级,东北,黑龙江,办公用品,标签,Harbour Creations,"Harbour Creations 文件夹标签, 白色",40.0,10.896
A1004338,2021/9/17,MP-18175,标准级,中南,广西,办公用品,信封,Ames,"Ames 搭扣信封, 银色",18.0,3.536
A1004338,2021/9/17,EA-14035,标准级,中南,广西,办公用品,用品,Acme,"Acme 大剪刀, 蓝色",20.0,528.43
A1004338,2021/9/17,EA-14035,标准级,中南,广西,办公用品,用品,Elite,"Elite 美工刀, 工业",25.0,41.472
A1004338,2021/9/17,BP-11095,标准级,中南,广西,办公用品,装订机,Acco,"Acco 装订机盖, 耐用",25.0,287.976
A1004338,2021/9/17,BM-11785,标准级,中南,广西,家具,书架,宜家,"宜家 古典书架, 白色",15.0,29.304
A1004338,2021/9/17,CM-12715,标准级,中南,广西,技术,电话,诺基亚,"诺基亚 充电器, 混合尺寸",40.0,55.328
A1004347,2021/9/17,CM-12715,标准级,华东,安徽,办公用品,纸张,Enermax,"Enermax 备忘录便条, 优质",6.0,1227.9984
A1004347,2021/9/17,JD-16150,标准级,华东,安徽,家具,书架,Dania,"Dania 墙角架, 金属",37.0,20.416
A1004347,2021/9/17,JD-16150,标准级,华东,安徽,家具,桌子,Bevis,"Bevis 培训桌, 组装",19.0,1128.39
A1004345,2021/9/17,AS-10630,标准级,华北,内蒙古,技术,电话,三星,"三星 耳机, 蓝色",5.0,4.608
A1004351,2021/9/18,CM-11815,二级,中南,河南,技术,电话,苹果,"苹果 信号增强器, 混合尺寸",25.0,195.96
A1004351,2021/9/18,CM-11815,二级,中南,河南,技术,配件,SanDisk,"SanDisk 路由器, 实惠",27.0,15.552
A1004357,2021/9/18,CM-11815,二级,华东,山东,技术,配件,Memorex,"Memorex 鼠标, 实惠",18.0,271.968
A1004349,2021/9/18,JE-15715,一级,华北,山西,办公用品,信封,Jiffy,"Jiffy 局间信封, 每套 50 个",39.0,698.352
A1004358,2021/9/18,JE-15715,一级,东北,辽宁,家具,用具,Eldon,"Eldon 分层置放架, 一包多件",20.0,77.728
A1004352,2021/9/18,AG-10525,二级,东北,吉林,技术,电话,思科,"思科 办公室电话机, 全尺寸",39.0,46.62
A1004356,2021/9/18,TT-21220,标准级,西南,四川,办公用品,装订机,Ibico,"Ibico 装订机盖, 回收",17.0,537.544
A1004354,2021/9/18,BP-11095,二级,华东,浙江,家具,书架,Bush,"Bush 柜, 传统",8.0,14.62
A1004350,2021/9/18,BP-11095,标准级,华北,山西,办公用品,美术,Sanford,"Sanford 钢笔, 混合尺寸",8.0,22.55
A1004350,2021/9/18,BP-11095,标准级,华北,山西,办公用品,装订机,Cardinal,"Cardinal 打孔机, 回收",26.0,583.8
A1004355,2021/9/18,BP-11095,标准级,华东,山东,办公用品,美术,Binney & Smith,"Binney & Smith 画布, 整包",21.0,211.168
A1004353,2021/9/18,MJ-17740,标准级,华东,山东,办公用品,纸张,Enermax,"Enermax 令, 优质",21.0,12.96
A1004348,2021/9/18,MJ-17740,标准级,华东,福建,办公用品,装订机,Wilson Jones,"Wilson Jones 订书机, 透明",4.0,45.98
A1004355,2021/9/18,VM-21685,标准级,华东,山东,家具,椅子,Safco,"SAFCO 凳子, 可调",28.0,1294.75
A1004353,2021/9/18,KT-16480,标准级,华东,山东,家具,椅子,Harbour Creations,"Harbour Creations 摇椅, 每套两件",31.0,1799.97
A1004361,2021/9/19,CS-12250,一级,西南,重庆,办公用品,用品,Fiskars,"Fiskars 剪刀, 钢",17.0,10.688
A1004360,2021/9/19,AB-10015,二级,东北,吉林,办公用品,收纳具,Smead,"Smead 文件夹, 金属",10.0,221.98
A1004360,2021/9/19,AB-10015,二级,东北,吉林,办公用品,标签,Smead,"Smead 合法证物标签, 红色",12.0,341.96
A1004359,2021/9/19,AH-10030,标准级,华东,江西,办公用品,装订机,Cardinal,"Cardinal 订书机, 回收",39.0,34.77
A1004363,2021/9/19,AH-10030,二级,华北,河北,家具,书架,Dania,"Dania 搁架, 金属",12.0,18.9
A1004360,2021/9/19,DO-13435,二级,东北,吉林,技术,配件,SanDisk,"SanDisk 键盘, 耐用",7.0,102.72
A1004362,2021/9/19,MC-17590,标准级,中南,湖南,家具,椅子,Office Star,"Office Star 椅垫, 红色",7.0,40.48
A1004368,2021/9/21,JF-15190,一级,华东,福建,办公用品,信封,Kraft,"Kraft 邮寄品, 回收",9.0,33.282
A1004367,2021/9/21,JF-15190,一级,华北,山西,办公用品,标签,Novimex,"Novimex 有色标签, 耐用",23.0,118.65
A1004367,2021/9/21,JF-15190,一级,华北,山西,办公用品,系固件,OIC,"OIC 按钉, 每包 12 个",29.0,14.76
A1004367,2021/9/21,SM-20950,一级,华北,山西,办公用品,装订机,Cardinal,"Cardinal 孔加固材料, 回收",30.0,37.52
A1004367,2021/9/21,SP-20650,一级,华北,山西,家具,书架,Dania,"Dania 古典书架, 黑色",30.0,207.144
A1004367,2021/9/21,SP-20650,一级,华北,山西,家具,椅子,Safco,"SAFCO 凳子, 红色",16.0,13.9
A1004366,2021/9/21,CK-12760,二级,华东,山东,技术,配件,罗技,"罗技 记忆卡, 可编程",40.0,266.352
A1004365,2021/9/21,PW-19240,二级,华东,山东,办公用品,器具,KitchenAid,"KitchenAid 咖啡研磨机, 白色",31.0,307.98
A1004365,2021/9/21,PW-19240,二级,华东,山东,办公用品,纸张,Enermax,"Enermax 羊皮纸, 每包 12 个",10.0,44.1
A1004364,2021/9/21,PW-19240,标准级,华东,江苏,办公用品,装订机,Acco,"Acco 孔加固材料, 透明",3.0,13.12
A1004364,2021/9/21,PW-19240,标准级,华东,江苏,技术,电话,苹果,"苹果 信号增强器, 整包",33.0,16.56
A1004369,2021/9/21,PW-19240,标准级,华东,山东,办公用品,标签,Harbour Creations,"Harbour Creations 有色标签, 可调",11.0,38.88
A1004369,2021/9/21,EB-14170,标准级,华东,山东,家具,椅子,Safco,"SAFCO 扶手椅, 可调",39.0,335.52
A1004373,2021/9/22,DK-13090,标准级,中南,湖南,办公用品,收纳具,Rogers,"Rogers 盘, 工业",13.0,959.984
A1004371,2021/9/22,DK-13090,标准级,中南,河南,家具,用具,Advantus,"Advantus 灯泡, 一包多件",7.0,4.086
A1004370,2021/9/22,DK-13090,标准级,东北,辽宁,技术,设备,柯尼卡,"柯尼卡 喷墨打印机, 红色",8.0,55.984
A1004372,2021/9/22,DK-13090,标准级,华东,江苏,办公用品,纸张,Green Bar,"Green Bar 备忘录便条, 多色",32.0,10.688
A1004375,2021/9/23,TB-21055,一级,华北,河北,家具,书架,Sauder,"Sauder 书库, 白色",33.0,8.856
A1004375,2021/9/23,AG-10900,一级,华北,河北,家具,椅子,Office Star,"Office Star 凳子, 可调",14.0,6.912
A1004374,2021/9/23,SC-20020,一级,华北,内蒙古,技术,复印机,Hewlett,"Hewlett 无线传真机, 彩色",9.0,26.72
A1004376,2021/9/23,SC-20020,一级,华东,安徽,家具,用具,Rubbermaid,"Rubvermaid 闹钟, 一包多件",10.0,33.488
A1004378,2021/9/24,BB-11545,一级,中南,广东,办公用品,标签,Hon,"Hon 运输标签, 可调",14.0,10.56
A1004377,2021/9/24,VP-21760,标准级,华北,河北,技术,设备,松下,"松下 收据打印机, 红色",7.0,386.34
A1004383,2021/9/25,RP-19270,二级,华东,福建,家具,椅子,Safco,"SAFCO 摇椅, 每套两件",13.0,33.44
A1004384,2021/9/25,DH-13675,二级,东北,黑龙江,家具,椅子,Novimex,"Novimex 椅垫, 红色",8.0,39.96
A1004382,2021/9/25,SW-20455,标准级,华东,福建,办公用品,标签,Hon,"Hon 合法证物标签, 可调",18.0,1217.568
A1004382,2021/9/25,KF-16285,标准级,华东,福建,技术,设备,爱普生,"爱普生 计算器, 白色",19.0,15.51
A1004379,2021/9/25,KF-16285,标准级,中南,湖南,办公用品,美术,BIC,"BIC 铅笔刀, 金属",13.0,89.9
A1004379,2021/9/25,KF-16285,标准级,中南,湖南,办公用品,装订机,Ibico,"Ibico 孔加固材料, 透明",12.0,14.28
A1004381,2021/9/25,KF-16285,标准级,华北,河北,办公用品,器具,Breville,"Breville 搅拌机, 黑色",29.0,12.72
A1004380,2021/9/25,KF-16285,标准级,中南,河南,办公用品,收纳具,Rogers,"Rogers 盘, 工业",31.0,15.75
A1004385,2021/9/25,FH-14275,标准级,中南,广东,办公用品,用品,Kleencut,"Kleencut 开信刀, 钢",14.0,70.95
A1004385,2021/9/25,FH-14275,标准级,中南,广东,办公用品,纸张,Enermax,"Enermax 计划信息表, 回收",8.0,65.568
A1004385,2021/9/25,FH-14275,标准级,中南,广东,办公用品,装订机,Acco,"Acco 打孔机, 回收",39.0,299.97
A1004385,2021/9/25,JR-16210,标准级,中南,广东,家具,书架,宜家,"宜家 墙角架, 传统",13.0,89.97
A1004386,2021/9/26,JR-16210,一级,东北,吉林,家具,椅子,Harbour Creations,"Harbour Creations 摇椅, 每套两件",20.0,31.86
A1004386,2021/9/26,JC-16105,一级,东北,吉林,技术,设备,StarTech,"StarTech 喷墨打印机, 白色",5.0,67.15
A1004390,2021/9/26,BP-11290,标准级,华北,河北,办公用品,标签,Novimex,"Novimex 文件夹标签, 可调",8.0,7.236
A1004387,2021/9/26,BP-11290,二级,华东,山东,办公用品,纸张,Enermax,"Enermax 笔记本, 多色",20.0,4.824
A1004388,2021/9/26,BP-11290,标准级,华东,山东,办公用品,美术,Boston,"Boston 速写本, 混合尺寸",8.0,91.36
A1004387,2021/9/26,BP-11290,二级,华东,山东,家具,椅子,Hon,"Hon 沙滩椅, 每套两件",6.0,130.112
A1004388,2021/9/26,FA-14230,标准级,华东,山东,家具,椅子,Office Star,"Office Star 沙滩椅, 可调",18.0,74.24
A1004388,2021/9/26,FA-14230,标准级,华东,山东,技术,复印机,Brother,"Brother 复印机, 彩色",23.0,159.84
A1004389,2021/9/26,FA-14230,标准级,东北,黑龙江,办公用品,信封,Cameo,"Cameo 马尼拉纸信封, 红色",37.0,2.892
A1004389,2021/9/26,FA-14230,标准级,东北,黑龙江,办公用品,系固件,Accos,"Accos 橡皮筋, 每包 12 个",23.0,9.392
A1004389,2021/9/26,DN-13690,标准级,东北,黑龙江,办公用品,系固件,OIC,"OIC 订书钉, 金属",29.0,123.92
A1004389,2021/9/26,FO-14305,标准级,东北,黑龙江,办公用品,纸张,Enermax,"Enermax 令, 回收",8.0,55.6
A1004391,2021/9/26,FO-14305,标准级,华北,河北,家具,椅子,Hon,"Hon 摇椅, 可调",7.0,617.976
A1004389,2021/9/26,DP-13105,标准级,东北,黑龙江,家具,书架,宜家,"宜家 墙角架, 金属",29.0,21.312
A1004389,2021/9/26,JW-15220,标准级,东北,黑龙江,家具,桌子,Hon,"Hon 会议桌, 组装",29.0,209.94
A1004391,2021/9/26,JW-15220,标准级,华北,河北,技术,复印机,佳能,"佳能 传真机, 每套两件",27.0,31.984
A1004389,2021/9/26,JW-15220,标准级,东北,黑龙江,技术,电话,苹果,"苹果 信号增强器, 全尺寸",12.0,5083.96
A1004395,2021/9/28,TT-21460,一级,华东,江西,技术,复印机,佳能,"佳能 墨水, 彩色",10.0,35.96
A1004395,2021/9/28,SN-20560,一级,华东,江西,技术,配件,Enermax,"Enermax 路由器, 实惠",15.0,31.05
A1004393,2021/9/28,SN-20560,二级,东北,吉林,办公用品,收纳具,Fellowes,"Fellowes 文件夹, 金属",6.0,8.92
A1004393,2021/9/28,SN-20560,二级,东北,吉林,办公用品,收纳具,Smead,"Smead 文件夹, 单宽度",33.0,209.6
A1004393,2021/9/28,SN-20560,二级,东北,吉林,办公用品,收纳具,Smead,"Smead 文件车, 金属",5.0,111.04
A1004393,2021/9/28,SN-20560,二级,东北,吉林,家具,椅子,Safco,"SAFCO 沙滩椅, 可调",29.0,38.88
A1004399,2021/9/28,JM-15865,一级,西北,甘肃,办公用品,收纳具,Rogers,"Rogers 搁板, 金属",20.0,36.27
A1004398,2021/9/28,SB-20185,一级,东北,吉林,技术,设备,StarTech,"StarTech 喷墨打印机, 耐用",37.0,493.43
A1004397,2021/9/28,SB-20185,二级,华东,江苏,办公用品,收纳具,Fellowes,"Fellowes 文件车, 金属",12.0,11.12
A1004397,2021/9/28,CC-12475,二级,华东,江苏,家具,椅子,Harbour Creations,"Harbour Creations 椅垫, 可调",28.0,686.4
A1004392,2021/9/28,SH-19975,标准级,华东,山东,家具,用具,Deflect-O,"Deflect-O 分层置放架, 耐用",19.0,15.92
A1004400,2021/9/28,SH-19975,二级,中南,河南,办公用品,装订机,Ibico,"Ibico 孔加固材料, 回收",39.0,70.68
A1004400,2021/9/28,SH-19975,二级,中南,河南,技术,电话,三星,"三星 耳机, 混合尺寸",10.0,541.24
A1004396,2021/9/28,RB-19435,标准级,华东,山东,办公用品,信封,Cameo,"Cameo 局间信封, 红色",8.0,101.994
A1004396,2021/9/28,RB-19435,标准级,华东,山东,办公用品,收纳具,Eldon,"Eldon 文件车, 金属",18.0,18.264
A1004396,2021/9/28,TC-21295,标准级,华东,山东,办公用品,标签,Harbour Creations,"Harbour Creations 可去除的标签, 红色",28.0,21.99
A1004396,2021/9/28,CT-11995,标准级,华东,山东,办公用品,用品,Kleencut,"Kleencut 美工刀, 钢",21.0,185.376
A1004396,2021/9/28,CT-11995,标准级,华东,山东,办公用品,系固件,Advantus,"Advantus 图钉, 金属",19.0,58.924
A1004396,2021/9/28,GZ-14470,标准级,华东,山东,办公用品,纸张,Enermax,"Enermax 信纸, 多色",39.0,480.0
A1004394,2021/9/28,GZ-14470,标准级,中南,湖北,办公用品,美术,BIC,"BIC 记号笔, 金属",38.0,34.05
A1004396,2021/9/28,AM-10360,标准级,华东,山东,家具,椅子,Safco,"SAFCO 折叠椅, 红色",15.0,192.72
A1004396,2021/9/28,AM-10360,标准级,华东,山东,技术,复印机,佳能,"佳能 传真复印机, 红色",6.0,239.97
A1004394,2021/9/28,AH-10120,标准级,中南,湖北,技术,配件,罗技,"罗技 闪存驱动器, 实惠",38.0,50.12
A1004402,2021/9/29,MY-18295,标准级,华东,福建,办公用品,系固件,Stockwell,"Stockwell 夹子, 每包 12 个",40.0,15.984
A1004402,2021/9/29,MY-18295,标准级,华东,福建,办公用品,美术,BIC,"BIC 记号笔, 整包",13.0,14.352
A1004404,2021/9/29,BS-11590,标准级,华东,浙江,办公用品,纸张,SanDisk,"SanDisk 羊皮纸, 回收",4.0,6.528
A1004401,2021/9/29,BS-11590,标准级,东北,黑龙江,家具,用具,Tenex,"Tenex 灯泡, 耐用",9.0,2.862
A1004405,2021/9/29,BS-11590,标准级,华东,安徽,办公用品,标签,Novimex,"Novimex 可去除的标签, 白色",12.0,20.856
A1004405,2021/9/29,BB-10990,标准级,华东,安徽,办公用品,系固件,Accos,"Accos 回形针, 整包",25.0,276.28
A1004403,2021/9/29,ML-17755,标准级,华北,山西,技术,设备,爱普生,"爱普生 计算器, 多色",20.0,629.64
A1004408,2021/9/30,FC-14245,标准级,华东,山东,办公用品,器具,Hamilton Beach,"Hamilton Beach 冰箱, 红色",12.0,449.97
A1004408,2021/9/30,FC-14245,标准级,华东,山东,办公用品,标签,Novimex,"Novimex 文件夹标签, 耐用",6.0,1927.59
A1004406,2021/9/30,CR-12625,标准级,华东,江苏,办公用品,美术,Binney & Smith,"Binney & Smith 速写本, 蓝色",35.0,121.78
A1004410,2021/9/30,LC-16960,标准级,华东,福建,技术,电话,苹果,"苹果 智能手机, 整包",3.0,2676.672
A1004409,2021/9/30,GZ-14470,标准级,华北,河北,家具,书架,宜家,"宜家 搁架, 白色",22.0,489.23
A1004407,2021/9/30,BD-11320,标准级,华东,上海,办公用品,收纳具,Fellowes,"Fellowes 盘, 工业",4.0,312.03
A1004407,2021/9/30,BD-11320,标准级,华东,上海,办公用品,系固件,OIC,"OIC 夹子, 每包 12 个",12.0,17.94
A1004407,2021/9/30,BD-11320,标准级,华东,上海,办公用品,美术,BIC,"BIC 荧光笔, 蓝色",17.0,165.6
A1004407,2021/9/30,BD-11320,标准级,华东,上海,家具,书架,Sauder,"Sauder 书架, 黑色",21.0,37.52
A1004407,2021/9/30,EM-14095,标准级,华东,上海,家具,用具,Advantus,"Advantus 灯泡, 一包多件",37.0,494.97
A1004414,2021/10/1,EM-14095,当日,华东,江西,办公用品,信封,Jiffy,"Jiffy 搭扣信封, 每套 50 个",13.0,25.06
A1004414,2021/10/1,BP-11290,当日,华东,江西,家具,书架,Sauder,"Sauder 古典书架, 传统",30.0,32.064
A1004413,2021/10/1,BP-11290,一级,东北,黑龙江,办公用品,收纳具,Tenex,"Tenex 文件车, 金属",23.0,18.496
A1004420,2021/10/1,BP-11290,二级,中南,河南,办公用品,装订机,Cardinal,"Cardinal 订书机, 回收",22.0,191.079
A1004416,2021/10/1,BP-11290,二级,华东,山东,办公用品,标签,Harbour Creations,"Harbour Creations 圆形标签, 红色",33.0,10.368
A1004416,2021/10/1,SU-20665,二级,华东,山东,家具,椅子,Novimex,"Novimex 摇椅, 黑色",12.0,30.53
A1004416,2021/10/1,SU-20665,二级,华东,山东,家具,用具,Eldon,"Eldon 分层置放架, 一包多件",4.0,30.84
A1004416,2021/10/1,SU-20665,二级,华东,山东,技术,设备,柯尼卡,"柯尼卡 卡片打印机, 白色",33.0,75.06
A1004419,2021/10/1,AY-10555,标准级,西北,新疆,技术,复印机,Brother,"Brother 墨水, 数字化",25.0,66.976
A1004412,2021/10/1,EM-13825,标准级,东北,辽宁,技术,配件,SanDisk,"SanDisk 闪存驱动器, 耐用",6.0,182.72
A1004411,2021/10/1,SA-20830,标准级,华东,山东,办公用品,用品,Acme,"Acme 开信刀, 锯齿状",5.0,21.93
A1004415,2021/10/1,CA-12265,标准级,华北,天津,办公用品,纸张,SanDisk,"SanDisk 信纸, 回收",12.0,95.976
A1004418,2021/10/1,CA-12265,标准级,华东,山东,家具,椅子,Safco,"SAFCO 扶手椅, 红色",8.0,143.928
A1004417,2021/10/1,CA-12265,标准级,华北,天津,办公用品,收纳具,Tenex,"Tenex 盘, 蓝色",24.0,3.564
A1004421,2021/10/2,CA-12265,二级,华北,天津,办公用品,用品,Acme,"Acme 尺子, 工业",19.0,4.928
A1004421,2021/10/2,CV-12805,二级,华北,天津,办公用品,用品,Elite,"Elite 开信刀, 工业",12.0,856.656
A1004421,2021/10/2,CV-12805,二级,华北,天津,办公用品,装订机,Avery,"Avery 孔加固材料, 耐用",25.0,13.184
A1004421,2021/10/2,CV-12805,二级,华北,天津,办公用品,装订机,Cardinal,"Cardinal 装订机, 回收",30.0,48.784
A1004421,2021/10/2,CV-12805,二级,华北,天津,技术,复印机,Hewlett,"Hewlett 传真机, 数字化",3.0,76.64
A1004421,2021/10/2,CV-12805,二级,华北,天津,技术,电话,三星,"三星 办公室电话机, 整包",8.0,18.528
A1004421,2021/10/2,AH-10690,二级,华北,天津,技术,配件,Memorex,"Memorex 键盘, 实惠",12.0,177.68
A1004423,2021/10/2,DS-13180,二级,华东,山东,办公用品,收纳具,Tenex,"Tenex 文件车, 单宽度",14.0,159.98
A1004426,2021/10/2,AH-10690,标准级,中南,广东,办公用品,用品,Kleencut,"Kleencut 剪刀, 蓝色",34.0,52.68
A1004422,2021/10/2,AH-10690,标准级,华东,山东,办公用品,系固件,OIC,"OIC 图钉, 整包",29.0,11.568
A1004422,2021/10/2,ZC-21910,标准级,华东,山东,办公用品,装订机,Acco,"Acco 订书机, 回收",18.0,4.572
A1004425,2021/10/2,DF-13135,标准级,华东,江苏,办公用品,信封,Ames,"Ames 邮寄品, 红色",9.0,1439.968
A1004425,2021/10/2,DF-13135,标准级,华东,江苏,办公用品,纸张,施乐,"施乐 羊皮纸, 回收",16.0,1.728
A1004424,2021/10/2,DF-13135,标准级,华东,安徽,办公用品,用品,Acme,"Acme 剪刀, 蓝色",34.0,626.1
A1004424,2021/10/2,SS-20140,标准级,华东,安徽,办公用品,系固件,OIC,"OIC 按钉, 每包 12 个",20.0,99.2
A1004425,2021/10/2,FP-14320,标准级,华东,江苏,家具,书架,Sauder,"Sauder 古典书架, 传统",38.0,609.98
A1004425,2021/10/2,FP-14320,标准级,华东,江苏,家具,椅子,Hon,"Hon 椅垫, 每套两件",8.0,211.372
A1004428,2021/10/3,FP-14320,标准级,华东,山东,办公用品,信封,Ames,"Ames 搭扣信封, 红色",18.0,239.976
A1004429,2021/10/3,HE-14800,标准级,中南,河南,技术,复印机,Hewlett,"Hewlett 无线传真机, 红色",6.0,99.95
A1004428,2021/10/3,HE-14800,标准级,华东,山东,技术,设备,松下,"松下 电话, 多色",28.0,929.34
A1004427,2021/10/3,SP-20545,标准级,中南,广东,办公用品,器具,Cuisinart,"Cuisinart 冰箱, 黑色",12.0,16.74
A1004427,2021/10/3,BP-11185,标准级,中南,广东,办公用品,用品,Stiletto,"Stiletto 开信刀, 钢",37.0,12.672
A1004430,2021/10/4,BP-11185,标准级,中南,湖北,技术,电话,摩托罗拉,"摩托罗拉 信号增强器, 蓝色",8.0,1119.888
A1004431,2021/10/5,PG-18895,二级,中南,河南,办公用品,信封,Ames,"Ames 局间信封, 回收",3.0,204.85
A1004431,2021/10/5,PG-18895,二级,中南,河南,办公用品,美术,Boston,"Boston 记号笔, 混合尺寸",12.0,135.984
A1004437,2021/10/5,PG-18895,二级,华东,福建,家具,椅子,Hon,"Hon 凳子, 可调",14.0,16.4
A1004431,2021/10/5,PG-18895,二级,中南,河南,家具,书架,Dania,"Dania 墙角架, 传统",24.0,92.96
A1004433,2021/10/5,JP-15520,一级,华北,河北,技术,设备,松下,"松下 打印机, 白色",13.0,7.632
A1004433,2021/10/5,NW-18400,一级,华北,河北,技术,配件,Enermax,"Enermax 鼠标, 回收",9.0,4.158
A1004436,2021/10/5,NW-18400,标准级,中南,河南,办公用品,用品,Kleencut,"Kleencut 尺子, 锯齿状",4.0,179.991
A1004434,2021/10/5,SW-20245,标准级,东北,辽宁,办公用品,用品,Stiletto,"Stiletto 剪刀, 工业",24.0,239.358
A1004434,2021/10/5,EH-14005,标准级,东北,辽宁,办公用品,系固件,Advantus,"Advantus 回形针, 整包",39.0,164.88
A1004435,2021/10/5,SC-20260,标准级,东北,黑龙江,办公用品,标签,Novimex,"Novimex 合法证物标签, 可调",23.0,10.95
A1004435,2021/10/5,NC-18535,标准级,东北,黑龙江,办公用品,系固件,Stockwell,"Stockwell 订书钉, 每包 12 个",27.0,19.44
A1004435,2021/10/5,NC-18535,标准级,东北,黑龙江,办公用品,美术,Binney & Smith,"Binney & Smith 画布, 整包",36.0,12.3
A1004436,2021/10/5,AS-10090,标准级,中南,河南,家具,椅子,Safco,"SAFCO 沙滩椅, 黑色",5.0,413.97
A1004434,2021/10/5,JL-15130,标准级,东北,辽宁,技术,电话,思科,"思科 充电器, 整包",37.0,934.956
A1004435,2021/10/5,JL-15130,标准级,东北,黑龙江,技术,配件,罗技,"罗技 键盘, 回收",30.0,46.864
A1004432,2021/10/5,JL-15130,标准级,华东,山东,办公用品,标签,Smead,"Smead 运输标签, 红色",3.0,26.16
A1004439,2021/10/6,JL-15130,一级,华北,天津,办公用品,信封,Jiffy,"Jiffy 邮寄品, 银色",11.0,23.128
A1004439,2021/10/6,JL-15130,一级,华北,天津,办公用品,标签,Avery,"Avery 有色标签, 红色",20.0,59.24
A1004440,2021/10/6,VG-21790,二级,西南,重庆,技术,电话,三星,"三星 智能手机, 混合尺寸",4.0,155.456
A1004438,2021/10/6,HG-14965,一级,华北,北京,办公用品,用品,Fiskars,"Fiskars 尺子, 蓝色",40.0,8.56
A1004438,2021/10/6,JH-15430,一级,华北,北京,办公用品,纸张,SanDisk,"SanDisk 笔记本, 每包 12 个",30.0,21.0
A1004444,2021/10/6,JH-15430,一级,中南,河南,办公用品,信封,Jiffy,"Jiffy 马尼拉纸信封, 回收",4.0,120.0
A1004443,2021/10/6,RO-19780,二级,中南,广东,办公用品,收纳具,Fellowes,"Fellowes 锁柜, 金属",15.0,299.96
A1004443,2021/10/6,RO-19780,二级,中南,广东,技术,配件,SanDisk,"SanDisk 闪存驱动器, 耐用",7.0,67.84
A1004442,2021/10/6,RO-19780,标准级,华北,天津,技术,设备,松下,"松下 打印机, 耐用",12.0,853.93
A1004441,2021/10/6,RO-19780,标准级,华北,河北,家具,用具,Advantus,"Advantus 灯泡, 黑色",34.0,18.688
A1004441,2021/10/6,LW-17125,标准级,华北,河北,技术,设备,松下,"松下 电话, 红色",28.0,573.96
A1004449,2021/10/7,LW-17125,当日,华北,河北,办公用品,收纳具,Fellowes,"Fellowes 文件车, 单宽度",8.0,89.97
A1004449,2021/10/7,LW-17125,当日,华北,河北,家具,书架,Dania,"Dania 书架, 白色",20.0,756.8
A1004446,2021/10/7,CC-12370,二级,华北,天津,办公用品,标签,Smead,"Smead 可去除的标签, 耐用",14.0,1.248
A1004446,2021/10/7,JP-16135,二级,华北,天津,办公用品,系固件,OIC,"OIC 订书钉, 金属",21.0,72.0
A1004446,2021/10/7,JP-16135,二级,华北,天津,家具,书架,Bush,"Bush 墙角架, 金属",4.0,470.155
A1004446,2021/10/7,DD-13570,二级,华北,天津,技术,配件,SanDisk,"SanDisk 路由器, 实惠",9.0,39.128
A1004450,2021/10/7,ES-14080,二级,东北,吉林,办公用品,美术,Boston,"Boston 钢笔, 混合尺寸",6.0,19.728
A1004445,2021/10/7,ES-14080,二级,华东,安徽,技术,配件,贝尔金,"贝尔金 闪存驱动器, 实惠",8.0,151.188
A1004447,2021/10/7,MV-17485,标准级,华东,山东,技术,电话,诺基亚,"诺基亚 耳机, 蓝色",7.0,271.764
A1004448,2021/10/7,RD-19900,标准级,中南,广东,办公用品,系固件,Advantus,"Advantus 图钉, 金属",12.0,47.496
A1004455,2021/10/8,RL-19615,当日,中南,广东,技术,配件,Memorex,"Memorex 路由器, 可编程",35.0,344.981
A1004456,2021/10/8,JP-15460,标准级,中南,湖南,办公用品,信封,Jiffy,"Jiffy 外皮和封条, 回收",4.0,36.288
A1004456,2021/10/8,JP-15460,标准级,中南,湖南,办公用品,信封,Kraft,"Kraft 搭扣信封, 每套 50 个",12.0,78.304
A1004456,2021/10/8,JP-15460,标准级,中南,湖南,办公用品,器具,Breville,"Breville 微波炉, 银色",4.0,127.785
A1004456,2021/10/8,JP-15460,标准级,中南,湖南,办公用品,装订机,Avery,"Avery 订书机, 耐用",8.0,6.104
A1004453,2021/10/8,DM-13345,标准级,华东,安徽,办公用品,美术,Binney & Smith,"Binney & Smith 荧光笔, 金属",25.0,205.76
A1004454,2021/10/8,CS-11860,标准级,中南,河南,家具,书架,Safco,"Safco 书库, 白色",15.0,11.72
A1004454,2021/10/8,DL-13315,标准级,中南,河南,家具,椅子,Harbour Creations,"Harbour Creations 折叠椅, 黑色",15.0,8.952
A1004454,2021/10/8,LC-16870,标准级,中南,河南,家具,用具,Advantus,"Advantus 相框, 耐用",10.0,2.334
A1004454,2021/10/8,LC-16870,标准级,中南,河南,技术,电话,摩托罗拉,"摩托罗拉 智能手机, 全尺寸",13.0,1.728
A1004454,2021/10/8,LC-16870,标准级,中南,河南,技术,配件,SanDisk,"SanDisk 键区, 回收",34.0,159.04
A1004451,2021/10/8,LC-16870,标准级,华东,山东,办公用品,器具,Breville,"Breville 烤面包机, 银色",31.0,145.98
A1004451,2021/10/8,JG-15115,标准级,华东,山东,办公用品,收纳具,Eldon,"Eldon 盒, 金属",5.0,77.952
A1004452,2021/10/8,JG-15115,标准级,西北,青海,技术,设备,松下,"松下 卡片打印机, 红色",19.0,95.97
A1004464,2021/10/9,JG-15115,当日,西南,四川,家具,用具,Rubbermaid,"Rubvermaid 相框, 耐用",6.0,105.584
A1004461,2021/10/9,JG-15115,一级,华北,内蒙古,办公用品,标签,Novimex,"Novimex 文件夹标签, 红色",28.0,9.344
A1004461,2021/10/9,HM-14860,一级,华北,内蒙古,办公用品,纸张,SanDisk,"SanDisk 令, 多色",8.0,9.68
A1004461,2021/10/9,HM-14860,一级,华北,内蒙古,家具,桌子,Barricks,"Barricks 培训桌, 黑色",36.0,4899.93
A1004461,2021/10/9,TN-21040,一级,华北,内蒙古,技术,设备,StarTech,"StarTech 打印机, 耐用",37.0,104.75
A1004463,2021/10/9,VP-21760,二级,西南,云南,办公用品,系固件,Accos,"Accos 回形针, 金属",5.0,18.528
A1004460,2021/10/9,VP-21760,二级,华北,河北,办公用品,美术,Stanley,"Stanley 荧光笔, 整包",4.0,1875.258
A1004460,2021/10/9,CS-12355,二级,华北,河北,办公用品,装订机,Avery,"Avery 装订机盖, 实惠",12.0,91.36
A1004460,2021/10/9,CS-12355,二级,华北,河北,家具,椅子,Harbour Creations,"Harbour Creations 沙滩椅, 红色",16.0,152.24
A1004460,2021/10/9,PG-18820,二级,华北,河北,家具,椅子,Hon,"Hon 沙滩椅, 红色",23.0,35.184
A1004463,2021/10/9,HG-14845,二级,西南,云南,技术,复印机,佳能,"佳能 个人复印机, 彩色",2.0,56.704
A1004462,2021/10/9,HG-14845,标准级,中南,广东,办公用品,收纳具,Eldon,"Eldon 文件夹, 单宽度",27.0,274.064
A1004462,2021/10/9,MH-18115,标准级,中南,广东,办公用品,标签,Hon,"Hon 文件夹标签, 耐用",16.0,458.43
A1004458,2021/10/9,NB-18655,标准级,华北,河北,办公用品,标签,Smead,"Smead 合法证物标签, 白色",10.0,92.52
A1004458,2021/10/9,NB-18655,标准级,华北,河北,办公用品,装订机,Acco,"Acco 打孔机, 回收",2.0,37.76
A1004458,2021/10/9,NB-18655,标准级,华北,河北,家具,桌子,Barricks,"Barricks 会议桌, 长方形",7.0,7.38
A1004468,2021/10/10,NB-18655,一级,东北,黑龙江,办公用品,用品,Stiletto,"Stiletto 剪刀, 锯齿状",9.0,5.82
A1004468,2021/10/10,CS-11860,一级,东北,黑龙江,办公用品,纸张,施乐,"施乐 羊皮纸, 每包 12 个",2.0,3.816
A1004468,2021/10/10,ND-18460,一级,东北,黑龙江,家具,椅子,Hon,"Hon 折叠椅, 每套两件",2.0,26.16
A1004469,2021/10/10,ED-13885,标准级,中南,湖南,家具,用具,Eldon,"Eldon 闹钟, 耐用",1.0,100.8
A1004466,2021/10/10,EA-14035,标准级,东北,吉林,家具,用具,Tenex,"Tenex 相框, 优质",10.0,135.8
A1004469,2021/10/10,BP-11050,标准级,中南,湖南,技术,复印机,Brother,"Brother 个人复印机, 红色",3.0,13.9
A1004469,2021/10/10,BP-11050,标准级,中南,湖南,技术,电话,思科,"思科 智能手机, 混合尺寸",1.0,19.4
A1004466,2021/10/10,NS-18640,标准级,东北,吉林,技术,电话,诺基亚,"诺基亚 充电器, 整包",10.0,133.488
A1004467,2021/10/10,NS-18640,二级,华北,河北,家具,桌子,Hon,"Hon 会议桌, 黑色",3.0,1111.416
A1004476,2021/10/12,MV-17485,二级,东北,黑龙江,办公用品,信封,Ames,"Ames 马尼拉纸信封, 每套 50 个",5.0,17.64
A1004476,2021/10/12,MV-17485,二级,东北,黑龙江,办公用品,收纳具,Fellowes,"Fellowes 盒, 工业",2.0,17.04
A1004479,2021/10/12,PO-18865,标准级,华东,福建,技术,配件,Memorex,"Memorex 闪存驱动器, 实惠",10.0,114.82
A1004474,2021/10/12,PO-18865,标准级,华北,内蒙古,办公用品,收纳具,Tenex,"Tenex 盒, 工业",2.0,191.82
A1004470,2021/10/12,JL-15130,标准级,中南,河南,办公用品,信封,Kraft,"Kraft 马尼拉纸信封, 红色",7.0,13.904
A1004470,2021/10/12,RW-19540,标准级,中南,河南,办公用品,器具,Hamilton Beach,"Hamilton Beach 微波炉, 黑色",9.0,314.6
A1004470,2021/10/12,RW-19540,标准级,中南,河南,办公用品,收纳具,Eldon,"Eldon 搁板, 工业",2.0,283.56
A1004470,2021/10/12,RB-19465,标准级,中南,河南,办公用品,用品,Acme,"Acme 尺子, 工业",2.0,487.96
A1004470,2021/10/12,SC-20095,标准级,中南,河南,办公用品,系固件,Stockwell,"Stockwell 图钉, 每包 12 个",1.0,1793.98
A1004470,2021/10/12,EM-13960,标准级,中南,河南,办公用品,装订机,Wilson Jones,"Wilson Jones 打孔机, 实惠",10.0,2.992
A1004470,2021/10/12,EM-13960,标准级,中南,河南,家具,椅子,Hon,"Hon 折叠椅, 黑色",3.0,108.768
A1004470,2021/10/12,RP-19390,标准级,中南,河南,家具,用具,Eldon,"Eldon 框架, 耐用",1.0,25.92
A1004470,2021/10/12,RP-19390,标准级,中南,河南,家具,用具,Rubbermaid,"Rubvermaid 框架, 耐用",10.0,22.58
A1004473,2021/10/12,HZ-14950,标准级,东北,辽宁,技术,电话,诺基亚,"诺基亚 办公室电话机, 蓝色",3.0,55.176
A1004471,2021/10/12,AB-10105,标准级,中南,湖北,办公用品,器具,Breville,"Breville 咖啡研磨机, 白色",5.0,9892.74
A1004471,2021/10/12,ND-18460,标准级,中南,湖北,办公用品,收纳具,Tenex,"Tenex 文件车, 金属",2.0,73.915
A1004483,2021/10/13,DK-12835,标准级,华东,江苏,办公用品,收纳具,Eldon,"Eldon 盒, 工业",3.0,3.36
A1004481,2021/10/13,DK-12835,标准级,华北,内蒙古,家具,用具,Tenex,"Tenex 分层置放架, 黑色",1.0,189.95
A1004485,2021/10/13,DK-12835,标准级,西南,四川,技术,设备,柯尼卡,"柯尼卡 收据打印机, 白色",10.0,149.95
A1004483,2021/10/13,BK-11260,标准级,华东,江苏,技术,配件,Enermax,"Enermax 键盘, 回收",3.0,29.95
A1004483,2021/10/13,CC-12670,标准级,华东,江苏,技术,配件,罗技,"罗技 路由器, 耐用",5.0,21.98
A1004489,2021/10/14,SV-20785,标准级,华东,福建,办公用品,标签,Novimex,"Novimex 可去除的标签, 耐用",10.0,364.776
A1004491,2021/10/14,AR-10825,标准级,西南,云南,办公用品,系固件,Stockwell,"Stockwell 订书钉, 混合尺寸",2.0,1115.17
A1004490,2021/10/14,CS-12250,标准级,华东,福建,办公用品,用品,Kleencut,"Kleencut 大剪刀, 钢",7.0,89.696
A1004487,2021/10/14,CS-12250,标准级,西北,陕西,办公用品,系固件,Stockwell,"Stockwell 夹子, 整包",9.0,50.12
A1004490,2021/10/14,RR-19525,标准级,华东,福建,家具,椅子,Novimex,"Novimex 折叠椅, 每套两件",2.0,36.48
A1004487,2021/10/14,BD-11500,标准级,西北,陕西,家具,书架,宜家,"宜家 古典书架, 金属",2.0,322.192
A1004490,2021/10/14,BD-11500,标准级,华东,福建,技术,复印机,Brother,"Brother 个人复印机, 每套两件",1.0,2.946
A1004488,2021/10/14,BD-11500,标准级,中南,湖南,家具,用具,Rubbermaid,"Rubvermaid 相框, 一包多件",10.0,19.136
A1004498,2021/10/15,BM-11785,一级,东北,辽宁,技术,复印机,Brother,"Brother 复印机, 每套两件",3.0,23.08
A1004493,2021/10/15,MB-18085,标准级,华东,安徽,技术,复印机,惠普,"惠普 传真机, 彩色",2.0,1116.56
A1004505,2021/10/16,DV-13465,一级,中南,河南,办公用品,用品,Fiskars,"Fiskars 大剪刀, 蓝色",10.0,276.784
A1004499,2021/10/16,LR-17035,一级,华东,山东,办公用品,系固件,Stockwell,"Stockwell 回形针, 每包 12 个",2.0,93.032
A1004500,2021/10/16,LR-17035,标准级,华东,江西,办公用品,用品,Stiletto,"Stiletto 剪刀, 钢",7.0,454.965
A1004506,2021/10/16,RR-19525,二级,华东,福建,办公用品,标签,Hon,"Hon 文件夹标签, 可调",9.0,246.168
A1004506,2021/10/16,TS-21610,二级,华东,福建,办公用品,用品,Elite,"Elite 美工刀, 工业",2.0,295.4
A1004506,2021/10/16,AH-10210,二级,华东,福建,家具,书架,Dania,"Dania 书库, 传统",2.0,348.56
A1004506,2021/10/16,DW-13585,二级,华东,福建,家具,书架,Sauder,"Sauder 墙角架, 金属",1.0,15.552
A1004501,2021/10/16,DW-13585,标准级,华东,山东,办公用品,收纳具,Fellowes,"Fellowes 文件车, 金属",10.0,482.94
A1004501,2021/10/16,AJ-10945,标准级,华东,山东,家具,用具,Deflect-O,"Deflect-O 框架, 黑色",3.0,299.98
A1004508,2021/10/17,MG-17650,标准级,中南,广东,办公用品,用品,Elite,"Elite 美工刀, 钢",15.0,369.544
A1004510,2021/10/17,MG-17650,标准级,华东,山东,家具,用具,Rubbermaid,"Rubvermaid 分层置放架, 耐用",10.0,791.88
A1004513,2021/10/17,AB-10105,标准级,华北,河北,家具,书架,Dania,"Dania 书库, 金属",2.0,23.64
A1004508,2021/10/17,AB-10105,标准级,中南,广东,家具,书架,Dania,"Dania 搁架, 黑色",7.0,84.784
A1004508,2021/10/17,AB-10105,标准级,中南,广东,家具,用具,Tenex,"Tenex 闹钟, 耐用",9.0,64.96
A1004510,2021/10/17,AB-10105,标准级,华东,山东,技术,配件,罗技,"罗技 鼠标, 回收",2.0,32.06
A1004512,2021/10/17,AB-10105,标准级,东北,黑龙江,技术,复印机,佳能,"佳能 无线传真机, 每套两件",2.0,177.648
A1004511,2021/10/17,AB-10105,标准级,华东,福建,办公用品,信封,Kraft,"Kraft 马尼拉纸信封, 红色",1.0,287.91
A1004511,2021/10/17,MM-18280,标准级,华东,福建,办公用品,用品,Stiletto,"Stiletto 剪刀, 钢",10.0,22.368
A1004509,2021/10/17,MM-18280,标准级,华东,上海,家具,用具,Eldon,"Eldon 闹钟, 耐用",3.0,32.368
A1004511,2021/10/17,MM-18280,标准级,华东,福建,家具,椅子,Safco,"SAFCO 椅垫, 红色",1.0,207.984
A1004509,2021/10/17,MA-17995,标准级,华东,上海,技术,设备,松下,"松下 喷墨打印机, 多色",10.0,36.4
A1004522,2021/10/19,MA-17995,当日,华东,山东,办公用品,用品,Elite,"Elite 开信刀, 钢",3.0,22.96
A1004517,2021/10/19,MA-17995,一级,华东,山东,办公用品,器具,Hoover,"Hoover 搅拌机, 黑色",5.0,315.2
A1004517,2021/10/19,MA-17995,一级,华东,山东,办公用品,用品,Acme,"Acme 尺子, 蓝色",2.0,15.18
A1004519,2021/10/19,NS-18505,二级,华东,福建,办公用品,标签,Novimex,"Novimex 圆形标签, 耐用",1.0,887.271
A1004532,2021/10/21,RD-19480,当日,东北,辽宁,办公用品,收纳具,Eldon,"Eldon 文件夹, 单宽度",1.0,1123.128
A1004536,2021/10/22,CB-12535,标准级,华东,浙江,办公用品,标签,Smead,"Smead 有色标签, 耐用",50.0,1564.29
A1004541,2021/10/23,MG-17695,标准级,华东,山东,家具,椅子,Hon,"Hon 扶手椅, 可调",2.0,1143.128
A1004546,2021/10/24,LB-16795,标准级,东北,辽宁,办公用品,美术,Boston,"Boston 铅笔刀, 混合尺寸",5.0,412.94
A1004549,2021/10/24,JL-15505,标准级,华东,山东,办公用品,用品,Stiletto,"Stiletto 剪刀, 工业",20.0,707.88
A1004553,2021/10/26,SM-20320,标准级,东北,辽宁,办公用品,装订机,Acco,"Acco 打孔机, 耐用",40.0,663.072
A1004554,2021/10/26,BB-10990,标准级,华东,福建,家具,书架,宜家,"宜家 搁架, 白色",1.0,344.704
A1004568,2021/10/28,MH-18025,标准级,华东,浙江,办公用品,收纳具,Smead,"Smead 文件车, 蓝色",1.0,1504.52
A1004577,2021/10/29,RP-19390,标准级,东北,黑龙江,技术,配件,Memorex,"Memorex 鼠标, 耐用",10.0,946.764
A1004579,2021/10/29,LR-16915,标准级,东北,吉林,家具,椅子,Safco,"SAFCO 折叠椅, 每套两件",2.0,94.68
A1004579,2021/10/29,LR-16915,标准级,东北,吉林,技术,电话,诺基亚,"诺基亚 充电器, 混合尺寸",7.0,23.67
A1004579,2021/10/29,LR-16915,标准级,东北,吉林,技术,设备,冲电器,"冲电器 收据打印机, 白色",9.0,1091.168
A1004583,2021/10/30,LR-16915,二级,华东,山东,办公用品,信封,Kraft,"Kraft 搭扣信封, 每套 50 个",2.0,18.69
A1004584,2021/10/30,LR-16915,标准级,东北,辽宁,办公用品,装订机,Cardinal,"Cardinal 打孔机, 实惠",2.0,568.728
A1004582,2021/10/30,LR-16915,标准级,华北,内蒙古,办公用品,器具,Breville,"Breville 炉灶, 黑色",1.0,7.312
A1004582,2021/10/30,MM-17260,标准级,华北,内蒙古,办公用品,装订机,Acco,"Acco 孔加固材料, 透明",10.0,147.568
A1004586,2021/10/30,NB-18655,标准级,东北,吉林,家具,书架,Sauder,"Sauder 柜, 白色",3.0,56.784
A1004581,2021/10/30,NB-18655,标准级,华北,山西,办公用品,系固件,OIC,"OIC 夹子, 混合尺寸",1.0,5.607
A1004581,2021/10/30,NB-18655,标准级,华北,山西,办公用品,美术,BIC,"BIC 钢笔, 混合尺寸",10.0,6.576
A1004580,2021/10/30,DS-13030,标准级,华东,上海,办公用品,纸张,Green Bar,"Green Bar 备忘录便条, 每包 12 个",3.0,14.304
A1004585,2021/10/30,DS-13030,标准级,华东,江西,办公用品,系固件,Advantus,"Advantus 回形针, 混合尺寸",5.0,119.833
A1004585,2021/10/30,DS-13030,标准级,华东,江西,办公用品,美术,Stanley,"Stanley 荧光笔, 金属",2.0,5.56
A1004591,2021/11/1,KD-16615,标准级,中南,广东,家具,桌子,Barricks,"Barricks 电脑桌, 白色",1.0,1017.648
A1004593,2021/11/2,GA-14725,标准级,华东,山东,技术,复印机,佳能,"佳能 传真机, 数字化",1.0,332.94
A1004596,2021/11/2,SU-20665,标准级,华东,山东,家具,椅子,Novimex,"Novimex 折叠椅, 红色",1.0,215.976
A1004592,2021/11/2,FM-14380,标准级,中南,广东,家具,用具,Eldon,"Eldon 闹钟, 优质",2.0,389.97
A1004595,2021/11/2,FM-14380,标准级,华东,上海,技术,复印机,惠普,"惠普 复印机, 数字化",1.0,269.91
A1004602,2021/11/3,PK-19075,一级,华北,北京,家具,椅子,Hon,"Hon 沙滩椅, 黑色",5.0,4305.552
A1004601,2021/11/3,HM-14860,二级,华北,山西,办公用品,装订机,Acco,"Acco 打孔机, 回收",10.0,631.96
A1004607,2021/11/3,AH-10210,标准级,中南,海南,办公用品,器具,KitchenAid,"KitchenAid 搅拌机, 银色",2.0,1577.94
A1004604,2021/11/3,FC-14335,标准级,东北,辽宁,办公用品,用品,Fiskars,"Fiskars 大剪刀, 钢",7.0,255.85
A1004606,2021/11/3,CP-12085,标准级,中南,湖北,办公用品,美术,Stanley,"Stanley 记号笔, 混合尺寸",9.0,184.704
A1004606,2021/11/3,CP-12085,标准级,中南,湖北,家具,书架,Safco,"Safco 书架, 传统",2.0,47.92
A1004603,2021/11/3,SC-20305,标准级,东北,吉林,家具,用具,Advantus,"Advantus 闹钟, 优质",2.0,215.936
A1004606,2021/11/3,SC-20305,标准级,中南,湖北,技术,电话,苹果,"苹果 信号增强器, 整包",1.0,888.001
A1004605,2021/11/3,SC-20305,标准级,西北,甘肃,办公用品,器具,Hoover,"Hoover 微波炉, 黑色",10.0,3980.972
A1004605,2021/11/3,HJ-14875,标准级,西北,甘肃,技术,电话,摩托罗拉,"摩托罗拉 充电器, 整包",3.0,163.88
A1004613,2021/11/4,CB-12025,二级,华东,山东,办公用品,收纳具,Rogers,"Rogers 文件夹, 金属",1.0,67.9
A1004612,2021/11/4,EH-14185,标准级,东北,吉林,办公用品,器具,Breville,"Breville 微波炉, 红色",10.0,72.224
A1004612,2021/11/4,LW-17215,标准级,东北,吉林,办公用品,用品,Acme,"Acme 尺子, 钢",3.0,111.696
A1004612,2021/11/4,MK-17905,标准级,东北,吉林,办公用品,用品,Acme,"Acme 开信刀, 钢",5.0,392.94
A1004612,2021/11/4,JH-15820,标准级,东北,吉林,办公用品,系固件,Stockwell,"Stockwell 按钉, 每包 12 个",2.0,48.176
A1004609,2021/11/4,DB-13270,标准级,华东,山东,家具,椅子,Harbour Creations,"Harbour Creations 凳子, 黑色",1.0,457.485
A1004609,2021/11/4,TB-21625,标准级,华东,山东,技术,电话,苹果,"苹果 充电器, 整包",10.0,1079.316
A1004615,2021/11/4,AM-10360,标准级,华东,福建,家具,椅子,Office Star,"Office Star 沙滩椅, 可调",1.0,913.872
A1004617,2021/11/5,MP-17965,标准级,华东,上海,办公用品,器具,Breville,"Breville 烤面包机, 银色",1.0,244.768
A1004622,2021/11/5,MH-17290,标准级,东北,黑龙江,技术,设备,柯尼卡,"柯尼卡 电话, 耐用",1.0,438.4
A1004620,2021/11/5,CA-12265,标准级,华东,山东,技术,电话,思科,"思科 办公室电话机, 蓝色",1.0,445.48
A1004632,2021/11/6,AG-10495,二级,西北,甘肃,家具,桌子,Hon,"Hon 咖啡桌, 组装",1.0,976.88
A1004624,2021/11/6,JH-16180,一级,华东,山东,技术,复印机,Brother,"Brother 传真复印机, 红色",1.0,769.184
A1004623,2021/11/6,DB-13660,标准级,华东,江苏,办公用品,系固件,Stockwell,"Stockwell 图钉, 整包",30.0,594.816
A1004626,2021/11/6,PF-19225,标准级,华东,安徽,办公用品,系固件,Accos,"Accos 回形针, 整包",40.0,455.712
A1004635,2021/11/7,AG-10900,标准级,中南,河南,家具,书架,宜家,"宜家 书库, 传统",1.0,314.352
A1004641,2021/11/9,CK-12325,二级,中南,湖南,技术,设备,松下,"松下 打印机, 白色",1.0,455.97
A1004642,2021/11/9,CK-12325,标准级,中南,海南,办公用品,器具,Cuisinart,"Cuisinart 咖啡研磨机, 白色",1.0,899.43
A1004648,2021/11/10,RO-19780,标准级,华东,江苏,办公用品,纸张,Green Bar,"Green Bar 羊皮纸, 优质",30.0,520.464
A1004644,2021/11/10,MA-17560,标准级,中南,湖南,家具,椅子,Office Star,"Office Star 凳子, 可调",10.0,2676.88
A1004644,2021/11/10,JD-15895,标准级,中南,湖南,家具,用具,Advantus,"Advantus 灯泡, 一包多件",2.0,43.12
A1004643,2021/11/10,JD-15895,标准级,华东,山东,家具,桌子,Hon,"Hon 圆桌, 白色",7.0,313.722
A1004643,2021/11/10,JD-15895,标准级,华东,山东,家具,椅子,Office Star,"Office Star 摇椅, 红色",9.0,1676.88
A1004645,2021/11/10,JD-15895,标准级,华东,山东,技术,复印机,Hewlett,"Hewlett 无线传真机, 数字化",2.0,428.68
A1004649,2021/11/11,PS-18970,二级,华东,江苏,办公用品,纸张,Eaton,"Eaton 笔记本, 每包 12 个",2.0,30.576
A1004650,2021/11/11,PS-18970,二级,中南,广东,技术,复印机,惠普,"惠普 墨水, 彩色",1.0,13.02
A1004653,2021/11/11,PS-18970,二级,西南,四川,技术,电话,思科,"思科 智能手机, 混合尺寸",10.0,22.14
A1004656,2021/11/11,PS-18970,二级,华东,山东,办公用品,美术,Stanley,"Stanley 钢笔, 混合尺寸",3.0,359.32
A1004658,2021/11/11,JF-15415,二级,中南,广东,办公用品,器具,KitchenAid,"KitchenAid 咖啡研磨机, 红色",1.0,11.56
A1004656,2021/11/11,RD-19480,二级,华东,山东,家具,书架,Bush,"Bush 墙角架, 金属",10.0,68.48
A1004658,2021/11/11,RD-19480,二级,中南,广东,家具,书架,Dania,"Dania 书架, 金属",3.0,1676.88
A1004656,2021/11/11,ES-14080,二级,华东,山东,技术,复印机,惠普,"惠普 复印机, 红色",5.0,37.94
A1004657,2021/11/11,KN-16390,二级,华东,安徽,家具,椅子,Harbour Creations,"Harbour Creations 折叠椅, 红色",2.0,272.97
A1004655,2021/11/11,CS-11950,标准级,东北,辽宁,家具,用具,Rubbermaid,"Rubvermaid 门挡, 优质",10.0,419.944
A1004665,2021/11/12,GM-14500,标准级,西南,云南,办公用品,标签,Harbour Creations,"Harbour Creations 运输标签, 白色",10.0,7.072
A1004665,2021/11/12,CC-12670,标准级,西南,云南,办公用品,美术,Binney & Smith,"Binney & Smith 画布, 蓝色",3.0,45.528
A1004662,2021/11/12,CC-12670,标准级,华东,山东,办公用品,收纳具,Rogers,"Rogers 搁板, 金属",3.0,64.784
A1004662,2021/11/12,CC-12670,标准级,华东,山东,办公用品,系固件,Stockwell,"Stockwell 橡皮筋, 混合尺寸",1.0,424.272
A1004662,2021/11/12,CC-12670,标准级,华东,山东,办公用品,系固件,Stockwell,"Stockwell 订书钉, 整包",2.0,1.344
A1004664,2021/11/12,CC-12670,标准级,中南,河南,办公用品,美术,Stanley,"Stanley 铅笔刀, 混合尺寸",2.0,83.92
A1004661,2021/11/12,SJ-20125,标准级,东北,黑龙江,家具,用具,Rubbermaid,"Rubvermaid 相框, 黑色",2.0,25.92
A1004659,2021/11/12,SF-20200,标准级,华东,山东,家具,椅子,Harbour Creations,"Harbour Creations 凳子, 红色",1.0,120.576
A1004663,2021/11/12,RM-19375,标准级,华北,河北,家具,椅子,Hon,"Hon 摇椅, 黑色",5.0,479.92
A1004668,2021/11/13,RM-19375,一级,西北,宁夏,家具,桌子,Lesro,"Lesro 咖啡桌, 黑色",5.0,512.28
A1004672,2021/11/13,RM-19375,标准级,华东,江苏,办公用品,用品,Elite,"Elite 大剪刀, 工业",10.0,542.94
A1004672,2021/11/13,RM-19375,标准级,华东,江苏,办公用品,系固件,Accos,"Accos 橡皮筋, 金属",4.0,12.041
A1004672,2021/11/13,KM-16375,标准级,华东,江苏,技术,电话,摩托罗拉,"摩托罗拉 智能手机, 全尺寸",2.0,228.92
A1004671,2021/11/13,DG-13300,标准级,西南,云南,家具,用具,Deflect-O,"Deflect-O 灯泡, 黑色",30.0,582.336
A1004669,2021/11/13,MW-18220,标准级,西北,宁夏,家具,椅子,Safco,"SAFCO 折叠椅, 每套两件",2.0,629.95
A1004671,2021/11/13,MW-18220,标准级,西南,云南,技术,电话,三星,"三星 办公室电话机, 蓝色",2.0,631.782
A1004669,2021/11/13,MW-18220,标准级,西北,宁夏,技术,配件,SanDisk,"SanDisk 记忆卡, 实惠",40.0,801.568
A1004667,2021/11/13,MW-18220,标准级,东北,吉林,办公用品,装订机,Acco,"Acco 装订机, 回收",10.0,1349.91
A1004675,2021/11/14,NP-18700,标准级,华东,山东,办公用品,用品,Elite,"Elite 开信刀, 钢",5.0,209.148
A1004677,2021/11/14,NP-18700,二级,东北,辽宁,办公用品,器具,Hoover,"Hoover 烤面包机, 白色",2.0,1591.02
A1004677,2021/11/14,LC-17140,二级,东北,辽宁,家具,椅子,Novimex,"Novimex 摇椅, 每套两件",1.0,1071.0
A1004673,2021/11/14,SC-20305,标准级,西南,重庆,办公用品,器具,Breville,"Breville 炉灶, 白色",1.0,2803.92
A1004678,2021/11/14,JC-15775,标准级,中南,河南,家具,椅子,Novimex,"Novimex 摇椅, 每套两件",10.0,249.584
A1004673,2021/11/14,JC-15775,标准级,西南,重庆,技术,电话,摩托罗拉,"摩托罗拉 智能手机, 全尺寸",3.0,17.94
A1004680,2021/11/16,JC-15775,一级,中南,河南,办公用品,用品,Elite,"Elite 开信刀, 钢",3.0,10.11
A1004680,2021/11/16,RD-19810,一级,中南,河南,家具,用具,Eldon,"Eldon 分层置放架, 耐用",1.0,10.368
A1004681,2021/11/16,RD-19810,一级,华东,浙江,家具,书架,Sauder,"Sauder 柜, 金属",2.0,11.952
A1004684,2021/11/16,SC-20695,标准级,中南,湖北,办公用品,标签,Novimex,"Novimex 圆形标签, 红色",2.0,15.224
A1004682,2021/11/16,SC-20695,标准级,华东,山东,办公用品,收纳具,Smead,"Smead 文件车, 蓝色",2.0,21.984
A1004683,2021/11/16,NC-18535,标准级,东北,吉林,办公用品,收纳具,Fellowes,"Fellowes 盒, 工业",1.0,604.752
A1004689,2021/11/17,NC-18535,一级,中南,广东,办公用品,器具,KitchenAid,"KitchenAid 搅拌机, 黑色",5.0,40.7
A1004686,2021/11/17,NC-18535,一级,华东,福建,技术,电话,诺基亚,"诺基亚 办公室电话机, 全尺寸",5.0,302.376
A1004690,2021/11/17,NC-18535,标准级,华北,北京,办公用品,装订机,Avery,"Avery 装订机盖, 回收",10.0,45.0
A1004687,2021/11/17,LW-17215,标准级,华东,山东,办公用品,信封,Cameo,"Cameo 商业信封, 红色",4.0,3785.292
A1004685,2021/11/17,AH-10585,标准级,华东,江苏,家具,书架,Dania,"Dania 墙角架, 白色",2.0,35.4
A1004694,2021/11/18,VW-21775,当日,华北,河北,家具,用具,Eldon,"Eldon 闹钟, 一包多件",5.0,1212.96
A1004694,2021/11/18,BP-11185,当日,华北,河北,家具,用具,Rubbermaid,"Rubvermaid 门挡, 优质",30.0,1099.96
A1004720,2021/11/23,EH-14125,当日,西北,甘肃,办公用品,纸张,施乐,"施乐 羊皮纸, 回收",10.0,321.552
A1004712,2021/11/23,BS-11590,二级,中南,河南,技术,设备,StarTech,"StarTech 收据打印机, 红色",3.0,701.96
A1004712,2021/11/23,JS-16030,二级,中南,河南,技术,配件,罗技,"罗技 闪存驱动器, 可编程",3.0,19.456
A1004711,2021/11/23,JC-15775,一级,中南,湖南,家具,椅子,Office Star,"Office Star 椅垫, 每套两件",1.0,17.28
A1004714,2021/11/23,JM-15265,二级,华东,福建,家具,书架,Sauder,"Sauder 书架, 黑色",2.0,31.96
A1004717,2021/11/23,CD-12280,标准级,华东,山东,办公用品,标签,Harbour Creations,"Harbour Creations 运输标签, 可调",2.0,164.688
A1004716,2021/11/23,CD-12280,标准级,华东,山东,办公用品,用品,Fiskars,"Fiskars 剪刀, 工业",2.0,166.5
A1004719,2021/11/23,CD-12280,标准级,西北,甘肃,办公用品,装订机,Avery,"Avery 孔加固材料, 回收",1.0,12.96
A1004718,2021/11/23,CD-12280,二级,东北,吉林,办公用品,收纳具,Smead,"Smead 锁柜, 金属",5.0,110.96
A1004716,2021/11/23,CD-12280,标准级,华东,山东,技术,设备,柯尼卡,"柯尼卡 计算器, 白色",5.0,99.98
A1004719,2021/11/23,CD-12280,标准级,西北,甘肃,技术,配件,Memorex,"Memorex 键盘, 实惠",10.0,11.424
A1004715,2021/11/23,CD-12280,标准级,中南,湖南,家具,书架,Safco,"Safco 书库, 传统",4.0,128.124
A1004715,2021/11/23,CD-12280,标准级,中南,湖南,技术,电话,诺基亚,"诺基亚 耳机, 全尺寸",2.0,101.4
A1004733,2021/11/25,CM-12385,一级,东北,吉林,家具,用具,Advantus,"Advantus 框架, 黑色",10.0,2022.272
A1004732,2021/11/25,BO-11350,二级,中南,湖北,技术,电话,摩托罗拉,"摩托罗拉 充电器, 全尺寸",40.0,1592.85
A1004736,2021/11/26,PW-19030,标准级,华北,北京,家具,椅子,Novimex,"Novimex 凳子, 黑色",2.0,1091.93
A1004737,2021/11/26,RD-19900,标准级,中南,湖北,家具,椅子,Office Star,"Office Star 沙滩椅, 红色",1.0,689.82
A1004744,2021/11/27,KT-16480,一级,中南,广东,办公用品,用品,Elite,"Elite 大剪刀, 锯齿状",1.0,204.6664
A1004744,2021/11/27,DL-13315,一级,中南,广东,家具,用具,Tenex,"Tenex 相框, 优质",10.0,54.208
A1004744,2021/11/27,MS-17710,一级,中南,广东,技术,配件,SanDisk,"SanDisk 闪存驱动器, 实惠",3.0,26.982
A1004744,2021/11/27,MS-17710,一级,中南,广东,技术,配件,罗技,"罗技 闪存驱动器, 可编程",3.0,6.912
A1004741,2021/11/27,MS-17710,二级,华东,山东,办公用品,器具,Hamilton Beach,"Hamilton Beach 烤面包机, 黑色",1.0,435.504
A1004741,2021/11/27,MM-18055,二级,华东,山东,办公用品,标签,Hon,"Hon 有色标签, 红色",2.0,81.08
A1004741,2021/11/27,JB-15400,二级,华东,山东,办公用品,美术,BIC,"BIC 铅笔刀, 蓝色",2.0,93.02
A1004740,2021/11/27,SG-20605,标准级,中南,湖南,办公用品,收纳具,Tenex,"Tenex 文件车, 工业",2.0,323.976
A1004746,2021/11/27,SG-20605,标准级,东北,吉林,办公用品,系固件,Advantus,"Advantus 图钉, 金属",1.0,15.552
A1004746,2021/11/27,SG-20605,标准级,东北,吉林,家具,书架,宜家,"宜家 古典书架, 白色",5.0,32.592
A1004741,2021/11/27,PB-18805,二级,华东,山东,技术,复印机,佳能,"佳能 传真机, 数字化",5.0,983.92
A1004741,2021/11/27,PB-18805,二级,华东,山东,技术,配件,SanDisk,"SanDisk 键区, 回收",10.0,199.9
A1004747,2021/11/27,PB-18805,标准级,东北,辽宁,技术,设备,冲电器,"冲电器 电话, 红色",4.0,31.176
A1004743,2021/11/27,PB-18805,标准级,华东,山东,办公用品,信封,Jiffy,"Jiffy 马尼拉纸信封, 回收",2.0,172.752
A1004743,2021/11/27,MR-17545,标准级,华东,山东,技术,电话,三星,"三星 智能手机, 混合尺寸",1.0,1052.76
A1004755,2021/11/30,SC-20020,二级,西北,新疆,办公用品,器具,Hamilton Beach,"Hamilton Beach 炉灶, 白色",1.0,577.584
A1004759,2021/12/1,SM-20905,标准级,西南,四川,办公用品,装订机,Avery,"Avery 打孔机, 耐用",5.0,224.937
A1004759,2021/12/1,TG-21640,标准级,西南,四川,家具,用具,Tenex,"Tenex 门挡, 耐用",40.0,1125.488
A1004766,2021/12/2,RB-19705,标准级,西南,贵州,办公用品,装订机,Wilson Jones,"Wilson Jones 孔加固材料, 透明",50.0,1079.85
A1004770,2021/12/3,SB-20185,一级,华东,江苏,办公用品,美术,Sanford,"Sanford 钢笔, 整包",10.0,400.784
A1004780,2021/12/4,BF-11005,标准级,华东,山东,办公用品,收纳具,Smead,"Smead 文件夹, 金属",1.0,302.72
A1004774,2021/12/4,KD-16495,二级,西南,四川,办公用品,器具,KitchenAid,"KitchenAid 咖啡研磨机, 白色",1.0,276.784
A1004774,2021/12/4,FC-14245,二级,西南,四川,办公用品,纸张,Eaton,"Eaton 计划信息表, 每包 12 个",10.0,60.84
A1004777,2021/12/4,TP-21130,标准级,中南,湖北,办公用品,系固件,Accos,"Accos 回形针, 整包",2.0,35.208
A1004779,2021/12/4,EB-13705,标准级,中南,湖南,办公用品,系固件,Stockwell,"Stockwell 图钉, 混合尺寸",7.0,41.472
A1004773,2021/12/4,JP-15520,标准级,中南,湖北,办公用品,装订机,Cardinal,"Cardinal 订书机, 回收",9.0,239.5
A1004775,2021/12/4,TD-20995,标准级,华东,安徽,办公用品,信封,Kraft,"Kraft 马尼拉纸信封, 红色",2.0,34.2
A1004775,2021/12/4,DM-13345,标准级,华东,安徽,办公用品,器具,KitchenAid,"KitchenAid 搅拌机, 红色",2.0,376.866
A1004775,2021/12/4,EG-13900,标准级,华东,安徽,办公用品,用品,Kleencut,"Kleencut 大剪刀, 锯齿状",1.0,197.72
A1004775,2021/12/4,HG-14965,标准级,华东,安徽,办公用品,用品,Stiletto,"Stiletto 修剪器, 锯齿状",10.0,70.72
A1004775,2021/12/4,HG-14965,标准级,华东,安徽,办公用品,美术,BIC,"BIC 钢笔, 蓝色",3.0,194.352
A1004775,2021/12/4,BF-11080,标准级,华东,安徽,家具,书架,Safco,"Safco 书库, 白色",1.0,21.6
A1004775,2021/12/4,BF-11080,标准级,华东,安徽,家具,椅子,Safco,"SAFCO 沙滩椅, 红色",10.0,11.07
A1004775,2021/12/4,SC-20095,标准级,华东,安徽,家具,用具,Deflect-O,"Deflect-O 门挡, 黑色",3.0,282.84
A1004775,2021/12/4,SC-20095,标准级,华东,安徽,技术,电话,苹果,"苹果 信号增强器, 混合尺寸",5.0,27.72
A1004775,2021/12/4,CS-11950,标准级,华东,安徽,技术,设备,松下,"松下 喷墨打印机, 红色",2.0,11.68
A1004790,2021/12/7,MZ-17515,二级,西南,四川,技术,电话,苹果,"苹果 智能手机, 混合尺寸",1.0,2033.584
A1004789,2021/12/7,BS-11380,标准级,中南,湖北,办公用品,信封,Ames,"Ames 邮寄品, 每套 50 个",2.0,899.982
A1004791,2021/12/7,ME-17725,标准级,东北,吉林,家具,椅子,Hon,"Hon 沙滩椅, 红色",1.0,409.9992
A1004802,2021/12/9,MS-17365,一级,西北,陕西,办公用品,装订机,Acco,"Acco 装订机盖, 回收",50.0,3406.664
A1004809,2021/12/10,ME-17320,二级,东北,辽宁,办公用品,标签,Avery,"Avery 可去除的标签, 可调",40.0,3023.928
A1004807,2021/12/10,FM-14290,标准级,东北,黑龙江,办公用品,装订机,Wilson Jones,"Wilson Jones 标签, 实惠",40.0,1499.97
A1004808,2021/12/10,JL-15850,二级,中南,河南,家具,书架,Safco,"Safco 墙角架, 白色",10.0,26.632
A1004811,2021/12/10,GM-14500,标准级,东北,黑龙江,办公用品,器具,Cuisinart,"Cuisinart 微波炉, 白色",1.0,341.6
A1004811,2021/12/10,MC-17635,标准级,东北,黑龙江,办公用品,美术,Boston,"Boston 速写本, 整包",3.0,64.02
A1004811,2021/12/10,CS-12490,标准级,东北,黑龙江,技术,设备,柯尼卡,"柯尼卡 计算器, 白色",1.0,96.99
A1004817,2021/12/11,CS-12490,一级,中南,河南,办公用品,纸张,Green Bar,"Green Bar 计划信息表, 优质",2.0,6.84
A1004819,2021/12/11,AH-10030,标准级,中南,湖南,办公用品,收纳具,Eldon,"Eldon 文件夹, 蓝色",40.0,323.1
A1004821,2021/12/11,AH-10030,标准级,中南,河南,办公用品,系固件,Stockwell,"Stockwell 订书钉, 整包",2.0,668.16
A1004821,2021/12/11,EP-13915,标准级,中南,河南,办公用品,装订机,Avery,"Avery 打孔机, 回收",1.0,8.64
A1004818,2021/12/11,EP-13915,标准级,华东,安徽,办公用品,器具,Cuisinart,"Cuisinart 炉灶, 白色",1.0,538.88
A1004820,2021/12/11,EP-13915,标准级,东北,吉林,办公用品,用品,Stiletto,"Stiletto 大剪刀, 钢",5.0,201.04
A1004822,2021/12/11,EP-13915,标准级,中南,湖南,家具,桌子,Lesro,"Lesro 木桌, 组装",10.0,412.96
A1004820,2021/12/11,FW-14395,标准级,东北,吉林,家具,椅子,Hon,"Hon 折叠椅, 每套两件",2.0,816.59
A1004820,2021/12/11,KA-16525,标准级,东北,吉林,技术,配件,贝尔金,"贝尔金 闪存驱动器, 可编程",2.0,435.1
A1004824,2021/12/12,PG-18895,标准级,中南,广东,办公用品,收纳具,Smead,"Smead 文件车, 单宽度",5.0,503.96
A1004827,2021/12/14,PO-18850,标准级,中南,广东,办公用品,信封,Cameo,"Cameo 搭扣信封, 每套 50 个",5.0,613.9992
A1004837,2021/12/15,LB-16795,一级,西南,云南,办公用品,信封,Cameo,"Cameo 马尼拉纸信封, 每套 50 个",5.0,849.95
A1004837,2021/12/15,CS-11950,一级,西南,云南,办公用品,纸张,Enermax,"Enermax 计划信息表, 每包 12 个",3.0,242.136
A1004839,2021/12/15,MD-17350,二级,西北,陕西,技术,电话,苹果,"苹果 耳机, 混合尺寸",1.0,1080.096
A1004834,2021/12/15,DB-13270,标准级,东北,黑龙江,办公用品,用品,Stiletto,"Stiletto 剪刀, 蓝色",10.0,37.312
A1004834,2021/12/15,AT-10735,标准级,东北,黑龙江,办公用品,美术,Boston,"Boston 画布, 整包",3.0,79.96
A1004832,2021/12/15,AT-10735,二级,中南,湖南,办公用品,用品,Stiletto,"Stiletto 开信刀, 锯齿状",3.0,223.96
A1004838,2021/12/15,DK-13375,标准级,东北,辽宁,办公用品,标签,Novimex,"Novimex 合法证物标签, 白色",1.0,221.024
A1004834,2021/12/15,CS-12250,标准级,东北,黑龙江,家具,书架,宜家,"宜家 书库, 白色",2.0,18.96
A1004834,2021/12/15,JF-15565,标准级,东北,黑龙江,技术,配件,Enermax,"Enermax 键盘, 回收",2.0,326.646
A1004832,2021/12/15,JF-15565,二级,中南,湖南,技术,电话,苹果,"苹果 音频基座, 全尺寸",2.0,89.97
A1004837,2021/12/15,TW-21025,标准级,西南,云南,办公用品,标签,Hon,"Hon 可去除的标签, 可调",1.0,296.712
A1004833,2021/12/15,TB-21250,标准级,西北,陕西,办公用品,器具,Hamilton Beach,"Hamilton Beach 炉灶, 红色",5.0,12.224
A1004833,2021/12/15,SC-20380,标准级,西北,陕西,办公用品,收纳具,Eldon,"Eldon 搁板, 工业",5.0,89.97
A1004841,2021/12/16,KM-16720,一级,华东,江苏,办公用品,用品,Kleencut,"Kleencut 开信刀, 钢",10.0,286.86
A1004841,2021/12/16,KM-16720,一级,华东,江苏,家具,书架,宜家,"宜家 书库, 黑色",4.0,979.95
A1004841,2021/12/16,KM-16720,一级,华东,江苏,家具,椅子,Hon,"Hon 折叠椅, 黑色",2.0,4.36
A1004846,2021/12/16,EB-14170,二级,东北,黑龙江,家具,桌子,Hon,"Hon 电脑桌, 组装",1.0,807.75
A1004845,2021/12/16,NC-18535,标准级,华东,福建,办公用品,装订机,Acco,"Acco 订书机, 透明",10.0,500.24
A1004842,2021/12/16,NC-18535,标准级,东北,吉林,家具,桌子,Lesro,"Lesro 会议桌, 白色",1.0,896.99
A1004840,2021/12/16,NF-18475,标准级,东北,黑龙江,家具,椅子,Hon,"Hon 凳子, 每套两件",1.0,269.98
A1004849,2021/12/17,QJ-19255,标准级,华东,上海,办公用品,信封,Jiffy,"Jiffy 商业信封, 银色",50.0,4404.9
A1004852,2021/12/17,BH-11710,二级,华东,山东,办公用品,信封,Jiffy,"Jiffy 搭扣信封, 银色",10.0,797.944
A1004852,2021/12/17,LC-16870,二级,华东,山东,家具,用具,Deflect-O,"Deflect-O 灯泡, 耐用",5.0,332.94
A1004852,2021/12/17,SF-20965,二级,华东,山东,技术,复印机,惠普,"惠普 墨水, 数字化",10.0,1403.92
A1004858,2021/12/18,DB-13660,标准级,中南,湖北,办公用品,纸张,Enermax,"Enermax 笔记本, 每包 12 个",10.0,7.78
A1004858,2021/12/18,LW-17215,标准级,中南,湖北,技术,复印机,Hewlett,"Hewlett 个人复印机, 数字化",3.0,54.9
A1004858,2021/12/18,TC-21535,标准级,中南,湖北,技术,复印机,佳能,"佳能 无线传真机, 数字化",3.0,50.04
A1004855,2021/12/18,SC-20050,标准级,华东,福建,办公用品,收纳具,Rogers,"Rogers 搁板, 工业",1.0,339.92
A1004853,2021/12/18,SC-20050,标准级,西南,重庆,技术,设备,冲电器,"冲电器 喷墨打印机, 耐用",2.0,10.528
A1004859,2021/12/19,SC-20050,一级,华东,山东,办公用品,系固件,Stockwell,"Stockwell 回形针, 混合尺寸",2.0,42.384
A1004859,2021/12/19,FM-14215,一级,华东,山东,家具,椅子,Safco,"SAFCO 折叠椅, 每套两件",2.0,123.92
A1004860,2021/12/19,PF-19225,标准级,华北,山西,办公用品,系固件,OIC,"OIC 图钉, 混合尺寸",1.0,135.95
A1004860,2021/12/19,LF-17185,标准级,华北,山西,技术,电话,思科,"思科 耳机, 整包",5.0,2177.584
A1004860,2021/12/19,LF-17185,标准级,华北,山西,技术,配件,Enermax,"Enermax 鼠标, 回收",5.0,17.496
A1004860,2021/12/19,LF-17185,标准级,华北,山西,技术,配件,Memorex,"Memorex 路由器, 回收",10.0,16.784
A1004869,2021/12/21,LF-17185,一级,华北,内蒙古,办公用品,收纳具,Rogers,"Rogers 盒, 工业",4.0,431.136
A1004869,2021/12/21,LF-17185,一级,华北,内蒙古,家具,椅子,Safco,"SAFCO 摇椅, 可调",2.0,8.88
A1004862,2021/12/21,CL-12565,一级,华东,江苏,办公用品,器具,Hoover,"Hoover 烤面包机, 黑色",1.0,437.85
A1004864,2021/12/21,CL-12565,二级,华东,山东,办公用品,装订机,Ibico,"Ibico 标签, 耐用",10.0,673.568
A1004866,2021/12/21,CJ-12010,标准级,华东,江苏,办公用品,用品,Elite,"Elite 大剪刀, 蓝色",40.0,1023.332
A1004861,2021/12/21,CJ-12010,标准级,西南,重庆,办公用品,信封,GlobeWeis,"GlobeWeis 外皮和封条, 回收",40.0,600.558
A1004864,2021/12/21,KH-16360,二级,华东,山东,家具,椅子,Harbour Creations,"Harbour Creations 椅垫, 可调",1.0,107.772
A1004861,2021/12/21,CS-12490,标准级,西南,重庆,家具,书架,Bush,"Bush 墙角架, 传统",2.0,235.188
A1004861,2021/12/21,GM-14500,标准级,西南,重庆,技术,复印机,夏普,"夏普 个人复印机, 红色",1.0,342.1
A1004865,2021/12/21,TW-21025,标准级,华东,山东,办公用品,装订机,Ibico,"Ibico 装订机, 耐用",40.0,1592.85
A1004873,2021/12/22,SW-20245,当日,华北,内蒙古,办公用品,器具,Hoover,"Hoover 微波炉, 黑色",1.0,478.67
A1004873,2021/12/22,PG-18820,当日,华北,内蒙古,办公用品,收纳具,Fellowes,"Fellowes 盒, 工业",3.0,4.41
A1004876,2021/12/22,DP-13390,当日,华东,福建,家具,椅子,Harbour Creations,"Harbour Creations 椅垫, 每套两件",3.0,167.94
A1004876,2021/12/22,DJ-13510,当日,华东,福建,技术,复印机,佳能,"佳能 复印机, 每套两件",1.0,867.8
A1004876,2021/12/22,EN-13780,当日,华东,福建,技术,设备,StarTech,"StarTech 喷墨打印机, 耐用",2.0,26.94
A1004873,2021/12/22,PB-19150,当日,华北,内蒙古,技术,设备,松下,"松下 喷墨打印机, 红色",2.0,32.04
A1004875,2021/12/22,BD-11560,二级,东北,辽宁,技术,设备,StarTech,"StarTech 打印机, 多色",2.0,32.13
A1004874,2021/12/22,BD-11560,二级,中南,湖北,技术,配件,罗技,"罗技 鼠标, 实惠",1.0,2.88
A1004872,2021/12/22,BD-11560,标准级,中南,广东,办公用品,装订机,Avery,"Avery 装订机盖, 回收",5.0,1091.93
A1004872,2021/12/22,SE-20110,标准级,中南,广东,家具,用具,Advantus,"Advantus 框架, 优质",5.0,111.96
A1004878,2021/12/22,DO-13645,标准级,华北,河北,办公用品,信封,Jiffy,"Jiffy 商业信封, 回收",10.0,26.7
A1004877,2021/12/22,LS-16975,标准级,中南,河南,办公用品,器具,Hoover,"Hoover 咖啡研磨机, 红色",4.0,4440.2
A1004877,2021/12/22,LS-16975,标准级,中南,河南,办公用品,收纳具,Rogers,"Rogers 文件车, 蓝色",2.0,1592.85
A1004880,2021/12/23,RD-19720,当日,华东,安徽,办公用品,系固件,OIC,"OIC 橡皮筋, 每包 12 个",1.0,167.94
A1004884,2021/12/23,SR-20740,标准级,西北,陕西,办公用品,信封,Ames,"Ames 搭扣信封, 银色",10.0,32.13
A1004884,2021/12/23,PO-19195,标准级,西北,陕西,办公用品,标签,Harbour Creations,"Harbour Creations 可去除的标签, 红色",3.0,2.88
A1004884,2021/12/23,JK-16120,标准级,西北,陕西,技术,复印机,Brother,"Brother 墨水, 每套两件",3.0,1091.93
A1004882,2021/12/23,JP-16135,标准级,华北,山西,办公用品,系固件,Stockwell,"Stockwell 按钉, 混合尺寸",1.0,111.96
A1004882,2021/12/23,Dp-13240,标准级,华北,山西,家具,书架,Dania,"Dania 古典书架, 金属",2.0,26.7
A1004882,2021/12/23,LA-16780,标准级,华北,山西,技术,复印机,惠普,"惠普 复印机, 每套两件",2.0,40.2
A1004882,2021/12/23,LA-16780,标准级,华北,山西,技术,电话,三星,"三星 耳机, 整包",2.0,1592.85
A1004881,2021/12/23,SH-19975,标准级,中南,河南,办公用品,装订机,Wilson Jones,"Wilson Jones 孔加固材料, 实惠",1.0,11.88
A1004888,2021/12/24,SH-19975,一级,东北,吉林,办公用品,装订机,Avery,"Avery 订书机, 回收",5.0,120.0
A1004887,2021/12/24,SF-20200,一级,中南,广东,办公用品,信封,Cameo,"Cameo 马尼拉纸信封, 红色",5.0,8.67
A1004892,2021/12/24,TH-21235,标准级,华北,内蒙古,办公用品,系固件,OIC,"OIC 图钉, 每包 12 个",10.0,4.41
A1004886,2021/12/24,TH-21235,标准级,华北,北京,办公用品,装订机,Avery,"Avery 孔加固材料, 实惠",4.0,167.94
A1004886,2021/12/24,VG-21790,标准级,华北,北京,办公用品,装订机,Avery,"Avery 打孔机, 实惠",2.0,67.8
A1004889,2021/12/24,JP-15460,标准级,华东,上海,家具,桌子,Bevis,"Bevis 圆桌, 黑色",1.0,222.88
A1004889,2021/12/24,JP-15460,标准级,华东,上海,家具,用具,Deflect-O,"Deflect-O 闹钟, 黑色",5.0,1091.93
A1004885,2021/12/24,FM-14380,标准级,华北,天津,家具,椅子,Office Star,"Office Star 摇椅, 红色",2.0,1592.85
A1004893,2021/12/24,FM-14380,标准级,华东,安徽,技术,复印机,夏普,"夏普 传真机, 数字化",1.0,820.0
A1004903,2021/12/26,JL-15835,二级,中南,广东,办公用品,装订机,Avery,"Avery 装订机, 实惠",40.0,1091.93
A1004900,2021/12/26,CC-12430,标准级,中南,广东,办公用品,器具,Breville,"Breville 微波炉, 红色",2.0,1592.85
A1004906,2021/12/28,CR-12730,标准级,中南,河南,技术,配件,SanDisk,"SanDisk 闪存驱动器, 耐用",5.0,1091.93
A1004905,2021/12/28,CB-12025,标准级,西南,四川,家具,用具,Advantus,"Advantus 相框, 耐用",40.0,1592.85
A1004914,2021/12/29,TH-21235,一级,中南,广东,家具,椅子,Hon,"Hon 椅垫, 黑色",2.0,167.94
A1004908,2021/12/29,MO-17800,二级,中南,湖北,办公用品,器具,KitchenAid,"KitchenAid 咖啡研磨机, 白色",3.0,2032.1
A1004908,2021/12/29,MO-17800,二级,中南,湖北,办公用品,装订机,Wilson Jones,"Wilson Jones 孔加固材料, 回收",40.0,1091.93
A1004911,2021/12/29,GT-14635,二级,东北,黑龙江,家具,椅子,Office Star,"Office Star 扶手椅, 可调",1.0,632.04
A1004927,2021/12/30,JD-15895,当日,西北,甘肃,技术,配件,贝尔金,"贝尔金 路由器, 可编程",1.0,1091.93
A1004917,2021/12/30,JH-15910,一级,中南,广东,家具,书架,宜家,"宜家 书架, 传统",14.0,26.7
A1004921,2021/12/30,AS-10225,一级,华北,河北,办公用品,信封,Ames,"Ames 搭扣信封, 红色",31.0,40.2
A1004921,2021/12/30,KB-16600,一级,华北,河北,办公用品,器具,Cuisinart,"Cuisinart 烤面包机, 黑色",18.0,1592.85
A1004921,2021/12/30,CR-12625,一级,华北,河北,办公用品,收纳具,Eldon,"Eldon 锁柜, 工业",17.0,11.88
A1004921,2021/12/30,CR-12625,一级,华北,河北,办公用品,纸张,Green Bar,"Green Bar 备忘录便条, 回收",6.0,120.0
A1004921,2021/12/30,SH-20395,一级,华北,河北,办公用品,装订机,Avery,"Avery 装订机, 透明",29.0,8.67
A1004921,2021/12/30,BP-11185,一级,华北,河北,家具,椅子,Hon,"Hon 折叠椅, 红色",11.0,4.41
A1004921,2021/12/30,BP-11185,一级,华北,河北,技术,电话,三星,"三星 信号增强器, 整包",8.0,167.94
A1004921,2021/12/30,BP-11185,一级,华北,河北,技术,配件,Enermax,"Enermax 闪存驱动器, 实惠",33.0,67.8
A1004923,2021/12/30,BP-11185,二级,中南,广东,办公用品,器具,Hamilton Beach,"Hamilton Beach 烤面包机, 银色",40.0,26.94
A1004923,2021/12/30,TS-21205,二级,中南,广东,办公用品,系固件,Advantus,"Advantus 按钉, 每包 12 个",19.0,32.04
A1004923,2021/12/30,AG-10525,二级,中南,广东,家具,用具,Tenex,"Tenex 门挡, 黑色",7.0,32.13
A1004923,2021/12/30,AG-10525,二级,中南,广东,技术,设备,松下,"松下 计算器, 红色",29.0,2.88
A1004925,2021/12/30,SP-20860,标准级,华东,山东,办公用品,器具,Hoover,"Hoover 咖啡研磨机, 红色",17.0,1091.93
A1004916,2021/12/30,BH-11710,标准级,华北,山西,办公用品,装订机,Avery,"Avery 孔加固材料, 透明",9.0,111.96
A1004926,2021/12/30,BH-11710,标准级,东北,辽宁,办公用品,器具,Hoover,"Hoover 微波炉, 黑色",5.0,4920.0
A1004922,2021/12/30,IM-15070,标准级,中南,广西,家具,桌子,Chromcraft,"Chromcraft 培训桌, 黑色",1.0,1100.0
