订单ID,订单日期,用户ID,邮寄方式,地区,省/自治区,商品类别,子类别,制造商,产品名称,订单量,销售额
A1003329,2021/1/29,SS-20515,标准级,中南,河南,办公用品,器具,Breville,"Breville 咖啡研磨机,0,2000.00
A1003147,2020/12/4,NB-18655,二级,东北,辽宁,家具,书架,Sauder,"Sauder 书架,0,66.00
A1003150,2020/12/4,XP-21865,标准级,东北,辽宁,办公用品,标签,Novimex,"Novimex 运输标签,0,62.00
A1003152,2020/12/5,XP-21865,一级,华东,山东,办公用品,系固件,Accos,"Accos 按钉,0,62.00
A1003148,2020/12/4,XP-21865,标准级,华东,山东,家具,书架,Sauder,"Sauder 搁架,0,60.00
A1003148,2020/12/4,XP-21865,标准级,华东,山东,技术,复印机,佳能,"佳能 个人复印机,0,60.00
A1003029,2020/11/12,CP-12340,标准级,中南,广西,办公用品,美术,BIC,"BIC 铅笔刀,0,50.00
A1004536,2021/10/22,CB-12535,标准级,华东,浙江,办公用品,标签,Smead,"Smead 有色标签,0,50.00
A1004766,2021/12/2,RB-19705,标准级,西南,贵州,办公用品,装订机,Wilson Jones,"Wilson Jones 孔加固材料,0,50.00
A1004802,2021/12/9,MS-17365,一级,西北,陕西,办公用品,装订机,Acco,"Acco 装订机盖,0,50.00
A1004849,2021/12/17,QJ-19255,标准级,华东,上海,办公用品,信封,Jiffy,"Jiffy 商业信封,0,50.00
A1001802,2019/11/23,PP-18955,标准级,华东,山东,技术,设备,StarTech,"StarTech 电话,0,40.00
A1001806,2019/11/24,MC-17845,一级,东北,辽宁,家具,椅子,Office Star,"Office Star 摇椅,0,40.00
A1001851,2019/12/7,WB-21850,标准级,东北,辽宁,办公用品,系固件,Advantus,"Advantus 订书钉,0,40.00
A1001852,2019/12/7,DR-12880,标准级,西南,云南,家具,用具,Deflect-O,"Deflect-O 门挡,0,40.00
A1001872,2019/12/12,MN-17935,二级,东北,辽宁,家具,椅子,Harbour Creations,"Harbour Creations 折叠椅,0,40.00
A1001894,2019/12/20,TS-21370,二级,华北,天津,家具,椅子,Office Star,"Office Star 摇椅,0,40.00
A1001898,2019/12/21,TS-21370,标准级,西南,重庆,办公用品,装订机,Acco,"Acco 装订机盖,0,40.00
A1001939,2020/1/1,ML-17410,标准级,东北,吉林,办公用品,系固件,OIC,"OIC 图钉,0,40.00
A1001945,2020/1/5,BN-11515,一级,西南,四川,办公用品,信封,Jiffy,"Jiffy 搭扣信封,0,40.00
A1001956,2020/1/10,SN-20710,二级,华北,河北,技术,配件,Memorex,"Memorex 鼠标,0,40.00
A1001962,2020/1/12,RB-19360,二级,华东,安徽,办公用品,收纳具,Rogers,"Rogers 搁板,0,40.00
A1001971,2020/1/18,JM-15250,一级,华北,内蒙古,家具,椅子,Novimex,"Novimex 扶手椅,0,40.00
A1001980,2020/1/24,DB-13120,二级,中南,湖南,家具,书架,宜家,"宜家 古典书架,0,40.00
A1002007,2020/2/7,AJ-10795,二级,西北,青海,技术,配件,罗技,"罗技 鼠标,0,40.00
A1002005,2020/2/7,AJ-10795,标准级,华东,上海,办公用品,美术,Sanford,"Sanford 铅笔刀,0,40.00
A1002079,2020/3/12,AR-10825,一级,华北,河北,办公用品,用品,Fiskars,"Fiskars 修剪器,0,40.00
A1002085,2020/3/15,CR-12820,标准级,华东,安徽,家具,椅子,Hon,"Hon 凳子,0,40.00
A1002105,2020/3/21,TB-21400,标准级,中南,广东,办公用品,用品,Fiskars,"Fiskars 大剪刀,0,40.00
A1002121,2020/3/30,BS-11365,一级,东北,黑龙江,办公用品,美术,Binney & Smith,"Binney & Smith 钢笔,0,40.00
A1002120,2020/3/30,RA-19285,二级,东北,黑龙江,办公用品,用品,Elite,"Elite 大剪刀,0,40.00
A1002134,2020/4/5,KN-16450,标准级,华北,山西,办公用品,装订机,Wilson Jones,"Wilson Jones 孔加固材料,0,40.00
A1002138,2020/4/8,AB-10105,标准级,华东,安徽,办公用品,标签,Hon,"Hon 运输标签,0,40.00
A1002166,2020/4/13,SS-20875,标准级,华东,山东,办公用品,信封,Ames,"Ames 外皮和封条,0,40.00
A1002188,2020/4/24,HA-14920,标准级,中南,海南,办公用品,系固件,OIC,"OIC 按钉,0,40.00
A1002201,2020/4/30,RA-19915,二级,华东,福建,办公用品,用品,Elite,"Elite 大剪刀,0,40.00
A1002200,2020/4/30,KB-16585,标准级,华东,上海,办公用品,标签,Avery,"Avery 可去除的标签,0,40.00
A1002209,2020/5/1,GZ-14470,标准级,华东,上海,技术,设备,StarTech,"StarTech 电话,0,40.00
A1002270,2020/5/17,TN-21040,标准级,华东,江苏,家具,书架,Safco,"Safco 古典书架,0,40.00
A1002279,2020/5/20,MK-17905,二级,华北,河北,办公用品,纸张,施乐,"施乐 备忘录便条,0,40.00
A1002296,2020/5/23,AS-10045,标准级,东北,黑龙江,办公用品,用品,Fiskars,"Fiskars 剪刀,0,40.00
A1002304,2020/5/24,NL-18310,二级,华东,山东,办公用品,收纳具,Eldon,"Eldon 文件车,0,40.00
A1002324,2020/5/29,CK-12760,标准级,西北,宁夏,办公用品,信封,Kraft,"Kraft 商业信封,0,40.00
A1002354,2020/6/4,KB-16585,一级,华北,山西,办公用品,器具,Breville,"Breville 咖啡研磨机,0,40.00
A1002360,2020/6/5,GB-14530,标准级,东北,吉林,家具,用具,Eldon,"Eldon 相框,0,40.00
A1002363,2020/6/6,BP-11155,标准级,东北,黑龙江,办公用品,器具,Cuisinart,"Cuisinart 微波炉,0,40.00
A1002370,2020/6/7,JL-15835,一级,中南,河南,技术,设备,松下,"松下 电话,0,40.00
A1002405,2020/6/15,BM-11785,二级,华东,上海,办公用品,器具,Hoover,"Hoover 炉灶,0,40.00
A1002409,2020/6/16,CC-12430,二级,东北,吉林,办公用品,信封,Ames,"Ames 邮寄品,0,40.00
A1002419,2020/6/18,MF-18250,标准级,中南,河南,办公用品,系固件,Advantus,"Advantus 夹子,0,40.00
A1002531,2020/7/25,TS-21370,标准级,西南,贵州,技术,电话,摩托罗拉,"摩托罗拉 耳机,0,40.00
A1002537,2020/7/26,AI-10855,二级,中南,广东,办公用品,美术,BIC,"BIC 铅笔刀,0,40.00
A1002563,2020/8/5,BK-11260,标准级,中南,广东,办公用品,收纳具,Tenex,"Tenex 搁板,0,40.00
A1002584,2020/8/8,FG-14260,标准级,华东,福建,办公用品,装订机,Acco,"Acco 打孔机,0,40.00
A1002589,2020/8/9,JL-15835,标准级,西南,云南,办公用品,收纳具,Eldon,"Eldon 锁柜,0,40.00
A1002596,2020/8/12,SC-20020,二级,东北,吉林,办公用品,收纳具,Smead,"Smead 锁柜,0,40.00
A1002619,2020/8/16,TM-21010,一级,中南,广东,办公用品,装订机,Acco,"Acco 孔加固材料,0,40.00
A1002632,2020/8/19,SA-20830,二级,华东,安徽,办公用品,器具,Breville,"Breville 烤面包机,0,40.00
A1002632,2020/8/19,LS-17200,二级,华东,安徽,技术,复印机,Hewlett,"Hewlett 传真复印机,0,40.00
A1002648,2020/8/21,SZ-20035,二级,中南,广东,家具,椅子,Safco,"SAFCO 折叠椅,0,40.00
A1002653,2020/8/22,SP-20860,标准级,中南,湖北,家具,椅子,Safco,"SAFCO 扶手椅,0,40.00
A1002655,2020/8/22,KT-16465,标准级,华东,山东,办公用品,装订机,Cardinal,"Cardinal 孔加固材料,0,40.00
A1002692,2020/9/1,SC-20725,标准级,中南,广东,技术,复印机,Hewlett,"Hewlett 无线传真机,0,40.00
A1002731,2020/9/9,CS-11950,标准级,中南,湖南,办公用品,系固件,Stockwell,"Stockwell 按钉,0,40.00
A1002774,2020/9/18,MB-17305,一级,中南,河南,家具,椅子,Harbour Creations,"Harbour Creations 扶手椅,0,40.00
A1002786,2020/9/19,CK-12595,标准级,东北,辽宁,家具,椅子,Office Star,"Office Star 沙滩椅,0,40.00
A1002789,2020/9/20,ES-14080,二级,华北,天津,技术,电话,三星,"三星 耳机,0,40.00
A1002816,2020/9/26,HW-14935,标准级,西南,云南,办公用品,信封,GlobeWeis,"GlobeWeis 马尼拉纸信封,0,40.00
A1002825,2020/9/28,DR-12880,标准级,西北,甘肃,技术,电话,诺基亚,"诺基亚 智能手机,0,40.00
A1002828,2020/9/30,JK-15640,标准级,中南,广西,家具,书架,Bush,"Bush 古典书架,0,40.00
A1002867,2020/10/7,CA-12055,当日,华东,山东,技术,配件,贝尔金,"贝尔金 闪存驱动器,0,40.00
A1002888,2020/10/11,DH-13075,二级,中南,湖北,办公用品,装订机,Wilson Jones,"Wilson Jones 打孔机,0,40.00
A1002893,2020/10/11,DK-13090,标准级,中南,广东,办公用品,装订机,Cardinal,"Cardinal 订书机,0,40.00
A1002897,2020/10/12,AS-10240,标准级,东北,黑龙江,办公用品,信封,Cameo,"Cameo 马尼拉纸信封,0,40.00
A1002899,2020/10/12,AR-10345,二级,西南,云南,家具,书架,Dania,"Dania 书库,0,40.00
A1002906,2020/10/15,AP-10915,标准级,中南,广西,办公用品,装订机,Ibico,"Ibico 装订机,0,40.00
A1002924,2020/10/19,LS-17245,当日,中南,广东,技术,复印机,夏普,"夏普 个人复印机,0,40.00
A1002966,2020/10/29,KD-16495,标准级,华东,江苏,家具,书架,Safco,"Safco 柜,0,40.00
A1003001,2020/11/6,NS-18640,标准级,中南,广东,家具,用具,Tenex,"Tenex 分层置放架,0,40.00
A1003002,2020/11/6,NS-18640,标准级,中南,湖南,办公用品,美术,Stanley,"Stanley 记号笔,0,40.00
A1003011,2020/11/8,KF-16285,标准级,华东,福建,办公用品,装订机,Avery,"Avery 打孔机,0,40.00
A1003034,2020/11/13,PG-18820,标准级,华东,山东,办公用品,用品,Stiletto,"Stiletto 尺子,0,40.00
A1003045,2020/11/14,SV-20365,标准级,华北,天津,办公用品,系固件,Advantus,"Advantus 回形针,0,40.00
A1003052,2020/11/15,SV-20365,标准级,华东,安徽,技术,复印机,惠普,"惠普 传真机,0,40.00
A1003065,2020/11/18,SP-20920,标准级,西北,甘肃,办公用品,装订机,Avery,"Avery 孔加固材料,0,40.00
A1003061,2020/11/18,SS-20140,标准级,中南,湖北,技术,配件,贝尔金,"贝尔金 键盘,0,40.00
A1003071,2020/11/19,GA-14725,二级,华东,安徽,办公用品,收纳具,Tenex,"Tenex 搁板,0,40.00
A1003078,2020/11/20,RM-19375,标准级,东北,黑龙江,办公用品,器具,Hamilton Beach,"Hamilton Beach 冰箱,0,40.00
A1003086,2020/11/21,MC-17605,标准级,华东,上海,办公用品,信封,Jiffy,"Jiffy 邮寄品,0,40.00
A1003095,2020/11/22,NZ-18565,一级,东北,黑龙江,办公用品,器具,KitchenAid,"KitchenAid 烤面包机,0,40.00
A1003092,2020/11/22,MH-17785,二级,中南,湖南,办公用品,系固件,Accos,"Accos 订书钉,0,40.00
A1003104,2020/11/25,DK-12985,标准级,西南,四川,技术,复印机,夏普,"夏普 传真机,0,40.00
A1003294,2021/1/15,MV-18190,标准级,东北,吉林,办公用品,美术,Stanley,"Stanley 铅笔刀,0,40.00
A1003292,2021/1/15,MV-18190,二级,西南,重庆,办公用品,用品,Fiskars,"Fiskars 剪刀,0,40.00
A1003304,2021/1/20,WB-21850,标准级,东北,吉林,家具,桌子,Chromcraft,"Chromcraft 咖啡桌,0,40.00
A1003304,2021/1/20,MP-18175,标准级,东北,吉林,技术,复印机,佳能,"佳能 传真复印机,0,40.00
A1003317,2021/1/24,DL-13330,标准级,华东,山东,家具,椅子,Safco,"SAFCO 扶手椅,0,40.00
A1003318,2021/1/24,DL-13330,标准级,华东,江苏,技术,复印机,Hewlett,"Hewlett 传真机,0,40.00
A1003375,2021/2/11,JH-15910,标准级,华东,山东,办公用品,标签,Smead,"Smead 运输标签,0,40.00
A1003383,2021/2/14,LW-16825,二级,西北,宁夏,办公用品,信封,GlobeWeis,"GlobeWeis 外皮和封条,0,40.00
A1003403,2021/2/22,BF-10975,标准级,华东,山东,家具,用具,Rubbermaid,"Rubvermaid 相框,0,40.00
A1003406,2021/2/24,BP-11230,一级,西北,陕西,办公用品,美术,Stanley,"Stanley 荧光笔,0,40.00
A1003483,2021/3/20,EB-13750,标准级,东北,辽宁,办公用品,器具,Hamilton Beach,"Hamilton Beach 烤面包机,0,40.00
A1003506,2021/3/27,AH-10075,标准级,东北,辽宁,办公用品,信封,Ames,"Ames 局间信封,0,40.00
A1003576,2021/4/20,SC-20380,当日,中南,河南,家具,椅子,Office Star,"Office Star 折叠椅,0,40.00
A1003578,2021/4/21,GB-14575,标准级,华北,山西,办公用品,收纳具,Fellowes,"Fellowes 盘,0,40.00
A1003643,2021/5/6,BP-11095,标准级,西南,云南,办公用品,标签,Avery,"Avery 可去除的标签,0,40.00
A1003655,2021/5/8,ML-17410,标准级,华东,山东,技术,复印机,Hewlett,"Hewlett 墨水,0,40.00
A1003665,2021/5/11,BP-11095,二级,中南,广东,办公用品,装订机,Ibico,"Ibico 标签,0,40.00
A1003680,2021/5/12,AR-10540,标准级,中南,河南,技术,复印机,夏普,"夏普 墨水,0,40.00
A1003698,2021/5/14,ME-17320,二级,中南,广东,办公用品,系固件,Stockwell,"Stockwell 橡皮筋,0,40.00
A1003726,2021/5/19,EM-13825,二级,中南,广东,办公用品,收纳具,Smead,"Smead 搁板,0,40.00
A1003743,2021/5/20,RB-19795,二级,中南,广西,办公用品,装订机,Avery,"Avery 装订机,0,40.00
A1003745,2021/5/21,AT-10735,二级,中南,广西,办公用品,收纳具,Tenex,"Tenex 文件夹,0,40.00
A1003769,2021/5/25,RB-19435,一级,西南,四川,办公用品,用品,Fiskars,"Fiskars 尺子,0,40.00
A1003814,2021/6/2,JB-15925,标准级,东北,黑龙江,办公用品,美术,Stanley,"Stanley 记号笔,0,40.00
A1003815,2021/6/2,PB-19105,二级,西北,青海,办公用品,收纳具,Fellowes,"Fellowes 锁柜,0,40.00
A1003814,2021/6/2,BG-11695,标准级,东北,黑龙江,技术,电话,摩托罗拉,"摩托罗拉 音频基座,0,40.00
A1003901,2021/6/17,LS-16975,二级,华东,山东,办公用品,器具,Breville,"Breville 搅拌机,0,40.00
A1003937,2021/6/22,DN-13690,标准级,华东,山东,家具,用具,Deflect-O,"Deflect-O 闹钟,0,40.00
A1003935,2021/6/22,MA-17560,标准级,华东,浙江,办公用品,装订机,Avery,"Avery 标签,0,40.00
A1003946,2021/6/23,CR-12580,标准级,华东,山东,办公用品,装订机,Ibico,"Ibico 装订机,0,40.00
A1003946,2021/6/23,AA-10645,标准级,华东,山东,技术,配件,Enermax,"Enermax 记忆卡,0,40.00
A1004070,2021/7/29,SF-20065,二级,华北,山西,技术,配件,贝尔金,"贝尔金 闪存驱动器,0,40.00
A1004099,2021/8/4,BD-11725,标准级,东北,黑龙江,办公用品,用品,Fiskars,"Fiskars 大剪刀,0,40.00
A1004143,2021/8/10,TS-21655,一级,西南,四川,办公用品,装订机,Acco,"Acco 孔加固材料,0,40.00
A1004202,2021/8/22,BF-11020,标准级,华东,山东,办公用品,系固件,Stockwell,"Stockwell 橡皮筋,0,40.00
A1004229,2021/8/27,MP-17470,标准级,华东,山东,办公用品,系固件,Stockwell,"Stockwell 夹子,0,40.00
A1004256,2021/8/31,DP-13105,二级,华东,上海,家具,椅子,Novimex,"Novimex 折叠椅,0,40.00
A1004251,2021/8/31,MC-17590,标准级,华北,山西,家具,椅子,Novimex,"Novimex 椅垫,0,40.00
A1004314,2021/9/14,AW-10930,标准级,西北,陕西,办公用品,信封,Cameo,"Cameo 商业信封,0,40.00
A1004344,2021/9/17,LC-16960,二级,东北,黑龙江,办公用品,标签,Harbour Creations,"Harbour Creations 文件夹标签,0,40.00
A1004338,2021/9/17,CM-12715,标准级,中南,广西,技术,电话,诺基亚,"诺基亚 充电器,0,40.00
A1004366,2021/9/21,CK-12760,二级,华东,山东,技术,配件,罗技,"罗技 记忆卡,0,40.00
A1004402,2021/9/29,MY-18295,标准级,华东,福建,办公用品,系固件,Stockwell,"Stockwell 夹子,0,40.00
A1004438,2021/10/6,HG-14965,一级,华北,北京,办公用品,用品,Fiskars,"Fiskars 尺子,0,40.00
A1004553,2021/10/26,SM-20320,标准级,东北,辽宁,办公用品,装订机,Acco,"Acco 打孔机,0,40.00
A1004626,2021/11/6,PF-19225,标准级,华东,安徽,办公用品,系固件,Accos,"Accos 回形针,0,40.00
A1004669,2021/11/13,MW-18220,标准级,西北,宁夏,技术,配件,SanDisk,"SanDisk 记忆卡,0,40.00
A1004732,2021/11/25,BO-11350,二级,中南,湖北,技术,电话,摩托罗拉,"摩托罗拉 充电器,0,40.00
A1004759,2021/12/1,TG-21640,标准级,西南,四川,家具,用具,Tenex,"Tenex 门挡,0,40.00
A1004809,2021/12/10,ME-17320,二级,东北,辽宁,办公用品,标签,Avery,"Avery 可去除的标签,0,40.00
A1004807,2021/12/10,FM-14290,标准级,东北,黑龙江,办公用品,装订机,Wilson Jones,"Wilson Jones 标签,0,40.00
A1004819,2021/12/11,AH-10030,标准级,中南,湖南,办公用品,收纳具,Eldon,"Eldon 文件夹,0,40.00
A1004866,2021/12/21,CJ-12010,标准级,华东,江苏,办公用品,用品,Elite,"Elite 大剪刀,0,40.00
A1004861,2021/12/21,CJ-12010,标准级,西南,重庆,办公用品,信封,GlobeWeis,"GlobeWeis 外皮和封条,0,40.00
A1004865,2021/12/21,TW-21025,标准级,华东,山东,办公用品,装订机,Ibico,"Ibico 装订机,0,40.00
A1004903,2021/12/26,JL-15835,二级,中南,广东,办公用品,装订机,Avery,"Avery 装订机,0,40.00
A1004905,2021/12/28,CB-12025,标准级,西南,四川,家具,用具,Advantus,"Advantus 相框,0,40.00
A1004908,2021/12/29,MO-17800,二级,中南,湖北,办公用品,装订机,Wilson Jones,"Wilson Jones 孔加固材料,0,40.00
A1004923,2021/12/30,BP-11185,二级,中南,广东,办公用品,器具,Hamilton Beach,"Hamilton Beach 烤面包机,0,40.00
A1001876,2019/12/13,EJ-13720,二级,中南,河南,办公用品,信封,Ames,"Ames 搭扣信封,0,39.00
A1001883,2019/12/16,ZD-21925,标准级,华东,安徽,办公用品,纸张,SanDisk,"SanDisk 信纸,0,39.00
A1001884,2019/12/17,NW-18400,二级,华北,北京,办公用品,纸张,Eaton,"Eaton 备忘录便条,0,39.00
A1001887,2019/12/18,RW-19540,一级,华东,福建,技术,复印机,佳能,"佳能 复印机,0,39.00
A1001911,2019/12/25,GW-14605,标准级,华东,安徽,办公用品,收纳具,Smead,"Smead 盘,0,39.00
A1002000,2020/2/4,JO-15145,标准级,西南,四川,技术,复印机,夏普,"夏普 复印机,0,39.00
A1002007,2020/2/7,FH-14350,二级,西北,青海,家具,书架,Bush,"Bush 墙角架,0,39.00
A1002071,2020/3/8,MP-17965,标准级,华东,浙江,家具,书架,Safco,"Safco 墙角架,0,39.00
A1002085,2020/3/15,JK-15730,标准级,华东,安徽,办公用品,用品,Acme,"Acme 开信刀,0,39.00
A1002124,2020/4/1,TS-21610,标准级,中南,湖北,办公用品,系固件,Stockwell,"Stockwell 图钉,0,39.00
A1002139,2020/4/8,RM-19675,一级,西南,重庆,办公用品,纸张,Eaton,"Eaton 羊皮纸,0,39.00
A1002152,2020/4/10,WB-21850,标准级,华东,福建,家具,用具,Rubbermaid,"Rubvermaid 分层置放架,0,39.00
A1002154,2020/4/11,WB-21850,一级,中南,河南,办公用品,装订机,Ibico,"Ibico 装订机盖,0,39.00
A1002163,2020/4/12,ST-20530,当日,中南,广西,家具,用具,Deflect-O,"Deflect-O 门挡,0,39.00
A1002201,2020/4/30,TB-21625,二级,华东,福建,办公用品,标签,Smead,"Smead 合法证物标签,0,39.00
A1002211,2020/5/1,MW-18220,标准级,西北,甘肃,技术,配件,贝尔金,"贝尔金 键区,0,39.00
A1002220,2020/5/3,TB-21355,一级,中南,广西,办公用品,装订机,Wilson Jones,"Wilson Jones 孔加固材料,0,39.00
A1002253,2020/5/14,JM-15250,标准级,华东,山东,办公用品,标签,Harbour Creations,"Harbour Creations 文件夹标签,0,39.00
A1002254,2020/5/14,BF-11170,标准级,华东,山东,技术,复印机,佳能,"佳能 墨水,0,39.00
A1002265,2020/5/15,BW-11200,标准级,西北,陕西,办公用品,用品,Elite,"Elite 大剪刀,0,39.00
A1002265,2020/5/15,RB-19570,标准级,西北,陕西,技术,电话,三星,"三星 音频基座,0,39.00
A1002291,2020/5/22,HM-14860,标准级,华东,山东,办公用品,器具,Hamilton Beach,"Hamilton Beach 烤面包机,0,39.00
A1002365,2020/6/6,GB-14530,二级,中南,河南,办公用品,系固件,Advantus,"Advantus 订书钉,0,39.00
A1002369,2020/6/7,WB-21850,标准级,华东,安徽,办公用品,系固件,OIC,"OIC 图钉,0,39.00
A1002477,2020/7/2,KD-16345,标准级,华东,安徽,家具,用具,Advantus,"Advantus 闹钟,0,39.00
A1002532,2020/7/26,AI-10855,当日,东北,吉林,家具,用具,Eldon,"Eldon 框架,0,39.00
A1002538,2020/7/27,AB-10060,标准级,华东,江苏,办公用品,信封,Kraft,"Kraft 邮寄品,0,39.00
A1002572,2020/8/7,GM-14500,一级,华东,山东,办公用品,收纳具,Smead,"Smead 盒,0,39.00
A1002670,2020/8/27,Dp-13240,二级,东北,黑龙江,办公用品,装订机,Avery,"Avery 打孔机,0,39.00
A1002674,2020/8/27,Dp-13240,标准级,东北,辽宁,家具,椅子,Harbour Creations,"Harbour Creations 扶手椅,0,39.00
A1002800,2020/9/21,IL-15100,二级,中南,广东,办公用品,系固件,Stockwell,"Stockwell 回形针,0,39.00
A1002798,2020/9/21,JE-15610,标准级,西南,云南,办公用品,装订机,Acco,"Acco 打孔机,0,39.00
A1002835,2020/9/30,DR-12880,当日,西南,贵州,办公用品,用品,Kleencut,"Kleencut 尺子,0,39.00
A1002871,2020/10/7,SS-20875,二级,中南,广西,办公用品,纸张,Eaton,"Eaton 笔记本,0,39.00
A1002868,2020/10/7,RP-19390,标准级,东北,辽宁,办公用品,系固件,Accos,"Accos 夹子,0,39.00
A1002876,2020/10/8,RD-19720,标准级,东北,吉林,办公用品,纸张,Eaton,"Eaton 令,0,39.00
A1002909,2020/10/16,MG-18205,标准级,中南,广东,办公用品,器具,Breville,"Breville 冰箱,0,39.00
A1002930,2020/10/22,MJ-17740,标准级,西南,云南,办公用品,纸张,Green Bar,"Green Bar 信纸,0,39.00
A1002933,2020/10/22,BS-11665,标准级,华北,天津,办公用品,装订机,Ibico,"Ibico 标签,0,39.00
A1002950,2020/10/24,RS-19420,一级,西北,陕西,技术,电话,摩托罗拉,"摩托罗拉 充电器,0,39.00
A1002998,2020/11/4,JS-16030,标准级,东北,黑龙江,家具,书架,Sauder,"Sauder 墙角架,0,39.00
A1003292,2021/1/15,CP-12085,二级,西南,重庆,技术,电话,思科,"思科 耳机,0,39.00
A1003310,2021/1/21,BF-11020,标准级,东北,辽宁,办公用品,美术,Boston,"Boston 钢笔,0,39.00
A1003320,2021/1/25,TB-21055,标准级,华东,江苏,办公用品,器具,KitchenAid,"KitchenAid 冰箱,0,39.00
A1003341,2021/2/3,DB-13060,当日,西北,陕西,办公用品,收纳具,Smead,"Smead 搁板,0,39.00
A1003481,2021/3/20,MC-17575,二级,东北,黑龙江,技术,配件,Memorex,"Memorex 记忆卡,0,39.00
A1003497,2021/3/24,WB-21850,标准级,东北,吉林,办公用品,器具,Hoover,"Hoover 搅拌机,0,39.00
A1003509,2021/3/28,RP-19390,标准级,东北,黑龙江,办公用品,信封,GlobeWeis,"GlobeWeis 商业信封,0,39.00
A1003622,2021/5/4,BM-11575,一级,西南,重庆,办公用品,系固件,OIC,"OIC 回形针,0,39.00
A1003629,2021/5/5,MG-17650,标准级,中南,广东,家具,椅子,Harbour Creations,"Harbour Creations 折叠椅,0,39.00
A1003642,2021/5/6,MZ-17335,二级,华东,山东,技术,配件,Memorex,"Memorex 路由器,0,39.00
A1003644,2021/5/7,BT-11395,二级,华东,安徽,办公用品,收纳具,Rogers,"Rogers 文件夹,0,39.00
A1003644,2021/5/7,GG-14650,二级,华东,安徽,家具,用具,Rubbermaid,"Rubvermaid 门挡,0,39.00
A1003670,2021/5/11,SC-20770,当日,东北,辽宁,办公用品,系固件,Stockwell,"Stockwell 订书钉,0,39.00
A1003865,2021/6/10,SJ-20125,一级,华东,山东,办公用品,器具,Hoover,"Hoover 咖啡研磨机,0,39.00
A1003861,2021/6/10,DK-13090,二级,华北,北京,办公用品,美术,Boston,"Boston 画布,0,39.00
A1003890,2021/6/15,LC-16870,一级,中南,湖南,技术,复印机,Brother,"Brother 传真机,0,39.00
A1003916,2021/6/19,SC-20380,二级,华东,安徽,办公用品,纸张,SanDisk,"SanDisk 计划信息表,0,39.00
A1003942,2021/6/23,BS-11365,二级,东北,辽宁,家具,椅子,Novimex,"Novimex 扶手椅,0,39.00
A1003952,2021/6/25,NF-18595,标准级,东北,吉林,办公用品,用品,Stiletto,"Stiletto 剪刀,0,39.00
A1004075,2021/7/30,BC-11125,一级,东北,吉林,技术,电话,三星,"三星 办公室电话机,0,39.00
A1004121,2021/8/6,TC-20980,标准级,中南,河南,家具,椅子,Safco,"SAFCO 扶手椅,0,39.00
A1004149,2021/8/12,CV-12805,一级,华东,福建,办公用品,装订机,Ibico,"Ibico 打孔机,0,39.00
A1004233,2021/8/28,DS-13180,标准级,华东,安徽,家具,用具,Tenex,"Tenex 相框,0,39.00
A1004263,2021/9/3,LS-17200,二级,华东,山东,办公用品,纸张,Eaton,"Eaton 令,0,39.00
A1004306,2021/9/12,TS-21205,二级,中南,湖北,办公用品,装订机,Avery,"Avery 打孔机,0,39.00
A1004311,2021/9/14,AW-10930,二级,中南,河南,办公用品,装订机,Ibico,"Ibico 装订机盖,0,39.00
A1004331,2021/9/16,MF-17665,标准级,华北,天津,办公用品,收纳具,Rogers,"Rogers 盘,0,39.00
A1004349,2021/9/18,JE-15715,一级,华北,山西,办公用品,信封,Jiffy,"Jiffy 局间信封,0,39.00
A1004352,2021/9/18,AG-10525,二级,东北,吉林,技术,电话,思科,"思科 办公室电话机,0,39.00
A1004359,2021/9/19,AH-10030,标准级,华东,江西,办公用品,装订机,Cardinal,"Cardinal 订书机,0,39.00
A1004369,2021/9/21,EB-14170,标准级,华东,山东,家具,椅子,Safco,"SAFCO 扶手椅,0,39.00
A1004385,2021/9/25,FH-14275,标准级,中南,广东,办公用品,装订机,Acco,"Acco 打孔机,0,39.00
A1004400,2021/9/28,SH-19975,二级,中南,河南,办公用品,装订机,Ibico,"Ibico 孔加固材料,0,39.00
A1004396,2021/9/28,GZ-14470,标准级,华东,山东,办公用品,纸张,Enermax,"Enermax 信纸,0,39.00
A1004434,2021/10/5,EH-14005,标准级,东北,辽宁,办公用品,系固件,Advantus,"Advantus 回形针,0,39.00
A1001811,2019/11/26,TB-21250,标准级,华东,山东,办公用品,纸张,Eaton,"Eaton 羊皮纸,0,38.00
A1001879,2019/12/14,NC-18415,标准级,中南,广东,技术,配件,贝尔金,"贝尔金 记忆卡,0,38.00
A1001939,2020/1/1,ML-17410,标准级,东北,吉林,办公用品,器具,Hamilton Beach,"Hamilton Beach 微波炉,0,38.00
A1001939,2020/1/1,KD-16495,标准级,东北,吉林,技术,配件,罗技,"罗技 键盘,0,38.00
A1001941,2020/1/1,RF-19735,标准级,中南,广东,家具,桌子,Chromcraft,"Chromcraft 圆桌,0,38.00
A1001980,2020/1/24,DB-13120,二级,中南,湖南,办公用品,美术,Stanley,"Stanley 铅笔刀,0,38.00
A1001982,2020/1/24,DK-12895,标准级,西南,四川,办公用品,信封,Cameo,"Cameo 搭扣信封,0,38.00
A1001982,2020/1/24,DK-12895,标准级,西南,四川,办公用品,器具,Cuisinart,"Cuisinart 烤面包机,0,38.00
A1002009,2020/2/7,AJ-10795,标准级,华东,江苏,技术,复印机,Brother,"Brother 传真复印机,0,38.00
A1002087,2020/3/16,SG-20890,二级,华北,天津,办公用品,用品,Acme,"Acme 修剪器,0,38.00
A1002169,2020/4/16,SN-20710,标准级,中南,河南,办公用品,系固件,Advantus,"Advantus 橡皮筋,0,38.00
A1002217,2020/5/2,EC-14050,标准级,中南,河南,技术,电话,三星,"三星 办公室电话机,0,38.00
A1002266,2020/5/15,KM-16225,二级,中南,广东,技术,配件,Enermax,"Enermax 闪存驱动器,0,38.00
A1002287,2020/5/22,NF-18595,标准级,东北,吉林,家具,用具,Tenex,"Tenex 门挡,0,38.00
A1002294,2020/5/23,AB-10255,一级,东北,辽宁,办公用品,信封,Kraft,"Kraft 邮寄品,0,38.00
A1002321,2020/5/27,TH-21550,二级,中南,河南,办公用品,器具,Hamilton Beach,"Hamilton Beach 微波炉,0,38.00
A1002356,2020/6/4,JF-15295,标准级,中南,广东,办公用品,系固件,OIC,"OIC 回形针,0,38.00
A1002443,2020/6/22,GK-14620,标准级,西南,四川,办公用品,纸张,SanDisk,"SanDisk 计划信息表,0,38.00
A1002465,2020/6/28,CA-12310,二级,东北,辽宁,办公用品,装订机,Acco,"Acco 装订机,0,38.00
A1002515,2020/7/18,AB-10060,标准级,华东,福建,办公用品,标签,Novimex,"Novimex 可去除的标签,0,38.00
A1002538,2020/7/27,AH-10465,标准级,华东,江苏,技术,配件,Memorex,"Memorex 键区,0,38.00
A1002642,2020/8/21,SZ-20035,一级,华东,山东,办公用品,标签,Novimex,"Novimex 运输标签,0,38.00
A1002679,2020/8/28,CV-12295,二级,华北,河北,技术,配件,Memorex,"Memorex 记忆卡,0,38.00
A1002686,2020/8/29,CV-12295,一级,中南,广东,办公用品,用品,Elite,"Elite 剪刀,0,38.00
A1002690,2020/8/30,AJ-10780,当日,西南,云南,办公用品,器具,KitchenAid,"KitchenAid 烤面包机,0,38.00
A1002691,2020/8/31,SC-20725,一级,中南,广东,办公用品,装订机,Cardinal,"Cardinal 打孔机,0,38.00
A1002699,2020/9/2,LH-16900,二级,西北,新疆,办公用品,纸张,Enermax,"Enermax 备忘录便条,0,38.00
A1002699,2020/9/2,AH-10030,二级,西北,新疆,家具,用具,Tenex,"Tenex 相框,0,38.00
A1002751,2020/9/13,KF-16285,标准级,华东,江苏,办公用品,纸张,Enermax,"Enermax 令,0,38.00
A1002763,2020/9/16,CS-12250,标准级,中南,广东,家具,椅子,Hon,"Hon 沙滩椅,0,38.00
A1002766,2020/9/17,CG-12520,二级,华东,福建,办公用品,纸张,施乐,"施乐 令,0,38.00
A1002770,2020/9/17,HG-15025,标准级,中南,河南,办公用品,信封,GlobeWeis,"GlobeWeis 搭扣信封,0,38.00
A1002845,2020/10/2,AH-10120,二级,东北,黑龙江,办公用品,用品,Elite,"Elite 美工刀,0,38.00
A1002876,2020/10/8,BM-11650,标准级,东北,吉林,办公用品,信封,Ames,"Ames 局间信封,0,38.00
A1002972,2020/10/30,RL-19615,标准级,东北,吉林,办公用品,纸张,Enermax,"Enermax 信纸,0,38.00
A1003161,2020/12/6,JD-16015,标准级,华北,北京,办公用品,装订机,Ibico,"Ibico 标签,0,38.00
A1003188,2020/12/13,GT-14710,标准级,中南,广东,家具,椅子,Hon,"Hon 椅垫,0,38.00
A1003237,2020/12/28,DK-13150,一级,中南,河南,家具,椅子,Office Star,"Office Star 椅垫,0,38.00
A1003276,2021/1/9,KB-16585,标准级,西南,四川,办公用品,系固件,Stockwell,"Stockwell 橡皮筋,0,38.00
A1003409,2021/2/25,PS-18760,标准级,华北,山西,办公用品,纸张,SanDisk,"SanDisk 信纸,0,38.00
A1003424,2021/3/1,SS-20140,二级,华东,江苏,家具,用具,Rubbermaid,"Rubvermaid 灯泡,0,38.00
A1003468,2021/3/16,KC-16675,标准级,华东,安徽,家具,椅子,Hon,"Hon 折叠椅,0,38.00
A1003471,2021/3/16,KN-16390,标准级,华东,江苏,办公用品,用品,Fiskars,"Fiskars 开信刀,0,38.00
A1003499,2021/3/25,CK-12205,标准级,华北,河北,办公用品,装订机,Avery,"Avery 打孔机,0,38.00
A1003514,2021/3/30,DF-13135,二级,西北,甘肃,办公用品,信封,GlobeWeis,"GlobeWeis 外皮和封条,0,38.00
A1003514,2021/3/30,EJ-14155,二级,西北,甘肃,技术,复印机,夏普,"夏普 个人复印机,0,38.00
A1003523,2021/4/1,SS-20875,标准级,西南,重庆,办公用品,美术,BIC,"BIC 速写本,0,38.00
A1003556,2021/4/10,ED-13885,标准级,中南,湖南,家具,用具,Rubbermaid,"Rubvermaid 门挡,0,38.00
A1003575,2021/4/20,SC-20380,当日,中南,海南,家具,书架,Bush,"Bush 书库,0,38.00
A1003619,2021/5/2,MC-17845,标准级,华东,山东,办公用品,纸张,Eaton,"Eaton 备忘录便条,0,38.00
A1003621,2021/5/2,SC-20440,标准级,中南,广东,技术,复印机,Brother,"Brother 墨水,0,38.00
A1003636,2021/5/6,AR-10345,二级,华东,安徽,办公用品,美术,Boston,"Boston 钢笔,0,38.00
A1003677,2021/5/12,SJ-20125,标准级,华东,山东,办公用品,系固件,Stockwell,"Stockwell 橡皮筋,0,38.00
A1003680,2021/5/12,AR-10540,标准级,中南,河南,技术,设备,松下,"松下 卡片打印机,0,38.00
A1003776,2021/5/26,KH-16360,当日,华北,河北,技术,电话,摩托罗拉,"摩托罗拉 音频基座,0,38.00
A1003774,2021/5/26,DB-13555,二级,中南,广东,技术,复印机,Hewlett,"Hewlett 传真复印机,0,38.00
A1003770,2021/5/26,LB-16795,标准级,中南,广西,办公用品,收纳具,Fellowes,"Fellowes 盘,0,38.00
A1003772,2021/5/26,CA-11965,标准级,华北,河北,家具,椅子,Hon,"Hon 沙滩椅,0,38.00
A1003799,2021/5/29,RS-19420,标准级,华北,北京,办公用品,装订机,Cardinal,"Cardinal 标签,0,38.00
A1003824,2021/6/3,TS-21505,当日,中南,广东,家具,桌子,Hon,"Hon 会议桌,0,38.00
A1003848,2021/6/8,ER-13855,标准级,东北,辽宁,家具,用具,Deflect-O,"Deflect-O 闹钟,0,38.00
A1003887,2021/6/14,DB-12910,标准级,东北,辽宁,办公用品,系固件,OIC,"OIC 按钉,0,38.00
A1003900,2021/6/17,JK-16120,二级,华东,山东,办公用品,美术,Boston,"Boston 荧光笔,0,38.00
A1003921,2021/6/19,GA-14725,二级,中南,湖南,办公用品,用品,Acme,"Acme 开信刀,0,38.00
A1003936,2021/6/22,EH-13765,标准级,中南,广东,办公用品,收纳具,Fellowes,"Fellowes 锁柜,0,38.00
A1003945,2021/6/23,VM-21835,二级,华东,山东,办公用品,纸张,SanDisk,"SanDisk 羊皮纸,0,38.00
A1003955,2021/6/25,DM-13525,标准级,华东,浙江,办公用品,信封,Cameo,"Cameo 商业信封,0,38.00
A1004011,2021/7/10,FP-14320,标准级,西南,云南,技术,设备,柯尼卡,"柯尼卡 收据打印机,0,38.00
A1004015,2021/7/11,JA-15970,标准级,西南,四川,办公用品,收纳具,Smead,"Smead 锁柜,0,38.00
A1004105,2021/8/4,ND-18460,二级,华东,山东,办公用品,信封,Kraft,"Kraft 邮寄品,0,38.00
A1004124,2021/8/7,JK-15370,标准级,华北,河北,办公用品,系固件,Stockwell,"Stockwell 回形针,0,38.00
A1004131,2021/8/8,MM-18055,标准级,华东,上海,办公用品,用品,Stiletto,"Stiletto 修剪器,0,38.00
A1004147,2021/8/11,MF-18250,一级,东北,黑龙江,办公用品,标签,Novimex,"Novimex 运输标签,0,38.00
A1004160,2021/8/14,BD-11635,标准级,华北,河北,办公用品,纸张,Green Bar,"Green Bar 笔记本,0,38.00
A1004196,2021/8/21,NC-18625,标准级,华北,山西,办公用品,用品,Stiletto,"Stiletto 尺子,0,38.00
A1004204,2021/8/24,DP-13390,二级,华北,河北,办公用品,用品,Stiletto,"Stiletto 修剪器,0,38.00
A1004235,2021/8/28,HD-14785,标准级,华东,安徽,家具,椅子,Safco,"SAFCO 椅垫,0,38.00
A1004257,2021/8/31,LA-16780,当日,东北,吉林,办公用品,装订机,Avery,"Avery 订书机,0,38.00
A1004250,2021/8/31,KB-16240,标准级,中南,广西,家具,用具,Advantus,"Advantus 门挡,0,38.00
A1004286,2021/9/9,JG-15160,标准级,华东,浙江,技术,电话,苹果,"苹果 耳机,0,38.00
A1004298,2021/9/10,ED-13885,当日,华东,福建,技术,电话,苹果,"苹果 音频基座,0,38.00
A1004318,2021/9/15,SP-20860,一级,华北,天津,办公用品,收纳具,Rogers,"Rogers 文件夹,0,38.00
A1004332,2021/9/16,BF-11170,标准级,中南,湖南,办公用品,美术,Binney & Smith,"Binney & Smith 记号笔,0,38.00
A1004394,2021/9/28,GZ-14470,标准级,中南,湖北,办公用品,美术,BIC,"BIC 记号笔,0,38.00
A1004394,2021/9/28,AH-10120,标准级,中南,湖北,技术,配件,罗技,"罗技 闪存驱动器,0,38.00
A1004425,2021/10/2,FP-14320,标准级,华东,江苏,家具,书架,Sauder,"Sauder 古典书架,0,38.00
A1001808,2019/11/26,EB-13750,一级,华东,山东,技术,设备,松下,"松下 电话,0,37.00
A1001834,2019/12/3,DH-13075,二级,中南,湖北,技术,电话,三星,"三星 充电器,0,37.00
A1001846,2019/12/5,KH-16630,标准级,华北,河北,办公用品,系固件,Accos,"Accos 橡皮筋,0,37.00
A1001888,2019/12/18,CC-12685,当日,华北,河北,办公用品,收纳具,Tenex,"Tenex 搁板,0,37.00
A1001888,2019/12/18,RW-19540,当日,华北,河北,技术,复印机,Brother,"Brother 无线传真机,0,37.00
A1001893,2019/12/19,KM-16720,标准级,华东,浙江,技术,复印机,Hewlett,"Hewlett 复印机,0,37.00
A1002007,2020/2/7,JM-15655,二级,西北,青海,办公用品,纸张,SanDisk,"SanDisk 信纸,0,37.00
A1002074,2020/3/9,SW-20245,一级,西南,重庆,办公用品,器具,Cuisinart,"Cuisinart 烤面包机,0,37.00
A1002155,2020/4/11,AB-10165,标准级,东北,辽宁,办公用品,收纳具,Eldon,"Eldon 盘,0,37.00
A1002174,2020/4/18,MV-17485,标准级,东北,黑龙江,办公用品,纸张,SanDisk,"SanDisk 信纸,0,37.00
A1002222,2020/5/3,TB-21355,二级,华北,山西,技术,复印机,夏普,"夏普 个人复印机,0,37.00
A1002312,2020/5/25,MS-17770,二级,东北,辽宁,办公用品,美术,Binney & Smith,"Binney & Smith 速写本,0,37.00
A1002318,2020/5/27,RM-19675,二级,华东,福建,办公用品,器具,KitchenAid,"KitchenAid 咖啡研磨机,0,37.00
A1002323,2020/5/29,BD-11725,标准级,东北,黑龙江,办公用品,信封,GlobeWeis,"GlobeWeis 外皮和封条,0,37.00
A1002364,2020/6/6,GB-14530,二级,华东,福建,办公用品,信封,GlobeWeis,"GlobeWeis 商业信封,0,37.00
A1002367,2020/6/7,JK-16120,二级,中南,广西,办公用品,标签,Harbour Creations,"Harbour Creations 运输标签,0,37.00
A1002369,2020/6/7,AG-10900,标准级,华东,安徽,办公用品,系固件,Accos,"Accos 图钉,0,37.00
A1002382,2020/6/10,LH-16900,二级,华北,河北,技术,电话,三星,"三星 音频基座,0,37.00
A1002401,2020/6/14,DL-13495,标准级,华东,江西,办公用品,收纳具,Eldon,"Eldon 文件车,0,37.00
A1002402,2020/6/14,EB-13870,标准级,西南,重庆,办公用品,标签,Smead,"Smead 合法证物标签,0,37.00
A1002412,2020/6/17,CK-12760,二级,中南,广西,办公用品,器具,KitchenAid,"KitchenAid 烤面包机,0,37.00
A1002419,2020/6/18,MK-17905,标准级,中南,河南,技术,配件,贝尔金,"贝尔金 路由器,0,37.00
A1002420,2020/6/18,MK-17905,标准级,中南,广东,家具,椅子,Office Star,"Office Star 凳子,0,37.00
A1002445,2020/6/24,LH-17155,二级,中南,河南,家具,书架,Bush,"Bush 墙角架,0,37.00
A1002463,2020/6/28,SH-20395,标准级,东北,辽宁,办公用品,美术,Stanley,"Stanley 记号笔,0,37.00
A1002554,2020/8/2,JM-16195,标准级,中南,河南,技术,配件,贝尔金,"贝尔金 键区,0,37.00
A1002578,2020/8/8,AB-10255,标准级,华北,河北,办公用品,美术,Binney & Smith,"Binney & Smith 荧光笔,0,37.00
A1002592,2020/8/12,AJ-10795,二级,中南,海南,办公用品,美术,Boston,"Boston 记号笔,0,37.00
A1002657,2020/8/22,PO-18850,标准级,华东,山东,办公用品,标签,Harbour Creations,"Harbour Creations 合法证物标签,0,37.00
A1002683,2020/8/28,TZ-21580,二级,东北,吉林,办公用品,装订机,Cardinal,"Cardinal 孔加固材料,0,37.00
A1002737,2020/9/10,RM-19675,标准级,华北,河北,技术,电话,摩托罗拉,"摩托罗拉 耳机,0,37.00
A1002802,2020/9/22,EA-14035,标准级,西南,重庆,技术,复印机,Brother,"Brother 传真机,0,37.00
A1002843,2020/10/2,SE-20110,标准级,西北,青海,办公用品,器具,Cuisinart,"Cuisinart 冰箱,0,37.00
A1002850,2020/10/3,BP-11230,二级,华北,天津,技术,配件,Enermax,"Enermax 记忆卡,0,37.00
A1002894,2020/10/12,JP-16135,标准级,东北,吉林,办公用品,纸张,SanDisk,"SanDisk 备忘录便条,0,37.00
A1002912,2020/10/16,PG-18820,标准级,东北,吉林,技术,复印机,Brother,"Brother 传真复印机,0,37.00
A1002945,2020/10/24,BP-11185,标准级,华东,江苏,办公用品,信封,Kraft,"Kraft 搭扣信封,0,37.00
A1002949,2020/10/24,ME-17320,标准级,华北,山西,家具,书架,宜家,"宜家 书库,0,37.00
A1002954,2020/10/26,CC-12220,一级,华东,江苏,办公用品,标签,Novimex,"Novimex 运输标签,0,37.00
A1002963,2020/10/29,FM-14290,标准级,华东,山东,技术,设备,松下,"松下 收据打印机,0,37.00
A1002999,2020/11/5,JS-16030,标准级,西北,宁夏,办公用品,系固件,Advantus,"Advantus 回形针,0,37.00
A1003000,2020/11/5,ES-14020,标准级,华北,天津,技术,电话,诺基亚,"诺基亚 智能手机,0,37.00
A1003033,2020/11/13,FH-14365,标准级,西南,云南,办公用品,装订机,Cardinal,"Cardinal 订书机,0,37.00
A1003046,2020/11/14,JE-15475,二级,华北,河北,办公用品,装订机,Wilson Jones,"Wilson Jones 标签,0,37.00
A1003047,2020/11/15,SV-20365,一级,华北,北京,技术,配件,罗技,"罗技 记忆卡,0,37.00
A1003057,2020/11/16,SP-20920,标准级,华东,浙江,办公用品,信封,Ames,"Ames 马尼拉纸信封,0,37.00
A1003061,2020/11/18,CB-12415,标准级,中南,湖北,办公用品,装订机,Acco,"Acco 装订机盖,0,37.00
A1003066,2020/11/19,TT-21220,标准级,中南,广东,办公用品,标签,Smead,"Smead 文件夹标签,0,37.00
A1003069,2020/11/19,PJ-18835,标准级,中南,广西,家具,用具,Eldon,"Eldon 分层置放架,0,37.00
A1003077,2020/11/20,AG-10330,标准级,中南,广东,技术,配件,SanDisk,"SanDisk 闪存驱动器,0,37.00
A1003088,2020/11/21,MH-17440,标准级,华北,河北,办公用品,用品,Stiletto,"Stiletto 美工刀,0,37.00
A1003090,2020/11/22,GB-14575,标准级,华东,上海,家具,椅子,Safco,"SAFCO 折叠椅,0,37.00
A1003104,2020/11/25,JS-16030,标准级,西南,四川,家具,桌子,Chromcraft,"Chromcraft 圆桌,0,37.00
A1003164,2020/12/6,CK-12205,标准级,华东,安徽,技术,配件,Enermax,"Enermax 记忆卡,0,37.00
A1003194,2020/12/16,BD-11620,标准级,华北,天津,家具,桌子,Lesro,"Lesro 圆桌,0,37.00
A1003243,2020/12/30,RD-19480,一级,中南,广东,办公用品,标签,Harbour Creations,"Harbour Creations 有色标签,0,37.00
A1003285,2021/1/12,ON-18715,二级,华东,福建,办公用品,纸张,Green Bar,"Green Bar 计划信息表,0,37.00
A1003376,2021/2/11,JC-15775,二级,华北,河北,办公用品,美术,Binney & Smith,"Binney & Smith 速写本,0,37.00
A1003381,2021/2/13,MC-18100,一级,华北,河北,家具,用具,Tenex,"Tenex 框架,0,37.00
A1003400,2021/2/21,PJ-19015,标准级,华东,安徽,技术,电话,三星,"三星 办公室电话机,0,37.00
A1003407,2021/2/24,BC-11125,一级,东北,黑龙江,办公用品,标签,Harbour Creations,"Harbour Creations 可去除的标签,0,37.00
A1003416,2021/2/26,SC-20230,标准级,华北,河北,办公用品,系固件,Accos,"Accos 回形针,0,37.00
A1003427,2021/3/2,JS-15595,二级,东北,黑龙江,家具,用具,Tenex,"Tenex 相框,0,37.00
A1003512,2021/3/28,CC-12685,一级,华东,山东,办公用品,装订机,Cardinal,"Cardinal 打孔机,0,37.00
A1003511,2021/3/28,RP-19390,标准级,中南,河南,家具,桌子,Lesro,"Lesro 培训桌,0,37.00
A1003516,2021/3/30,KM-16720,标准级,华北,山西,办公用品,装订机,Ibico,"Ibico 装订机盖,0,37.00
A1003543,2021/4/7,CC-12220,一级,华东,安徽,办公用品,信封,Cameo,"Cameo 搭扣信封,0,37.00
A1003584,2021/4/23,BP-11155,标准级,中南,湖南,家具,书架,Safco,"Safco 墙角架,0,37.00
A1003606,2021/4/29,NC-18340,标准级,华东,山东,办公用品,信封,Jiffy,"Jiffy 邮寄品,0,37.00
A1003633,2021/5/5,SC-20020,二级,华东,山东,技术,电话,摩托罗拉,"摩托罗拉 信号增强器,0,37.00
A1003670,2021/5/11,BS-11755,当日,东北,辽宁,办公用品,装订机,Wilson Jones,"Wilson Jones 装订机,0,37.00
A1003717,2021/5/18,BS-11380,标准级,东北,吉林,办公用品,装订机,Avery,"Avery 打孔机,0,37.00
A1003726,2021/5/19,KH-16330,二级,中南,广东,技术,设备,柯尼卡,"柯尼卡 电话,0,37.00
A1003747,2021/5/21,JA-15970,标准级,中南,广东,家具,椅子,Novimex,"Novimex 扶手椅,0,37.00
A1003810,2021/6/1,AA-10480,一级,中南,广西,技术,配件,SanDisk,"SanDisk 键区,0,37.00
A1003828,2021/6/4,EK-13795,标准级,华东,浙江,办公用品,信封,Jiffy,"Jiffy 商业信封,0,37.00
A1003844,2021/6/8,DO-13435,一级,东北,辽宁,家具,椅子,Safco,"SAFCO 扶手椅,0,37.00
A1003843,2021/6/8,CS-12505,二级,西南,四川,家具,椅子,Hon,"Hon 凳子,0,37.00
A1003846,2021/6/8,CD-12790,二级,东北,黑龙江,技术,复印机,惠普,"惠普 无线传真机,0,37.00
A1003875,2021/6/12,EB-14110,二级,西南,四川,家具,书架,Sauder,"Sauder 书架,0,37.00
A1003886,2021/6/14,DB-13360,标准级,中南,广西,办公用品,用品,Acme,"Acme 修剪器,0,37.00
A1003903,2021/6/17,PP-18955,标准级,中南,广西,家具,用具,Deflect-O,"Deflect-O 框架,0,37.00
A1004043,2021/7/20,LT-17110,一级,华北,北京,技术,设备,柯尼卡,"柯尼卡 喷墨打印机,0,37.00
A1004052,2021/7/21,GH-14410,当日,华东,山东,办公用品,用品,Fiskars,"Fiskars 大剪刀,0,37.00
A1004113,2021/8/5,BD-11500,二级,中南,湖南,办公用品,器具,Hamilton Beach,"Hamilton Beach 烤面包机,0,37.00
A1004108,2021/8/5,HM-14980,二级,华东,上海,办公用品,器具,KitchenAid,"KitchenAid 咖啡研磨机,0,37.00
A1004124,2021/8/7,ZD-21925,标准级,华北,河北,办公用品,用品,Elite,"Elite 大剪刀,0,37.00
A1004162,2021/8/15,HE-14800,一级,东北,吉林,办公用品,纸张,Green Bar,"Green Bar 信纸,0,37.00
A1004194,2021/8/21,PN-18775,标准级,华北,天津,办公用品,信封,Jiffy,"Jiffy 搭扣信封,0,37.00
A1004203,2021/8/23,PG-18820,当日,中南,湖南,办公用品,美术,BIC,"BIC 速写本,0,37.00
A1004212,2021/8/25,CC-12685,当日,华东,山东,技术,电话,思科,"思科 信号增强器,0,37.00
A1004211,2021/8/25,AS-10225,一级,华东,安徽,办公用品,美术,Binney & Smith,"Binney & Smith 记号笔,0,37.00
A1004232,2021/8/28,DS-13180,标准级,华东,江苏,家具,书架,Sauder,"Sauder 墙角架,0,37.00
A1004245,2021/8/30,LA-16780,二级,中南,湖南,家具,椅子,Office Star,"Office Star 扶手椅,0,37.00
A1004272,2021/9/5,BD-11770,标准级,华东,安徽,技术,电话,摩托罗拉,"摩托罗拉 办公室电话机,0,37.00
A1004303,2021/9/11,ED-13885,标准级,华东,安徽,办公用品,纸张,Enermax,"Enermax 备忘录便条,0,37.00
A1004327,2021/9/15,RP-19855,二级,东北,辽宁,办公用品,信封,Kraft,"Kraft 商业信封,0,37.00
A1004337,2021/9/16,LC-16885,一级,华东,江苏,家具,用具,Deflect-O,"Deflect-O 闹钟,0,37.00
A1004347,2021/9/17,JD-16150,标准级,华东,安徽,家具,书架,Dania,"Dania 墙角架,0,37.00
A1004389,2021/9/26,FA-14230,标准级,东北,黑龙江,办公用品,信封,Cameo,"Cameo 马尼拉纸信封,0,37.00
A1004398,2021/9/28,SB-20185,一级,东北,吉林,技术,设备,StarTech,"StarTech 喷墨打印机,0,37.00
A1004407,2021/9/30,EM-14095,标准级,华东,上海,家具,用具,Advantus,"Advantus 灯泡,0,37.00
A1004427,2021/10/3,BP-11185,标准级,中南,广东,办公用品,用品,Stiletto,"Stiletto 开信刀,0,37.00
A1004434,2021/10/5,JL-15130,标准级,东北,辽宁,技术,电话,思科,"思科 充电器,0,37.00
A1004461,2021/10/9,TN-21040,一级,华北,内蒙古,技术,设备,StarTech,"StarTech 打印机,0,37.00
A1001826,2019/11/30,TC-21475,二级,西北,甘肃,家具,用具,Eldon,"Eldon 灯泡,0,36.00
A1001841,2019/12/4,AB-10255,一级,东北,黑龙江,办公用品,系固件,Stockwell,"Stockwell 橡皮筋,0,36.00
A1001861,2019/12/10,DR-12880,一级,中南,广东,办公用品,标签,Avery,"Avery 运输标签,0,36.00
A1001869,2019/12/12,EJ-13720,标准级,东北,黑龙江,技术,配件,SanDisk,"SanDisk 记忆卡,0,36.00
A1001883,2019/12/16,NW-18400,标准级,华东,安徽,办公用品,装订机,Avery,"Avery 装订机,0,36.00
A1001926,2019/12/28,PF-19120,一级,中南,河南,办公用品,纸张,施乐,"施乐 笔记本,0,36.00
A1001945,2020/1/5,JS-15880,一级,西南,四川,家具,书架,Safco,"Safco 墙角架,0,36.00
A1001946,2020/1/7,AW-10840,标准级,东北,黑龙江,技术,配件,Memorex,"Memorex 路由器,0,36.00
A1001957,2020/1/10,MO-17500,标准级,中南,湖南,家具,用具,Rubbermaid,"Rubvermaid 相框,0,36.00
A1001960,2020/1/11,DN-13690,标准级,中南,广东,办公用品,用品,Acme,"Acme 剪刀,0,36.00
A1001964,2020/1/12,NH-18610,二级,东北,辽宁,技术,配件,Memorex,"Memorex 鼠标,0,36.00
A1001966,2020/1/15,DM-13345,标准级,华东,山东,办公用品,装订机,Ibico,"Ibico 装订机,0,36.00
A1001972,2020/1/19,JM-15250,一级,中南,河南,办公用品,器具,KitchenAid,"KitchenAid 搅拌机,0,36.00
A1001974,2020/1/21,TH-21235,一级,华北,山西,办公用品,用品,Fiskars,"Fiskars 尺子,0,36.00
A1001986,2020/1/25,KM-16660,标准级,华北,内蒙古,家具,椅子,Hon,"Hon 凳子,0,36.00
A1002037,2020/2/25,KW-16435,标准级,东北,黑龙江,办公用品,收纳具,Tenex,"Tenex 文件夹,0,36.00
A1002086,2020/3/15,RS-19765,二级,华北,河北,办公用品,美术,Sanford,"Sanford 画布,0,36.00
A1002085,2020/3/15,CR-12820,标准级,华东,安徽,办公用品,装订机,Wilson Jones,"Wilson Jones 装订机盖,0,36.00
A1002174,2020/4/18,JL-15130,标准级,东北,黑龙江,家具,椅子,Hon,"Hon 摇椅,0,36.00
A1002209,2020/5/1,GZ-14470,标准级,华东,上海,技术,配件,贝尔金,"贝尔金 键区,0,36.00
A1002212,2020/5/2,GH-14665,标准级,华东,山东,办公用品,标签,Hon,"Hon 有色标签,0,36.00
A1002233,2020/5/7,LH-17155,标准级,西北,陕西,办公用品,信封,Cameo,"Cameo 商业信封,0,36.00
A1002249,2020/5/13,XP-21865,一级,西南,四川,家具,椅子,Office Star,"Office Star 凳子,0,36.00
A1002253,2020/5/14,JK-15730,标准级,华东,山东,办公用品,美术,Binney & Smith,"Binney & Smith 记号笔,0,36.00
A1002254,2020/5/14,BF-11170,标准级,华东,山东,办公用品,美术,Sanford,"Sanford 画布,0,36.00
A1002314,2020/5/26,HG-14965,标准级,中南,湖南,办公用品,信封,Ames,"Ames 外皮和封条,0,36.00
A1002349,2020/6/3,SV-20785,标准级,中南,广东,办公用品,装订机,Wilson Jones,"Wilson Jones 标签,0,36.00
A1002369,2020/6/7,WB-21850,标准级,华东,安徽,家具,用具,Tenex,"Tenex 灯泡,0,36.00
A1002375,2020/6/8,EJ-13720,一级,中南,广东,办公用品,用品,Stiletto,"Stiletto 修剪器,0,36.00
A1002412,2020/6/17,CK-12760,二级,中南,广西,办公用品,收纳具,Eldon,"Eldon 盘,0,36.00
A1002477,2020/7/2,KD-16345,标准级,华东,安徽,办公用品,标签,Avery,"Avery 文件夹标签,0,36.00
A1002483,2020/7/3,BD-11605,标准级,华东,江苏,办公用品,装订机,Cardinal,"Cardinal 装订机,0,36.00
A1002486,2020/7/3,IL-15100,标准级,中南,海南,办公用品,器具,Hamilton Beach,"Hamilton Beach 炉灶,0,36.00
A1002513,2020/7/18,SC-20050,当日,西北,陕西,办公用品,器具,Hoover,"Hoover 搅拌机,0,36.00
A1002563,2020/8/5,BK-11260,标准级,中南,广东,办公用品,系固件,Advantus,"Advantus 图钉,0,36.00
A1002593,2020/8/12,AG-10495,当日,中南,湖南,家具,桌子,Bevis,"Bevis 培训桌,0,36.00
A1002611,2020/8/15,AA-10315,标准级,华东,山东,技术,配件,SanDisk,"SanDisk 键盘,0,36.00
A1002634,2020/8/20,BF-11020,二级,东北,吉林,办公用品,装订机,Ibico,"Ibico 孔加固材料,0,36.00
A1002659,2020/8/23,TM-21490,一级,华东,福建,办公用品,纸张,施乐,"施乐 备忘录便条,0,36.00
A1002664,2020/8/24,BV-11245,标准级,中南,广东,家具,书架,Bush,"Bush 书架,0,36.00
A1002714,2020/9/5,EB-13750,二级,东北,辽宁,办公用品,美术,Sanford,"Sanford 荧光笔,0,36.00
A1002812,2020/9/25,JH-15430,标准级,中南,广东,办公用品,信封,Ames,"Ames 搭扣信封,0,36.00
A1002890,2020/10/11,DH-13075,当日,华东,浙江,办公用品,用品,Fiskars,"Fiskars 开信刀,0,36.00
A1002910,2020/10/16,JK-16090,二级,华东,上海,办公用品,用品,Stiletto,"Stiletto 剪刀,0,36.00
A1002927,2020/10/21,CS-12175,标准级,华北,天津,办公用品,装订机,Cardinal,"Cardinal 标签,0,36.00
A1002928,2020/10/21,KB-16405,标准级,东北,黑龙江,办公用品,收纳具,Smead,"Smead 盘,0,36.00
A1002951,2020/10/25,LS-17245,标准级,中南,广东,家具,用具,Eldon,"Eldon 门挡,0,36.00
A1002955,2020/10/28,RD-19720,一级,华东,安徽,办公用品,信封,GlobeWeis,"GlobeWeis 邮寄品,0,36.00
A1002996,2020/11/4,DB-13615,二级,中南,湖南,办公用品,系固件,Stockwell,"Stockwell 夹子,0,36.00
A1003024,2020/11/11,TB-21520,标准级,中南,湖南,家具,用具,Tenex,"Tenex 闹钟,0,36.00
A1003032,2020/11/12,RA-19285,标准级,中南,湖北,家具,桌子,Lesro,"Lesro 圆桌,0,36.00
A1003148,2020/12/4,XP-21865,标准级,华东,山东,技术,配件,贝尔金,"贝尔金 键区,0,36.00
A1003531,2021/4/2,TG-21640,标准级,中南,湖南,家具,用具,Deflect-O,"Deflect-O 分层置放架,0,36.00
A1003567,2021/4/15,HW-14935,二级,东北,辽宁,家具,用具,Rubbermaid,"Rubvermaid 相框,0,36.00
A1003620,2021/5/2,CS-11950,标准级,中南,湖南,办公用品,收纳具,Smead,"Smead 盒,0,36.00
A1003626,2021/5/4,SG-20470,标准级,华东,山东,技术,复印机,佳能,"佳能 个人复印机,0,36.00
A1003639,2021/5/6,MZ-17335,一级,中南,河南,技术,设备,柯尼卡,"柯尼卡 电话,0,36.00
A1003679,2021/5/12,RD-19810,当日,华东,福建,技术,配件,贝尔金,"贝尔金 记忆卡,0,36.00
A1003672,2021/5/12,KH-16360,标准级,中南,广东,技术,配件,SanDisk,"SanDisk 键区,0,36.00
A1003752,2021/5/22,MK-18160,二级,东北,辽宁,技术,复印机,Hewlett,"Hewlett 复印机,0,36.00
A1003808,2021/6/1,EH-14185,标准级,华北,河北,技术,电话,苹果,"苹果 信号增强器,0,36.00
A1003820,2021/6/3,TW-21025,一级,华东,福建,办公用品,收纳具,Fellowes,"Fellowes 锁柜,0,36.00
A1003831,2021/6/4,CP-12340,一级,华东,福建,家具,书架,Safco,"Safco 柜,0,36.00
A1003839,2021/6/5,CK-12595,一级,华东,江西,办公用品,装订机,Acco,"Acco 装订机,0,36.00
A1003859,2021/6/10,CW-11905,标准级,西南,重庆,技术,复印机,Brother,"Brother 传真机,0,36.00
A1003875,2021/6/12,MB-18085,二级,西南,四川,办公用品,收纳具,Fellowes,"Fellowes 文件夹,0,36.00
A1003882,2021/6/13,KA-16525,标准级,华东,山东,技术,配件,Memorex,"Memorex 记忆卡,0,36.00
A1003891,2021/6/15,DC-12850,标准级,中南,河南,技术,设备,柯尼卡,"柯尼卡 电话,0,36.00
A1003905,2021/6/17,RB-19570,二级,华东,安徽,家具,用具,Advantus,"Advantus 门挡,0,36.00
A1003933,2021/6/21,SP-20860,一级,西南,四川,技术,配件,SanDisk,"SanDisk 记忆卡,0,36.00
A1003938,2021/6/22,SP-20860,一级,华北,河北,办公用品,收纳具,Rogers,"Rogers 盘,0,36.00
A1003934,2021/6/22,SF-20065,一级,华东,山东,技术,设备,冲电器,"冲电器 卡片打印机,0,36.00
A1003934,2021/6/22,SF-20065,一级,华东,山东,技术,配件,罗技,"罗技 键盘,0,36.00
A1003958,2021/6/26,JC-15775,标准级,东北,吉林,办公用品,器具,KitchenAid,"KitchenAid 咖啡研磨机,0,36.00
A1003987,2021/7/1,JM-15250,二级,中南,广西,办公用品,美术,Sanford,"Sanford 荧光笔,0,36.00
A1003992,2021/7/3,JL-15130,标准级,中南,河南,办公用品,系固件,Advantus,"Advantus 橡皮筋,0,36.00
A1004063,2021/7/26,SA-20830,二级,东北,黑龙江,办公用品,收纳具,Tenex,"Tenex 盘,0,36.00
A1004078,2021/7/31,PT-19090,二级,华北,河北,办公用品,纸张,SanDisk,"SanDisk 笔记本,0,36.00
A1004095,2021/8/3,DK-12895,一级,中南,广东,办公用品,标签,Smead,"Smead 有色标签,0,36.00
A1004095,2021/8/3,DK-12895,一级,中南,广东,办公用品,装订机,Cardinal,"Cardinal 孔加固材料,0,36.00
A1004102,2021/8/4,SZ-20035,标准级,西南,云南,办公用品,收纳具,Rogers,"Rogers 搁板,0,36.00
A1004117,2021/8/5,OT-18730,当日,中南,湖南,技术,配件,贝尔金,"贝尔金 记忆卡,0,36.00
A1004111,2021/8/5,ND-18370,标准级,华东,江西,办公用品,用品,Kleencut,"Kleencut 剪刀,0,36.00
A1004227,2021/8/27,SP-20920,标准级,中南,广东,办公用品,收纳具,Fellowes,"Fellowes 锁柜,0,36.00
A1004236,2021/8/28,GB-14530,二级,东北,黑龙江,技术,复印机,Hewlett,"Hewlett 传真复印机,0,36.00
A1004259,2021/9/1,SO-20335,标准级,中南,河南,办公用品,信封,Kraft,"Kraft 局间信封,0,36.00
A1004279,2021/9/8,OT-18730,标准级,华北,河北,办公用品,装订机,Cardinal,"Cardinal 孔加固材料,0,36.00
A1004304,2021/9/11,PW-19030,标准级,华北,北京,办公用品,装订机,Avery,"Avery 打孔机,0,36.00
A1004342,2021/9/17,BB-11545,一级,华东,浙江,家具,书架,宜家,"宜家 书架,0,36.00
A1004435,2021/10/5,NC-18535,标准级,东北,黑龙江,办公用品,美术,Binney & Smith,"Binney & Smith 画布,0,36.00
A1004461,2021/10/9,HM-14860,一级,华北,内蒙古,家具,桌子,Barricks,"Barricks 培训桌,0,36.00
A1001807,2019/11/25,VF-21715,一级,华东,安徽,家具,桌子,Lesro,"Lesro 培训桌,0,35.00
A1001819,2019/11/27,BT-11680,标准级,东北,黑龙江,家具,书架,Bush,"Bush 古典书架,0,35.00
A1001846,2019/12/5,JL-15235,标准级,华北,河北,办公用品,用品,Acme,"Acme 修剪器,0,35.00
A1001875,2019/12/12,EH-14125,二级,东北,黑龙江,技术,复印机,Brother,"Brother 传真机,0,35.00
A1001870,2019/12/12,BT-11395,标准级,华东,山东,办公用品,系固件,OIC,"OIC 橡皮筋,0,35.00
A1001890,2019/12/18,RW-19540,二级,华东,安徽,办公用品,系固件,Accos,"Accos 橡皮筋,0,35.00
A1001913,2019/12/26,JF-15355,标准级,华东,山东,办公用品,纸张,Enermax,"Enermax 计划信息表,0,35.00
A1001915,2019/12/26,DM-13015,标准级,华北,河北,技术,配件,罗技,"罗技 闪存驱动器,0,35.00
A1001942,2020/1/1,SC-20305,标准级,华东,山东,办公用品,信封,Kraft,"Kraft 马尼拉纸信封,0,35.00
A1001979,2020/1/24,DK-12895,标准级,中南,广东,技术,配件,Enermax,"Enermax 闪存驱动器,0,35.00
A1002002,2020/2/5,SF-20965,二级,中南,河南,办公用品,收纳具,Rogers,"Rogers 盒,0,35.00
A1002002,2020/2/5,SF-20965,二级,中南,河南,技术,复印机,惠普,"惠普 传真机,0,35.00
A1002059,2020/3/4,TT-21070,标准级,华北,河北,办公用品,信封,Ames,"Ames 商业信封,0,35.00
A1002069,2020/3/7,RB-19330,标准级,东北,黑龙江,办公用品,标签,Harbour Creations,"Harbour Creations 运输标签,0,35.00
A1002075,2020/3/9,AH-10465,二级,华东,江西,家具,书架,Sauder,"Sauder 书架,0,35.00
A1002090,2020/3/18,RF-19735,标准级,西北,陕西,办公用品,纸张,Enermax,"Enermax 备忘录便条,0,35.00
A1002158,2020/4/12,PO-18850,二级,华东,山东,技术,配件,贝尔金,"贝尔金 记忆卡,0,35.00
A1002215,2020/5/2,TB-21280,二级,华北,天津,技术,电话,诺基亚,"诺基亚 耳机,0,35.00
A1002221,2020/5/3,TB-21355,标准级,华东,福建,办公用品,系固件,Stockwell,"Stockwell 回形针,0,35.00
A1002257,2020/5/14,FM-14215,标准级,西南,四川,办公用品,装订机,Wilson Jones,"Wilson Jones 标签,0,35.00
A1002277,2020/5/20,RL-19615,二级,华东,山东,家具,书架,Bush,"Bush 书架,0,35.00
A1002301,2020/5/24,MC-18130,二级,华东,江西,办公用品,纸张,Green Bar,"Green Bar 笔记本,0,35.00
A1002517,2020/7/19,LR-17035,标准级,中南,河南,办公用品,收纳具,Fellowes,"Fellowes 搁板,0,35.00
A1002521,2020/7/22,SS-20410,标准级,中南,湖南,办公用品,美术,Binney & Smith,"Binney & Smith 速写本,0,35.00
A1002533,2020/7/26,AI-10855,二级,西北,甘肃,办公用品,标签,Hon,"Hon 圆形标签,0,35.00
A1002572,2020/8/7,GM-14500,一级,华东,山东,家具,书架,Sauder,"Sauder 古典书架,0,35.00
A1002588,2020/8/9,SH-19975,标准级,华东,上海,家具,椅子,Hon,"Hon 沙滩椅,0,35.00
A1002594,2020/8/12,SC-20020,一级,华东,山东,技术,复印机,夏普,"夏普 墨水,0,35.00
A1002616,2020/8/16,AZ-10750,一级,华北,河北,办公用品,纸张,SanDisk,"SanDisk 羊皮纸,0,35.00
A1002630,2020/8/19,DN-13690,标准级,华北,河北,办公用品,用品,Stiletto,"Stiletto 美工刀,0,35.00
A1002638,2020/8/21,JO-15145,标准级,华北,河北,办公用品,信封,Cameo,"Cameo 局间信封,0,35.00
A1002657,2020/8/22,BC-11125,标准级,华东,山东,办公用品,标签,Avery,"Avery 圆形标签,0,35.00
A1002652,2020/8/22,AD-10180,二级,华北,天津,办公用品,纸张,施乐,"施乐 计划信息表,0,35.00
A1002699,2020/9/2,YC-21895,二级,西北,新疆,办公用品,装订机,Cardinal,"Cardinal 装订机盖,0,35.00
A1002704,2020/9/3,JM-15580,标准级,华北,天津,技术,配件,贝尔金,"贝尔金 键区,0,35.00
A1002710,2020/9/4,CC-12220,一级,东北,吉林,家具,椅子,Office Star,"Office Star 折叠椅,0,35.00
A1002720,2020/9/5,BM-11650,一级,中南,河南,技术,电话,思科,"思科 智能手机,0,35.00
A1002752,2020/9/13,BS-11755,一级,华东,山东,办公用品,用品,Elite,"Elite 剪刀,0,35.00
A1002757,2020/9/13,KF-16285,标准级,中南,湖北,家具,椅子,Safco,"SAFCO 扶手椅,0,35.00
A1002768,2020/9/17,BF-11020,一级,东北,辽宁,办公用品,装订机,Acco,"Acco 打孔机,0,35.00
A1002767,2020/9/17,DH-13675,二级,西北,甘肃,家具,书架,Bush,"Bush 书库,0,35.00
A1002767,2020/9/17,DH-13675,二级,西北,甘肃,家具,书架,Dania,"Dania 书库,0,35.00
A1002794,2020/9/20,JM-16195,二级,华东,山东,办公用品,收纳具,Fellowes,"Fellowes 文件夹,0,35.00
A1002804,2020/9/23,EA-14035,标准级,华东,山东,办公用品,收纳具,Rogers,"Rogers 盘,0,35.00
A1002905,2020/10/15,BP-11290,一级,华北,北京,办公用品,信封,Kraft,"Kraft 搭扣信封,0,35.00
A1002915,2020/10/17,LD-17005,一级,华东,山东,办公用品,用品,Fiskars,"Fiskars 修剪器,0,35.00
A1002929,2020/10/21,LS-17245,标准级,华东,浙江,技术,配件,罗技,"罗技 路由器,0,35.00
A1002942,2020/10/23,AH-10690,标准级,西南,云南,办公用品,器具,Hoover,"Hoover 冰箱,0,35.00
A1002942,2020/10/23,CM-12235,标准级,西南,云南,技术,配件,Memorex,"Memorex 键盘,0,35.00
A1002952,2020/10/25,JW-15220,当日,西北,陕西,办公用品,纸张,Enermax,"Enermax 羊皮纸,0,35.00
A1002979,2020/10/31,SD-20485,标准级,西南,四川,家具,椅子,Harbour Creations,"Harbour Creations 摇椅,0,35.00
A1002995,2020/11/4,RB-19465,标准级,西南,重庆,办公用品,用品,Fiskars,"Fiskars 开信刀,0,35.00
A1003483,2021/3/20,EB-13750,标准级,东北,辽宁,办公用品,装订机,Ibico,"Ibico 标签,0,35.00
A1003560,2021/4/13,LC-16930,标准级,中南,广西,技术,设备,爱普生,"爱普生 卡片打印机,0,35.00
A1003574,2021/4/18,RD-19720,标准级,东北,辽宁,技术,配件,SanDisk,"SanDisk 闪存驱动器,0,35.00
A1003633,2021/5/5,DV-13045,二级,华东,山东,办公用品,美术,Sanford,"Sanford 铅笔刀,0,35.00
A1003694,2021/5/14,PM-19135,标准级,中南,河南,办公用品,美术,Sanford,"Sanford 铅笔刀,0,35.00
A1003695,2021/5/14,AA-10645,标准级,华北,河北,办公用品,收纳具,Rogers,"Rogers 文件夹,0,35.00
A1003730,2021/5/19,JR-16210,标准级,西北,陕西,家具,桌子,Barricks,"Barricks 培训桌,0,35.00
A1003737,2021/5/20,YS-21880,标准级,东北,辽宁,办公用品,系固件,OIC,"OIC 橡皮筋,0,35.00
A1003746,2021/5/21,KH-16690,二级,华东,江西,办公用品,美术,Sanford,"Sanford 荧光笔,0,35.00
A1003750,2021/5/21,GK-14620,标准级,华东,江苏,技术,电话,三星,"三星 智能手机,0,35.00
A1003768,2021/5/25,NM-18445,二级,华东,福建,技术,电话,摩托罗拉,"摩托罗拉 信号增强器,0,35.00
A1003795,2021/5/29,SD-20485,二级,华东,山东,家具,用具,Rubbermaid,"Rubvermaid 框架,0,35.00
A1003840,2021/6/5,SP-20620,标准级,东北,黑龙江,办公用品,收纳具,Smead,"Smead 盒,0,35.00
A1003851,2021/6/8,LW-17215,二级,西北,陕西,办公用品,标签,Novimex,"Novimex 有色标签,0,35.00
A1003869,2021/6/11,PW-19030,标准级,西南,四川,办公用品,纸张,施乐,"施乐 令,0,35.00
A1003870,2021/6/12,BW-11110,二级,西北,甘肃,家具,桌子,Chromcraft,"Chromcraft 会议桌,0,35.00
A1003880,2021/6/13,DW-13540,二级,华东,上海,技术,设备,StarTech,"StarTech 计算器,0,35.00
A1003877,2021/6/13,AS-10090,标准级,东北,黑龙江,办公用品,系固件,Advantus,"Advantus 夹子,0,35.00
A1003918,2021/6/19,KH-16330,标准级,华北,天津,办公用品,信封,Jiffy,"Jiffy 搭扣信封,0,35.00
A1003953,2021/6/25,BF-11020,标准级,华东,山东,家具,书架,宜家,"宜家 书库,0,35.00
A1003976,2021/6/29,CB-12025,标准级,东北,黑龙江,家具,椅子,Hon,"Hon 摇椅,0,35.00
A1004012,2021/7/10,TT-21220,标准级,东北,辽宁,家具,书架,Dania,"Dania 书库,0,35.00
A1004014,2021/7/10,EB-13930,标准级,中南,广西,家具,用具,Tenex,"Tenex 门挡,0,35.00
A1004023,2021/7/14,RD-19585,一级,中南,广西,技术,电话,摩托罗拉,"摩托罗拉 充电器,0,35.00
A1004051,2021/7/21,SS-20410,一级,西南,重庆,技术,复印机,夏普,"夏普 墨水,0,35.00
A1004119,2021/8/6,PS-18760,一级,中南,湖北,家具,椅子,Office Star,"Office Star 沙滩椅,0,35.00
A1004121,2021/8/6,TC-20980,标准级,中南,河南,办公用品,信封,Kraft,"Kraft 外皮和封条,0,35.00
A1004140,2021/8/10,PW-19030,标准级,中南,河南,办公用品,用品,Elite,"Elite 剪刀,0,35.00
A1004240,2021/8/28,DS-13180,标准级,华东,上海,家具,椅子,Safco,"SAFCO 折叠椅,0,35.00
A1004260,2021/9/1,FC-14335,二级,华东,山东,办公用品,纸张,Eaton,"Eaton 信纸,0,35.00
A1004262,2021/9/3,PM-19135,一级,华北,河北,办公用品,信封,Cameo,"Cameo 商业信封,0,35.00
A1004267,2021/9/4,SE-20110,标准级,华东,安徽,技术,复印机,Brother,"Brother 个人复印机,0,35.00
A1004269,2021/9/4,BD-11770,二级,华北,天津,办公用品,美术,Sanford,"Sanford 记号笔,0,35.00
A1004276,2021/9/7,EM-14095,二级,华东,山东,办公用品,用品,Kleencut,"Kleencut 修剪器,0,35.00
A1004278,2021/9/8,NS-18640,标准级,华北,天津,技术,设备,爱普生,"爱普生 电话,0,35.00
A1004294,2021/9/10,AI-10855,标准级,华北,河北,办公用品,系固件,Stockwell,"Stockwell 橡皮筋,0,35.00
A1004406,2021/9/30,CR-12625,标准级,华东,江苏,办公用品,美术,Binney & Smith,"Binney & Smith 速写本,0,35.00
A1004455,2021/10/8,RL-19615,当日,中南,广东,技术,配件,Memorex,"Memorex 路由器,0,35.00
A1001829,2019/11/30,FA-14230,一级,中南,广东,办公用品,收纳具,Smead,"Smead 锁柜,0,34.00
A1001868,2019/12/11,JK-15370,标准级,中南,广东,家具,椅子,Hon,"Hon 折叠椅,0,34.00
A1001898,2019/12/21,SZ-20035,标准级,西南,重庆,技术,电话,三星,"三星 信号增强器,0,34.00
A1002050,2020/2/28,DL-13495,二级,东北,辽宁,家具,椅子,Safco,"SAFCO 沙滩椅,0,34.00
A1002066,2020/3/6,EH-14125,当日,东北,黑龙江,家具,书架,宜家,"宜家 柜,0,34.00
A1002068,2020/3/7,RB-19330,标准级,中南,广西,办公用品,纸张,Enermax,"Enermax 令,0,34.00
A1002111,2020/3/23,VG-21805,二级,华东,江苏,办公用品,信封,GlobeWeis,"GlobeWeis 搭扣信封,0,34.00
A1002112,2020/3/25,MD-17860,标准级,东北,黑龙江,办公用品,信封,Cameo,"Cameo 外皮和封条,0,34.00
A1002130,2020/4/2,EP-13915,标准级,华北,河北,技术,配件,SanDisk,"SanDisk 记忆卡,0,34.00
A1002138,2020/4/8,AB-10105,标准级,华东,安徽,办公用品,标签,Harbour Creations,"Harbour Creations 合法证物标签,0,34.00
A1002141,2020/4/8,ON-18715,标准级,中南,湖南,家具,用具,Deflect-O,"Deflect-O 闹钟,0,34.00
A1002163,2020/4/12,DC-13285,当日,中南,广西,办公用品,信封,Cameo,"Cameo 邮寄品,0,34.00
A1002183,2020/4/20,MD-17860,标准级,中南,广东,技术,电话,思科,"思科 办公室电话机,0,34.00
A1002198,2020/4/30,RA-19915,二级,华北,天津,技术,电话,诺基亚,"诺基亚 信号增强器,0,34.00
A1002223,2020/5/3,CL-12565,标准级,东北,吉林,技术,配件,罗技,"罗技 闪存驱动器,0,34.00
A1002224,2020/5/5,LT-17110,标准级,东北,辽宁,办公用品,器具,Hoover,"Hoover 搅拌机,0,34.00
A1002234,2020/5/7,SR-20740,标准级,西北,陕西,办公用品,收纳具,Rogers,"Rogers 文件车,0,34.00
A1002267,2020/5/16,LC-16930,标准级,西南,云南,技术,设备,柯尼卡,"柯尼卡 喷墨打印机,0,34.00
A1002297,2020/5/23,NM-18445,当日,东北,黑龙江,家具,椅子,Harbour Creations,"Harbour Creations 椅垫,0,34.00
A1002308,2020/5/24,MG-17650,标准级,东北,黑龙江,办公用品,装订机,Ibico,"Ibico 打孔机,0,34.00
A1002352,2020/6/4,JF-15295,标准级,西南,重庆,技术,复印机,佳能,"佳能 个人复印机,0,34.00
A1002376,2020/6/8,CM-12655,标准级,中南,河南,家具,用具,Rubbermaid,"Rubvermaid 分层置放架,0,34.00
A1002423,2020/6/19,NG-18430,一级,华东,浙江,办公用品,装订机,Ibico,"Ibico 标签,0,34.00
A1002445,2020/6/24,MC-17275,二级,中南,河南,办公用品,信封,Jiffy,"Jiffy 局间信封,0,34.00
A1002452,2020/6/25,SL-20155,二级,华北,北京,办公用品,标签,Harbour Creations,"Harbour Creations 文件夹标签,0,34.00
A1002490,2020/7/8,MS-17980,标准级,华东,江苏,办公用品,标签,Novimex,"Novimex 运输标签,0,34.00
A1002518,2020/7/22,JE-15475,标准级,东北,黑龙江,办公用品,装订机,Cardinal,"Cardinal 打孔机,0,34.00
A1002538,2020/7/27,KB-16240,标准级,华东,江苏,办公用品,系固件,Stockwell,"Stockwell 回形针,0,34.00
A1002556,2020/8/2,MA-17560,标准级,华东,山东,办公用品,装订机,Avery,"Avery 装订机,0,34.00
A1002568,2020/8/6,EH-13765,标准级,华东,江西,办公用品,器具,Hoover,"Hoover 咖啡研磨机,0,34.00
A1002578,2020/8/8,SW-20455,标准级,华北,河北,技术,配件,贝尔金,"贝尔金 键盘,0,34.00
A1002643,2020/8/21,CB-12025,标准级,华北,山西,办公用品,纸张,Eaton,"Eaton 羊皮纸,0,34.00
A1002682,2020/8/28,TM-21010,当日,华东,山东,家具,椅子,Office Star,"Office Star 摇椅,0,34.00
A1002703,2020/9/3,RP-19855,标准级,华东,山东,办公用品,纸张,SanDisk,"SanDisk 信纸,0,34.00
A1002703,2020/9/3,RP-19855,标准级,华东,山东,家具,椅子,Novimex,"Novimex 凳子,0,34.00
A1002719,2020/9/5,TZ-21580,标准级,华东,安徽,技术,电话,三星,"三星 音频基座,0,34.00
A1002728,2020/9/9,AM-10360,一级,中南,广东,技术,电话,思科,"思科 耳机,0,34.00
A1002743,2020/9/11,EH-14185,一级,东北,吉林,技术,复印机,夏普,"夏普 个人复印机,0,34.00
A1002796,2020/9/20,DB-12970,标准级,华东,上海,办公用品,系固件,Accos,"Accos 橡皮筋,0,34.00
A1002831,2020/9/30,NF-18385,一级,华北,河北,家具,书架,Bush,"Bush 墙角架,0,34.00
A1002856,2020/10/4,KM-16225,标准级,中南,广东,技术,复印机,佳能,"佳能 无线传真机,0,34.00
A1002908,2020/10/15,LM-17065,二级,东北,辽宁,办公用品,装订机,Ibico,"Ibico 订书机,0,34.00
A1002931,2020/10/22,MM-17920,二级,中南,湖北,办公用品,信封,Ames,"Ames 搭扣信封,0,34.00
A1002939,2020/10/23,PO-19180,二级,东北,黑龙江,办公用品,器具,Cuisinart,"Cuisinart 咖啡研磨机,0,34.00
A1002948,2020/10/24,FM-14290,标准级,东北,吉林,办公用品,标签,Hon,"Hon 合法证物标签,0,34.00
A1002989,2020/11/2,LR-17035,二级,华东,浙江,技术,配件,Enermax,"Enermax 记忆卡,0,34.00
A1002992,2020/11/4,CC-12145,一级,华北,天津,办公用品,标签,Novimex,"Novimex 运输标签,0,34.00
A1002997,2020/11/4,RB-19465,一级,华东,山东,技术,复印机,惠普,"惠普 墨水,0,34.00
A1002995,2020/11/4,MV-18190,标准级,西南,重庆,办公用品,装订机,Avery,"Avery 装订机,0,34.00
A1002999,2020/11/5,JS-16030,标准级,西北,宁夏,办公用品,器具,Breville,"Breville 炉灶,0,34.00
A1003022,2020/11/11,AA-10645,二级,华北,北京,办公用品,纸张,施乐,"施乐 羊皮纸,0,34.00
A1003032,2020/11/12,EH-14125,标准级,中南,湖北,办公用品,装订机,Ibico,"Ibico 打孔机,0,34.00
A1003299,2021/1/17,JE-15715,标准级,东北,辽宁,家具,椅子,Harbour Creations,"Harbour Creations 凳子,0,34.00
A1003313,2021/1/22,DB-13405,标准级,华北,河北,办公用品,美术,Boston,"Boston 荧光笔,0,34.00
A1003328,2021/1/29,LS-17200,当日,华北,山西,办公用品,器具,Breville,"Breville 烤面包机,0,34.00
A1003345,2021/2/4,VM-21835,一级,华东,山东,技术,电话,诺基亚,"诺基亚 音频基座,0,34.00
A1003479,2021/3/19,AP-10915,标准级,东北,吉林,办公用品,标签,Harbour Creations,"Harbour Creations 合法证物标签,0,34.00
A1003527,2021/4/1,JM-16195,二级,中南,湖南,办公用品,用品,Stiletto,"Stiletto 尺子,0,34.00
A1003539,2021/4/5,BP-11095,标准级,西南,重庆,办公用品,美术,Stanley,"Stanley 荧光笔,0,34.00
A1003610,2021/4/30,LH-17155,标准级,华东,山东,办公用品,装订机,Ibico,"Ibico 标签,0,34.00
A1003644,2021/5/7,JF-15190,二级,华东,安徽,办公用品,用品,Fiskars,"Fiskars 美工刀,0,34.00
A1003647,2021/5/7,AG-10270,二级,西南,云南,办公用品,信封,Kraft,"Kraft 搭扣信封,0,34.00
A1003761,2021/5/23,RF-19345,二级,中南,河南,办公用品,装订机,Cardinal,"Cardinal 装订机盖,0,34.00
A1003764,2021/5/25,RB-19435,二级,华北,河北,办公用品,器具,KitchenAid,"KitchenAid 炉灶,0,34.00
A1003767,2021/5/25,EM-14095,二级,华北,内蒙古,办公用品,纸张,Enermax,"Enermax 笔记本,0,34.00
A1003783,2021/5/27,CK-12205,标准级,东北,辽宁,办公用品,器具,Cuisinart,"Cuisinart 冰箱,0,34.00
A1003843,2021/6/8,CS-12505,二级,西南,四川,办公用品,美术,BIC,"BIC 铅笔刀,0,34.00
A1003875,2021/6/12,EB-14110,二级,西南,四川,技术,电话,苹果,"苹果 信号增强器,0,34.00
A1003897,2021/6/15,LC-16870,标准级,中南,河南,办公用品,美术,Sanford,"Sanford 钢笔,0,34.00
A1003921,2021/6/19,SC-20380,二级,中南,湖南,技术,设备,爱普生,"爱普生 计算器,0,34.00
A1003933,2021/6/21,SP-20860,一级,西南,四川,办公用品,标签,Avery,"Avery 运输标签,0,34.00
A1003932,2021/6/21,SP-20860,标准级,华东,江苏,家具,书架,Sauder,"Sauder 书架,0,34.00
A1004037,2021/7/17,RB-19360,标准级,东北,吉林,技术,电话,思科,"思科 智能手机,0,34.00
A1004039,2021/7/18,KB-16240,标准级,东北,吉林,技术,复印机,Hewlett,"Hewlett 个人复印机,0,34.00
A1004056,2021/7/22,LR-16915,标准级,中南,河南,办公用品,装订机,Cardinal,"Cardinal 孔加固材料,0,34.00
A1004078,2021/7/31,PT-19090,二级,华北,河北,办公用品,收纳具,Tenex,"Tenex 锁柜,0,34.00
A1004178,2021/8/18,SC-20260,二级,中南,湖北,家具,用具,Deflect-O,"Deflect-O 框架,0,34.00
A1004191,2021/8/20,TH-21235,标准级,东北,黑龙江,技术,复印机,Brother,"Brother 无线传真机,0,34.00
A1004227,2021/8/27,SP-20920,标准级,中南,广东,办公用品,系固件,Accos,"Accos 按钉,0,34.00
A1004312,2021/9/14,EJ-14155,一级,华北,山西,办公用品,装订机,Avery,"Avery 标签,0,34.00
A1004334,2021/9/16,JD-16015,二级,华北,山西,技术,配件,贝尔金,"贝尔金 键盘,0,34.00
A1004426,2021/10/2,AH-10690,标准级,中南,广东,办公用品,用品,Kleencut,"Kleencut 剪刀,0,34.00
A1004424,2021/10/2,DF-13135,标准级,华东,安徽,办公用品,用品,Acme,"Acme 剪刀,0,34.00
A1004441,2021/10/6,RO-19780,标准级,华北,河北,家具,用具,Advantus,"Advantus 灯泡,0,34.00
A1004454,2021/10/8,LC-16870,标准级,中南,河南,技术,配件,SanDisk,"SanDisk 键区,0,34.00
A1001809,2019/11/26,TB-21250,标准级,华东,浙江,家具,用具,Eldon,"Eldon 相框,0,33.00
A1001822,2019/11/28,DO-13435,二级,东北,黑龙江,技术,电话,三星,"三星 信号增强器,0,33.00
A1001828,2019/11/30,AD-10180,标准级,华东,山东,技术,配件,SanDisk,"SanDisk 键盘,0,33.00
A1001852,2019/12/7,DR-12880,标准级,西南,云南,家具,椅子,Office Star,"Office Star 沙滩椅,0,33.00
A1001875,2019/12/12,TC-21535,二级,东北,黑龙江,技术,配件,Enermax,"Enermax 鼠标,0,33.00
A1001882,2019/12/16,AH-10690,当日,华北,天津,办公用品,美术,Binney & Smith,"Binney & Smith 荧光笔,0,33.00
A1001883,2019/12/16,NW-18400,标准级,华东,安徽,家具,用具,Tenex,"Tenex 分层置放架,0,33.00
A1001910,2019/12/25,LC-16885,二级,西南,四川,技术,电话,三星,"三星 耳机,0,33.00
A1001927,2019/12/29,DS-13180,标准级,华东,浙江,技术,复印机,夏普,"夏普 传真机,0,33.00
A1001942,2020/1/1,SC-20305,标准级,华东,山东,家具,椅子,Harbour Creations,"Harbour Creations 沙滩椅,0,33.00
A1001982,2020/1/24,DK-12895,标准级,西南,四川,技术,复印机,Hewlett,"Hewlett 墨水,0,33.00
A1002007,2020/2/7,AJ-10795,二级,西北,青海,家具,书架,Sauder,"Sauder 书库,0,33.00
A1002030,2020/2/19,MC-17635,标准级,中南,河南,办公用品,纸张,SanDisk,"SanDisk 笔记本,0,33.00
A1002059,2020/3/4,PV-18985,标准级,华北,河北,办公用品,美术,Boston,"Boston 记号笔,0,33.00
A1002180,2020/4/18,ND-18370,一级,东北,辽宁,技术,复印机,Hewlett,"Hewlett 个人复印机,0,33.00
A1002192,2020/4/26,LH-16900,标准级,西南,重庆,办公用品,系固件,Advantus,"Advantus 回形针,0,33.00
A1002237,2020/5/8,SE-20110,标准级,中南,河南,办公用品,美术,Sanford,"Sanford 速写本,0,33.00
A1002258,2020/5/14,JK-15730,标准级,西北,甘肃,办公用品,用品,Elite,"Elite 尺子,0,33.00
A1002280,2020/5/21,RL-19615,二级,中南,广东,办公用品,用品,Acme,"Acme 美工刀,0,33.00
A1002303,2020/5/24,MG-17890,标准级,华北,内蒙古,办公用品,系固件,OIC,"OIC 图钉,0,33.00
A1002359,2020/6/5,GB-14530,标准级,华北,天津,技术,复印机,佳能,"佳能 传真复印机,0,33.00
A1002406,2020/6/15,CS-11860,标准级,华东,山东,办公用品,收纳具,Fellowes,"Fellowes 文件车,0,33.00
A1002419,2020/6/18,MM-18055,标准级,中南,河南,办公用品,用品,Acme,"Acme 尺子,0,33.00
A1002441,2020/6/22,CC-12475,二级,华北,山西,技术,电话,摩托罗拉,"摩托罗拉 耳机,0,33.00
A1002456,2020/6/25,KL-16645,一级,中南,湖南,办公用品,收纳具,Rogers,"Rogers 文件夹,0,33.00
A1002453,2020/6/25,TB-21175,标准级,华东,江西,技术,电话,摩托罗拉,"摩托罗拉 耳机,0,33.00
A1002508,2020/7/17,HG-14965,二级,东北,辽宁,技术,电话,思科,"思科 信号增强器,0,33.00
A1002510,2020/7/17,KS-16300,标准级,西南,云南,家具,用具,Rubbermaid,"Rubvermaid 门挡,0,33.00
A1002527,2020/7/24,SC-20260,标准级,中南,湖北,办公用品,美术,BIC,"BIC 铅笔刀,0,33.00
A1002600,2020/8/13,AG-10675,标准级,东北,吉林,办公用品,器具,Breville,"Breville 搅拌机,0,33.00
A1002606,2020/8/14,XP-21865,二级,中南,广东,技术,配件,Enermax,"Enermax 记忆卡,0,33.00
A1002618,2020/8/16,TM-21010,一级,中南,湖北,办公用品,用品,Stiletto,"Stiletto 剪刀,0,33.00
A1002622,2020/8/16,JB-16000,标准级,中南,广东,办公用品,装订机,Wilson Jones,"Wilson Jones 装订机盖,0,33.00
A1002638,2020/8/21,JO-15145,标准级,华北,河北,办公用品,收纳具,Smead,"Smead 盒,0,33.00
A1002671,2020/8/27,Dp-13240,标准级,西南,重庆,技术,电话,苹果,"苹果 信号增强器,0,33.00
A1002681,2020/8/28,Dp-13240,当日,中南,湖北,家具,书架,Safco,"Safco 古典书架,0,33.00
A1002705,2020/9/3,AG-10495,标准级,东北,黑龙江,办公用品,收纳具,Fellowes,"Fellowes 文件夹,0,33.00
A1002710,2020/9/4,CV-12805,一级,东北,吉林,技术,复印机,Brother,"Brother 个人复印机,0,33.00
A1002732,2020/9/10,FC-14245,标准级,中南,湖北,技术,电话,三星,"三星 智能手机,0,33.00
A1002780,2020/9/19,JK-16090,标准级,华北,天津,办公用品,美术,Binney & Smith,"Binney & Smith 画布,0,33.00
A1002797,2020/9/20,LE-16810,一级,华北,北京,办公用品,装订机,Wilson Jones,"Wilson Jones 装订机盖,0,33.00
A1002802,2020/9/22,SU-20665,标准级,西南,重庆,办公用品,装订机,Ibico,"Ibico 订书机,0,33.00
A1002818,2020/9/26,TB-21355,当日,华东,江苏,技术,电话,摩托罗拉,"摩托罗拉 耳机,0,33.00
A1002873,2020/10/8,HR-14770,标准级,华北,天津,家具,椅子,Novimex,"Novimex 沙滩椅,0,33.00
A1002881,2020/10/9,JP-15520,标准级,华东,山东,办公用品,用品,Kleencut,"Kleencut 剪刀,0,33.00
A1002883,2020/10/10,MV-17485,一级,华东,江苏,办公用品,用品,Acme,"Acme 开信刀,0,33.00
A1002892,2020/10/11,DH-13075,二级,西北,甘肃,办公用品,装订机,Cardinal,"Cardinal 孔加固材料,0,33.00
A1002939,2020/10/23,PO-19180,二级,东北,黑龙江,办公用品,收纳具,Smead,"Smead 锁柜,0,33.00
A1002945,2020/10/24,RS-19420,标准级,华东,江苏,办公用品,信封,Ames,"Ames 外皮和封条,0,33.00
A1002968,2020/10/29,KD-16495,标准级,华北,山西,技术,配件,SanDisk,"SanDisk 键盘,0,33.00
A1002981,2020/10/31,RB-19465,一级,华北,内蒙古,办公用品,纸张,Eaton,"Eaton 笔记本,0,33.00
A1003038,2020/11/13,PG-18820,标准级,中南,湖南,办公用品,收纳具,Smead,"Smead 盒,0,33.00
A1003045,2020/11/14,SV-20365,标准级,华北,天津,技术,电话,摩托罗拉,"摩托罗拉 充电器,0,33.00
A1003056,2020/11/16,SV-20365,一级,东北,吉林,办公用品,器具,Breville,"Breville 炉灶,0,33.00
A1003065,2020/11/18,SP-20650,标准级,西北,甘肃,办公用品,装订机,Cardinal,"Cardinal 装订机盖,0,33.00
A1003062,2020/11/18,EH-13990,标准级,东北,黑龙江,办公用品,系固件,Advantus,"Advantus 图钉,0,33.00
A1003069,2020/11/19,NC-18415,标准级,中南,广西,办公用品,标签,Novimex,"Novimex 可去除的标签,0,33.00
A1003074,2020/11/20,EK-13795,标准级,中南,河南,办公用品,装订机,Acco,"Acco 标签,0,33.00
A1003084,2020/11/21,MC-17605,标准级,华北,内蒙古,办公用品,信封,Jiffy,"Jiffy 马尼拉纸信封,0,33.00
A1003091,2020/11/22,GB-14575,一级,中南,湖南,办公用品,器具,KitchenAid,"KitchenAid 冰箱,0,33.00
A1003092,2020/11/22,MH-17785,二级,中南,湖南,办公用品,美术,Binney & Smith,"Binney & Smith 画布,0,33.00
A1003104,2020/11/25,JF-15490,标准级,西南,四川,技术,复印机,夏普,"夏普 复印机,0,33.00
A1003140,2020/12/2,RF-19345,标准级,中南,广东,办公用品,系固件,Advantus,"Advantus 按钉,0,33.00
A1003375,2021/2/11,CC-12610,标准级,华东,山东,办公用品,装订机,Wilson Jones,"Wilson Jones 订书机,0,33.00
A1003386,2021/2/14,LW-16825,标准级,华北,北京,办公用品,器具,Hoover,"Hoover 炉灶,0,33.00
A1003403,2021/2/22,FC-14335,标准级,华东,山东,家具,用具,Rubbermaid,"Rubvermaid 闹钟,0,33.00
A1003406,2021/2/24,JO-15145,一级,西北,陕西,家具,书架,Bush,"Bush 古典书架,0,33.00
A1003543,2021/4/7,BF-11170,一级,华东,安徽,办公用品,用品,Fiskars,"Fiskars 尺子,0,33.00
A1003569,2021/4/15,LC-16870,标准级,华东,江苏,办公用品,用品,Elite,"Elite 修剪器,0,33.00
A1003578,2021/4/21,GB-14575,标准级,华北,山西,办公用品,装订机,Ibico,"Ibico 标签,0,33.00
A1003604,2021/4/29,SC-20725,当日,华东,山东,家具,用具,Deflect-O,"Deflect-O 闹钟,0,33.00
A1003628,2021/5/4,SG-20470,标准级,中南,湖南,办公用品,纸张,Eaton,"Eaton 羊皮纸,0,33.00
A1003641,2021/5/6,DS-13180,标准级,华北,山西,办公用品,系固件,Accos,"Accos 图钉,0,33.00
A1003678,2021/5/12,LP-17095,标准级,东北,辽宁,技术,设备,柯尼卡,"柯尼卡 卡片打印机,0,33.00
A1003714,2021/5/16,MD-17350,标准级,中南,湖南,办公用品,装订机,Wilson Jones,"Wilson Jones 打孔机,0,33.00
A1003734,2021/5/19,CM-12715,一级,华东,福建,家具,书架,Safco,"Safco 柜,0,33.00
A1003758,2021/5/22,MK-18160,标准级,华东,安徽,技术,电话,诺基亚,"诺基亚 充电器,0,33.00
A1003783,2021/5/27,FW-14395,标准级,东北,辽宁,办公用品,器具,KitchenAid,"KitchenAid 微波炉,0,33.00
A1003788,2021/5/28,VS-21820,二级,华北,北京,办公用品,用品,Fiskars,"Fiskars 剪刀,0,33.00
A1003852,2021/6/8,RF-19840,二级,东北,吉林,办公用品,系固件,Stockwell,"Stockwell 图钉,0,33.00
A1003849,2021/6/8,ER-13855,标准级,中南,广东,家具,椅子,Hon,"Hon 折叠椅,0,33.00
A1003856,2021/6/9,MP-17965,一级,中南,广东,办公用品,用品,Kleencut,"Kleencut 尺子,0,33.00
A1003931,2021/6/20,JS-15685,一级,东北,黑龙江,办公用品,标签,Avery,"Avery 可去除的标签,0,33.00
A1003943,2021/6/23,MC-18100,标准级,华东,山东,办公用品,收纳具,Smead,"Smead 文件夹,0,33.00
A1003950,2021/6/24,JM-16195,二级,东北,黑龙江,办公用品,系固件,OIC,"OIC 回形针,0,33.00
A1003951,2021/6/25,NP-18670,标准级,西南,云南,办公用品,器具,Breville,"Breville 冰箱,0,33.00
A1003951,2021/6/25,HM-14860,标准级,西南,云南,家具,椅子,Office Star,"Office Star 折叠椅,0,33.00
A1004017,2021/7/13,TS-21655,标准级,华东,浙江,办公用品,装订机,Cardinal,"Cardinal 孔加固材料,0,33.00
A1004029,2021/7/16,AZ-10750,一级,中南,河南,办公用品,系固件,Accos,"Accos 橡皮筋,0,33.00
A1004055,2021/7/22,SG-20470,一级,华北,河北,办公用品,信封,Ames,"Ames 搭扣信封,0,33.00
A1004096,2021/8/3,KH-16360,标准级,东北,吉林,办公用品,收纳具,Eldon,"Eldon 文件车,0,33.00
A1004113,2021/8/5,SF-20065,二级,中南,湖南,家具,椅子,Novimex,"Novimex 凳子,0,33.00
A1004125,2021/8/7,GM-14440,标准级,华东,福建,办公用品,用品,Kleencut,"Kleencut 尺子,0,33.00
A1004137,2021/8/10,LR-17035,二级,华北,河北,办公用品,器具,Breville,"Breville 烤面包机,0,33.00
A1004182,2021/8/19,DB-13615,当日,中南,河南,家具,椅子,Office Star,"Office Star 沙滩椅,0,33.00
A1004195,2021/8/21,FH-14275,一级,华东,山东,技术,复印机,佳能,"佳能 个人复印机,0,33.00
A1004256,2021/8/31,SR-20740,二级,华东,上海,家具,椅子,Safco,"SAFCO 椅垫,0,33.00
A1004264,2021/9/3,LS-17200,标准级,东北,黑龙江,办公用品,信封,GlobeWeis,"GlobeWeis 马尼拉纸信封,0,33.00
A1004269,2021/9/4,BD-11770,二级,华北,天津,办公用品,纸张,SanDisk,"SanDisk 计划信息表,0,33.00
A1004282,2021/9/8,HG-14965,一级,中南,湖南,办公用品,美术,Sanford,"Sanford 铅笔刀,0,33.00
A1004290,2021/9/9,RP-19390,标准级,东北,辽宁,家具,椅子,Novimex,"Novimex 凳子,0,33.00
A1004291,2021/9/9,RP-19390,标准级,中南,河南,办公用品,收纳具,Fellowes,"Fellowes 搁板,0,33.00
A1004307,2021/9/12,JD-16150,标准级,西南,贵州,家具,用具,Tenex,"Tenex 相框,0,33.00
A1004364,2021/9/21,PW-19240,标准级,华东,江苏,技术,电话,苹果,"苹果 信号增强器,0,33.00
A1004375,2021/9/23,TB-21055,一级,华北,河北,家具,书架,Sauder,"Sauder 书库,0,33.00
A1004393,2021/9/28,SN-20560,二级,东北,吉林,办公用品,收纳具,Smead,"Smead 文件夹,0,33.00
A1004416,2021/10/1,BP-11290,二级,华东,山东,办公用品,标签,Harbour Creations,"Harbour Creations 圆形标签,0,33.00
A1004416,2021/10/1,SU-20665,二级,华东,山东,技术,设备,柯尼卡,"柯尼卡 卡片打印机,0,33.00
A1004921,2021/12/30,BP-11185,一级,华北,河北,技术,配件,Enermax,"Enermax 闪存驱动器,0,33.00
A1001808,2019/11/26,DB-13210,一级,华东,山东,办公用品,收纳具,Smead,"Smead 盒,0,32.00
A1001877,2019/12/13,EJ-13720,一级,东北,辽宁,技术,复印机,佳能,"佳能 复印机,0,32.00
A1001883,2019/12/16,ZD-21925,标准级,华东,安徽,办公用品,系固件,Stockwell,"Stockwell 回形针,0,32.00
A1001899,2019/12/21,DH-13675,标准级,西南,重庆,办公用品,收纳具,Smead,"Smead 盘,0,32.00
A1001912,2019/12/25,JK-16120,标准级,东北,吉林,办公用品,器具,KitchenAid,"KitchenAid 炉灶,0,32.00
A1001931,2019/12/30,DS-13180,一级,西北,甘肃,办公用品,美术,Stanley,"Stanley 荧光笔,0,32.00
A1002035,2020/2/25,KW-16435,二级,中南,广东,技术,复印机,Brother,"Brother 传真机,0,32.00
A1002043,2020/2/27,DD-13570,标准级,中南,广东,家具,用具,Deflect-O,"Deflect-O 分层置放架,0,32.00
A1002064,2020/3/5,DD-13570,一级,西北,甘肃,办公用品,美术,BIC,"BIC 速写本,0,32.00
A1002063,2020/3/5,SS-20590,二级,华东,安徽,技术,复印机,佳能,"佳能 个人复印机,0,32.00
A1002075,2020/3/9,SM-20950,二级,华东,江西,办公用品,信封,Cameo,"Cameo 邮寄品,0,32.00
A1002090,2020/3/18,MA-17560,标准级,西北,陕西,家具,椅子,Harbour Creations,"Harbour Creations 沙滩椅,0,32.00
A1002095,2020/3/19,AM-10705,二级,华东,山东,家具,椅子,Novimex,"Novimex 摇椅,0,32.00
A1002104,2020/3/21,JL-15505,一级,华东,山东,办公用品,系固件,Stockwell,"Stockwell 图钉,0,32.00
A1002110,2020/3/23,LS-16945,标准级,华东,安徽,技术,配件,SanDisk,"SanDisk 键区,0,32.00
A1002121,2020/3/30,RA-19285,一级,东北,黑龙江,办公用品,装订机,Wilson Jones,"Wilson Jones 标签,0,32.00
A1002162,2020/4/12,TB-21355,标准级,中南,河南,家具,椅子,Harbour Creations,"Harbour Creations 摇椅,0,32.00
A1002189,2020/4/25,MA-17995,二级,华东,山东,办公用品,美术,Boston,"Boston 钢笔,0,32.00
A1002206,2020/5/1,AH-10690,一级,东北,辽宁,家具,书架,Safco,"Safco 墙角架,0,32.00
A1002208,2020/5/1,RC-19825,标准级,中南,广东,办公用品,器具,Breville,"Breville 微波炉,0,32.00
A1002230,2020/5/6,AP-10915,标准级,华东,山东,办公用品,装订机,Ibico,"Ibico 装订机盖,0,32.00
A1002260,2020/5/15,JW-16075,标准级,华东,江苏,办公用品,装订机,Acco,"Acco 装订机盖,0,32.00
A1002319,2020/5/27,SO-20335,标准级,华东,福建,办公用品,收纳具,Rogers,"Rogers 锁柜,0,32.00
A1002385,2020/6/12,RB-19435,标准级,东北,吉林,办公用品,系固件,OIC,"OIC 按钉,0,32.00
A1002390,2020/6/13,RB-19435,一级,华东,山东,办公用品,信封,GlobeWeis,"GlobeWeis 搭扣信封,0,32.00
A1002407,2020/6/15,NR-18550,标准级,中南,河南,办公用品,用品,Fiskars,"Fiskars 开信刀,0,32.00
A1002431,2020/6/20,CK-12205,标准级,中南,广东,办公用品,装订机,Ibico,"Ibico 孔加固材料,0,32.00
A1002566,2020/8/6,AZ-10750,标准级,东北,辽宁,办公用品,标签,Avery,"Avery 运输标签,0,32.00
A1002571,2020/8/7,KB-16585,标准级,中南,湖南,办公用品,收纳具,Tenex,"Tenex 锁柜,0,32.00
A1002591,2020/8/10,KW-16570,当日,东北,辽宁,技术,电话,诺基亚,"诺基亚 信号增强器,0,32.00
A1002623,2020/8/16,NS-18640,标准级,中南,河南,技术,设备,松下,"松下 喷墨打印机,0,32.00
A1002641,2020/8/21,CS-11845,二级,华东,山东,办公用品,装订机,Acco,"Acco 装订机,0,32.00
A1002657,2020/8/22,DB-13210,标准级,华东,山东,办公用品,装订机,Avery,"Avery 打孔机,0,32.00
A1002663,2020/8/23,TM-21490,一级,西北,青海,办公用品,信封,Jiffy,"Jiffy 马尼拉纸信封,0,32.00
A1002662,2020/8/23,AH-10690,标准级,华北,河北,办公用品,纸张,Enermax,"Enermax 笔记本,0,32.00
A1002710,2020/9/4,GA-14725,一级,东北,吉林,家具,椅子,Safco,"SAFCO 扶手椅,0,32.00
A1002819,2020/9/26,JP-15460,标准级,西北,新疆,技术,配件,Enermax,"Enermax 路由器,0,32.00
A1002842,2020/10/2,AH-10120,二级,东北,辽宁,办公用品,标签,Novimex,"Novimex 圆形标签,0,32.00
A1002846,2020/10/3,TG-21640,一级,中南,广东,办公用品,美术,Sanford,"Sanford 铅笔刀,0,32.00
A1002865,2020/10/7,NW-18400,二级,华北,河北,家具,椅子,Novimex,"Novimex 摇椅,0,32.00
A1002895,2020/10/12,LC-17050,标准级,东北,吉林,办公用品,纸张,Green Bar,"Green Bar 计划信息表,0,32.00
A1002916,2020/10/17,KE-16420,标准级,东北,辽宁,技术,配件,贝尔金,"贝尔金 闪存驱动器,0,32.00
A1002928,2020/10/21,KB-16405,标准级,东北,黑龙江,家具,椅子,Hon,"Hon 沙滩椅,0,32.00
A1002964,2020/10/29,SC-20680,标准级,东北,吉林,家具,用具,Rubbermaid,"Rubvermaid 闹钟,0,32.00
A1002979,2020/10/31,CB-12535,标准级,西南,四川,办公用品,装订机,Cardinal,"Cardinal 装订机盖,0,32.00
A1002996,2020/11/4,SV-20935,二级,中南,湖南,办公用品,装订机,Wilson Jones,"Wilson Jones 打孔机,0,32.00
A1002999,2020/11/5,JS-16030,标准级,西北,宁夏,家具,用具,Tenex,"Tenex 门挡,0,32.00
A1003168,2020/12/6,DS-13030,标准级,东北,吉林,家具,用具,Eldon,"Eldon 相框,0,32.00
A1003192,2020/12/16,HW-14935,二级,华东,福建,家具,椅子,Harbour Creations,"Harbour Creations 摇椅,0,32.00
A1003244,2020/12/30,RD-19480,标准级,中南,广东,办公用品,收纳具,Rogers,"Rogers 锁柜,0,32.00
A1003284,2021/1/12,ON-18715,标准级,华东,安徽,家具,用具,Advantus,"Advantus 闹钟,0,32.00
A1003294,2021/1/15,MV-18190,标准级,东北,吉林,办公用品,装订机,Avery,"Avery 打孔机,0,32.00
A1003304,2021/1/20,MP-18175,标准级,东北,吉林,家具,椅子,Novimex,"Novimex 沙滩椅,0,32.00
A1003318,2021/1/24,DL-13330,标准级,华东,江苏,办公用品,用品,Fiskars,"Fiskars 美工刀,0,32.00
A1003415,2021/2/26,RF-19345,标准级,中南,湖南,办公用品,器具,Cuisinart,"Cuisinart 微波炉,0,32.00
A1003427,2021/3/2,JS-15595,二级,东北,黑龙江,技术,电话,摩托罗拉,"摩托罗拉 耳机,0,32.00
A1003502,2021/3/26,CK-12205,当日,中南,湖南,办公用品,装订机,Cardinal,"Cardinal 孔加固材料,0,32.00
A1003501,2021/3/26,CK-12205,标准级,东北,吉林,办公用品,用品,Acme,"Acme 修剪器,0,32.00
A1003504,2021/3/27,AR-10825,二级,中南,广东,家具,椅子,Novimex,"Novimex 折叠椅,0,32.00
A1003506,2021/3/27,JF-15415,标准级,东北,辽宁,技术,复印机,惠普,"惠普 无线传真机,0,32.00
A1003511,2021/3/28,RP-19390,标准级,中南,河南,技术,配件,Enermax,"Enermax 记忆卡,0,32.00
A1003553,2021/4/9,MY-18295,标准级,中南,湖北,办公用品,收纳具,Rogers,"Rogers 盒,0,32.00
A1003555,2021/4/10,NZ-18565,一级,华北,天津,办公用品,系固件,Stockwell,"Stockwell 图钉,0,32.00
A1003561,2021/4/13,HF-14995,标准级,华东,安徽,家具,书架,Sauder,"Sauder 搁架,0,32.00
A1003576,2021/4/20,RD-19720,当日,中南,河南,办公用品,信封,Jiffy,"Jiffy 局间信封,0,32.00
A1003578,2021/4/21,FP-14320,标准级,华北,山西,技术,复印机,惠普,"惠普 墨水,0,32.00
A1003580,2021/4/23,EM-13825,标准级,中南,湖北,办公用品,美术,Sanford,"Sanford 荧光笔,0,32.00
A1003587,2021/4/24,EM-14140,当日,华北,北京,办公用品,标签,Novimex,"Novimex 有色标签,0,32.00
A1003587,2021/4/24,DK-12835,当日,华北,北京,技术,配件,Memorex,"Memorex 闪存驱动器,0,32.00
A1003659,2021/5/8,MG-17890,标准级,中南,河南,技术,设备,柯尼卡,"柯尼卡 喷墨打印机,0,32.00
A1003668,2021/5/11,BF-11020,二级,华东,上海,办公用品,标签,Harbour Creations,"Harbour Creations 合法证物标签,0,32.00
A1003702,2021/5/15,JL-15835,标准级,东北,黑龙江,办公用品,标签,Novimex,"Novimex 可去除的标签,0,32.00
A1003712,2021/5/16,JL-15835,二级,中南,广东,办公用品,系固件,Advantus,"Advantus 订书钉,0,32.00
A1003743,2021/5/20,RB-19570,二级,中南,广西,办公用品,装订机,Acco,"Acco 装订机盖,0,32.00
A1003754,2021/5/22,TH-21115,当日,西南,重庆,技术,配件,Enermax,"Enermax 闪存驱动器,0,32.00
A1003752,2021/5/22,SA-20830,二级,东北,辽宁,技术,配件,Enermax,"Enermax 鼠标,0,32.00
A1003765,2021/5/25,EM-14095,标准级,中南,湖北,办公用品,纸张,SanDisk,"SanDisk 令,0,32.00
A1003773,2021/5/26,FC-14335,标准级,东北,吉林,技术,设备,冲电器,"冲电器 卡片打印机,0,32.00
A1003803,2021/5/30,BF-11170,一级,华东,上海,办公用品,装订机,Avery,"Avery 装订机盖,0,32.00
A1003812,2021/6/2,BG-11695,标准级,华东,浙江,家具,用具,Advantus,"Advantus 闹钟,0,32.00
A1003875,2021/6/12,CR-12820,二级,西南,四川,办公用品,纸张,Green Bar,"Green Bar 备忘录便条,0,32.00
A1003888,2021/6/14,TG-21310,当日,华东,福建,办公用品,用品,Kleencut,"Kleencut 修剪器,0,32.00
A1003888,2021/6/14,TG-21310,当日,华东,福建,家具,书架,Sauder,"Sauder 柜,0,32.00
A1003894,2021/6/15,LC-16870,标准级,华东,山东,办公用品,信封,GlobeWeis,"GlobeWeis 搭扣信封,0,32.00
A1003894,2021/6/15,JP-15520,标准级,华东,山东,办公用品,装订机,Cardinal,"Cardinal 孔加固材料,0,32.00
A1003895,2021/6/15,DC-12850,标准级,华东,福建,家具,书架,宜家,"宜家 柜,0,32.00
A1003902,2021/6/17,EM-14200,标准级,东北,辽宁,家具,用具,Advantus,"Advantus 门挡,0,32.00
A1003974,2021/6/29,CB-12025,标准级,西南,重庆,办公用品,用品,Fiskars,"Fiskars 修剪器,0,32.00
A1004055,2021/7/22,SG-20470,一级,华北,河北,家具,椅子,Harbour Creations,"Harbour Creations 凳子,0,32.00
A1004081,2021/8/1,BW-11200,二级,中南,河南,家具,椅子,Harbour Creations,"Harbour Creations 椅垫,0,32.00
A1004118,2021/8/5,EB-13750,当日,华东,安徽,办公用品,信封,Ames,"Ames 邮寄品,0,32.00
A1004110,2021/8/5,MT-18070,二级,西南,四川,家具,椅子,Hon,"Hon 摇椅,0,32.00
A1004195,2021/8/21,AB-10165,一级,华东,山东,家具,椅子,Safco,"SAFCO 椅垫,0,32.00
A1004252,2021/8/31,BG-11035,一级,东北,吉林,家具,用具,Advantus,"Advantus 分层置放架,0,32.00
A1004298,2021/9/10,AB-10165,当日,华东,福建,办公用品,器具,Hamilton Beach,"Hamilton Beach 炉灶,0,32.00
A1004304,2021/9/11,AY-10555,标准级,华北,北京,技术,设备,爱普生,"爱普生 计算器,0,32.00
A1004324,2021/9/15,SP-20860,二级,中南,广东,技术,设备,StarTech,"StarTech 打印机,0,32.00
A1004329,2021/9/16,MF-17665,标准级,西南,云南,办公用品,器具,Hoover,"Hoover 搅拌机,0,32.00
A1004342,2021/9/17,FO-14305,一级,华东,浙江,办公用品,器具,Hamilton Beach,"Hamilton Beach 微波炉,0,32.00
A1004372,2021/9/22,DK-13090,标准级,华东,江苏,办公用品,纸张,Green Bar,"Green Bar 备忘录便条,0,32.00
A1001811,2019/11/26,FM-14290,标准级,华东,山东,办公用品,用品,Acme,"Acme 美工刀,0,31.00
A1001824,2019/11/29,FA-14230,标准级,华东,安徽,办公用品,美术,Sanford,"Sanford 铅笔刀,0,31.00
A1001829,2019/11/30,QJ-19255,一级,中南,广东,技术,复印机,Brother,"Brother 传真机,0,31.00
A1001839,2019/12/4,JL-15235,标准级,中南,广东,家具,椅子,Novimex,"Novimex 椅垫,0,31.00
A1001848,2019/12/6,RM-19750,一级,华东,江苏,办公用品,系固件,Accos,"Accos 图钉,0,31.00
A1001947,2020/1/7,AW-10840,标准级,华东,山东,办公用品,器具,Hamilton Beach,"Hamilton Beach 烤面包机,0,31.00
A1001964,2020/1/12,RB-19360,二级,东北,辽宁,办公用品,收纳具,Smead,"Smead 文件夹,0,31.00
A1001970,2020/1/17,EH-14125,二级,东北,辽宁,家具,用具,Eldon,"Eldon 相框,0,31.00
A1001973,2020/1/21,PL-18925,标准级,华东,江苏,办公用品,器具,Hoover,"Hoover 炉灶,0,31.00
A1001987,2020/1/27,MK-17905,标准级,中南,湖北,技术,配件,贝尔金,"贝尔金 闪存驱动器,0,31.00
A1002094,2020/3/19,AM-10705,一级,东北,黑龙江,办公用品,美术,Binney & Smith,"Binney & Smith 钢笔,0,31.00
A1002119,2020/3/29,SJ-20500,标准级,中南,广东,技术,配件,SanDisk,"SanDisk 记忆卡,0,31.00
A1002123,2020/3/30,TS-21610,标准级,中南,广东,办公用品,装订机,Cardinal,"Cardinal 装订机,0,31.00
A1002129,2020/4/2,LO-17170,一级,中南,广东,办公用品,收纳具,Tenex,"Tenex 搁板,0,31.00
A1002269,2020/5/17,BE-11335,当日,东北,黑龙江,家具,椅子,Hon,"Hon 椅垫,0,31.00
A1002321,2020/5/27,TH-21550,二级,中南,河南,办公用品,纸张,Eaton,"Eaton 计划信息表,0,31.00
A1002374,2020/6/8,EJ-13720,标准级,华东,江苏,办公用品,装订机,Cardinal,"Cardinal 装订机,0,31.00
A1002455,2020/6/25,TT-21070,当日,华东,上海,家具,书架,宜家,"宜家 书库,0,31.00
A1002489,2020/7/8,AB-10015,标准级,华东,山东,技术,配件,Memorex,"Memorex 键区,0,31.00
A1002505,2020/7/15,CL-12700,标准级,华北,山西,办公用品,纸张,SanDisk,"SanDisk 信纸,0,31.00
A1002516,2020/7/19,SW-20350,标准级,华东,浙江,办公用品,收纳具,Eldon,"Eldon 锁柜,0,31.00
A1002594,2020/8/12,SC-20020,一级,华东,山东,家具,椅子,Novimex,"Novimex 沙滩椅,0,31.00
A1002607,2020/8/14,CS-12250,标准级,华北,内蒙古,办公用品,系固件,Stockwell,"Stockwell 夹子,0,31.00
A1002658,2020/8/22,KL-16555,当日,东北,黑龙江,技术,复印机,夏普,"夏普 无线传真机,0,31.00
A1002683,2020/8/28,SC-20260,二级,东北,吉林,家具,椅子,Novimex,"Novimex 椅垫,0,31.00
A1002699,2020/9/2,CS-12250,二级,西北,新疆,办公用品,用品,Stiletto,"Stiletto 大剪刀,0,31.00
A1002697,2020/9/2,SS-20590,二级,东北,黑龙江,办公用品,信封,Jiffy,"Jiffy 马尼拉纸信封,0,31.00
A1002700,2020/9/2,DW-13585,标准级,华东,山东,技术,设备,柯尼卡,"柯尼卡 卡片打印机,0,31.00
A1002758,2020/9/14,TS-21505,二级,华东,安徽,家具,椅子,Harbour Creations,"Harbour Creations 凳子,0,31.00
A1002762,2020/9/16,CS-12250,标准级,东北,黑龙江,家具,桌子,Bevis,"Bevis 培训桌,0,31.00
A1002776,2020/9/18,JH-15430,二级,华东,山东,技术,设备,柯尼卡,"柯尼卡 卡片打印机,0,31.00
A1002787,2020/9/19,CK-12205,二级,华东,福建,家具,用具,Rubbermaid,"Rubvermaid 门挡,0,31.00
A1002800,2020/9/21,IL-15100,二级,中南,广东,办公用品,纸张,SanDisk,"SanDisk 信纸,0,31.00
A1002807,2020/9/24,GA-14725,标准级,中南,河南,办公用品,用品,Fiskars,"Fiskars 修剪器,0,31.00
A1002807,2020/9/24,ML-17395,标准级,中南,河南,技术,电话,苹果,"苹果 充电器,0,31.00
A1002819,2020/9/26,JL-15835,标准级,西北,新疆,办公用品,收纳具,Smead,"Smead 盒,0,31.00
A1002844,2020/10/2,SE-20110,标准级,西南,四川,办公用品,用品,Acme,"Acme 尺子,0,31.00
A1002847,2020/10/3,PJ-18835,标准级,中南,广东,家具,书架,Bush,"Bush 书架,0,31.00
A1002856,2020/10/4,KM-16225,标准级,中南,广东,办公用品,纸张,SanDisk,"SanDisk 令,0,31.00
A1002879,2020/10/9,JP-15520,标准级,中南,广东,办公用品,标签,Novimex,"Novimex 合法证物标签,0,31.00
A1002888,2020/10/11,LH-16900,二级,中南,湖北,家具,椅子,Safco,"SAFCO 折叠椅,0,31.00
A1002917,2020/10/17,LD-17005,当日,华东,山东,技术,电话,苹果,"苹果 耳机,0,31.00
A1002921,2020/10/18,DL-13315,二级,中南,广东,办公用品,器具,Cuisinart,"Cuisinart 咖啡研磨机,0,31.00
A1002932,2020/10/22,BS-11665,标准级,华北,山西,办公用品,信封,GlobeWeis,"GlobeWeis 马尼拉纸信封,0,31.00
A1002981,2020/10/31,JF-15295,一级,华北,内蒙古,办公用品,装订机,Ibico,"Ibico 装订机盖,0,31.00
A1002981,2020/10/31,JM-15265,一级,华北,内蒙古,技术,复印机,夏普,"夏普 传真机,0,31.00
A1002983,2020/11/1,TS-21430,一级,中南,湖南,办公用品,用品,Acme,"Acme 剪刀,0,31.00
A1002996,2020/11/4,BD-11770,二级,中南,湖南,办公用品,信封,Kraft,"Kraft 马尼拉纸信封,0,31.00
A1003022,2020/11/11,FA-14230,二级,华北,北京,家具,椅子,Safco,"SAFCO 椅垫,0,31.00
A1003031,2020/11/12,EH-14125,标准级,中南,广东,家具,用具,Deflect-O,"Deflect-O 闹钟,0,31.00
A1003137,2020/12/2,AJ-10780,二级,华东,福建,家具,椅子,Hon,"Hon 摇椅,0,31.00
A1003145,2020/12/3,NK-18490,二级,华东,江西,办公用品,收纳具,Fellowes,"Fellowes 盒,0,31.00
A1003164,2020/12/6,CK-12205,标准级,华东,安徽,家具,用具,Eldon,"Eldon 框架,0,31.00
A1003171,2020/12/9,JK-16120,一级,华东,上海,办公用品,装订机,Wilson Jones,"Wilson Jones 打孔机,0,31.00
A1003195,2020/12/16,DL-13495,一级,中南,河南,家具,椅子,Novimex,"Novimex 摇椅,0,31.00
A1003193,2020/12/16,RD-19660,标准级,华东,上海,家具,椅子,Novimex,"Novimex 凳子,0,31.00
A1003246,2020/12/30,RD-19480,当日,华东,安徽,技术,电话,摩托罗拉,"摩托罗拉 音频基座,0,31.00
A1003244,2020/12/30,CC-12100,标准级,中南,广东,技术,设备,爱普生,"爱普生 电话,0,31.00
A1003282,2021/1/11,ON-18715,标准级,华东,福建,办公用品,标签,Harbour Creations,"Harbour Creations 文件夹标签,0,31.00
A1003288,2021/1/13,SV-20785,标准级,东北,吉林,技术,复印机,惠普,"惠普 复印机,0,31.00
A1003294,2021/1/15,JK-16090,标准级,东北,吉林,办公用品,美术,Sanford,"Sanford 荧光笔,0,31.00
A1003292,2021/1/15,CP-12085,二级,西南,重庆,家具,用具,Tenex,"Tenex 门挡,0,31.00
A1003297,2021/1/16,PM-18940,二级,西南,四川,办公用品,装订机,Wilson Jones,"Wilson Jones 孔加固材料,0,31.00
A1003303,2021/1/20,WB-21850,标准级,华北,天津,办公用品,器具,Cuisinart,"Cuisinart 微波炉,0,31.00
A1003304,2021/1/20,BF-11020,标准级,东北,吉林,技术,设备,松下,"松下 喷墨打印机,0,31.00
A1003307,2021/1/21,KM-16375,二级,西北,陕西,办公用品,用品,Fiskars,"Fiskars 修剪器,0,31.00
A1003317,2021/1/24,DL-13330,标准级,华东,山东,办公用品,纸张,Enermax,"Enermax 信纸,0,31.00
A1003321,2021/1/25,TB-21055,二级,西北,陕西,办公用品,收纳具,Smead,"Smead 锁柜,0,31.00
A1003322,2021/1/27,MC-18100,标准级,东北,黑龙江,家具,桌子,Barricks,"Barricks 木桌,0,31.00
A1003339,2021/2/3,CK-12325,二级,西南,云南,家具,椅子,Novimex,"Novimex 沙滩椅,0,31.00
A1003409,2021/2/25,SC-20230,标准级,华北,山西,技术,配件,Memorex,"Memorex 路由器,0,31.00
A1003417,2021/2/27,MM-17920,二级,中南,湖南,办公用品,用品,Stiletto,"Stiletto 修剪器,0,31.00
A1003427,2021/3/2,HR-14830,二级,东北,黑龙江,家具,用具,Advantus,"Advantus 相框,0,31.00
A1003428,2021/3/3,LH-16900,一级,中南,河南,技术,电话,三星,"三星 充电器,0,31.00
A1003478,2021/3/19,AP-10915,标准级,东北,黑龙江,家具,书架,Dania,"Dania 搁架,0,31.00
A1003494,2021/3/24,BF-11005,二级,中南,湖北,家具,用具,Eldon,"Eldon 框架,0,31.00
A1003514,2021/3/30,SG-20890,二级,西北,甘肃,办公用品,收纳具,Tenex,"Tenex 锁柜,0,31.00
A1003559,2021/4/13,MH-17290,一级,东北,黑龙江,技术,复印机,夏普,"夏普 复印机,0,31.00
A1003561,2021/4/13,PO-19180,标准级,华东,安徽,办公用品,美术,Sanford,"Sanford 荧光笔,0,31.00
A1003568,2021/4/15,RB-19360,标准级,中南,河南,办公用品,装订机,Avery,"Avery 打孔机,0,31.00
A1003621,2021/5/2,SC-20050,标准级,中南,广东,办公用品,纸张,Eaton,"Eaton 信纸,0,31.00
A1003627,2021/5/4,PR-18880,一级,华北,天津,办公用品,收纳具,Rogers,"Rogers 文件车,0,31.00
A1003627,2021/5/4,JK-15625,一级,华北,天津,办公用品,标签,Hon,"Hon 可去除的标签,0,31.00
A1003634,2021/5/5,JB-15400,二级,华北,天津,办公用品,系固件,Accos,"Accos 按钉,0,31.00
A1003651,2021/5/7,AG-10270,一级,西南,云南,办公用品,美术,Stanley,"Stanley 记号笔,0,31.00
A1003696,2021/5/14,ME-17320,一级,西南,重庆,办公用品,美术,Sanford,"Sanford 钢笔,0,31.00
A1003768,2021/5/25,SS-20515,二级,华东,福建,办公用品,美术,Binney & Smith,"Binney & Smith 铅笔刀,0,31.00
A1003776,2021/5/26,MP-17470,当日,华北,河北,办公用品,标签,Harbour Creations,"Harbour Creations 有色标签,0,31.00
A1003785,2021/5/28,MA-17560,标准级,华东,山东,技术,配件,SanDisk,"SanDisk 记忆卡,0,31.00
A1003800,2021/5/29,TT-21070,标准级,中南,湖南,办公用品,装订机,Acco,"Acco 孔加固材料,0,31.00
A1003800,2021/5/29,AI-10855,标准级,中南,湖南,家具,椅子,Novimex,"Novimex 摇椅,0,31.00
A1003824,2021/6/3,JK-15640,当日,中南,广东,技术,配件,SanDisk,"SanDisk 记忆卡,0,31.00
A1003828,2021/6/4,CW-11905,标准级,华东,浙江,办公用品,美术,Binney & Smith,"Binney & Smith 钢笔,0,31.00
A1003883,2021/6/13,AG-10390,一级,西南,重庆,技术,电话,思科,"思科 充电器,0,31.00
A1003892,2021/6/15,NM-18445,标准级,中南,河南,办公用品,系固件,Advantus,"Advantus 按钉,0,31.00
A1003918,2021/6/19,KH-16330,标准级,华北,天津,办公用品,器具,Cuisinart,"Cuisinart 微波炉,0,31.00
A1003962,2021/6/26,JF-15565,二级,西北,陕西,家具,椅子,Hon,"Hon 折叠椅,0,31.00
A1004086,2021/8/3,LP-17095,标准级,中南,广东,家具,用具,Eldon,"Eldon 分层置放架,0,31.00
A1004110,2021/8/5,NL-18310,二级,西南,四川,家具,书架,Bush,"Bush 书架,0,31.00
A1004111,2021/8/5,KL-16555,标准级,华东,江西,办公用品,装订机,Ibico,"Ibico 孔加固材料,0,31.00
A1004126,2021/8/7,YS-21880,二级,中南,广东,办公用品,系固件,Stockwell,"Stockwell 订书钉,0,31.00
A1004150,2021/8/12,EJ-14155,标准级,东北,黑龙江,技术,复印机,佳能,"佳能 复印机,0,31.00
A1004162,2021/8/15,HE-14800,一级,东北,吉林,家具,椅子,Office Star,"Office Star 扶手椅,0,31.00
A1004270,2021/9/4,CM-12160,标准级,华东,福建,办公用品,信封,Kraft,"Kraft 邮寄品,0,31.00
A1004292,2021/9/9,RP-19390,二级,华东,上海,办公用品,美术,BIC,"BIC 记号笔,0,31.00
A1004303,2021/9/11,TS-21205,标准级,华东,安徽,家具,椅子,Novimex,"Novimex 沙滩椅,0,31.00
A1004307,2021/9/12,NF-18475,标准级,西南,贵州,办公用品,用品,Kleencut,"Kleencut 修剪器,0,31.00
A1004314,2021/9/14,AW-10930,标准级,西北,陕西,家具,书架,Safco,"Safco 墙角架,0,31.00
A1004340,2021/9/17,BB-11545,二级,西北,甘肃,办公用品,系固件,Stockwell,"Stockwell 订书钉,0,31.00
A1004353,2021/9/18,KT-16480,标准级,华东,山东,家具,椅子,Harbour Creations,"Harbour Creations 摇椅,0,31.00
A1004365,2021/9/21,PW-19240,二级,华东,山东,办公用品,器具,KitchenAid,"KitchenAid 咖啡研磨机,0,31.00
A1004380,2021/9/25,KF-16285,标准级,中南,河南,办公用品,收纳具,Rogers,"Rogers 盘,0,31.00
A1004451,2021/10/8,LC-16870,标准级,华东,山东,办公用品,器具,Breville,"Breville 烤面包机,0,31.00
A1004921,2021/12/30,AS-10225,一级,华北,河北,办公用品,信封,Ames,"Ames 搭扣信封,0,31.00
A1001866,2019/12/11,KB-16585,二级,华东,山东,办公用品,美术,Binney & Smith,"Binney & Smith 速写本,0,30.00
A1001881,2019/12/15,AH-10690,当日,中南,广东,家具,书架,宜家,"宜家 搁架,0,30.00
A1001885,2019/12/17,HG-14845,标准级,华北,河北,办公用品,信封,Cameo,"Cameo 邮寄品,0,30.00
A1001886,2019/12/17,CC-12685,标准级,中南,广西,家具,用具,Eldon,"Eldon 灯泡,0,30.00
A1001889,2019/12/18,LS-17230,标准级,西南,贵州,家具,椅子,Office Star,"Office Star 凳子,0,30.00
A1001898,2019/12/21,TS-21370,标准级,西南,重庆,技术,复印机,Hewlett,"Hewlett 无线传真机,0,30.00
A1001921,2019/12/27,PF-19120,标准级,中南,湖南,办公用品,纸张,Eaton,"Eaton 羊皮纸,0,30.00
A1002062,2020/3/5,JH-15820,标准级,西南,云南,办公用品,标签,Novimex,"Novimex 运输标签,0,30.00
A1002090,2020/3/18,CJ-12010,标准级,西北,陕西,办公用品,装订机,Wilson Jones,"Wilson Jones 孔加固材料,0,30.00
A1002125,2020/4/1,KB-16585,标准级,华东,上海,技术,复印机,佳能,"佳能 墨水,0,30.00
A1002175,2020/4/18,ND-18370,当日,东北,吉林,办公用品,器具,Hamilton Beach,"Hamilton Beach 搅拌机,0,30.00
A1002223,2020/5/3,DW-13195,标准级,东北,吉林,办公用品,装订机,Wilson Jones,"Wilson Jones 订书机,0,30.00
A1002263,2020/5/15,LP-17095,二级,华东,浙江,办公用品,系固件,Accos,"Accos 夹子,0,30.00
A1002284,2020/5/21,RL-19615,一级,中南,河南,办公用品,装订机,Wilson Jones,"Wilson Jones 标签,0,30.00
A1002287,2020/5/22,MC-17575,标准级,东北,吉林,办公用品,器具,Breville,"Breville 烤面包机,0,30.00
A1002383,2020/6/11,RB-19435,标准级,中南,广东,家具,椅子,Safco,"SAFCO 凳子,0,30.00
A1002386,2020/6/13,GT-14755,二级,华北,北京,办公用品,系固件,OIC,"OIC 夹子,0,30.00
A1002411,2020/6/17,MH-18025,二级,东北,辽宁,家具,用具,Tenex,"Tenex 门挡,0,30.00
A1002435,2020/6/21,FH-14350,标准级,华东,山东,家具,用具,Deflect-O,"Deflect-O 分层置放架,0,30.00
A1002443,2020/6/22,MS-17830,标准级,西南,四川,办公用品,收纳具,Eldon,"Eldon 文件夹,0,30.00
A1002560,2020/8/3,BD-11500,二级,东北,吉林,技术,复印机,Brother,"Brother 传真复印机,0,30.00
A1002609,2020/8/15,AI-10855,标准级,华东,江西,办公用品,标签,Novimex,"Novimex 有色标签,0,30.00
A1002629,2020/8/19,DN-13690,二级,华东,山东,技术,设备,松下,"松下 打印机,0,30.00
A1002762,2020/9/16,KB-16240,标准级,东北,黑龙江,办公用品,收纳具,Rogers,"Rogers 搁板,0,30.00
A1002772,2020/9/17,MT-18070,一级,华东,福建,办公用品,系固件,Advantus,"Advantus 订书钉,0,30.00
A1002789,2020/9/20,ES-14080,二级,华北,天津,技术,电话,苹果,"苹果 办公室电话机,0,30.00
A1002793,2020/9/20,JW-15220,标准级,华东,山东,办公用品,信封,GlobeWeis,"GlobeWeis 邮寄品,0,30.00
A1002827,2020/9/30,RB-19465,当日,华东,江西,办公用品,收纳具,Fellowes,"Fellowes 盒,0,30.00
A1002839,2020/10/1,AJ-10795,标准级,华北,河北,办公用品,纸张,Green Bar,"Green Bar 计划信息表,0,30.00
A1002855,2020/10/3,RD-19585,标准级,东北,辽宁,办公用品,信封,GlobeWeis,"GlobeWeis 商业信封,0,30.00
A1002859,2020/10/4,RB-19705,一级,中南,湖南,技术,配件,罗技,"罗技 路由器,0,30.00
A1002872,2020/10/8,BM-11650,标准级,中南,湖北,办公用品,器具,Hoover,"Hoover 冰箱,0,30.00
A1002877,2020/10/9,DW-13585,二级,华北,河北,办公用品,系固件,OIC,"OIC 订书钉,0,30.00
A1002904,2020/10/15,SC-20440,当日,华东,福建,技术,电话,摩托罗拉,"摩托罗拉 信号增强器,0,30.00
A1002945,2020/10/24,EB-13705,标准级,华东,江苏,技术,电话,诺基亚,"诺基亚 耳机,0,30.00
A1002981,2020/10/31,RW-19690,一级,华北,内蒙古,家具,椅子,Novimex,"Novimex 折叠椅,0,30.00
A1002981,2020/10/31,VG-21790,一级,华北,内蒙古,家具,用具,Eldon,"Eldon 相框,0,30.00
A1003141,2020/12/2,MZ-17335,标准级,东北,黑龙江,技术,电话,三星,"三星 信号增强器,0,30.00
A1003140,2020/12/2,SB-20170,标准级,中南,广东,技术,配件,贝尔金,"贝尔金 键区,0,30.00
A1003296,2021/1/16,VP-21760,一级,中南,广东,办公用品,器具,Hoover,"Hoover 冰箱,0,30.00
A1003310,2021/1/21,BF-11020,标准级,东北,辽宁,家具,椅子,Novimex,"Novimex 凳子,0,30.00
A1003321,2021/1/25,DP-13390,二级,西北,陕西,技术,配件,Enermax,"Enermax 记忆卡,0,30.00
A1003341,2021/2/3,DB-13060,当日,西北,陕西,办公用品,系固件,Advantus,"Advantus 订书钉,0,30.00
A1003512,2021/3/28,CC-12685,一级,华东,山东,办公用品,系固件,Advantus,"Advantus 图钉,0,30.00
A1003515,2021/3/30,KH-16330,二级,华东,上海,技术,复印机,佳能,"佳能 无线传真机,0,30.00
A1003529,2021/4/1,SS-20875,标准级,东北,黑龙江,办公用品,信封,GlobeWeis,"GlobeWeis 局间信封,0,30.00
A1003532,2021/4/2,HP-14815,标准级,华东,安徽,家具,用具,Deflect-O,"Deflect-O 相框,0,30.00
A1003587,2021/4/24,EM-14140,当日,华北,北京,办公用品,器具,Hoover,"Hoover 微波炉,0,30.00
A1003591,2021/4/25,EB-13975,标准级,东北,黑龙江,办公用品,美术,BIC,"BIC 铅笔刀,0,30.00
A1003596,2021/4/27,TC-21535,一级,华北,山西,办公用品,装订机,Cardinal,"Cardinal 打孔机,0,30.00
A1003598,2021/4/28,BS-11365,二级,华东,山东,办公用品,器具,KitchenAid,"KitchenAid 微波炉,0,30.00
A1003617,2021/5/1,MY-18295,标准级,中南,湖南,技术,配件,Memorex,"Memorex 键盘,0,30.00
A1003674,2021/5/12,LL-16840,标准级,中南,广东,家具,书架,Sauder,"Sauder 搁架,0,30.00
A1003684,2021/5/13,QJ-19255,二级,西南,云南,办公用品,系固件,Stockwell,"Stockwell 回形针,0,30.00
A1003729,2021/5/19,CM-12715,二级,东北,黑龙江,办公用品,用品,Fiskars,"Fiskars 大剪刀,0,30.00
A1003749,2021/5/21,DK-12895,标准级,中南,广东,办公用品,器具,Hamilton Beach,"Hamilton Beach 冰箱,0,30.00
A1003749,2021/5/21,DB-13210,标准级,中南,广东,办公用品,装订机,Ibico,"Ibico 订书机,0,30.00
A1003801,2021/5/29,TT-21070,标准级,中南,广东,办公用品,美术,Sanford,"Sanford 画布,0,30.00
A1003812,2021/6/2,MC-17605,标准级,华东,浙江,家具,椅子,Harbour Creations,"Harbour Creations 椅垫,0,30.00
A1003823,2021/6/3,GA-14515,二级,中南,河南,办公用品,信封,Kraft,"Kraft 商业信封,0,30.00
A1003884,2021/6/13,BH-11710,标准级,中南,河南,技术,设备,冲电器,"冲电器 收据打印机,0,30.00
A1003970,2021/6/27,PV-18985,一级,西南,四川,家具,桌子,Chromcraft,"Chromcraft 电脑桌,0,30.00
A1004006,2021/7/8,RD-19930,二级,华东,浙江,技术,复印机,惠普,"惠普 墨水,0,30.00
A1004030,2021/7/16,AG-10675,标准级,西南,重庆,办公用品,收纳具,Tenex,"Tenex 盘,0,30.00
A1004091,2021/8/3,MS-17365,当日,华北,天津,办公用品,纸张,Green Bar,"Green Bar 令,0,30.00
A1004127,2021/8/7,BO-11350,标准级,西北,新疆,技术,配件,Memorex,"Memorex 键盘,0,30.00
A1004132,2021/8/8,BO-11350,当日,华东,山东,办公用品,收纳具,Smead,"Smead 盘,0,30.00
A1004150,2021/8/12,JB-16045,标准级,东北,黑龙江,家具,椅子,Novimex,"Novimex 扶手椅,0,30.00
A1004163,2021/8/15,AH-10075,标准级,西南,重庆,技术,配件,SanDisk,"SanDisk 键盘,0,30.00
A1004166,2021/8/16,ML-17755,标准级,华北,北京,办公用品,装订机,Cardinal,"Cardinal 订书机,0,30.00
A1004183,2021/8/20,AH-10075,二级,华北,北京,技术,设备,柯尼卡,"柯尼卡 卡片打印机,0,30.00
A1004197,2021/8/21,GM-14500,标准级,华东,上海,办公用品,美术,Boston,"Boston 钢笔,0,30.00
A1004244,2021/8/30,PM-18940,标准级,华东,浙江,办公用品,信封,Jiffy,"Jiffy 外皮和封条,0,30.00
A1004249,2021/8/31,BT-11680,二级,华北,天津,办公用品,美术,BIC,"BIC 钢笔,0,30.00
A1004249,2021/8/31,MS-17770,二级,华北,天津,技术,配件,贝尔金,"贝尔金 闪存驱动器,0,30.00
A1004287,2021/9/9,JG-15160,标准级,华北,山西,技术,设备,StarTech,"StarTech 喷墨打印机,0,30.00
A1004367,2021/9/21,SM-20950,一级,华北,山西,办公用品,装订机,Cardinal,"Cardinal 孔加固材料,0,30.00
A1004367,2021/9/21,SP-20650,一级,华北,山西,家具,书架,Dania,"Dania 古典书架,0,30.00
A1004414,2021/10/1,BP-11290,当日,华东,江西,家具,书架,Sauder,"Sauder 古典书架,0,30.00
A1004421,2021/10/2,CV-12805,二级,华北,天津,办公用品,装订机,Cardinal,"Cardinal 装订机,0,30.00
A1004435,2021/10/5,JL-15130,标准级,东北,黑龙江,技术,配件,罗技,"罗技 键盘,0,30.00
A1004438,2021/10/6,JH-15430,一级,华北,北京,办公用品,纸张,SanDisk,"SanDisk 笔记本,0,30.00
A1004623,2021/11/6,DB-13660,标准级,华东,江苏,办公用品,系固件,Stockwell,"Stockwell 图钉,0,30.00
A1004648,2021/11/10,RO-19780,标准级,华东,江苏,办公用品,纸张,Green Bar,"Green Bar 羊皮纸,0,30.00
A1004671,2021/11/13,DG-13300,标准级,西南,云南,家具,用具,Deflect-O,"Deflect-O 灯泡,0,30.00
A1004694,2021/11/18,BP-11185,当日,华北,河北,家具,用具,Rubbermaid,"Rubvermaid 门挡,0,30.00
A1001806,2019/11/24,MC-17845,一级,东北,辽宁,技术,配件,SanDisk,"SanDisk 键区,0,29.00
A1001814,2019/11/26,ML-17410,标准级,东北,辽宁,技术,电话,三星,"三星 充电器,0,29.00
A1001837,2019/12/3,DH-13075,当日,中南,广东,家具,椅子,Hon,"Hon 扶手椅,0,29.00
A1001849,2019/12/6,VM-21835,二级,东北,黑龙江,办公用品,收纳具,Eldon,"Eldon 锁柜,0,29.00
A1001865,2019/12/11,JK-15370,二级,华东,山东,办公用品,信封,Ames,"Ames 商业信封,0,29.00
A1001898,2019/12/21,TS-21370,标准级,西南,重庆,家具,用具,Tenex,"Tenex 分层置放架,0,29.00
A1001927,2019/12/29,SJ-20125,标准级,华东,浙江,技术,复印机,Brother,"Brother 个人复印机,0,29.00
A1002058,2020/3/4,KB-16315,一级,华东,福建,技术,电话,三星,"三星 充电器,0,29.00
A1002068,2020/3/7,RB-19330,标准级,中南,广西,办公用品,信封,Cameo,"Cameo 局间信封,0,29.00
A1002101,2020/3/20,PF-19120,标准级,中南,广西,办公用品,用品,Kleencut,"Kleencut 尺子,0,29.00
A1002109,2020/3/22,EB-13840,标准级,东北,辽宁,技术,电话,思科,"思科 信号增强器,0,29.00
A1002112,2020/3/25,KB-16600,标准级,东北,黑龙江,家具,椅子,Novimex,"Novimex 折叠椅,0,29.00
A1002230,2020/5/6,CB-12415,标准级,华东,山东,家具,椅子,Safco,"SAFCO 扶手椅,0,29.00
A1002239,2020/5/8,AA-10645,二级,西北,青海,技术,电话,诺基亚,"诺基亚 智能手机,0,29.00
A1002257,2020/5/14,FM-14215,标准级,西南,四川,办公用品,装订机,Cardinal,"Cardinal 装订机盖,0,29.00
A1002300,2020/5/24,NL-18310,一级,华东,福建,技术,设备,松下,"松下 喷墨打印机,0,29.00
A1002397,2020/6/14,SG-20605,标准级,华北,内蒙古,家具,椅子,Safco,"SAFCO 扶手椅,0,29.00
A1002420,2020/6/18,MK-17905,标准级,中南,广东,家具,椅子,Harbour Creations,"Harbour Creations 凳子,0,29.00
A1002447,2020/6/24,SH-19975,标准级,中南,广西,办公用品,装订机,Acco,"Acco 装订机,0,29.00
A1002465,2020/6/28,MS-17530,二级,东北,辽宁,技术,电话,摩托罗拉,"摩托罗拉 耳机,0,29.00
A1002490,2020/7/8,TS-21205,标准级,华东,江苏,办公用品,系固件,Advantus,"Advantus 图钉,0,29.00
A1002502,2020/7/13,IM-15070,标准级,华东,福建,技术,复印机,Brother,"Brother 墨水,0,29.00
A1002569,2020/8/6,PN-18775,标准级,华北,内蒙古,办公用品,用品,Fiskars,"Fiskars 修剪器,0,29.00
A1002631,2020/8/19,SA-20830,一级,华北,内蒙古,办公用品,装订机,Wilson Jones,"Wilson Jones 装订机盖,0,29.00
A1002635,2020/8/20,CM-11815,一级,华东,福建,办公用品,标签,Avery,"Avery 有色标签,0,29.00
A1002643,2020/8/21,CB-12025,标准级,华北,山西,办公用品,器具,Breville,"Breville 冰箱,0,29.00
A1002661,2020/8/23,AB-10165,标准级,中南,广东,技术,配件,SanDisk,"SanDisk 闪存驱动器,0,29.00
A1002719,2020/9/5,TZ-21580,标准级,华东,安徽,家具,书架,Dania,"Dania 柜,0,29.00
A1002717,2020/9/5,DM-13345,二级,华东,上海,家具,书架,Safco,"Safco 古典书架,0,29.00
A1002742,2020/9/11,DM-13525,二级,华北,天津,办公用品,器具,Hamilton Beach,"Hamilton Beach 微波炉,0,29.00
A1002744,2020/9/11,AI-10855,标准级,东北,黑龙江,办公用品,信封,Cameo,"Cameo 邮寄品,0,29.00
A1002782,2020/9/19,AB-10255,标准级,中南,广东,技术,电话,苹果,"苹果 音频基座,0,29.00
A1002785,2020/9/19,CK-12595,标准级,华东,福建,家具,桌子,Lesro,"Lesro 电脑桌,0,29.00
A1002809,2020/9/24,PS-18970,标准级,华东,安徽,办公用品,器具,Cuisinart,"Cuisinart 搅拌机,0,29.00
A1002845,2020/10/2,JG-15310,二级,东北,黑龙江,家具,用具,Eldon,"Eldon 相框,0,29.00
A1002849,2020/10/3,RD-19585,标准级,华北,山西,技术,复印机,惠普,"惠普 复印机,0,29.00
A1002863,2020/10/5,AG-10765,二级,华东,上海,办公用品,美术,BIC,"BIC 荧光笔,0,29.00
A1002930,2020/10/22,MJ-17740,标准级,西南,云南,办公用品,装订机,Wilson Jones,"Wilson Jones 孔加固材料,0,29.00
A1002971,2020/10/30,PF-19120,二级,华东,浙江,办公用品,美术,BIC,"BIC 荧光笔,0,29.00
A1002981,2020/10/31,CB-12535,一级,华北,内蒙古,技术,设备,松下,"松下 计算器,0,29.00
A1002983,2020/11/1,TS-21430,一级,中南,湖南,办公用品,纸张,施乐,"施乐 羊皮纸,0,29.00
A1002989,2020/11/2,LR-17035,二级,华东,浙江,办公用品,装订机,Cardinal,"Cardinal 订书机,0,29.00
A1003170,2020/12/6,CS-12250,标准级,华北,河北,办公用品,器具,Cuisinart,"Cuisinart 冰箱,0,29.00
A1003190,2020/12/13,AH-10120,标准级,西南,云南,技术,复印机,夏普,"夏普 无线传真机,0,29.00
A1003238,2020/12/28,FC-14245,标准级,中南,湖南,办公用品,用品,Stiletto,"Stiletto 大剪刀,0,29.00
A1003281,2021/1/10,GG-14650,标准级,东北,黑龙江,技术,配件,贝尔金,"贝尔金 键区,0,29.00
A1003409,2021/2/25,SC-20230,标准级,华北,山西,家具,椅子,Novimex,"Novimex 摇椅,0,29.00
A1003427,2021/3/2,VS-21820,二级,东北,黑龙江,办公用品,标签,Harbour Creations,"Harbour Creations 合法证物标签,0,29.00
A1003546,2021/4/7,AH-10030,标准级,东北,黑龙江,技术,电话,诺基亚,"诺基亚 信号增强器,0,29.00
A1003549,2021/4/8,NP-18325,标准级,东北,吉林,办公用品,系固件,Advantus,"Advantus 回形针,0,29.00
A1003547,2021/4/8,NP-18325,标准级,华北,天津,家具,用具,Advantus,"Advantus 分层置放架,0,29.00
A1003553,2021/4/9,RC-19960,标准级,中南,湖北,办公用品,装订机,Ibico,"Ibico 孔加固材料,0,29.00
A1003580,2021/4/23,SC-20695,标准级,中南,湖北,办公用品,装订机,Avery,"Avery 孔加固材料,0,29.00
A1003589,2021/4/24,AG-10675,标准级,西南,四川,办公用品,器具,Cuisinart,"Cuisinart 冰箱,0,29.00
A1003600,2021/4/28,LC-17140,标准级,华东,山东,技术,复印机,惠普,"惠普 复印机,0,29.00
A1003608,2021/4/30,JK-15730,一级,华东,福建,办公用品,装订机,Acco,"Acco 孔加固材料,0,29.00
A1003616,2021/5/1,KH-16330,二级,华东,山东,办公用品,信封,Cameo,"Cameo 商业信封,0,29.00
A1003628,2021/5/4,DV-13045,标准级,中南,湖南,技术,设备,冲电器,"冲电器 电话,0,29.00
A1003676,2021/5/12,SJ-20125,标准级,中南,湖南,办公用品,信封,Jiffy,"Jiffy 外皮和封条,0,29.00
A1003674,2021/5/12,LL-16840,标准级,中南,广东,办公用品,标签,Harbour Creations,"Harbour Creations 运输标签,0,29.00
A1003736,2021/5/20,TB-21250,标准级,华北,河北,办公用品,收纳具,Tenex,"Tenex 文件夹,0,29.00
A1003774,2021/5/26,DB-13555,二级,中南,广东,技术,配件,SanDisk,"SanDisk 闪存驱动器,0,29.00
A1003773,2021/5/26,LB-16795,标准级,东北,吉林,办公用品,器具,Hamilton Beach,"Hamilton Beach 搅拌机,0,29.00
A1003773,2021/5/26,DL-12925,标准级,东北,吉林,技术,电话,三星,"三星 耳机,0,29.00
A1003885,2021/6/13,AG-10390,二级,西南,重庆,技术,电话,三星,"三星 信号增强器,0,29.00
A1003893,2021/6/15,DC-12850,标准级,华北,天津,技术,电话,思科,"思科 耳机,0,29.00
A1003942,2021/6/23,MM-18055,二级,东北,辽宁,办公用品,器具,Hamilton Beach,"Hamilton Beach 搅拌机,0,29.00
A1003957,2021/6/25,DM-13525,标准级,中南,湖北,技术,配件,SanDisk,"SanDisk 鼠标,0,29.00
A1003967,2021/6/27,JM-16195,标准级,华东,山东,办公用品,装订机,Cardinal,"Cardinal 孔加固材料,0,29.00
A1003968,2021/6/27,CM-12715,标准级,华北,内蒙古,办公用品,收纳具,Eldon,"Eldon 文件夹,0,29.00
A1003999,2021/7/7,CR-12820,标准级,中南,广东,办公用品,装订机,Avery,"Avery 订书机,0,29.00
A1004112,2021/8/5,GW-14605,标准级,东北,吉林,办公用品,装订机,Ibico,"Ibico 打孔机,0,29.00
A1004148,2021/8/12,CD-12790,当日,华东,江苏,家具,椅子,Hon,"Hon 凳子,0,29.00
A1004177,2021/8/18,SC-20260,一级,中南,湖北,办公用品,收纳具,Fellowes,"Fellowes 搁板,0,29.00
A1004201,2021/8/22,TW-21025,一级,东北,辽宁,办公用品,标签,Smead,"Smead 有色标签,0,29.00
A1004219,2021/8/25,NR-18550,一级,华东,山东,技术,配件,贝尔金,"贝尔金 记忆卡,0,29.00
A1004234,2021/8/28,HR-14830,标准级,西南,四川,办公用品,器具,KitchenAid,"KitchenAid 搅拌机,0,29.00
A1004260,2021/9/1,FH-14365,二级,华东,山东,技术,配件,Memorex,"Memorex 闪存驱动器,0,29.00
A1004296,2021/9/10,HJ-14875,当日,华北,河北,办公用品,系固件,Stockwell,"Stockwell 按钉,0,29.00
A1004295,2021/9/10,PO-18850,标准级,华东,安徽,办公用品,器具,Breville,"Breville 烤面包机,0,29.00
A1004303,2021/9/11,CR-12625,标准级,华东,安徽,办公用品,装订机,Cardinal,"Cardinal 打孔机,0,29.00
A1004309,2021/9/12,PP-18955,标准级,中南,广东,家具,书架,Bush,"Bush 墙角架,0,29.00
A1004367,2021/9/21,JF-15190,一级,华北,山西,办公用品,系固件,OIC,"OIC 按钉,0,29.00
A1004381,2021/9/25,KF-16285,标准级,华北,河北,办公用品,器具,Breville,"Breville 搅拌机,0,29.00
A1004389,2021/9/26,DN-13690,标准级,东北,黑龙江,办公用品,系固件,OIC,"OIC 订书钉,0,29.00
A1004389,2021/9/26,DP-13105,标准级,东北,黑龙江,家具,书架,宜家,"宜家 墙角架,0,29.00
A1004389,2021/9/26,JW-15220,标准级,东北,黑龙江,家具,桌子,Hon,"Hon 会议桌,0,29.00
A1004393,2021/9/28,SN-20560,二级,东北,吉林,家具,椅子,Safco,"SAFCO 沙滩椅,0,29.00
A1004422,2021/10/2,AH-10690,标准级,华东,山东,办公用品,系固件,OIC,"OIC 图钉,0,29.00
A1004921,2021/12/30,SH-20395,一级,华北,河北,办公用品,装订机,Avery,"Avery 装订机,0,29.00
A1004923,2021/12/30,AG-10525,二级,中南,广东,技术,设备,松下,"松下 计算器,0,29.00
A1001806,2019/11/24,PP-18955,一级,东北,辽宁,办公用品,信封,Ames,"Ames 马尼拉纸信封,0,28.00
A1001819,2019/11/27,BT-11680,标准级,东北,黑龙江,办公用品,系固件,Stockwell,"Stockwell 回形针,0,28.00
A1001861,2019/12/10,GB-14530,一级,中南,广东,技术,设备,松下,"松下 电话,0,28.00
A1001900,2019/12/21,JE-15745,标准级,华北,北京,技术,复印机,佳能,"佳能 个人复印机,0,28.00
A1001917,2019/12/26,JF-15355,标准级,西南,云南,办公用品,系固件,Advantus,"Advantus 图钉,0,28.00
A1001922,2019/12/28,DW-13195,标准级,华东,山东,家具,书架,Sauder,"Sauder 柜,0,28.00
A1002053,2020/3/1,TS-21340,二级,华东,江苏,技术,电话,摩托罗拉,"摩托罗拉 智能手机,0,28.00
A1002079,2020/3/12,TP-21565,一级,华北,河北,办公用品,收纳具,Tenex,"Tenex 文件车,0,28.00
A1002123,2020/3/30,TS-21610,标准级,中南,广东,家具,椅子,Hon,"Hon 摇椅,0,28.00
A1002127,2020/4/2,EP-13915,标准级,东北,黑龙江,办公用品,收纳具,Smead,"Smead 盒,0,28.00
A1002138,2020/4/8,CA-11965,标准级,华东,安徽,办公用品,装订机,Wilson Jones,"Wilson Jones 订书机,0,28.00
A1002187,2020/4/24,NC-18340,标准级,中南,广东,办公用品,收纳具,Rogers,"Rogers 文件车,0,28.00
A1002267,2020/5/16,LC-16930,标准级,西南,云南,技术,设备,爱普生,"爱普生 电话,0,28.00
A1002297,2020/5/23,NM-18445,当日,东北,黑龙江,办公用品,纸张,Green Bar,"Green Bar 信纸,0,28.00
A1002300,2020/5/24,TS-21430,一级,华东,福建,家具,书架,Safco,"Safco 柜,0,28.00
A1002329,2020/5/30,AP-10915,标准级,西南,四川,家具,书架,Bush,"Bush 书库,0,28.00
A1002441,2020/6/22,MZ-17515,二级,华北,山西,技术,电话,苹果,"苹果 信号增强器,0,28.00
A1002453,2020/6/25,AH-10210,标准级,华东,江西,技术,设备,StarTech,"StarTech 电话,0,28.00
A1002469,2020/6/28,BH-11710,标准级,华东,山东,办公用品,用品,Acme,"Acme 开信刀,0,28.00
A1002508,2020/7/17,RB-19645,二级,东北,辽宁,技术,设备,StarTech,"StarTech 收据打印机,0,28.00
A1002517,2020/7/19,SW-20350,标准级,中南,河南,办公用品,系固件,OIC,"OIC 夹子,0,28.00
A1002520,2020/7/22,SS-20410,二级,东北,黑龙江,技术,设备,StarTech,"StarTech 喷墨打印机,0,28.00
A1002527,2020/7/24,BB-11545,标准级,中南,湖北,办公用品,器具,Hamilton Beach,"Hamilton Beach 咖啡研磨机,0,28.00
A1002555,2020/8/2,MB-18085,二级,华东,福建,家具,用具,Tenex,"Tenex 分层置放架,0,28.00
A1002560,2020/8/3,SV-20365,二级,东北,吉林,办公用品,信封,Kraft,"Kraft 外皮和封条,0,28.00
A1002573,2020/8/7,AB-10150,二级,华东,江西,办公用品,收纳具,Smead,"Smead 盘,0,28.00
A1002610,2020/8/15,CS-12250,标准级,西北,陕西,办公用品,系固件,OIC,"OIC 回形针,0,28.00
A1002648,2020/8/21,XP-21865,二级,中南,广东,办公用品,收纳具,Tenex,"Tenex 锁柜,0,28.00
A1002640,2020/8/21,MA-17560,二级,中南,广东,家具,椅子,Novimex,"Novimex 扶手椅,0,28.00
A1002670,2020/8/27,SU-20665,当日,东北,黑龙江,办公用品,器具,Hamilton Beach,"Hamilton Beach 咖啡研磨机,0,28.00
A1002701,2020/9/2,CD-11920,标准级,西北,陕西,办公用品,信封,Cameo,"Cameo 马尼拉纸信封,0,28.00
A1002764,2020/9/16,CS-12250,标准级,东北,吉林,办公用品,美术,Stanley,"Stanley 速写本,0,28.00
A1002796,2020/9/20,DB-12970,标准级,华东,上海,办公用品,系固件,Advantus,"Advantus 回形针,0,28.00
A1002799,2020/9/21,IL-15100,一级,中南,湖南,办公用品,系固件,Advantus,"Advantus 橡皮筋,0,28.00
A1002807,2020/9/24,DB-13615,标准级,中南,河南,技术,复印机,佳能,"佳能 墨水,0,28.00
A1002862,2020/10/5,PG-18895,标准级,华北,内蒙古,办公用品,装订机,Ibico,"Ibico 装订机盖,0,28.00
A1002894,2020/10/12,JP-16135,标准级,东北,吉林,办公用品,标签,Hon,"Hon 合法证物标签,0,28.00
A1002918,2020/10/17,KE-16420,标准级,华北,山西,技术,设备,松下,"松下 收据打印机,0,28.00
A1002954,2020/10/26,JM-15580,一级,华东,江苏,办公用品,用品,Stiletto,"Stiletto 大剪刀,0,28.00
A1003294,2021/1/15,CP-12085,标准级,东北,吉林,技术,设备,StarTech,"StarTech 电话,0,28.00
A1003299,2021/1/17,BE-11455,标准级,东北,辽宁,技术,设备,柯尼卡,"柯尼卡 收据打印机,0,28.00
A1003310,2021/1/21,BF-11020,标准级,东北,辽宁,办公用品,收纳具,Tenex,"Tenex 锁柜,0,28.00
A1003311,2021/1/22,DB-13405,标准级,华东,江苏,家具,用具,Deflect-O,"Deflect-O 分层置放架,0,28.00
A1003321,2021/1/25,TB-21055,二级,西北,陕西,办公用品,装订机,Wilson Jones,"Wilson Jones 订书机,0,28.00
A1003331,2021/1/29,DR-12940,当日,华北,山西,家具,椅子,Safco,"SAFCO 折叠椅,0,28.00
A1003346,2021/2/4,SF-20200,标准级,中南,河南,办公用品,器具,Breville,"Breville 烤面包机,0,28.00
A1003475,2021/3/17,GT-14710,一级,中南,海南,办公用品,装订机,Ibico,"Ibico 订书机,0,28.00
A1003478,2021/3/19,AP-10915,标准级,东北,黑龙江,技术,设备,爱普生,"爱普生 计算器,0,28.00
A1003483,2021/3/20,EB-13750,标准级,东北,辽宁,办公用品,系固件,OIC,"OIC 回形针,0,28.00
A1003505,2021/3/27,KH-16690,标准级,中南,湖南,办公用品,美术,Sanford,"Sanford 画布,0,28.00
A1003525,2021/4/1,JG-15160,一级,西南,重庆,家具,用具,Advantus,"Advantus 灯泡,0,28.00
A1003553,2021/4/9,MW-18220,标准级,中南,湖北,技术,复印机,佳能,"佳能 传真复印机,0,28.00
A1003556,2021/4/10,ED-13885,标准级,中南,湖南,办公用品,用品,Fiskars,"Fiskars 尺子,0,28.00
A1003655,2021/5/8,CB-12535,标准级,华东,山东,办公用品,收纳具,Rogers,"Rogers 文件车,0,28.00
A1003677,2021/5/12,SJ-20125,标准级,华东,山东,办公用品,装订机,Ibico,"Ibico 打孔机,0,28.00
A1003691,2021/5/13,EM-14140,标准级,华东,山东,家具,椅子,Novimex,"Novimex 沙滩椅,0,28.00
A1003713,2021/5/16,RA-19885,标准级,华北,河北,技术,复印机,惠普,"惠普 墨水,0,28.00
A1003742,2021/5/20,RL-19615,标准级,华北,北京,技术,电话,苹果,"苹果 耳机,0,28.00
A1003741,2021/5/20,FH-14275,标准级,华东,浙江,家具,椅子,Office Star,"Office Star 折叠椅,0,28.00
A1003795,2021/5/29,SD-20485,二级,华东,山东,家具,用具,Rubbermaid,"Rubvermaid 相框,0,28.00
A1003831,2021/6/4,CP-12340,一级,华东,福建,家具,书架,Dania,"Dania 书架,0,28.00
A1003832,2021/6/4,KH-16510,标准级,华北,山西,办公用品,收纳具,Smead,"Smead 锁柜,0,28.00
A1003836,2021/6/5,CK-12595,一级,中南,河南,家具,椅子,Hon,"Hon 沙滩椅,0,28.00
A1003837,2021/6/5,JP-15460,标准级,华东,安徽,办公用品,美术,Binney & Smith,"Binney & Smith 画布,0,28.00
A1003847,2021/6/8,FG-14260,标准级,华东,浙江,技术,配件,Enermax,"Enermax 记忆卡,0,28.00
A1003897,2021/6/15,TS-21655,标准级,中南,河南,家具,椅子,Office Star,"Office Star 凳子,0,28.00
A1003892,2021/6/15,EH-14125,标准级,中南,河南,办公用品,纸张,Green Bar,"Green Bar 信纸,0,28.00
A1003903,2021/6/17,PP-18955,标准级,中南,广西,家具,用具,Advantus,"Advantus 框架,0,28.00
A1003914,2021/6/18,RW-19540,标准级,华东,安徽,办公用品,美术,Stanley,"Stanley 铅笔刀,0,28.00
A1003911,2021/6/18,RW-19540,标准级,华东,上海,技术,配件,贝尔金,"贝尔金 记忆卡,0,28.00
A1003943,2021/6/23,AA-10645,标准级,华东,山东,办公用品,系固件,Stockwell,"Stockwell 按钉,0,28.00
A1003997,2021/7/3,MV-18190,标准级,西南,云南,办公用品,信封,GlobeWeis,"GlobeWeis 外皮和封条,0,28.00
A1003993,2021/7/3,DK-13375,标准级,东北,吉林,家具,椅子,Harbour Creations,"Harbour Creations 扶手椅,0,28.00
A1004022,2021/7/14,NK-18490,标准级,华北,山西,家具,椅子,Novimex,"Novimex 凳子,0,28.00
A1004084,2021/8/3,SN-20560,标准级,华东,江苏,办公用品,装订机,Avery,"Avery 订书机,0,28.00
A1004154,2021/8/12,EJ-14155,标准级,中南,河南,办公用品,装订机,Acco,"Acco 装订机盖,0,28.00
A1004169,2021/8/17,LB-16795,二级,华东,山东,办公用品,信封,Ames,"Ames 搭扣信封,0,28.00
A1004187,2021/8/20,JB-16045,当日,华东,山东,家具,椅子,Harbour Creations,"Harbour Creations 沙滩椅,0,28.00
A1004228,2021/8/27,DO-13645,当日,华东,山东,办公用品,收纳具,Fellowes,"Fellowes 锁柜,0,28.00
A1004251,2021/8/31,MC-17590,标准级,华北,山西,家具,用具,Advantus,"Advantus 闹钟,0,28.00
A1004265,2021/9/3,PA-19060,标准级,华东,浙江,办公用品,用品,Acme,"Acme 开信刀,0,28.00
A1004263,2021/9/3,LS-17200,二级,华东,山东,办公用品,标签,Novimex,"Novimex 圆形标签,0,28.00
A1004292,2021/9/9,RH-19555,二级,华东,上海,办公用品,信封,GlobeWeis,"GlobeWeis 外皮和封条,0,28.00
A1004300,2021/9/11,AH-10075,标准级,西南,云南,家具,用具,Advantus,"Advantus 框架,0,28.00
A1004315,2021/9/14,MH-17290,标准级,华东,山东,办公用品,纸张,SanDisk,"SanDisk 笔记本,0,28.00
A1004330,2021/9/16,BO-11350,一级,华东,江苏,办公用品,系固件,OIC,"OIC 按钉,0,28.00
A1004355,2021/9/18,VM-21685,标准级,华东,山东,家具,椅子,Safco,"SAFCO 凳子,0,28.00
A1004397,2021/9/28,CC-12475,二级,华东,江苏,家具,椅子,Harbour Creations,"Harbour Creations 椅垫,0,28.00
A1004396,2021/9/28,TC-21295,标准级,华东,山东,办公用品,标签,Harbour Creations,"Harbour Creations 可去除的标签,0,28.00
A1004428,2021/10/3,HE-14800,标准级,华东,山东,技术,设备,松下,"松下 电话,0,28.00
A1004441,2021/10/6,LW-17125,标准级,华北,河北,技术,设备,松下,"松下 电话,0,28.00
A1004461,2021/10/9,JG-15115,一级,华北,内蒙古,办公用品,标签,Novimex,"Novimex 文件夹标签,0,28.00
A1001810,2019/11/26,EB-13750,二级,中南,广东,家具,书架,Sauder,"Sauder 书架,0,27.00
A1001820,2019/11/27,BT-11680,二级,华东,安徽,办公用品,收纳具,Smead,"Smead 盘,0,27.00
A1001834,2019/12/3,DH-13075,二级,中南,湖北,技术,设备,冲电器,"冲电器 喷墨打印机,0,27.00
A1001844,2019/12/4,JK-15625,当日,西南,四川,办公用品,收纳具,Fellowes,"Fellowes 盘,0,27.00
A1001875,2019/12/12,LF-17185,二级,东北,黑龙江,办公用品,标签,Novimex,"Novimex 可去除的标签,0,27.00
A1001875,2019/12/12,JD-15895,二级,东北,黑龙江,技术,配件,SanDisk,"SanDisk 键盘,0,27.00
A1001874,2019/12/12,IL-15100,标准级,东北,黑龙江,家具,书架,Safco,"Safco 书库,0,27.00
A1001886,2019/12/17,HG-14845,标准级,中南,广西,家具,书架,宜家,"宜家 古典书架,0,27.00
A1001893,2019/12/19,JM-15655,标准级,华东,浙江,办公用品,美术,BIC,"BIC 荧光笔,0,27.00
A1001896,2019/12/20,KM-16720,标准级,东北,辽宁,办公用品,信封,Cameo,"Cameo 商业信封,0,27.00
A1001909,2019/12/25,AJ-10960,标准级,东北,辽宁,家具,桌子,Chromcraft,"Chromcraft 木桌,0,27.00
A1002047,2020/2/28,DL-13495,一级,中南,广东,家具,用具,Advantus,"Advantus 灯泡,0,27.00
A1002080,2020/3/12,HJ-14875,标准级,中南,河南,技术,配件,SanDisk,"SanDisk 闪存驱动器,0,27.00
A1002133,2020/4/4,SF-20200,标准级,东北,黑龙江,办公用品,纸张,Enermax,"Enermax 羊皮纸,0,27.00
A1002165,2020/4/12,TB-21355,标准级,中南,湖南,办公用品,美术,Boston,"Boston 铅笔刀,0,27.00
A1002164,2020/4/12,PO-18850,标准级,中南,广东,技术,复印机,佳能,"佳能 无线传真机,0,27.00
A1002194,2020/4/27,SB-20290,二级,华东,江苏,技术,复印机,Brother,"Brother 传真复印机,0,27.00
A1002193,2020/4/27,BT-11305,二级,中南,广东,办公用品,装订机,Cardinal,"Cardinal 订书机,0,27.00
A1002207,2020/5/1,SW-20245,一级,华东,江苏,办公用品,装订机,Cardinal,"Cardinal 装订机盖,0,27.00
A1002235,2020/5/7,SR-20740,标准级,中南,河南,办公用品,器具,Cuisinart,"Cuisinart 微波炉,0,27.00
A1002263,2020/5/15,BG-11740,二级,华东,浙江,办公用品,装订机,Cardinal,"Cardinal 装订机,0,27.00
A1002274,2020/5/17,MB-17305,标准级,东北,辽宁,办公用品,系固件,Stockwell,"Stockwell 按钉,0,27.00
A1002363,2020/6/6,CT-11995,标准级,东北,黑龙江,家具,书架,Dania,"Dania 古典书架,0,27.00
A1002391,2020/6/13,JD-16060,标准级,东北,吉林,技术,电话,苹果,"苹果 耳机,0,27.00
A1002401,2020/6/14,TS-21160,标准级,华东,江西,办公用品,信封,GlobeWeis,"GlobeWeis 外皮和封条,0,27.00
A1002444,2020/6/24,PB-19150,标准级,华北,河北,办公用品,器具,KitchenAid,"KitchenAid 炉灶,0,27.00
A1002498,2020/7/11,DP-13000,当日,华北,河北,办公用品,收纳具,Eldon,"Eldon 盒,0,27.00
A1002543,2020/7/30,CS-11950,标准级,华北,内蒙古,家具,用具,Deflect-O,"Deflect-O 分层置放架,0,27.00
A1002596,2020/8/12,LA-16780,二级,东北,吉林,办公用品,用品,Fiskars,"Fiskars 剪刀,0,27.00
A1002602,2020/8/13,DJ-13510,当日,中南,广西,技术,配件,Enermax,"Enermax 键盘,0,27.00
A1002621,2020/8/16,JM-15865,标准级,华北,河北,技术,复印机,夏普,"夏普 无线传真机,0,27.00
A1002629,2020/8/19,TT-21265,二级,华东,山东,办公用品,装订机,Wilson Jones,"Wilson Jones 订书机,0,27.00
A1002645,2020/8/21,AH-10195,当日,华北,山西,技术,复印机,佳能,"佳能 墨水,0,27.00
A1002651,2020/8/22,KL-16555,标准级,华东,安徽,办公用品,系固件,Stockwell,"Stockwell 回形针,0,27.00
A1002685,2020/8/29,KB-16315,二级,中南,广东,家具,椅子,Novimex,"Novimex 沙滩椅,0,27.00
A1002688,2020/8/30,SH-20395,标准级,华东,浙江,家具,用具,Eldon,"Eldon 灯泡,0,27.00
A1002711,2020/9/4,GR-14560,标准级,华东,浙江,家具,用具,Tenex,"Tenex 分层置放架,0,27.00
A1002720,2020/9/5,HF-14995,一级,中南,河南,技术,配件,Memorex,"Memorex 键区,0,27.00
A1002770,2020/9/17,MM-18055,标准级,中南,河南,办公用品,收纳具,Smead,"Smead 盘,0,27.00
A1002776,2020/9/18,TH-21115,二级,华东,山东,办公用品,用品,Acme,"Acme 美工刀,0,27.00
A1002790,2020/9/20,DB-12970,标准级,中南,河南,技术,设备,StarTech,"StarTech 计算器,0,27.00
A1002802,2020/9/22,SU-20665,标准级,西南,重庆,办公用品,用品,Fiskars,"Fiskars 剪刀,0,27.00
A1002813,2020/9/25,BP-11095,标准级,东北,吉林,办公用品,收纳具,Eldon,"Eldon 文件车,0,27.00
A1002860,2020/10/4,RD-19585,二级,西南,云南,办公用品,标签,Avery,"Avery 合法证物标签,0,27.00
A1002889,2020/10/11,DH-13075,标准级,华东,山东,办公用品,信封,Jiffy,"Jiffy 马尼拉纸信封,0,27.00
A1002953,2020/10/25,BP-11050,标准级,华东,山东,办公用品,收纳具,Fellowes,"Fellowes 文件车,0,27.00
A1002996,2020/11/4,RR-19525,二级,中南,湖南,办公用品,装订机,Ibico,"Ibico 装订机,0,27.00
A1003023,2020/11/11,AH-10075,标准级,中南,河南,办公用品,美术,Stanley,"Stanley 记号笔,0,27.00
A1003031,2020/11/12,TT-21070,标准级,中南,广东,技术,配件,贝尔金,"贝尔金 键盘,0,27.00
A1003519,2021/3/31,KM-16720,标准级,东北,辽宁,办公用品,美术,Boston,"Boston 记号笔,0,27.00
A1003519,2021/3/31,KM-16720,标准级,东北,辽宁,家具,用具,Advantus,"Advantus 灯泡,0,27.00
A1003519,2021/3/31,LW-16990,标准级,东北,辽宁,技术,设备,松下,"松下 卡片打印机,0,27.00
A1003557,2021/4/11,JS-15880,标准级,中南,河南,技术,电话,摩托罗拉,"摩托罗拉 智能手机,0,27.00
A1003587,2021/4/24,ML-17395,当日,华北,北京,办公用品,装订机,Cardinal,"Cardinal 装订机,0,27.00
A1003587,2021/4/24,PG-18895,当日,华北,北京,办公用品,装订机,Ibico,"Ibico 订书机,0,27.00
A1003602,2021/4/28,JK-15730,二级,东北,吉林,家具,书架,Bush,"Bush 墙角架,0,27.00
A1003609,2021/4/30,SC-20575,标准级,华北,天津,家具,椅子,Novimex,"Novimex 扶手椅,0,27.00
A1003625,2021/5/4,JK-15625,二级,中南,河南,办公用品,纸张,Enermax,"Enermax 令,0,27.00
A1003665,2021/5/11,JL-15235,二级,中南,广东,家具,书架,Safco,"Safco 柜,0,27.00
A1003710,2021/5/15,CC-12475,一级,华东,上海,办公用品,装订机,Avery,"Avery 孔加固材料,0,27.00
A1003706,2021/5/15,JL-15835,标准级,华东,山东,办公用品,信封,GlobeWeis,"GlobeWeis 邮寄品,0,27.00
A1003743,2021/5/20,TB-21250,二级,中南,广西,技术,复印机,夏普,"夏普 传真复印机,0,27.00
A1003779,2021/5/27,DB-13120,二级,华东,上海,办公用品,用品,Elite,"Elite 大剪刀,0,27.00
A1003782,2021/5/27,PS-18970,标准级,东北,辽宁,技术,复印机,佳能,"佳能 传真机,0,27.00
A1003809,2021/6/1,AA-10480,一级,华北,北京,技术,设备,冲电器,"冲电器 卡片打印机,0,27.00
A1003817,2021/6/3,PA-19060,二级,华东,上海,家具,用具,Eldon,"Eldon 分层置放架,0,27.00
A1003827,2021/6/4,SC-20680,二级,华东,福建,技术,配件,Enermax,"Enermax 鼠标,0,27.00
A1003876,2021/6/13,JK-15205,一级,中南,湖北,家具,用具,Rubbermaid,"Rubvermaid 灯泡,0,27.00
A1003889,2021/6/15,DC-12850,标准级,东北,辽宁,技术,配件,Enermax,"Enermax 鼠标,0,27.00
A1003973,2021/6/28,BF-10975,标准级,华东,浙江,办公用品,用品,Fiskars,"Fiskars 修剪器,0,27.00
A1003990,2021/7/2,KH-16690,一级,东北,吉林,技术,设备,StarTech,"StarTech 卡片打印机,0,27.00
A1004050,2021/7/21,TG-21310,一级,西南,重庆,技术,电话,诺基亚,"诺基亚 充电器,0,27.00
A1004112,2021/8/5,MT-18070,标准级,东北,吉林,办公用品,信封,GlobeWeis,"GlobeWeis 局间信封,0,27.00
A1004128,2021/8/7,GM-14440,二级,华东,安徽,办公用品,收纳具,Eldon,"Eldon 盘,0,27.00
A1004165,2021/8/15,TH-21100,标准级,华东,浙江,办公用品,信封,GlobeWeis,"GlobeWeis 局间信封,0,27.00
A1004186,2021/8/20,TH-21115,标准级,华东,安徽,办公用品,装订机,Acco,"Acco 标签,0,27.00
A1004215,2021/8/25,CA-12775,二级,中南,河南,技术,设备,StarTech,"StarTech 收据打印机,0,27.00
A1004241,2021/8/29,GB-14530,一级,中南,河南,技术,配件,SanDisk,"SanDisk 键区,0,27.00
A1004243,2021/8/29,GB-14530,标准级,西南,云南,办公用品,收纳具,Fellowes,"Fellowes 文件车,0,27.00
A1004274,2021/9/7,LC-17050,标准级,华北,内蒙古,办公用品,美术,Sanford,"Sanford 铅笔刀,0,27.00
A1004296,2021/9/10,CJ-11875,当日,华北,河北,办公用品,系固件,Stockwell,"Stockwell 订书钉,0,27.00
A1004351,2021/9/18,CM-11815,二级,中南,河南,技术,配件,SanDisk,"SanDisk 路由器,0,27.00
A1004391,2021/9/26,JW-15220,标准级,华北,河北,技术,复印机,佳能,"佳能 传真机,0,27.00
A1004435,2021/10/5,NC-18535,标准级,东北,黑龙江,办公用品,系固件,Stockwell,"Stockwell 订书钉,0,27.00
A1004462,2021/10/9,HG-14845,标准级,中南,广东,办公用品,收纳具,Eldon,"Eldon 文件夹,0,27.00
A1001823,2019/11/28,JC-15340,当日,中南,广东,家具,椅子,Hon,"Hon 椅垫,0,26.00
A1001888,2019/12/18,JG-15805,当日,华北,河北,家具,用具,Rubbermaid,"Rubvermaid 框架,0,26.00
A1001912,2019/12/25,JK-16120,标准级,东北,吉林,办公用品,收纳具,Fellowes,"Fellowes 盒,0,26.00
A1001998,2020/2/4,SF-20965,标准级,东北,辽宁,家具,用具,Advantus,"Advantus 闹钟,0,26.00
A1002042,2020/2/27,MC-17275,标准级,西南,云南,技术,复印机,惠普,"惠普 墨水,0,26.00
A1002054,2020/3/1,TS-21340,标准级,西北,陕西,家具,用具,Advantus,"Advantus 灯泡,0,26.00
A1002065,2020/3/5,KD-16495,一级,东北,吉林,办公用品,器具,Breville,"Breville 炉灶,0,26.00
A1002086,2020/3/15,JF-15355,二级,华北,河北,办公用品,信封,GlobeWeis,"GlobeWeis 马尼拉纸信封,0,26.00
A1002157,2020/4/11,HA-14920,标准级,华北,内蒙古,技术,电话,摩托罗拉,"摩托罗拉 耳机,0,26.00
A1002167,2020/4/15,RD-19720,二级,西南,重庆,办公用品,用品,Elite,"Elite 美工刀,0,26.00
A1002216,2020/5/2,AH-10210,一级,东北,黑龙江,家具,书架,Dania,"Dania 书架,0,26.00
A1002231,2020/5/6,DK-13375,标准级,华东,江西,家具,椅子,Hon,"Hon 摇椅,0,26.00
A1002246,2020/5/10,MG-17680,标准级,中南,广东,技术,电话,诺基亚,"诺基亚 办公室电话机,0,26.00
A1002248,2020/5/11,CD-11920,标准级,华东,江苏,办公用品,美术,BIC,"BIC 钢笔,0,26.00
A1002257,2020/5/14,MS-17980,标准级,西南,四川,家具,椅子,Novimex,"Novimex 凳子,0,26.00
A1002272,2020/5/17,RS-19765,一级,中南,河南,办公用品,收纳具,Smead,"Smead 搁板,0,26.00
A1002329,2020/5/30,AP-10915,标准级,西南,四川,办公用品,标签,Harbour Creations,"Harbour Creations 运输标签,0,26.00
A1002351,2020/6/4,AC-10450,二级,中南,河南,办公用品,收纳具,Tenex,"Tenex 文件夹,0,26.00
A1002363,2020/6/6,HL-15040,标准级,东北,黑龙江,办公用品,信封,Cameo,"Cameo 搭扣信封,0,26.00
A1002366,2020/6/6,CT-11995,标准级,华东,安徽,办公用品,纸张,Eaton,"Eaton 信纸,0,26.00
A1002409,2020/6/16,AC-10450,二级,东北,吉林,办公用品,美术,Boston,"Boston 速写本,0,26.00
A1002410,2020/6/17,SC-20725,标准级,东北,黑龙江,办公用品,纸张,Enermax,"Enermax 计划信息表,0,26.00
A1002428,2020/6/20,EB-14110,当日,东北,吉林,办公用品,系固件,Accos,"Accos 按钉,0,26.00
A1002451,2020/6/24,PB-19150,标准级,东北,吉林,办公用品,装订机,Avery,"Avery 订书机,0,26.00
A1002456,2020/6/25,KN-16390,一级,中南,湖南,技术,配件,Memorex,"Memorex 记忆卡,0,26.00
A1002454,2020/6/25,SC-20695,标准级,中南,湖北,技术,复印机,夏普,"夏普 传真复印机,0,26.00
A1002458,2020/6/26,RF-19345,二级,东北,黑龙江,办公用品,信封,Cameo,"Cameo 商业信封,0,26.00
A1002482,2020/7/3,DP-13390,一级,东北,黑龙江,办公用品,装订机,Cardinal,"Cardinal 打孔机,0,26.00
A1002494,2020/7/9,AB-10015,标准级,中南,广东,办公用品,装订机,Avery,"Avery 打孔机,0,26.00
A1002507,2020/7/17,SZ-20035,标准级,华北,山西,办公用品,装订机,Cardinal,"Cardinal 标签,0,26.00
A1002574,2020/8/7,KB-16585,标准级,中南,广西,家具,用具,Eldon,"Eldon 灯泡,0,26.00
A1002571,2020/8/7,KB-16585,标准级,中南,湖南,办公用品,装订机,Acco,"Acco 标签,0,26.00
A1002578,2020/8/8,JA-15970,标准级,华北,河北,家具,书架,宜家,"宜家 墙角架,0,26.00
A1002594,2020/8/12,SC-20020,一级,华东,山东,家具,用具,Tenex,"Tenex 门挡,0,26.00
A1002665,2020/8/24,JS-15940,当日,中南,湖北,技术,电话,三星,"三星 智能手机,0,26.00
A1002723,2020/9/6,TB-21625,标准级,中南,广东,办公用品,器具,Breville,"Breville 搅拌机,0,26.00
A1002761,2020/9/16,SJ-20500,二级,东北,吉林,办公用品,收纳具,Smead,"Smead 搁板,0,26.00
A1002779,2020/9/18,EN-13780,标准级,东北,吉林,办公用品,用品,Fiskars,"Fiskars 修剪器,0,26.00
A1002791,2020/9/20,DB-12970,标准级,中南,河南,办公用品,收纳具,Tenex,"Tenex 盘,0,26.00
A1002813,2020/9/25,SB-20185,标准级,东北,吉林,办公用品,系固件,OIC,"OIC 橡皮筋,0,26.00
A1002815,2020/9/26,BS-11380,标准级,西南,云南,办公用品,美术,Binney & Smith,"Binney & Smith 记号笔,0,26.00
A1002836,2020/10/1,AJ-10795,标准级,华东,上海,家具,书架,宜家,"宜家 搁架,0,26.00
A1002868,2020/10/7,NW-18400,标准级,东北,辽宁,技术,复印机,Hewlett,"Hewlett 复印机,0,26.00
A1002876,2020/10/8,KB-16585,标准级,东北,吉林,技术,设备,柯尼卡,"柯尼卡 收据打印机,0,26.00
A1002877,2020/10/9,DR-12880,二级,华北,河北,家具,用具,Eldon,"Eldon 灯泡,0,26.00
A1002887,2020/10/10,JK-15625,当日,华东,福建,技术,电话,思科,"思科 音频基座,0,26.00
A1002888,2020/10/11,LH-16900,二级,中南,湖北,家具,椅子,Safco,"SAFCO 椅垫,0,26.00
A1002922,2020/10/18,DL-13315,二级,西南,重庆,办公用品,用品,Fiskars,"Fiskars 开信刀,0,26.00
A1002948,2020/10/24,MV-17485,标准级,东北,吉林,技术,设备,爱普生,"爱普生 计算器,0,26.00
A1003549,2021/4/8,NP-18325,标准级,东北,吉林,家具,桌子,Barricks,"Barricks 圆桌,0,26.00
A1003554,2021/4/10,JM-15250,一级,华北,北京,家具,椅子,Office Star,"Office Star 摇椅,0,26.00
A1003565,2021/4/14,EH-13765,二级,东北,黑龙江,技术,配件,Enermax,"Enermax 路由器,0,26.00
A1003590,2021/4/25,AW-10930,标准级,东北,辽宁,家具,用具,Tenex,"Tenex 框架,0,26.00
A1003613,2021/4/30,JK-15730,一级,中南,湖南,办公用品,用品,Elite,"Elite 美工刀,0,26.00
A1003621,2021/5/2,SC-20440,标准级,中南,广东,技术,配件,Enermax,"Enermax 键区,0,26.00
A1003623,2021/5/4,TB-21520,标准级,中南,广东,办公用品,器具,Hoover,"Hoover 冰箱,0,26.00
A1003630,2021/5/5,AH-10690,标准级,东北,辽宁,办公用品,系固件,Stockwell,"Stockwell 回形针,0,26.00
A1003698,2021/5/14,JP-16135,二级,中南,广东,家具,椅子,Office Star,"Office Star 椅垫,0,26.00
A1003702,2021/5/15,JL-15835,标准级,东北,黑龙江,办公用品,标签,Harbour Creations,"Harbour Creations 有色标签,0,26.00
A1003750,2021/5/21,KH-16690,标准级,华东,江苏,办公用品,信封,GlobeWeis,"GlobeWeis 商业信封,0,26.00
A1003785,2021/5/28,MA-17560,标准级,华东,山东,办公用品,收纳具,Eldon,"Eldon 盘,0,26.00
A1003860,2021/6/10,DP-13390,标准级,东北,辽宁,办公用品,装订机,Ibico,"Ibico 装订机,0,26.00
A1003878,2021/6/13,BH-11710,标准级,华北,北京,办公用品,美术,BIC,"BIC 钢笔,0,26.00
A1003887,2021/6/14,DB-12910,标准级,东北,辽宁,办公用品,用品,Acme,"Acme 美工刀,0,26.00
A1003906,2021/6/17,KH-16330,标准级,西北,陕西,办公用品,系固件,OIC,"OIC 订书钉,0,26.00
A1003946,2021/6/23,CR-12580,标准级,华东,山东,办公用品,纸张,Green Bar,"Green Bar 羊皮纸,0,26.00
A1003950,2021/6/24,TB-21625,二级,东北,黑龙江,家具,书架,Bush,"Bush 书库,0,26.00
A1004014,2021/7/10,RW-19540,标准级,中南,广西,办公用品,器具,KitchenAid,"KitchenAid 炉灶,0,26.00
A1004019,2021/7/14,JD-15895,当日,中南,河南,办公用品,装订机,Cardinal,"Cardinal 装订机盖,0,26.00
A1004069,2021/7/28,RD-19930,二级,中南,湖北,办公用品,标签,Smead,"Smead 有色标签,0,26.00
A1004089,2021/8/3,MS-17365,二级,中南,广东,办公用品,收纳具,Rogers,"Rogers 文件车,0,26.00
A1004104,2021/8/4,DH-13675,标准级,西南,四川,家具,椅子,Harbour Creations,"Harbour Creations 摇椅,0,26.00
A1004126,2021/8/7,CC-12220,二级,中南,广东,家具,书架,Bush,"Bush 书架,0,26.00
A1004162,2021/8/15,HE-14800,一级,东北,吉林,办公用品,系固件,Stockwell,"Stockwell 按钉,0,26.00
A1004173,2021/8/17,NP-18670,标准级,华东,安徽,办公用品,收纳具,Fellowes,"Fellowes 文件夹,0,26.00
A1004170,2021/8/17,KN-16450,标准级,西南,重庆,家具,用具,Deflect-O,"Deflect-O 相框,0,26.00
A1004202,2021/8/22,TT-21460,标准级,华东,山东,办公用品,纸张,Green Bar,"Green Bar 令,0,26.00
A1004223,2021/8/26,HG-14965,标准级,西南,四川,办公用品,标签,Avery,"Avery 运输标签,0,26.00
A1004221,2021/8/26,EM-14065,标准级,西南,重庆,家具,椅子,Hon,"Hon 折叠椅,0,26.00
A1004250,2021/8/31,RD-19720,标准级,中南,广西,办公用品,标签,Avery,"Avery 合法证物标签,0,26.00
A1004294,2021/9/10,JS-16030,标准级,华北,河北,家具,书架,Sauder,"Sauder 书架,0,26.00
A1004350,2021/9/18,BP-11095,标准级,华北,山西,办公用品,装订机,Cardinal,"Cardinal 打孔机,0,26.00
A1001858,2019/12/10,KB-16585,标准级,华东,山东,办公用品,器具,Hoover,"Hoover 炉灶,0,25.00
A1001874,2019/12/12,SW-20350,标准级,东北,黑龙江,家具,书架,宜家,"宜家 搁架,0,25.00
A1001895,2019/12/20,KM-16720,二级,华东,浙江,办公用品,收纳具,Smead,"Smead 文件夹,0,25.00
A1001940,2020/1/1,MM-18280,一级,中南,广东,办公用品,系固件,Accos,"Accos 夹子,0,25.00
A1001944,2020/1/4,BN-11515,标准级,华北,河北,技术,电话,苹果,"苹果 充电器,0,25.00
A1001978,2020/1/23,KF-16285,标准级,中南,河南,办公用品,信封,Ames,"Ames 邮寄品,0,25.00
A1001984,2020/1/25,Dp-13240,一级,东北,黑龙江,办公用品,用品,Fiskars,"Fiskars 剪刀,0,25.00
A1001999,2020/2/4,AA-10645,一级,华北,天津,办公用品,信封,Kraft,"Kraft 搭扣信封,0,25.00
A1002018,2020/2/13,TP-21415,标准级,东北,辽宁,办公用品,器具,Breville,"Breville 微波炉,0,25.00
A1002033,2020/2/21,LC-16930,标准级,西南,四川,家具,椅子,Safco,"SAFCO 扶手椅,0,25.00
A1002060,2020/3/4,JL-15835,一级,东北,辽宁,办公用品,用品,Stiletto,"Stiletto 尺子,0,25.00
A1002135,2020/4/5,NF-18595,标准级,中南,河南,办公用品,装订机,Acco,"Acco 装订机,0,25.00
A1002140,2020/4/8,AT-10435,标准级,中南,广东,家具,书架,Dania,"Dania 书库,0,25.00
A1002144,2020/4/9,TH-21235,标准级,华北,天津,家具,椅子,Office Star,"Office Star 扶手椅,0,25.00
A1002160,2020/4/12,KB-16315,一级,东北,黑龙江,办公用品,器具,KitchenAid,"KitchenAid 咖啡研磨机,0,25.00
A1002169,2020/4/16,SN-20710,标准级,中南,河南,办公用品,信封,Cameo,"Cameo 马尼拉纸信封,0,25.00
A1002289,2020/5/22,MC-17575,标准级,东北,吉林,家具,书架,Dania,"Dania 搁架,0,25.00
A1002324,2020/5/29,CK-12760,标准级,西北,宁夏,家具,用具,Rubbermaid,"Rubvermaid 分层置放架,0,25.00
A1002372,2020/6/7,JL-15835,二级,华东,山东,办公用品,标签,Harbour Creations,"Harbour Creations 有色标签,0,25.00
A1002410,2020/6/17,SC-20725,标准级,东北,黑龙江,办公用品,用品,Kleencut,"Kleencut 剪刀,0,25.00
A1002434,2020/6/21,JO-15145,标准级,华北,天津,办公用品,信封,Kraft,"Kraft 局间信封,0,25.00
A1002446,2020/6/24,MC-17275,一级,华东,山东,办公用品,收纳具,Tenex,"Tenex 文件车,0,25.00
A1002467,2020/6/28,MB-17305,标准级,中南,湖北,办公用品,标签,Harbour Creations,"Harbour Creations 合法证物标签,0,25.00
A1002501,2020/7/12,KL-16555,二级,中南,广东,办公用品,标签,Hon,"Hon 有色标签,0,25.00
A1002570,2020/8/7,DM-13015,标准级,中南,广东,技术,配件,贝尔金,"贝尔金 鼠标,0,25.00
A1002615,2020/8/16,CM-12445,标准级,华东,安徽,办公用品,信封,GlobeWeis,"GlobeWeis 局间信封,0,25.00
A1002637,2020/8/20,AH-10195,标准级,西南,云南,家具,椅子,Harbour Creations,"Harbour Creations 椅垫,0,25.00
A1002687,2020/8/30,DV-13465,当日,华东,福建,办公用品,系固件,Stockwell,"Stockwell 橡皮筋,0,25.00
A1002702,2020/9/3,BD-11320,二级,华东,山东,办公用品,器具,Hamilton Beach,"Hamilton Beach 烤面包机,0,25.00
A1002715,2020/9/5,AH-10195,标准级,东北,吉林,办公用品,标签,Harbour Creations,"Harbour Creations 文件夹标签,0,25.00
A1002718,2020/9/5,DM-13345,标准级,华东,山东,办公用品,标签,Smead,"Smead 文件夹标签,0,25.00
A1002738,2020/9/10,JF-15490,一级,中南,湖南,办公用品,器具,KitchenAid,"KitchenAid 烤面包机,0,25.00
A1002732,2020/9/10,FC-14245,标准级,中南,湖北,办公用品,系固件,Advantus,"Advantus 回形针,0,25.00
A1002765,2020/9/16,EB-13870,标准级,华北,北京,家具,书架,Bush,"Bush 书架,0,25.00
A1002769,2020/9/17,TH-21115,标准级,华东,安徽,家具,桌子,Lesro,"Lesro 培训桌,0,25.00
A1002795,2020/9/20,ES-14080,一级,华东,福建,办公用品,用品,Acme,"Acme 开信刀,0,25.00
A1002822,2020/9/27,CM-12190,一级,中南,河南,家具,椅子,Office Star,"Office Star 扶手椅,0,25.00
A1002845,2020/10/2,CL-12700,二级,东北,黑龙江,办公用品,纸张,Enermax,"Enermax 令,0,25.00
A1002853,2020/10/3,SC-20680,标准级,华东,山东,办公用品,装订机,Acco,"Acco 标签,0,25.00
A1002917,2020/10/17,PG-18820,当日,华东,山东,办公用品,信封,Jiffy,"Jiffy 商业信封,0,25.00
A1002915,2020/10/17,LD-17005,一级,华东,山东,技术,复印机,Hewlett,"Hewlett 复印机,0,25.00
A1002916,2020/10/17,MN-17935,标准级,东北,辽宁,办公用品,装订机,Wilson Jones,"Wilson Jones 装订机盖,0,25.00
A1002956,2020/10/28,PB-18805,标准级,中南,广东,技术,复印机,Hewlett,"Hewlett 个人复印机,0,25.00
A1002991,2020/11/2,LR-17035,二级,华东,江苏,办公用品,信封,GlobeWeis,"GlobeWeis 商业信封,0,25.00
A1003036,2020/11/13,KD-16495,标准级,华东,安徽,办公用品,标签,Avery,"Avery 圆形标签,0,25.00
A1003038,2020/11/13,JE-15475,标准级,中南,湖南,家具,椅子,Office Star,"Office Star 摇椅,0,25.00
A1003047,2020/11/15,SV-20365,一级,华北,北京,办公用品,标签,Hon,"Hon 合法证物标签,0,25.00
A1003054,2020/11/16,WB-21850,一级,中南,广东,办公用品,用品,Acme,"Acme 修剪器,0,25.00
A1003065,2020/11/18,JR-16210,标准级,西北,甘肃,技术,设备,爱普生,"爱普生 计算器,0,25.00
A1003067,2020/11/19,EM-14200,二级,中南,湖南,家具,书架,Sauder,"Sauder 柜,0,25.00
A1003069,2020/11/19,JF-15190,标准级,中南,广西,家具,椅子,Hon,"Hon 摇椅,0,25.00
A1003081,2020/11/20,CV-12805,标准级,华东,山东,家具,椅子,Novimex,"Novimex 椅垫,0,25.00
A1003085,2020/11/21,MC-17605,二级,华东,山东,家具,书架,Dania,"Dania 书架,0,25.00
A1003096,2020/11/22,GB-14575,一级,华北,北京,办公用品,装订机,Wilson Jones,"Wilson Jones 订书机,0,25.00
A1003102,2020/11/25,YS-21880,标准级,西北,陕西,家具,椅子,Harbour Creations,"Harbour Creations 扶手椅,0,25.00
A1003104,2020/11/25,MC-17425,标准级,西南,四川,办公用品,信封,Jiffy,"Jiffy 局间信封,0,25.00
A1003165,2020/12/6,CS-12250,标准级,华东,安徽,办公用品,系固件,Stockwell,"Stockwell 回形针,0,25.00
A1003188,2020/12/13,GT-14710,标准级,中南,广东,技术,配件,Memorex,"Memorex 记忆卡,0,25.00
A1003239,2020/12/28,DK-13150,标准级,华北,河北,办公用品,器具,Hoover,"Hoover 咖啡研磨机,0,25.00
A1003277,2021/1/9,GT-14710,二级,华东,山东,技术,复印机,惠普,"惠普 复印机,0,25.00
A1003381,2021/2/13,CS-12355,一级,华北,河北,办公用品,收纳具,Eldon,"Eldon 盘,0,25.00
A1003385,2021/2/14,KH-16510,标准级,东北,黑龙江,办公用品,美术,Boston,"Boston 荧光笔,0,25.00
A1003405,2021/2/22,AJ-10795,标准级,中南,广东,办公用品,收纳具,Eldon,"Eldon 盒,0,25.00
A1003411,2021/2/25,MF-18250,二级,华东,福建,办公用品,装订机,Cardinal,"Cardinal 装订机盖,0,25.00
A1003410,2021/2/25,PS-18760,标准级,东北,黑龙江,办公用品,信封,Kraft,"Kraft 局间信封,0,25.00
A1003420,2021/3/1,SS-20140,标准级,华北,河北,办公用品,收纳具,Tenex,"Tenex 盒,0,25.00
A1003480,2021/3/19,AP-10915,一级,华北,河北,办公用品,系固件,Advantus,"Advantus 按钉,0,25.00
A1003503,2021/3/26,JM-15580,标准级,华东,山东,办公用品,信封,GlobeWeis,"GlobeWeis 外皮和封条,0,25.00
A1003581,2021/4/23,JS-15595,标准级,中南,广西,办公用品,纸张,Green Bar,"Green Bar 备忘录便条,0,25.00
A1003610,2021/4/30,MG-18145,标准级,华东,山东,办公用品,收纳具,Eldon,"Eldon 盒,0,25.00
A1003644,2021/5/7,MK-17905,二级,华东,安徽,办公用品,装订机,Avery,"Avery 订书机,0,25.00
A1003650,2021/5/7,DD-13570,标准级,东北,黑龙江,办公用品,标签,Harbour Creations,"Harbour Creations 可去除的标签,0,25.00
A1003660,2021/5/8,JG-15310,二级,中南,湖北,办公用品,系固件,Stockwell,"Stockwell 按钉,0,25.00
A1003668,2021/5/11,CP-12085,二级,华东,上海,办公用品,美术,Boston,"Boston 荧光笔,0,25.00
A1003690,2021/5/13,ME-17320,二级,华北,河北,家具,用具,Advantus,"Advantus 相框,0,25.00
A1003702,2021/5/15,JL-15835,标准级,东北,黑龙江,家具,用具,Advantus,"Advantus 门挡,0,25.00
A1003717,2021/5/18,BS-11380,标准级,东北,吉林,家具,椅子,Safco,"SAFCO 沙滩椅,0,25.00
A1003728,2021/5/19,BS-11380,当日,东北,黑龙江,技术,配件,贝尔金,"贝尔金 记忆卡,0,25.00
A1003735,2021/5/20,FH-14275,标准级,华东,山东,技术,配件,Memorex,"Memorex 键盘,0,25.00
A1003746,2021/5/21,DM-13345,二级,华东,江西,办公用品,用品,Stiletto,"Stiletto 大剪刀,0,25.00
A1003812,2021/6/2,SP-20620,标准级,华东,浙江,办公用品,纸张,SanDisk,"SanDisk 令,0,25.00
A1003841,2021/6/6,BB-11545,一级,东北,辽宁,家具,用具,Rubbermaid,"Rubvermaid 分层置放架,0,25.00
A1003870,2021/6/12,BW-11110,二级,西北,甘肃,办公用品,系固件,Stockwell,"Stockwell 回形针,0,25.00
A1003879,2021/6/13,LW-16825,标准级,东北,辽宁,办公用品,收纳具,Tenex,"Tenex 搁板,0,25.00
A1003895,2021/6/15,DC-12850,标准级,华东,福建,技术,电话,诺基亚,"诺基亚 办公室电话机,0,25.00
A1003905,2021/6/17,SR-20740,二级,华东,安徽,技术,电话,苹果,"苹果 音频基座,0,25.00
A1003900,2021/6/17,RF-19840,二级,华东,山东,技术,复印机,Brother,"Brother 墨水,0,25.00
A1003945,2021/6/23,VM-21835,二级,华东,山东,办公用品,用品,Acme,"Acme 美工刀,0,25.00
A1003940,2021/6/23,QJ-19255,标准级,中南,湖北,办公用品,信封,Ames,"Ames 商业信封,0,25.00
A1003960,2021/6/26,MV-17485,标准级,华东,江苏,家具,用具,Rubbermaid,"Rubvermaid 分层置放架,0,25.00
A1003974,2021/6/29,LW-17215,标准级,西南,重庆,家具,用具,Rubbermaid,"Rubvermaid 分层置放架,0,25.00
A1003982,2021/7/1,JM-15250,当日,中南,湖北,技术,配件,Memorex,"Memorex 鼠标,0,25.00
A1004000,2021/7/7,RH-19510,一级,东北,吉林,技术,电话,三星,"三星 耳机,0,25.00
A1004012,2021/7/10,LP-17080,标准级,东北,辽宁,技术,配件,SanDisk,"SanDisk 路由器,0,25.00
A1004021,2021/7/14,CS-12490,标准级,华东,山东,技术,电话,苹果,"苹果 办公室电话机,0,25.00
A1004049,2021/7/21,SS-20410,标准级,中南,广东,办公用品,美术,BIC,"BIC 画布,0,25.00
A1004088,2021/8/3,DK-12895,二级,华北,山西,技术,配件,罗技,"罗技 记忆卡,0,25.00
A1004113,2021/8/5,PV-18985,二级,中南,湖南,办公用品,标签,Novimex,"Novimex 运输标签,0,25.00
A1004211,2021/8/25,AB-10150,一级,华东,安徽,家具,椅子,Office Star,"Office Star 椅垫,0,25.00
A1004215,2021/8/25,SJ-20125,二级,中南,河南,技术,复印机,惠普,"惠普 无线传真机,0,25.00
A1004231,2021/8/28,BS-11755,一级,华东,山东,技术,复印机,夏普,"夏普 无线传真机,0,25.00
A1004255,2021/8/31,JK-15640,一级,华东,山东,技术,电话,摩托罗拉,"摩托罗拉 信号增强器,0,25.00
A1004338,2021/9/17,EA-14035,标准级,中南,广西,办公用品,用品,Elite,"Elite 美工刀,0,25.00
A1004338,2021/9/17,BP-11095,标准级,中南,广西,办公用品,装订机,Acco,"Acco 装订机盖,0,25.00
A1004351,2021/9/18,CM-11815,二级,中南,河南,技术,电话,苹果,"苹果 信号增强器,0,25.00
A1004405,2021/9/29,BB-10990,标准级,华东,安徽,办公用品,系固件,Accos,"Accos 回形针,0,25.00
A1004419,2021/10/1,AY-10555,标准级,西北,新疆,技术,复印机,Brother,"Brother 墨水,0,25.00
A1004421,2021/10/2,CV-12805,二级,华北,天津,办公用品,装订机,Avery,"Avery 孔加固材料,0,25.00
A1004453,2021/10/8,DM-13345,标准级,华东,安徽,办公用品,美术,Binney & Smith,"Binney & Smith 荧光笔,0,25.00
A1001808,2019/11/26,DB-13555,一级,华东,山东,家具,椅子,Harbour Creations,"Harbour Creations 摇椅,0,24.00
A1001812,2019/11/26,TB-21250,标准级,华东,山东,技术,电话,思科,"思科 充电器,0,24.00
A1001875,2019/12/12,MC-17575,二级,东北,黑龙江,家具,用具,Advantus,"Advantus 框架,0,24.00
A1001886,2019/12/17,HG-14845,标准级,中南,广西,办公用品,信封,GlobeWeis,"GlobeWeis 马尼拉纸信封,0,24.00
A1001920,2019/12/27,DM-13015,当日,华东,福建,办公用品,信封,Ames,"Ames 邮寄品,0,24.00
A1001945,2020/1/5,JS-15880,一级,西南,四川,家具,椅子,Novimex,"Novimex 摇椅,0,24.00
A1001959,2020/1/11,ON-18715,当日,华北,天津,办公用品,收纳具,Rogers,"Rogers 文件车,0,24.00
A1001963,2020/1/12,NH-18610,标准级,中南,河南,办公用品,美术,Sanford,"Sanford 画布,0,24.00
A1001972,2020/1/19,JM-15250,一级,中南,河南,办公用品,用品,Kleencut,"Kleencut 大剪刀,0,24.00
A1001986,2020/1/25,CC-12220,标准级,华北,内蒙古,办公用品,纸张,Green Bar,"Green Bar 备忘录便条,0,24.00
A1002004,2020/2/6,SN-20710,二级,东北,黑龙江,办公用品,装订机,Cardinal,"Cardinal 打孔机,0,24.00
A1002036,2020/2/25,SC-20095,标准级,华东,山东,办公用品,标签,Novimex,"Novimex 合法证物标签,0,24.00
A1002052,2020/3/1,LP-17080,标准级,中南,广东,办公用品,收纳具,Tenex,"Tenex 搁板,0,24.00
A1002056,2020/3/3,BG-11695,标准级,东北,黑龙江,办公用品,装订机,Acco,"Acco 订书机,0,24.00
A1002104,2020/3/21,RD-19480,一级,华东,山东,办公用品,用品,Elite,"Elite 剪刀,0,24.00
A1002144,2020/4/9,DW-13195,标准级,华北,天津,办公用品,装订机,Avery,"Avery 孔加固材料,0,24.00
A1002147,2020/4/10,WB-21850,标准级,东北,黑龙江,技术,设备,柯尼卡,"柯尼卡 卡片打印机,0,24.00
A1002171,2020/4/17,GB-14575,标准级,华北,山西,技术,配件,SanDisk,"SanDisk 记忆卡,0,24.00
A1002178,2020/4/18,ND-18370,标准级,西南,四川,办公用品,用品,Stiletto,"Stiletto 大剪刀,0,24.00
A1002200,2020/4/30,KB-16585,标准级,华东,上海,家具,椅子,Harbour Creations,"Harbour Creations 扶手椅,0,24.00
A1002238,2020/5/8,DS-13030,标准级,东北,辽宁,技术,电话,摩托罗拉,"摩托罗拉 信号增强器,0,24.00
A1002243,2020/5/10,DJ-13510,标准级,华东,上海,家具,椅子,Office Star,"Office Star 扶手椅,0,24.00
A1002257,2020/5/14,MS-17980,标准级,西南,四川,家具,书架,宜家,"宜家 书库,0,24.00
A1002335,2020/5/30,JF-15565,标准级,西北,宁夏,家具,桌子,Chromcraft,"Chromcraft 会议桌,0,24.00
A1002362,2020/6/6,CT-11995,标准级,华东,山东,办公用品,收纳具,Smead,"Smead 文件夹,0,24.00
A1002369,2020/6/7,WB-21850,标准级,华东,安徽,家具,书架,Sauder,"Sauder 书架,0,24.00
A1002390,2020/6/13,PS-19045,一级,华东,山东,技术,电话,苹果,"苹果 充电器,0,24.00
A1002400,2020/6/14,TS-21160,标准级,中南,河南,办公用品,器具,Hoover,"Hoover 冰箱,0,24.00
A1002481,2020/7/2,AD-10180,一级,中南,河南,办公用品,纸张,SanDisk,"SanDisk 羊皮纸,0,24.00
A1002488,2020/7/5,JH-15985,二级,华东,安徽,技术,配件,Memorex,"Memorex 记忆卡,0,24.00
A1002507,2020/7/17,KS-16300,标准级,华北,山西,技术,配件,SanDisk,"SanDisk 键盘,0,24.00
A1002523,2020/7/23,VG-21790,标准级,华北,内蒙古,办公用品,装订机,Acco,"Acco 装订机,0,24.00
A1002545,2020/7/30,TP-21130,标准级,中南,广东,家具,椅子,Office Star,"Office Star 凳子,0,24.00
A1002556,2020/8/2,MA-17560,二级,华东,山东,办公用品,标签,Smead,"Smead 圆形标签,0,24.00
A1002559,2020/8/3,SV-20365,一级,中南,湖北,办公用品,系固件,Stockwell,"Stockwell 图钉,0,24.00
A1002566,2020/8/6,GM-14500,标准级,东北,辽宁,家具,书架,宜家,"宜家 柜,0,24.00
A1002572,2020/8/7,MT-17815,一级,华东,山东,办公用品,器具,Hoover,"Hoover 微波炉,0,24.00
A1002570,2020/8/7,DM-13015,标准级,中南,广东,办公用品,器具,Hamilton Beach,"Hamilton Beach 咖啡研磨机,0,24.00
A1002580,2020/8/8,DM-13015,当日,中南,湖北,技术,复印机,佳能,"佳能 复印机,0,24.00
A1002588,2020/8/9,LS-17200,标准级,华东,上海,技术,配件,罗技,"罗技 闪存驱动器,0,24.00
A1002590,2020/8/10,GH-14410,标准级,西北,陕西,办公用品,用品,Acme,"Acme 尺子,0,24.00
A1002594,2020/8/12,TS-21430,一级,华东,山东,办公用品,收纳具,Tenex,"Tenex 搁板,0,24.00
A1002606,2020/8/14,XP-21865,二级,中南,广东,家具,用具,Advantus,"Advantus 门挡,0,24.00
A1002611,2020/8/15,CS-12250,标准级,华东,山东,办公用品,纸张,Enermax,"Enermax 计划信息表,0,24.00
A1002633,2020/8/20,TT-21220,二级,华东,福建,家具,椅子,Harbour Creations,"Harbour Creations 沙滩椅,0,24.00
A1002667,2020/8/26,NC-18415,标准级,华东,安徽,办公用品,系固件,Stockwell,"Stockwell 夹子,0,24.00
A1002711,2020/9/4,GR-14560,标准级,华东,浙江,技术,配件,贝尔金,"贝尔金 路由器,0,24.00
A1002737,2020/9/10,RM-19675,标准级,华北,河北,办公用品,收纳具,Tenex,"Tenex 文件车,0,24.00
A1002772,2020/9/17,PB-19150,一级,华东,福建,办公用品,用品,Acme,"Acme 尺子,0,24.00
A1002818,2020/9/26,DO-13435,当日,华东,江苏,家具,椅子,Office Star,"Office Star 沙滩椅,0,24.00
A1002882,2020/10/9,JP-15520,标准级,华东,江西,办公用品,信封,GlobeWeis,"GlobeWeis 马尼拉纸信封,0,24.00
A1002968,2020/10/29,KD-16495,标准级,华北,山西,办公用品,信封,Cameo,"Cameo 马尼拉纸信封,0,24.00
A1002993,2020/11/4,CC-12145,二级,东北,黑龙江,办公用品,用品,Kleencut,"Kleencut 修剪器,0,24.00
A1003039,2020/11/13,PG-18820,标准级,西南,重庆,技术,复印机,惠普,"惠普 复印机,0,24.00
A1003045,2020/11/14,PC-18745,标准级,华北,天津,办公用品,信封,Kraft,"Kraft 邮寄品,0,24.00
A1003052,2020/11/15,SV-20365,标准级,华东,安徽,家具,椅子,Office Star,"Office Star 扶手椅,0,24.00
A1003065,2020/11/18,SP-20920,标准级,西北,甘肃,办公用品,用品,Stiletto,"Stiletto 开信刀,0,24.00
A1003061,2020/11/18,SS-20140,标准级,中南,湖北,家具,桌子,Lesro,"Lesro 木桌,0,24.00
A1003066,2020/11/19,FO-14305,标准级,中南,广东,办公用品,装订机,Avery,"Avery 订书机,0,24.00
A1003073,2020/11/20,JG-15310,一级,东北,辽宁,家具,用具,Eldon,"Eldon 框架,0,24.00
A1003085,2020/11/21,MC-17605,二级,华东,山东,办公用品,信封,Kraft,"Kraft 商业信封,0,24.00
A1003095,2020/11/22,NZ-18565,一级,东北,黑龙江,办公用品,器具,KitchenAid,"KitchenAid 炉灶,0,24.00
A1003090,2020/11/22,JK-15625,标准级,华东,上海,技术,配件,Enermax,"Enermax 鼠标,0,24.00
A1003108,2020/11/25,DK-12985,标准级,华东,浙江,技术,电话,三星,"三星 信号增强器,0,24.00
A1003375,2021/2/11,JH-15910,标准级,华东,山东,办公用品,信封,Ames,"Ames 商业信封,0,24.00
A1003382,2021/2/13,LW-16825,标准级,中南,广东,家具,用具,Advantus,"Advantus 框架,0,24.00
A1003404,2021/2/22,DL-13495,当日,中南,河南,家具,桌子,Lesro,"Lesro 圆桌,0,24.00
A1003407,2021/2/24,BT-11440,一级,东北,黑龙江,办公用品,美术,BIC,"BIC 荧光笔,0,24.00
A1003496,2021/3/24,WB-21850,标准级,西北,新疆,办公用品,纸张,Eaton,"Eaton 备忘录便条,0,24.00
A1003553,2021/4/9,MY-18295,标准级,中南,湖北,办公用品,收纳具,Fellowes,"Fellowes 盒,0,24.00
A1003550,2021/4/9,JO-15145,标准级,东北,吉林,办公用品,系固件,Advantus,"Advantus 按钉,0,24.00
A1003556,2021/4/10,ED-13885,标准级,中南,湖南,技术,配件,SanDisk,"SanDisk 路由器,0,24.00
A1003560,2021/4/13,HF-14995,标准级,中南,广西,办公用品,收纳具,Fellowes,"Fellowes 文件车,0,24.00
A1003566,2021/4/14,EH-13765,标准级,中南,广东,办公用品,用品,Fiskars,"Fiskars 尺子,0,24.00
A1003569,2021/4/15,LC-16870,标准级,华东,江苏,办公用品,系固件,Stockwell,"Stockwell 夹子,0,24.00
A1003575,2021/4/20,SC-20380,当日,中南,海南,办公用品,装订机,Wilson Jones,"Wilson Jones 孔加固材料,0,24.00
A1003580,2021/4/23,EM-14140,标准级,中南,湖北,技术,复印机,佳能,"佳能 墨水,0,24.00
A1003586,2021/4/24,AG-10675,标准级,华北,内蒙古,技术,电话,三星,"三星 办公室电话机,0,24.00
A1003656,2021/5/8,TR-21325,标准级,中南,广东,办公用品,装订机,Wilson Jones,"Wilson Jones 装订机盖,0,24.00
A1003670,2021/5/11,SC-20770,当日,东北,辽宁,办公用品,收纳具,Eldon,"Eldon 盒,0,24.00
A1003675,2021/5/12,NP-18670,标准级,华东,山东,家具,椅子,Office Star,"Office Star 凳子,0,24.00
A1003694,2021/5/14,FA-14230,标准级,中南,河南,家具,书架,Bush,"Bush 搁架,0,24.00
A1003732,2021/5/19,JR-16210,标准级,中南,河南,技术,复印机,夏普,"夏普 复印机,0,24.00
A1003759,2021/5/23,CM-12235,标准级,中南,广东,办公用品,纸张,Green Bar,"Green Bar 令,0,24.00
A1003797,2021/5/29,KM-16375,一级,中南,广东,办公用品,用品,Kleencut,"Kleencut 大剪刀,0,24.00
A1003804,2021/5/30,BF-11170,标准级,东北,吉林,办公用品,系固件,OIC,"OIC 回形针,0,24.00
A1003808,2021/6/1,EH-14185,标准级,华北,河北,家具,椅子,Office Star,"Office Star 椅垫,0,24.00
A1003854,2021/6/8,ER-13855,二级,华东,福建,家具,用具,Advantus,"Advantus 门挡,0,24.00
A1003897,2021/6/15,TS-21655,标准级,中南,河南,家具,用具,Advantus,"Advantus 闹钟,0,24.00
A1003901,2021/6/17,RW-19630,二级,华东,山东,家具,椅子,Office Star,"Office Star 摇椅,0,24.00
A1003900,2021/6/17,Dp-13240,二级,华东,山东,家具,书架,宜家,"宜家 墙角架,0,24.00
A1003910,2021/6/18,RW-19540,二级,东北,黑龙江,办公用品,装订机,Cardinal,"Cardinal 装订机盖,0,24.00
A1003947,2021/6/23,MM-18055,一级,中南,广西,家具,书架,Bush,"Bush 柜,0,24.00
A1003977,2021/6/29,SF-20965,二级,东北,黑龙江,办公用品,收纳具,Smead,"Smead 文件车,0,24.00
A1004046,2021/7/20,AH-10690,标准级,华东,浙江,办公用品,纸张,Enermax,"Enermax 令,0,24.00
A1004067,2021/7/27,ML-17395,二级,华东,山东,办公用品,器具,Breville,"Breville 炉灶,0,24.00
A1004111,2021/8/5,FC-14245,标准级,华东,江西,办公用品,系固件,Advantus,"Advantus 按钉,0,24.00
A1004131,2021/8/8,TS-21655,标准级,华东,上海,技术,复印机,Brother,"Brother 复印机,0,24.00
A1004155,2021/8/13,SR-20425,标准级,华东,浙江,家具,书架,Sauder,"Sauder 古典书架,0,24.00
A1004157,2021/8/13,BD-11635,标准级,东北,辽宁,技术,配件,SanDisk,"SanDisk 记忆卡,0,24.00
A1004189,2021/8/20,JE-15610,标准级,中南,广东,家具,椅子,Safco,"SAFCO 椅垫,0,24.00
A1004246,2021/8/31,JW-15955,标准级,华北,河北,办公用品,纸张,Enermax,"Enermax 令,0,24.00
A1004246,2021/8/31,MC-17590,标准级,华北,河北,技术,设备,柯尼卡,"柯尼卡 卡片打印机,0,24.00
A1004279,2021/9/8,OT-18730,标准级,华北,河北,家具,椅子,Hon,"Hon 扶手椅,0,24.00
A1004284,2021/9/8,JM-16195,标准级,西南,贵州,办公用品,信封,Kraft,"Kraft 商业信封,0,24.00
A1004316,2021/9/14,MH-17290,标准级,东北,辽宁,技术,配件,贝尔金,"贝尔金 鼠标,0,24.00
A1004346,2021/9/17,FO-14305,一级,西北,甘肃,家具,用具,Eldon,"Eldon 闹钟,0,24.00
A1004417,2021/10/1,CA-12265,标准级,华北,天津,办公用品,收纳具,Tenex,"Tenex 盘,0,24.00
A1004431,2021/10/5,PG-18895,二级,中南,河南,家具,书架,Dania,"Dania 墙角架,0,24.00
A1004434,2021/10/5,SW-20245,标准级,东北,辽宁,办公用品,用品,Stiletto,"Stiletto 剪刀,0,24.00
A1001808,2019/11/26,DB-13210,一级,华东,山东,办公用品,收纳具,Tenex,"Tenex 文件车,0,23.00
A1001808,2019/11/26,AJ-10945,一级,华东,山东,办公用品,系固件,OIC,"OIC 回形针,0,23.00
A1001849,2019/12/6,LH-17155,二级,东北,黑龙江,技术,电话,诺基亚,"诺基亚 信号增强器,0,23.00
A1001878,2019/12/13,KL-16555,标准级,华东,江苏,办公用品,用品,Acme,"Acme 修剪器,0,23.00
A1001906,2019/12/24,DM-13015,标准级,西南,重庆,办公用品,信封,GlobeWeis,"GlobeWeis 外皮和封条,0,23.00
A1001943,2020/1/4,BN-11515,一级,华北,山西,技术,复印机,Hewlett,"Hewlett 传真复印机,0,23.00
A1001949,2020/1/7,JS-15880,二级,东北,黑龙江,办公用品,信封,GlobeWeis,"GlobeWeis 外皮和封条,0,23.00
A1001958,2020/1/11,SC-20095,二级,中南,广东,办公用品,收纳具,Tenex,"Tenex 文件车,0,23.00
A1001963,2020/1/12,ED-13885,标准级,中南,河南,技术,电话,诺基亚,"诺基亚 办公室电话机,0,23.00
A1001972,2020/1/19,EB-13930,一级,中南,河南,家具,椅子,Harbour Creations,"Harbour Creations 凳子,0,23.00
A1001985,2020/1/25,MP-17965,一级,东北,吉林,办公用品,系固件,Accos,"Accos 夹子,0,23.00
A1001986,2020/1/25,CC-12220,标准级,华北,内蒙古,办公用品,纸张,施乐,"施乐 计划信息表,0,23.00
A1001995,2020/2/1,AA-10645,标准级,华东,山东,办公用品,信封,GlobeWeis,"GlobeWeis 外皮和封条,0,23.00
A1002030,2020/2/19,MC-17635,标准级,中南,河南,技术,设备,柯尼卡,"柯尼卡 打印机,0,23.00
A1002049,2020/2/28,NC-18625,标准级,华北,山西,办公用品,纸张,施乐,"施乐 计划信息表,0,23.00
A1002075,2020/3/9,AP-10915,二级,华东,江西,办公用品,装订机,Ibico,"Ibico 订书机,0,23.00
A1002088,2020/3/18,CS-12175,二级,华东,福建,办公用品,收纳具,Tenex,"Tenex 文件夹,0,23.00
A1002112,2020/3/25,MA-17995,标准级,东北,黑龙江,技术,电话,诺基亚,"诺基亚 音频基座,0,23.00
A1002128,2020/4/2,KT-16480,二级,华北,山西,技术,配件,SanDisk,"SanDisk 闪存驱动器,0,23.00
A1002149,2020/4/10,CS-12250,标准级,西南,四川,家具,椅子,Hon,"Hon 沙滩椅,0,23.00
A1002166,2020/4/13,SS-20875,标准级,华东,山东,办公用品,系固件,OIC,"OIC 夹子,0,23.00
A1002191,2020/4/26,LH-16900,标准级,东北,黑龙江,家具,书架,Dania,"Dania 古典书架,0,23.00
A1002196,2020/4/28,PS-18970,标准级,华北,河北,办公用品,纸张,SanDisk,"SanDisk 信纸,0,23.00
A1002238,2020/5/8,DS-13030,标准级,东北,辽宁,家具,用具,Deflect-O,"Deflect-O 门挡,0,23.00
A1002271,2020/5/17,VF-21715,标准级,华北,天津,办公用品,纸张,Eaton,"Eaton 计划信息表,0,23.00
A1002288,2020/5/22,ND-18370,二级,华东,浙江,办公用品,系固件,Stockwell,"Stockwell 图钉,0,23.00
A1002307,2020/5/24,BF-11170,标准级,中南,湖南,办公用品,收纳具,Fellowes,"Fellowes 盘,0,23.00
A1002367,2020/6/7,JK-16120,二级,中南,广西,家具,书架,Bush,"Bush 柜,0,23.00
A1002369,2020/6/7,AG-10900,标准级,华东,安徽,办公用品,用品,Fiskars,"Fiskars 剪刀,0,23.00
A1002401,2020/6/14,EB-13870,标准级,华东,江西,家具,书架,Safco,"Safco 搁架,0,23.00
A1002413,2020/6/17,EK-13795,二级,西南,重庆,办公用品,美术,Stanley,"Stanley 铅笔刀,0,23.00
A1002459,2020/6/26,RF-19345,标准级,东北,辽宁,办公用品,系固件,Advantus,"Advantus 订书钉,0,23.00
A1002490,2020/7/8,TS-21205,标准级,华东,江苏,办公用品,用品,Fiskars,"Fiskars 修剪器,0,23.00
A1002512,2020/7/18,SC-20695,标准级,华东,山东,办公用品,美术,Sanford,"Sanford 荧光笔,0,23.00
A1002530,2020/7/25,TS-21370,标准级,西南,云南,技术,电话,诺基亚,"诺基亚 耳机,0,23.00
A1002584,2020/8/8,JA-15970,标准级,华东,福建,技术,设备,松下,"松下 喷墨打印机,0,23.00
A1002587,2020/8/9,JL-15835,标准级,西北,陕西,办公用品,系固件,Advantus,"Advantus 订书钉,0,23.00
A1002590,2020/8/10,GH-14410,标准级,西北,陕西,办公用品,信封,Kraft,"Kraft 局间信封,0,23.00
A1002618,2020/8/16,YS-21880,一级,中南,湖北,技术,复印机,佳能,"佳能 复印机,0,23.00
A1002617,2020/8/16,CM-12445,标准级,东北,黑龙江,办公用品,用品,Stiletto,"Stiletto 剪刀,0,23.00
A1002639,2020/8/21,SV-20785,标准级,华北,河北,办公用品,收纳具,Tenex,"Tenex 盒,0,23.00
A1002656,2020/8/22,MC-18100,标准级,华东,安徽,办公用品,收纳具,Fellowes,"Fellowes 锁柜,0,23.00
A1002707,2020/9/3,AG-10495,二级,华东,福建,办公用品,收纳具,Rogers,"Rogers 锁柜,0,23.00
A1002754,2020/9/13,TS-21340,标准级,东北,吉林,技术,电话,思科,"思科 信号增强器,0,23.00
A1002792,2020/9/20,LE-16810,一级,华北,山西,家具,书架,宜家,"宜家 搁架,0,23.00
A1002798,2020/9/21,SU-20665,标准级,西南,云南,技术,电话,诺基亚,"诺基亚 充电器,0,23.00
A1002819,2020/9/26,FM-14215,标准级,西北,新疆,办公用品,器具,Hoover,"Hoover 冰箱,0,23.00
A1002833,2020/9/30,AT-10435,标准级,西南,重庆,办公用品,美术,Binney & Smith,"Binney & Smith 荧光笔,0,23.00
A1002869,2020/10/7,NW-18400,标准级,西南,重庆,技术,电话,苹果,"苹果 信号增强器,0,23.00
A1002878,2020/10/9,DR-12880,标准级,华北,山西,技术,电话,苹果,"苹果 信号增强器,0,23.00
A1002897,2020/10/12,HG-15025,标准级,东北,黑龙江,办公用品,收纳具,Eldon,"Eldon 文件夹,0,23.00
A1002899,2020/10/12,SS-20875,二级,西南,云南,技术,电话,诺基亚,"诺基亚 智能手机,0,23.00
A1002984,2020/11/1,DK-13225,标准级,华东,山东,家具,椅子,Office Star,"Office Star 凳子,0,23.00
A1003300,2021/1/17,EH-13990,标准级,华东,山东,办公用品,器具,Hoover,"Hoover 烤面包机,0,23.00
A1003312,2021/1/22,KM-16375,标准级,中南,广东,技术,复印机,Brother,"Brother 复印机,0,23.00
A1003326,2021/1/28,HG-15025,标准级,中南,广西,家具,椅子,Novimex,"Novimex 折叠椅,0,23.00
A1003340,2021/2/3,DP-13105,标准级,华北,河北,办公用品,用品,Acme,"Acme 尺子,0,23.00
A1003482,2021/3/20,PB-19105,标准级,东北,吉林,技术,复印机,Hewlett,"Hewlett 传真复印机,0,23.00
A1003487,2021/3/21,AT-10735,标准级,华东,上海,办公用品,信封,Kraft,"Kraft 局间信封,0,23.00
A1003490,2021/3/21,AT-10735,标准级,华北,北京,办公用品,美术,Boston,"Boston 画布,0,23.00
A1003510,2021/3/28,JF-15565,一级,中南,广东,办公用品,收纳具,Rogers,"Rogers 盒,0,23.00
A1003516,2021/3/30,KM-16720,标准级,华北,山西,家具,书架,Sauder,"Sauder 古典书架,0,23.00
A1003525,2021/4/1,MF-18250,一级,西南,重庆,办公用品,系固件,Stockwell,"Stockwell 订书钉,0,23.00
A1003560,2021/4/13,BO-11425,标准级,中南,广西,办公用品,标签,Harbour Creations,"Harbour Creations 圆形标签,0,23.00
A1003644,2021/5/7,JF-15190,二级,华东,安徽,办公用品,纸张,Eaton,"Eaton 备忘录便条,0,23.00
A1003652,2021/5/8,SC-20770,标准级,中南,广西,技术,复印机,Brother,"Brother 传真复印机,0,23.00
A1003687,2021/5/13,AH-10690,二级,华东,江苏,办公用品,收纳具,Tenex,"Tenex 文件车,0,23.00
A1003698,2021/5/14,EB-13705,二级,中南,广东,技术,配件,Memorex,"Memorex 记忆卡,0,23.00
A1003740,2021/5/20,DL-12925,一级,中南,河南,技术,配件,Memorex,"Memorex 键盘,0,23.00
A1003741,2021/5/20,FH-14275,标准级,华东,浙江,技术,复印机,佳能,"佳能 个人复印机,0,23.00
A1003780,2021/5/27,DB-13120,标准级,华北,山西,家具,书架,Dania,"Dania 古典书架,0,23.00
A1003788,2021/5/28,VS-21820,二级,华北,北京,办公用品,收纳具,Tenex,"Tenex 盒,0,23.00
A1003796,2021/5/29,BB-11545,标准级,华北,天津,办公用品,器具,Breville,"Breville 微波炉,0,23.00
A1003834,2021/6/5,FO-14305,标准级,华东,山东,技术,复印机,惠普,"惠普 传真复印机,0,23.00
A1003850,2021/6/8,CS-12505,二级,西北,陕西,技术,复印机,Brother,"Brother 墨水,0,23.00
A1003888,2021/6/14,TG-21310,当日,华东,福建,家具,椅子,Office Star,"Office Star 椅垫,0,23.00
A1003899,2021/6/16,DC-12850,标准级,西南,四川,办公用品,标签,Smead,"Smead 合法证物标签,0,23.00
A1003937,2021/6/22,EH-13765,标准级,华东,山东,办公用品,器具,Hamilton Beach,"Hamilton Beach 微波炉,0,23.00
A1003945,2021/6/23,MM-18055,二级,华东,山东,家具,用具,Tenex,"Tenex 框架,0,23.00
A1003966,2021/6/27,DK-13225,标准级,华东,江苏,办公用品,用品,Stiletto,"Stiletto 剪刀,0,23.00
A1003991,2021/7/2,KH-16690,标准级,华东,山东,办公用品,装订机,Wilson Jones,"Wilson Jones 订书机,0,23.00
A1003995,2021/7/3,SR-20425,标准级,华东,江西,办公用品,装订机,Acco,"Acco 装订机,0,23.00
A1004005,2021/7/7,CR-12820,标准级,东北,黑龙江,技术,配件,贝尔金,"贝尔金 鼠标,0,23.00
A1004064,2021/7/27,RD-19930,标准级,华北,天津,家具,桌子,Bevis,"Bevis 圆桌,0,23.00
A1004078,2021/7/31,PT-19090,二级,华北,河北,办公用品,装订机,Acco,"Acco 打孔机,0,23.00
A1004113,2021/8/5,HM-14980,二级,中南,湖南,办公用品,用品,Kleencut,"Kleencut 剪刀,0,23.00
A1004144,2021/8/10,JL-15175,标准级,中南,广西,办公用品,美术,Stanley,"Stanley 铅笔刀,0,23.00
A1004197,2021/8/21,PN-18775,标准级,华东,上海,办公用品,信封,Jiffy,"Jiffy 商业信封,0,23.00
A1004225,2021/8/27,SP-20920,标准级,中南,湖北,办公用品,系固件,OIC,"OIC 回形针,0,23.00
A1004320,2021/9/15,AG-10765,二级,华东,山东,家具,用具,Advantus,"Advantus 闹钟,0,23.00
A1004335,2021/9/16,BF-11170,标准级,华东,浙江,办公用品,信封,Kraft,"Kraft 邮寄品,0,23.00
A1004367,2021/9/21,JF-15190,一级,华北,山西,办公用品,标签,Novimex,"Novimex 有色标签,0,23.00
A1004388,2021/9/26,FA-14230,标准级,华东,山东,技术,复印机,Brother,"Brother 复印机,0,23.00
A1004389,2021/9/26,FA-14230,标准级,东北,黑龙江,办公用品,系固件,Accos,"Accos 橡皮筋,0,23.00
A1004413,2021/10/1,BP-11290,一级,东北,黑龙江,办公用品,收纳具,Tenex,"Tenex 文件车,0,23.00
A1004435,2021/10/5,SC-20260,标准级,东北,黑龙江,办公用品,标签,Novimex,"Novimex 合法证物标签,0,23.00
A1004460,2021/10/9,PG-18820,二级,华北,河北,家具,椅子,Hon,"Hon 沙滩椅,0,23.00
A1001806,2019/11/24,MC-17845,一级,东北,辽宁,技术,配件,贝尔金,"贝尔金 鼠标,0,22.00
A1001836,2019/12/3,SS-20140,标准级,中南,湖北,办公用品,标签,Avery,"Avery 圆形标签,0,22.00
A1001843,2019/12/4,BS-11590,一级,西北,甘肃,办公用品,系固件,Advantus,"Advantus 图钉,0,22.00
A1001861,2019/12/10,TS-21160,一级,中南,广东,技术,配件,贝尔金,"贝尔金 路由器,0,22.00
A1001882,2019/12/16,AH-10690,当日,华北,天津,办公用品,纸张,Eaton,"Eaton 信纸,0,22.00
A1001905,2019/12/24,DM-13015,标准级,华东,安徽,家具,书架,Bush,"Bush 搁架,0,22.00
A1001923,2019/12/28,SV-20785,标准级,西南,重庆,办公用品,美术,Binney & Smith,"Binney & Smith 荧光笔,0,22.00
A1001993,2020/1/31,FH-14350,标准级,中南,湖南,办公用品,装订机,Cardinal,"Cardinal 装订机盖,0,22.00
A1002070,2020/3/8,CB-12025,二级,东北,辽宁,办公用品,标签,Novimex,"Novimex 运输标签,0,22.00
A1002078,2020/3/11,EP-13915,标准级,中南,广东,办公用品,标签,Harbour Creations,"Harbour Creations 运输标签,0,22.00
A1002078,2020/3/11,EP-13915,标准级,中南,广东,办公用品,用品,Kleencut,"Kleencut 尺子,0,22.00
A1002080,2020/3/12,HA-14920,标准级,中南,河南,技术,电话,三星,"三星 耳机,0,22.00
A1002087,2020/3/16,SG-20890,二级,华北,天津,技术,配件,Enermax,"Enermax 记忆卡,0,22.00
A1002096,2020/3/19,AM-10705,一级,中南,河南,技术,电话,三星,"三星 充电器,0,22.00
A1002109,2020/3/22,WB-21850,标准级,东北,辽宁,技术,电话,摩托罗拉,"摩托罗拉 耳机,0,22.00
A1002112,2020/3/25,MZ-17335,标准级,东北,黑龙江,办公用品,信封,Cameo,"Cameo 搭扣信封,0,22.00
A1002129,2020/4/2,RS-19420,一级,中南,广东,办公用品,装订机,Acco,"Acco 标签,0,22.00
A1002156,2020/4/11,AB-10165,二级,中南,湖北,办公用品,标签,Hon,"Hon 合法证物标签,0,22.00
A1002161,2020/4/12,KB-16315,二级,中南,河南,办公用品,装订机,Avery,"Avery 孔加固材料,0,22.00
A1002211,2020/5/1,CL-12565,标准级,西北,甘肃,办公用品,用品,Elite,"Elite 剪刀,0,22.00
A1002268,2020/5/16,BP-11095,标准级,华东,福建,办公用品,信封,Kraft,"Kraft 邮寄品,0,22.00
A1002276,2020/5/18,ES-14080,标准级,华东,山东,家具,书架,Bush,"Bush 柜,0,22.00
A1002280,2020/5/21,RL-19615,二级,中南,广东,家具,用具,Eldon,"Eldon 门挡,0,22.00
A1002395,2020/6/14,SC-20380,标准级,东北,吉林,办公用品,装订机,Ibico,"Ibico 装订机,0,22.00
A1002413,2020/6/17,PK-19075,二级,西南,重庆,技术,设备,爱普生,"爱普生 计算器,0,22.00
A1002596,2020/8/12,LA-16780,二级,东北,吉林,办公用品,装订机,Cardinal,"Cardinal 标签,0,22.00
A1002635,2020/8/20,BF-11020,一级,华东,福建,家具,椅子,Novimex,"Novimex 扶手椅,0,22.00
A1002633,2020/8/20,EC-14050,二级,华东,福建,办公用品,装订机,Wilson Jones,"Wilson Jones 装订机,0,22.00
A1002676,2020/8/28,CV-12295,标准级,西北,甘肃,办公用品,收纳具,Fellowes,"Fellowes 锁柜,0,22.00
A1002689,2020/8/30,DV-13465,当日,中南,广东,技术,电话,三星,"三星 充电器,0,22.00
A1002708,2020/9/3,NH-18610,二级,中南,湖南,办公用品,美术,Boston,"Boston 画布,0,22.00
A1002739,2020/9/11,DM-13525,一级,华东,山东,办公用品,系固件,Stockwell,"Stockwell 订书钉,0,22.00
A1002748,2020/9/12,TA-21385,二级,西南,云南,办公用品,美术,Stanley,"Stanley 速写本,0,22.00
A1002747,2020/9/12,MC-17605,标准级,中南,湖南,办公用品,器具,KitchenAid,"KitchenAid 冰箱,0,22.00
A1002751,2020/9/13,TS-21505,标准级,华东,江苏,技术,电话,思科,"思科 耳机,0,22.00
A1002770,2020/9/17,MM-18055,标准级,中南,河南,办公用品,纸张,施乐,"施乐 信纸,0,22.00
A1002784,2020/9/19,SS-20590,标准级,中南,湖南,办公用品,器具,Hamilton Beach,"Hamilton Beach 咖啡研磨机,0,22.00
A1002838,2020/10/1,SJ-20125,标准级,中南,湖北,办公用品,收纳具,Tenex,"Tenex 盒,0,22.00
A1002859,2020/10/4,CK-12205,一级,中南,湖南,技术,设备,柯尼卡,"柯尼卡 电话,0,22.00
A1002886,2020/10/10,DH-13075,标准级,华东,福建,家具,用具,Advantus,"Advantus 闹钟,0,22.00
A1002893,2020/10/11,LH-16900,标准级,中南,广东,办公用品,收纳具,Tenex,"Tenex 盒,0,22.00
A1002903,2020/10/15,KT-16465,标准级,华北,内蒙古,办公用品,标签,Smead,"Smead 圆形标签,0,22.00
A1002906,2020/10/15,XP-21865,标准级,中南,广西,技术,配件,Enermax,"Enermax 闪存驱动器,0,22.00
A1002916,2020/10/17,RD-19900,标准级,东北,辽宁,家具,用具,Tenex,"Tenex 框架,0,22.00
A1002932,2020/10/22,BS-11665,标准级,华北,山西,办公用品,用品,Kleencut,"Kleencut 修剪器,0,22.00
A1002977,2020/10/30,PF-19120,二级,中南,河南,技术,电话,思科,"思科 办公室电话机,0,22.00
A1003147,2020/12/4,DB-13660,二级,东北,辽宁,家具,书架,Bush,"Bush 书架,0,22.00
A1003150,2020/12/4,XP-21865,标准级,东北,辽宁,家具,椅子,Safco,"SAFCO 折叠椅,0,22.00
A1003301,2021/1/17,PM-18940,二级,中南,广东,办公用品,装订机,Avery,"Avery 订书机,0,22.00
A1003309,2021/1/21,KM-16375,标准级,东北,吉林,家具,桌子,Bevis,"Bevis 会议桌,0,22.00
A1003323,2021/1/28,MC-18100,当日,东北,黑龙江,办公用品,信封,Kraft,"Kraft 马尼拉纸信封,0,22.00
A1003342,2021/2/3,CK-12325,一级,中南,广东,技术,电话,摩托罗拉,"摩托罗拉 智能手机,0,22.00
A1003477,2021/3/18,FM-14215,标准级,华东,山东,家具,桌子,Barricks,"Barricks 电脑桌,0,22.00
A1003525,2021/4/1,MF-18250,一级,西南,重庆,家具,桌子,Lesro,"Lesro 会议桌,0,22.00
A1003525,2021/4/1,JM-16195,一级,西南,重庆,技术,配件,贝尔金,"贝尔金 鼠标,0,22.00
A1003627,2021/5/4,PR-18880,一级,华北,天津,办公用品,信封,Ames,"Ames 邮寄品,0,22.00
A1003651,2021/5/7,AG-10270,一级,西南,云南,办公用品,系固件,Stockwell,"Stockwell 图钉,0,22.00
A1003654,2021/5/8,DM-12955,一级,中南,湖南,家具,桌子,Barricks,"Barricks 圆桌,0,22.00
A1003679,2021/5/12,VP-21760,当日,华东,福建,技术,复印机,Brother,"Brother 传真复印机,0,22.00
A1003687,2021/5/13,TB-21190,二级,华东,江苏,办公用品,系固件,Stockwell,"Stockwell 夹子,0,22.00
A1003724,2021/5/19,AF-10885,标准级,中南,湖南,技术,设备,松下,"松下 计算器,0,22.00
A1003754,2021/5/22,JA-15970,当日,西南,重庆,家具,用具,Advantus,"Advantus 灯泡,0,22.00
A1003763,2021/5/25,NM-18445,标准级,东北,吉林,办公用品,器具,Hoover,"Hoover 微波炉,0,22.00
A1003773,2021/5/26,FC-14335,标准级,东北,吉林,技术,电话,思科,"思科 耳机,0,22.00
A1003799,2021/5/29,BB-11545,标准级,华北,北京,办公用品,标签,Avery,"Avery 合法证物标签,0,22.00
A1003798,2021/5/29,MC-17275,标准级,东北,辽宁,家具,椅子,Hon,"Hon 扶手椅,0,22.00
A1003853,2021/6/8,RF-19840,标准级,中南,广东,办公用品,信封,Cameo,"Cameo 局间信封,0,22.00
A1003851,2021/6/8,LW-17215,二级,西北,陕西,家具,书架,宜家,"宜家 古典书架,0,22.00
A1003855,2021/6/9,SJ-20125,标准级,中南,广西,家具,用具,Eldon,"Eldon 门挡,0,22.00
A1003862,2021/6/10,SJ-20125,一级,华东,上海,办公用品,标签,Hon,"Hon 圆形标签,0,22.00
A1003928,2021/6/20,CC-12610,标准级,华北,山西,家具,书架,Dania,"Dania 书架,0,22.00
A1003938,2021/6/22,JK-15625,一级,华北,河北,办公用品,用品,Stiletto,"Stiletto 尺子,0,22.00
A1003985,2021/7/1,JM-15250,二级,华北,山西,办公用品,收纳具,Tenex,"Tenex 盘,0,22.00
A1004028,2021/7/16,Co-12640,标准级,华东,山东,家具,用具,Deflect-O,"Deflect-O 相框,0,22.00
A1004043,2021/7/20,RB-19465,一级,华北,北京,办公用品,美术,Boston,"Boston 记号笔,0,22.00
A1004054,2021/7/22,CC-12370,标准级,华东,山东,办公用品,系固件,Stockwell,"Stockwell 按钉,0,22.00
A1004113,2021/8/5,PV-18985,二级,中南,湖南,办公用品,收纳具,Tenex,"Tenex 文件夹,0,22.00
A1004134,2021/8/8,TS-21655,标准级,中南,湖北,家具,椅子,Novimex,"Novimex 折叠椅,0,22.00
A1004141,2021/8/10,RO-19780,标准级,西北,陕西,技术,配件,Memorex,"Memorex 鼠标,0,22.00
A1004184,2021/8/20,JE-15715,标准级,华东,山东,家具,椅子,Harbour Creations,"Harbour Creations 凳子,0,22.00
A1004198,2021/8/21,MC-18100,一级,东北,辽宁,家具,桌子,Bevis,"Bevis 圆桌,0,22.00
A1004210,2021/8/24,BD-11560,标准级,东北,辽宁,家具,桌子,Chromcraft,"Chromcraft 木桌,0,22.00
A1004219,2021/8/25,AB-10150,一级,华东,山东,办公用品,系固件,Accos,"Accos 夹子,0,22.00
A1004239,2021/8/28,KB-16315,标准级,华东,山东,技术,复印机,Brother,"Brother 复印机,0,22.00
A1004243,2021/8/29,VB-21745,标准级,西南,云南,家具,椅子,Office Star,"Office Star 凳子,0,22.00
A1004278,2021/9/8,DB-13120,标准级,华北,天津,办公用品,装订机,Wilson Jones,"Wilson Jones 装订机,0,22.00
A1004299,2021/9/11,AH-10075,二级,中南,广东,家具,椅子,Harbour Creations,"Harbour Creations 椅垫,0,22.00
A1004328,2021/9/15,SC-20695,标准级,中南,海南,办公用品,纸张,Enermax,"Enermax 计划信息表,0,22.00
A1004342,2021/9/17,BB-11545,一级,华东,浙江,办公用品,收纳具,Rogers,"Rogers 盘,0,22.00
A1004409,2021/9/30,GZ-14470,标准级,华北,河北,家具,书架,宜家,"宜家 搁架,0,22.00
A1004420,2021/10/1,BP-11290,二级,中南,河南,办公用品,装订机,Cardinal,"Cardinal 订书机,0,22.00
A1001811,2019/11/26,SC-20050,标准级,华东,山东,办公用品,标签,Avery,"Avery 合法证物标签,0,21.00
A1001843,2019/12/4,AB-10255,一级,西北,甘肃,家具,用具,Eldon,"Eldon 框架,0,21.00
A1001842,2019/12/4,MF-17665,一级,华北,山西,家具,用具,Deflect-O,"Deflect-O 闹钟,0,21.00
A1001847,2019/12/5,KH-16630,标准级,西南,云南,办公用品,美术,Sanford,"Sanford 荧光笔,0,21.00
A1001856,2019/12/10,DR-12880,当日,华北,天津,家具,椅子,Novimex,"Novimex 摇椅,0,21.00
A1001889,2019/12/18,MY-18295,标准级,西南,贵州,技术,复印机,Brother,"Brother 传真复印机,0,21.00
A1001920,2019/12/27,JG-15805,当日,华东,福建,办公用品,装订机,Ibico,"Ibico 装订机,0,21.00
A1001946,2020/1/7,VG-21805,标准级,东北,黑龙江,家具,椅子,Harbour Creations,"Harbour Creations 折叠椅,0,21.00
A1001961,2020/1/11,MS-17710,标准级,中南,湖北,办公用品,收纳具,Smead,"Smead 搁板,0,21.00
A1001965,2020/1/15,PW-19240,标准级,东北,黑龙江,办公用品,装订机,Wilson Jones,"Wilson Jones 标签,0,21.00
A1001974,2020/1/21,FG-14260,一级,华北,山西,办公用品,收纳具,Eldon,"Eldon 盒,0,21.00
A1001986,2020/1/25,KM-16660,标准级,华北,内蒙古,家具,书架,宜家,"宜家 古典书架,0,21.00
A1002008,2020/2/7,JM-15655,二级,中南,广东,办公用品,用品,Acme,"Acme 修剪器,0,21.00
A1002022,2020/2/13,KH-16630,标准级,华东,安徽,办公用品,信封,Cameo,"Cameo 外皮和封条,0,21.00
A1002038,2020/2/25,TB-21175,一级,华东,山东,家具,椅子,Safco,"SAFCO 扶手椅,0,21.00
A1002060,2020/3/4,JL-15835,一级,东北,辽宁,办公用品,信封,Cameo,"Cameo 马尼拉纸信封,0,21.00
A1002076,2020/3/11,TP-21565,二级,华北,山西,技术,配件,SanDisk,"SanDisk 路由器,0,21.00
A1002098,2020/3/20,AM-10705,一级,东北,黑龙江,办公用品,纸张,Eaton,"Eaton 令,0,21.00
A1002104,2020/3/21,NC-18535,一级,华东,山东,家具,用具,Advantus,"Advantus 灯泡,0,21.00
A1002142,2020/4/8,BS-11365,一级,华东,上海,办公用品,美术,Sanford,"Sanford 铅笔刀,0,21.00
A1002186,2020/4/24,NC-18340,二级,中南,广东,家具,书架,Safco,"Safco 书架,0,21.00
A1002188,2020/4/24,NC-18340,标准级,中南,海南,办公用品,收纳具,Eldon,"Eldon 盘,0,21.00
A1002188,2020/4/24,HA-14920,标准级,中南,海南,技术,复印机,佳能,"佳能 传真机,0,21.00
A1002257,2020/5/14,BF-11170,标准级,西南,四川,家具,椅子,Office Star,"Office Star 凳子,0,21.00
A1002262,2020/5/15,ND-18460,标准级,华东,江西,技术,电话,苹果,"苹果 充电器,0,21.00
A1002355,2020/6/4,KL-16645,一级,西南,四川,技术,配件,Memorex,"Memorex 键区,0,21.00
A1002378,2020/6/10,LB-16795,二级,东北,吉林,办公用品,纸张,SanDisk,"SanDisk 计划信息表,0,21.00
A1002414,2020/6/17,IM-15070,标准级,中南,湖北,技术,设备,松下,"松下 电话,0,21.00
A1002466,2020/6/28,AC-10660,一级,西南,四川,办公用品,系固件,Stockwell,"Stockwell 图钉,0,21.00
A1002472,2020/6/29,BM-11575,一级,西南,云南,办公用品,标签,Harbour Creations,"Harbour Creations 有色标签,0,21.00
A1002478,2020/7/2,ZC-21910,标准级,中南,广东,办公用品,收纳具,Rogers,"Rogers 文件夹,0,21.00
A1002502,2020/7/13,AH-10075,标准级,华东,福建,家具,用具,Rubbermaid,"Rubvermaid 框架,0,21.00
A1002560,2020/8/3,SV-20365,二级,东北,吉林,办公用品,用品,Fiskars,"Fiskars 尺子,0,21.00
A1002573,2020/8/7,DD-13570,二级,华东,江西,技术,配件,罗技,"罗技 键盘,0,21.00
A1002575,2020/8/7,DM-13015,标准级,中南,广东,办公用品,系固件,Advantus,"Advantus 回形针,0,21.00
A1002578,2020/8/8,FG-14260,标准级,华北,河北,办公用品,系固件,OIC,"OIC 图钉,0,21.00
A1002600,2020/8/13,AG-10675,标准级,东北,吉林,办公用品,信封,Ames,"Ames 外皮和封条,0,21.00
A1002620,2020/8/16,SR-20425,标准级,东北,吉林,技术,复印机,惠普,"惠普 传真机,0,21.00
A1002635,2020/8/20,KM-16375,一级,华东,福建,办公用品,美术,BIC,"BIC 画布,0,21.00
A1002648,2020/8/21,SZ-20035,二级,中南,广东,家具,书架,Bush,"Bush 柜,0,21.00
A1002693,2020/9/2,SC-20725,二级,华北,河北,办公用品,收纳具,Rogers,"Rogers 锁柜,0,21.00
A1002724,2020/9/6,TS-21505,标准级,华北,北京,办公用品,标签,Novimex,"Novimex 运输标签,0,21.00
A1002728,2020/9/9,LC-16870,一级,中南,广东,办公用品,信封,Cameo,"Cameo 马尼拉纸信封,0,21.00
A1002735,2020/9/10,FC-14245,标准级,华东,山东,技术,电话,思科,"思科 充电器,0,21.00
A1002760,2020/9/16,Dp-13240,当日,中南,河南,技术,配件,Memorex,"Memorex 记忆卡,0,21.00
A1002810,2020/9/25,SV-20785,标准级,华东,山东,家具,用具,Eldon,"Eldon 闹钟,0,21.00
A1002887,2020/10/10,DR-12880,当日,华东,福建,技术,电话,三星,"三星 办公室电话机,0,21.00
A1002896,2020/10/12,FP-14320,当日,东北,黑龙江,家具,椅子,Harbour Creations,"Harbour Creations 扶手椅,0,21.00
A1002904,2020/10/15,EA-14035,当日,华东,福建,技术,配件,贝尔金,"贝尔金 键盘,0,21.00
A1002932,2020/10/22,BS-11665,标准级,华北,山西,家具,用具,Tenex,"Tenex 闹钟,0,21.00
A1002937,2020/10/23,DA-13450,标准级,东北,黑龙江,办公用品,信封,Cameo,"Cameo 搭扣信封,0,21.00
A1002951,2020/10/25,EH-13765,标准级,中南,广东,家具,椅子,Novimex,"Novimex 椅垫,0,21.00
A1002995,2020/11/4,RB-19465,标准级,西南,重庆,办公用品,收纳具,Rogers,"Rogers 盘,0,21.00
A1003519,2021/3/31,KM-16720,标准级,东北,辽宁,办公用品,用品,Kleencut,"Kleencut 剪刀,0,21.00
A1003521,2021/3/31,IG-15085,标准级,华北,天津,办公用品,纸张,Enermax,"Enermax 计划信息表,0,21.00
A1003533,2021/4/2,MH-17290,标准级,华北,河北,办公用品,系固件,Advantus,"Advantus 橡皮筋,0,21.00
A1003548,2021/4/8,HK-14890,标准级,华东,山东,家具,用具,Advantus,"Advantus 闹钟,0,21.00
A1003574,2021/4/18,ES-14080,标准级,东北,辽宁,办公用品,系固件,Accos,"Accos 橡皮筋,0,21.00
A1003594,2021/4/27,PW-19240,二级,中南,湖南,办公用品,用品,Fiskars,"Fiskars 剪刀,0,21.00
A1003670,2021/5/11,MH-17440,当日,东北,辽宁,技术,设备,松下,"松下 收据打印机,0,21.00
A1003703,2021/5/15,JL-15835,标准级,华东,山东,家具,椅子,Safco,"SAFCO 椅垫,0,21.00
A1003714,2021/5/16,MD-17350,标准级,中南,湖南,办公用品,纸张,Enermax,"Enermax 笔记本,0,21.00
A1003723,2021/5/18,LC-16885,标准级,华东,福建,家具,椅子,Harbour Creations,"Harbour Creations 折叠椅,0,21.00
A1003802,2021/5/30,AH-10120,一级,华北,天津,办公用品,标签,Novimex,"Novimex 圆形标签,0,21.00
A1003857,2021/6/9,JD-15895,一级,华北,河北,办公用品,纸张,SanDisk,"SanDisk 备忘录便条,0,21.00
A1003863,2021/6/10,VS-21820,二级,中南,广东,办公用品,纸张,Eaton,"Eaton 计划信息表,0,21.00
A1003859,2021/6/10,CJ-12010,标准级,西南,重庆,家具,用具,Rubbermaid,"Rubvermaid 灯泡,0,21.00
A1003908,2021/6/17,LS-16975,一级,中南,湖南,办公用品,标签,Hon,"Hon 文件夹标签,0,21.00
A1003939,2021/6/22,PJ-19015,标准级,华北,河北,家具,书架,Dania,"Dania 古典书架,0,21.00
A1003943,2021/6/23,AA-10645,标准级,华东,山东,办公用品,美术,Boston,"Boston 记号笔,0,21.00
A1003974,2021/6/29,LW-17215,标准级,西南,重庆,家具,椅子,Safco,"SAFCO 摇椅,0,21.00
A1003981,2021/6/30,NS-18640,标准级,西北,青海,办公用品,标签,Novimex,"Novimex 运输标签,0,21.00
A1003984,2021/7/1,RF-19345,二级,华北,内蒙古,办公用品,装订机,Ibico,"Ibico 孔加固材料,0,21.00
A1004047,2021/7/20,LT-17110,二级,华东,福建,办公用品,美术,BIC,"BIC 荧光笔,0,21.00
A1004050,2021/7/21,CM-12115,一级,西南,重庆,办公用品,装订机,Acco,"Acco 标签,0,21.00
A1004060,2021/7/24,KD-16495,一级,中南,河南,办公用品,系固件,Accos,"Accos 图钉,0,21.00
A1004079,2021/8/1,MS-17365,标准级,华东,上海,技术,复印机,惠普,"惠普 无线传真机,0,21.00
A1004105,2021/8/4,LC-16960,二级,华东,山东,办公用品,装订机,Ibico,"Ibico 标签,0,21.00
A1004110,2021/8/5,GZ-14545,二级,西南,四川,办公用品,美术,Sanford,"Sanford 钢笔,0,21.00
A1004129,2021/8/8,MM-18055,标准级,华东,上海,技术,配件,Memorex,"Memorex 闪存驱动器,0,21.00
A1004210,2021/8/24,BD-11560,标准级,东北,辽宁,办公用品,美术,Binney & Smith,"Binney & Smith 速写本,0,21.00
A1004229,2021/8/27,MY-18295,标准级,华东,山东,家具,书架,宜家,"宜家 古典书架,0,21.00
A1004251,2021/8/31,CM-12190,标准级,华北,山西,办公用品,收纳具,Fellowes,"Fellowes 锁柜,0,21.00
A1004278,2021/9/8,NS-18640,标准级,华北,天津,家具,椅子,Safco,"SAFCO 沙滩椅,0,21.00
A1004281,2021/9/8,MH-17455,标准级,华东,安徽,技术,复印机,Brother,"Brother 个人复印机,0,21.00
A1004308,2021/9/12,IL-15100,一级,中南,湖南,办公用品,纸张,Eaton,"Eaton 计划信息表,0,21.00
A1004333,2021/9/16,MF-17665,标准级,东北,黑龙江,技术,复印机,佳能,"佳能 墨水,0,21.00
A1004342,2021/9/17,IL-15100,一级,华东,浙江,家具,椅子,Hon,"Hon 凳子,0,21.00
A1004355,2021/9/18,BP-11095,标准级,华东,山东,办公用品,美术,Binney & Smith,"Binney & Smith 画布,0,21.00
A1004353,2021/9/18,MJ-17740,标准级,华东,山东,办公用品,纸张,Enermax,"Enermax 令,0,21.00
A1004396,2021/9/28,CT-11995,标准级,华东,山东,办公用品,用品,Kleencut,"Kleencut 美工刀,0,21.00
A1004407,2021/9/30,BD-11320,标准级,华东,上海,家具,书架,Sauder,"Sauder 书架,0,21.00
A1004446,2021/10/7,JP-16135,二级,华北,天津,办公用品,系固件,OIC,"OIC 订书钉,0,21.00
A1001819,2019/11/27,BT-11680,标准级,东北,黑龙江,办公用品,用品,Kleencut,"Kleencut 美工刀,0,20.00
A1001844,2019/12/4,TP-21130,当日,西南,四川,家具,书架,宜家,"宜家 搁架,0,20.00
A1001845,2019/12/5,KH-16630,二级,华北,河北,家具,书架,Dania,"Dania 书架,0,20.00
A1001854,2019/12/8,DR-12880,二级,华东,浙江,技术,复印机,惠普,"惠普 无线传真机,0,20.00
A1001871,2019/12/12,BT-11395,标准级,东北,吉林,家具,桌子,Bevis,"Bevis 圆桌,0,20.00
A1001883,2019/12/16,NG-18430,标准级,华东,安徽,办公用品,收纳具,Rogers,"Rogers 文件车,0,20.00
A1001890,2019/12/18,RW-19540,二级,华东,安徽,办公用品,标签,Harbour Creations,"Harbour Creations 圆形标签,0,20.00
A1001893,2019/12/19,KM-16720,标准级,华东,浙江,家具,书架,Dania,"Dania 书架,0,20.00
A1001916,2019/12/26,JF-15355,二级,华北,山西,家具,书架,宜家,"宜家 书库,0,20.00
A1001923,2019/12/28,SV-20785,标准级,西南,重庆,办公用品,收纳具,Tenex,"Tenex 盘,0,20.00
A1001928,2019/12/29,SV-20785,当日,华北,山西,办公用品,系固件,Stockwell,"Stockwell 按钉,0,20.00
A1001940,2020/1/1,ML-17410,一级,中南,广东,办公用品,美术,Sanford,"Sanford 记号笔,0,20.00
A1001981,2020/1/24,AR-10540,一级,华北,山西,办公用品,收纳具,Eldon,"Eldon 文件车,0,20.00
A1001988,2020/1/28,SC-20725,标准级,中南,广东,家具,椅子,Harbour Creations,"Harbour Creations 凳子,0,20.00
A1001996,2020/2/1,FH-14350,标准级,东北,黑龙江,办公用品,装订机,Ibico,"Ibico 订书机,0,20.00
A1001997,2020/2/4,JO-15145,标准级,华北,北京,办公用品,装订机,Acco,"Acco 打孔机,0,20.00
A1002007,2020/2/7,AJ-10795,二级,西北,青海,家具,桌子,Hon,"Hon 会议桌,0,20.00
A1002050,2020/2/28,DL-13495,二级,东北,辽宁,技术,配件,罗技,"罗技 键盘,0,20.00
A1002067,2020/3/6,EH-14125,一级,中南,海南,家具,椅子,Office Star,"Office Star 凳子,0,20.00
A1002084,2020/3/15,SG-20890,标准级,东北,黑龙江,家具,椅子,Hon,"Hon 扶手椅,0,20.00
A1002091,2020/3/18,HK-14890,二级,华东,山东,办公用品,收纳具,Smead,"Smead 锁柜,0,20.00
A1002090,2020/3/18,CK-12595,标准级,西北,陕西,办公用品,收纳具,Tenex,"Tenex 盘,0,20.00
A1002109,2020/3/22,SR-20740,标准级,东北,辽宁,技术,配件,罗技,"罗技 键区,0,20.00
A1002116,2020/3/27,ME-17320,一级,华北,山西,办公用品,器具,KitchenAid,"KitchenAid 咖啡研磨机,0,20.00
A1002115,2020/3/27,LS-16975,标准级,东北,黑龙江,办公用品,收纳具,Tenex,"Tenex 搁板,0,20.00
A1002122,2020/3/30,RA-19285,标准级,华东,浙江,办公用品,纸张,Eaton,"Eaton 计划信息表,0,20.00
A1002131,2020/4/3,AM-10705,标准级,西南,云南,技术,设备,松下,"松下 喷墨打印机,0,20.00
A1002143,2020/4/9,AT-10435,当日,东北,辽宁,办公用品,用品,Elite,"Elite 开信刀,0,20.00
A1002145,2020/4/9,PO-18850,标准级,华东,山东,家具,椅子,Novimex,"Novimex 扶手椅,0,20.00
A1002146,2020/4/10,MO-17500,标准级,东北,吉林,办公用品,纸张,Enermax,"Enermax 令,0,20.00
A1002149,2020/4/10,CS-12250,标准级,西南,四川,办公用品,系固件,Advantus,"Advantus 图钉,0,20.00
A1002184,2020/4/23,RR-19315,标准级,华北,山西,技术,复印机,惠普,"惠普 个人复印机,0,20.00
A1002227,2020/5/6,AP-10915,标准级,西南,四川,办公用品,标签,Hon,"Hon 运输标签,0,20.00
A1002268,2020/5/16,RD-19720,标准级,华东,福建,办公用品,收纳具,Rogers,"Rogers 盘,0,20.00
A1002281,2020/5/21,JF-15490,二级,中南,海南,办公用品,纸张,Eaton,"Eaton 羊皮纸,0,20.00
A1002283,2020/5/21,SG-20470,标准级,华东,浙江,办公用品,系固件,Advantus,"Advantus 回形针,0,20.00
A1002321,2020/5/27,RM-19675,二级,中南,河南,技术,配件,罗技,"罗技 鼠标,0,20.00
A1002322,2020/5/27,SF-20965,标准级,中南,湖南,办公用品,收纳具,Eldon,"Eldon 文件车,0,20.00
A1002336,2020/5/30,DS-13180,标准级,中南,河南,办公用品,美术,Sanford,"Sanford 画布,0,20.00
A1002332,2020/5/30,AP-10915,标准级,华东,山东,家具,用具,Deflect-O,"Deflect-O 门挡,0,20.00
A1002356,2020/6/4,AG-10270,标准级,中南,广东,办公用品,标签,Avery,"Avery 文件夹标签,0,20.00
A1002376,2020/6/8,LT-16765,标准级,中南,河南,办公用品,信封,Cameo,"Cameo 马尼拉纸信封,0,20.00
A1002377,2020/6/10,NR-18550,标准级,西南,重庆,家具,椅子,Office Star,"Office Star 摇椅,0,20.00
A1002406,2020/6/15,NS-18640,标准级,华东,山东,办公用品,信封,Kraft,"Kraft 商业信封,0,20.00
A1002420,2020/6/18,MK-17905,标准级,中南,广东,办公用品,收纳具,Rogers,"Rogers 搁板,0,20.00
A1002417,2020/6/18,MH-17455,标准级,中南,广东,办公用品,信封,GlobeWeis,"GlobeWeis 局间信封,0,20.00
A1002426,2020/6/20,LW-17125,标准级,西南,四川,技术,复印机,惠普,"惠普 墨水,0,20.00
A1002442,2020/6/22,JO-15280,当日,华东,山东,技术,配件,贝尔金,"贝尔金 路由器,0,20.00
A1002446,2020/6/24,MC-17275,一级,华东,山东,办公用品,用品,Stiletto,"Stiletto 美工刀,0,20.00
A1002444,2020/6/24,SS-20140,标准级,华北,河北,技术,复印机,佳能,"佳能 无线传真机,0,20.00
A1002448,2020/6/24,GM-14455,标准级,华东,山东,技术,设备,冲电器,"冲电器 电话,0,20.00
A1002453,2020/6/25,TB-21175,标准级,华东,江西,家具,书架,Safco,"Safco 书库,0,20.00
A1002459,2020/6/26,EH-13765,标准级,东北,辽宁,家具,椅子,Novimex,"Novimex 沙滩椅,0,20.00
A1002467,2020/6/28,ME-17725,标准级,中南,湖北,办公用品,信封,Ames,"Ames 邮寄品,0,20.00
A1002472,2020/6/29,MH-18115,一级,西南,云南,办公用品,装订机,Avery,"Avery 装订机,0,20.00
A1002486,2020/7/3,IL-15100,标准级,中南,海南,家具,桌子,Hon,"Hon 咖啡桌,0,20.00
A1002493,2020/7/8,JH-15985,一级,华北,河北,办公用品,美术,Sanford,"Sanford 记号笔,0,20.00
A1002492,2020/7/8,TC-21535,二级,中南,湖南,技术,电话,摩托罗拉,"摩托罗拉 办公室电话机,0,20.00
A1002498,2020/7/11,CY-12745,当日,华北,河北,家具,桌子,Bevis,"Bevis 咖啡桌,0,20.00
A1002496,2020/7/11,BE-11455,标准级,华北,天津,办公用品,用品,Acme,"Acme 剪刀,0,20.00
A1002503,2020/7/13,AH-10210,标准级,华东,福建,办公用品,系固件,Accos,"Accos 橡皮筋,0,20.00
A1002508,2020/7/17,AW-10930,二级,东北,辽宁,家具,桌子,Barricks,"Barricks 电脑桌,0,20.00
A1002511,2020/7/18,EH-14125,二级,华北,河北,技术,配件,贝尔金,"贝尔金 路由器,0,20.00
A1002512,2020/7/18,LR-17035,标准级,华东,山东,家具,用具,Advantus,"Advantus 分层置放架,0,20.00
A1002520,2020/7/22,TH-21100,二级,东北,黑龙江,办公用品,装订机,Acco,"Acco 装订机,0,20.00
A1002527,2020/7/24,VG-21790,标准级,中南,湖北,办公用品,信封,Jiffy,"Jiffy 外皮和封条,0,20.00
A1002563,2020/8/5,KH-16690,标准级,中南,广东,办公用品,器具,Breville,"Breville 微波炉,0,20.00
A1002563,2020/8/5,BK-11260,标准级,中南,广东,技术,配件,罗技,"罗技 记忆卡,0,20.00
A1002573,2020/8/7,MS-17365,二级,华东,江西,办公用品,系固件,Stockwell,"Stockwell 订书钉,0,20.00
A1002607,2020/8/14,CS-12250,标准级,华北,内蒙古,办公用品,收纳具,Eldon,"Eldon 盘,0,20.00
A1002625,2020/8/18,LS-16975,标准级,华东,浙江,办公用品,收纳具,Eldon,"Eldon 盒,0,20.00
A1002634,2020/8/20,BF-11020,二级,东北,吉林,家具,用具,Tenex,"Tenex 门挡,0,20.00
A1002637,2020/8/20,JE-15745,二级,西南,云南,办公用品,信封,GlobeWeis,"GlobeWeis 局间信封,0,20.00
A1002650,2020/8/22,LH-17020,二级,西南,重庆,办公用品,纸张,施乐,"施乐 令,0,20.00
A1002650,2020/8/22,LH-17020,二级,西南,重庆,办公用品,装订机,Avery,"Avery 打孔机,0,20.00
A1002677,2020/8/28,LS-17230,二级,中南,广东,技术,复印机,佳能,"佳能 无线传真机,0,20.00
A1002678,2020/8/28,MV-18190,标准级,华北,河北,家具,书架,Dania,"Dania 书库,0,20.00
A1002697,2020/9/2,SS-20590,二级,东北,黑龙江,办公用品,收纳具,Fellowes,"Fellowes 文件夹,0,20.00
A1002698,2020/9/2,CD-11920,标准级,西北,陕西,办公用品,装订机,Avery,"Avery 装订机盖,0,20.00
A1002704,2020/9/3,NB-18655,标准级,华北,天津,办公用品,信封,Cameo,"Cameo 外皮和封条,0,20.00
A1002716,2020/9/5,ML-18265,二级,西南,四川,办公用品,信封,Cameo,"Cameo 外皮和封条,0,20.00
A1002723,2020/9/6,LC-16870,标准级,中南,广东,家具,椅子,Novimex,"Novimex 沙滩椅,0,20.00
A1002729,2020/9/9,JE-15715,二级,华北,天津,办公用品,系固件,Accos,"Accos 订书钉,0,20.00
A1002754,2020/9/13,BD-11725,标准级,东北,吉林,办公用品,收纳具,Tenex,"Tenex 锁柜,0,20.00
A1002759,2020/9/14,Dp-13240,标准级,华北,北京,技术,配件,Enermax,"Enermax 键盘,0,20.00
A1002767,2020/9/17,BF-11020,二级,西北,甘肃,办公用品,收纳具,Fellowes,"Fellowes 盘,0,20.00
A1002767,2020/9/17,DH-13675,二级,西北,甘肃,技术,复印机,Brother,"Brother 无线传真机,0,20.00
A1002810,2020/9/25,SV-20785,标准级,华东,山东,技术,设备,冲电器,"冲电器 打印机,0,20.00
A1002816,2020/9/26,HW-14935,标准级,西南,云南,办公用品,系固件,Stockwell,"Stockwell 订书钉,0,20.00
A1002834,2020/9/30,GM-14440,标准级,中南,河南,技术,电话,思科,"思科 耳机,0,20.00
A1002837,2020/10/1,DB-12910,二级,华东,山东,办公用品,标签,Smead,"Smead 圆形标签,0,20.00
A1002845,2020/10/2,JG-15310,二级,东北,黑龙江,技术,配件,Memorex,"Memorex 记忆卡,0,20.00
A1002852,2020/10/3,SH-19975,标准级,中南,广东,办公用品,信封,Cameo,"Cameo 马尼拉纸信封,0,20.00
A1002864,2020/10/7,SS-20875,一级,中南,湖北,家具,椅子,Novimex,"Novimex 折叠椅,0,20.00
A1002868,2020/10/7,NW-18400,标准级,东北,辽宁,家具,椅子,Safco,"SAFCO 沙滩椅,0,20.00
A1002885,2020/10/10,DH-13075,标准级,中南,湖北,办公用品,美术,Binney & Smith,"Binney & Smith 速写本,0,20.00
A1002902,2020/10/15,TP-21130,二级,华北,内蒙古,办公用品,美术,Stanley,"Stanley 记号笔,0,20.00
A1002918,2020/10/17,PG-18820,当日,华北,山西,办公用品,标签,Novimex,"Novimex 可去除的标签,0,20.00
A1002916,2020/10/17,CR-12730,标准级,东北,辽宁,办公用品,用品,Acme,"Acme 开信刀,0,20.00
A1002916,2020/10/17,JP-16135,标准级,东北,辽宁,技术,复印机,Brother,"Brother 复印机,0,20.00
A1002923,2020/10/18,JD-16150,标准级,华东,山东,办公用品,用品,Fiskars,"Fiskars 尺子,0,20.00
A1002936,2020/10/22,BP-11290,二级,华东,山东,办公用品,系固件,Stockwell,"Stockwell 订书钉,0,20.00
A1002941,2020/10/23,AH-10690,标准级,东北,黑龙江,技术,复印机,佳能,"佳能 复印机,0,20.00
A1002943,2020/10/23,CM-12235,标准级,中南,广东,办公用品,收纳具,Smead,"Smead 搁板,0,20.00
A1002947,2020/10/24,RS-19420,一级,中南,广东,家具,桌子,Bevis,"Bevis 木桌,0,20.00
A1002955,2020/10/28,SS-20410,一级,华东,安徽,办公用品,标签,Smead,"Smead 文件夹标签,0,20.00
A1002957,2020/10/28,ZD-21925,标准级,中南,湖北,家具,椅子,Harbour Creations,"Harbour Creations 凳子,0,20.00
A1002965,2020/10/29,PF-19120,标准级,东北,辽宁,办公用品,用品,Acme,"Acme 开信刀,0,20.00
A1002970,2020/10/29,PF-19120,标准级,华北,河北,办公用品,用品,Fiskars,"Fiskars 开信刀,0,20.00
A1002982,2020/11/1,MA-17560,标准级,西南,重庆,家具,椅子,Novimex,"Novimex 折叠椅,0,20.00
A1002982,2020/11/1,MA-17560,标准级,西南,重庆,技术,电话,摩托罗拉,"摩托罗拉 信号增强器,0,20.00
A1002996,2020/11/4,JK-15640,二级,中南,湖南,办公用品,器具,Cuisinart,"Cuisinart 烤面包机,0,20.00
A1003022,2020/11/11,FA-14230,二级,华北,北京,技术,复印机,夏普,"夏普 复印机,0,20.00
A1003170,2020/12/6,FC-14245,标准级,华北,河北,办公用品,美术,Sanford,"Sanford 铅笔刀,0,20.00
A1003169,2020/12/6,DS-13030,标准级,中南,广东,办公用品,装订机,Cardinal,"Cardinal 订书机,0,20.00
A1003191,2020/12/14,AH-10120,标准级,中南,湖南,办公用品,美术,BIC,"BIC 记号笔,0,20.00
A1003193,2020/12/16,HW-14935,标准级,华东,上海,办公用品,器具,Breville,"Breville 冰箱,0,20.00
A1003238,2020/12/28,FC-14245,标准级,中南,湖南,家具,用具,Rubbermaid,"Rubvermaid 闹钟,0,20.00
A1003245,2020/12/30,AR-10540,标准级,西北,甘肃,办公用品,装订机,Wilson Jones,"Wilson Jones 标签,0,20.00
A1003283,2021/1/11,SV-20785,当日,华北,河北,办公用品,收纳具,Rogers,"Rogers 盘,0,20.00
A1003287,2021/1/13,SV-20785,标准级,华东,安徽,技术,电话,三星,"三星 信号增强器,0,20.00
A1003294,2021/1/15,CP-12085,标准级,东北,吉林,家具,书架,Dania,"Dania 古典书架,0,20.00
A1003302,2021/1/18,MB-18085,一级,中南,广东,家具,书架,Bush,"Bush 书库,0,20.00
A1003304,2021/1/20,BF-11020,标准级,东北,吉林,技术,电话,摩托罗拉,"摩托罗拉 充电器,0,20.00
A1003315,2021/1/23,OT-18730,标准级,东北,黑龙江,办公用品,纸张,Enermax,"Enermax 备忘录便条,0,20.00
A1003318,2021/1/24,SD-20485,标准级,华东,江苏,技术,配件,罗技,"罗技 鼠标,0,20.00
A1003409,2021/2/25,SC-20230,标准级,华北,山西,家具,用具,Rubbermaid,"Rubvermaid 分层置放架,0,20.00
A1003417,2021/2/27,TB-21520,二级,中南,湖南,办公用品,器具,Hoover,"Hoover 搅拌机,0,20.00
A1003427,2021/3/2,VS-21820,二级,东北,黑龙江,办公用品,用品,Acme,"Acme 修剪器,0,20.00
A1003425,2021/3/2,AR-10405,标准级,华东,福建,家具,椅子,Office Star,"Office Star 沙滩椅,0,20.00
A1003470,2021/3/16,KN-16390,标准级,华东,安徽,技术,设备,柯尼卡,"柯尼卡 收据打印机,0,20.00
A1003476,2021/3/18,FM-14215,一级,东北,辽宁,办公用品,美术,Stanley,"Stanley 记号笔,0,20.00
A1003483,2021/3/20,JE-15610,标准级,东北,辽宁,技术,复印机,佳能,"佳能 传真复印机,0,20.00
A1003503,2021/3/26,JE-15715,标准级,华东,山东,办公用品,标签,Avery,"Avery 合法证物标签,0,20.00
A1003503,2021/3/26,JE-15715,标准级,华东,山东,家具,椅子,Hon,"Hon 扶手椅,0,20.00
A1003525,2021/4/1,JG-15160,一级,西南,重庆,家具,用具,Eldon,"Eldon 门挡,0,20.00
A1003573,2021/4/16,ES-14080,当日,华东,福建,办公用品,用品,Stiletto,"Stiletto 剪刀,0,20.00
A1003587,2021/4/24,EM-14140,当日,华北,北京,办公用品,信封,GlobeWeis,"GlobeWeis 邮寄品,0,20.00
A1003607,2021/4/29,NC-18340,标准级,中南,广东,办公用品,美术,BIC,"BIC 画布,0,20.00
A1003612,2021/4/30,LH-17155,标准级,中南,湖北,家具,用具,Eldon,"Eldon 门挡,0,20.00
A1003619,2021/5/2,MC-17845,标准级,华东,山东,办公用品,标签,Hon,"Hon 运输标签,0,20.00
A1003626,2021/5/4,SG-20470,标准级,华东,山东,办公用品,装订机,Ibico,"Ibico 装订机,0,20.00
A1003632,2021/5/5,JB-15400,标准级,华东,福建,办公用品,收纳具,Eldon,"Eldon 锁柜,0,20.00
A1003629,2021/5/5,SN-20560,标准级,中南,广东,技术,配件,Enermax,"Enermax 鼠标,0,20.00
A1003644,2021/5/7,JF-15190,二级,华东,安徽,办公用品,纸张,施乐,"施乐 计划信息表,0,20.00
A1003664,2021/5/11,RD-19720,二级,中南,湖南,技术,电话,摩托罗拉,"摩托罗拉 办公室电话机,0,20.00
A1003673,2021/5/12,RD-19810,二级,华东,江苏,办公用品,系固件,Advantus,"Advantus 按钉,0,20.00
A1003673,2021/5/12,RD-19810,二级,华东,江苏,办公用品,美术,BIC,"BIC 记号笔,0,20.00
A1003702,2021/5/15,JL-15835,标准级,东北,黑龙江,办公用品,标签,Hon,"Hon 可去除的标签,0,20.00
A1003702,2021/5/15,JL-15835,标准级,东北,黑龙江,家具,用具,Advantus,"Advantus 分层置放架,0,20.00
A1003702,2021/5/15,JL-15835,标准级,东北,黑龙江,家具,用具,Advantus,"Advantus 闹钟,0,20.00
A1003713,2021/5/16,CL-12565,标准级,华北,河北,办公用品,收纳具,Rogers,"Rogers 文件夹,0,20.00
A1003725,2021/5/19,KH-16330,标准级,华东,上海,家具,书架,Safco,"Safco 书库,0,20.00
A1003808,2021/6/1,SV-20815,标准级,华北,河北,办公用品,信封,Kraft,"Kraft 局间信封,0,20.00
A1003824,2021/6/3,AR-10345,当日,中南,广东,办公用品,装订机,Acco,"Acco 装订机,0,20.00
A1003827,2021/6/4,SC-20680,二级,华东,福建,家具,书架,Safco,"Safco 柜,0,20.00
A1003831,2021/6/4,CM-11935,一级,华东,福建,办公用品,装订机,Acco,"Acco 孔加固材料,0,20.00
A1003831,2021/6/4,CP-12340,一级,华东,福建,技术,电话,三星,"三星 耳机,0,20.00
A1003850,2021/6/8,TS-21205,二级,西北,陕西,办公用品,装订机,Ibico,"Ibico 标签,0,20.00
A1003845,2021/6/8,CD-12790,一级,华东,山东,办公用品,美术,Binney & Smith,"Binney & Smith 铅笔刀,0,20.00
A1003856,2021/6/9,FM-14380,一级,中南,广东,办公用品,信封,Cameo,"Cameo 马尼拉纸信封,0,20.00
A1003855,2021/6/9,HR-14830,标准级,中南,广西,办公用品,纸张,Green Bar,"Green Bar 计划信息表,0,20.00
A1003858,2021/6/9,HR-14830,标准级,中南,海南,办公用品,收纳具,Tenex,"Tenex 文件夹,0,20.00
A1003880,2021/6/13,JK-15205,二级,华东,上海,技术,电话,苹果,"苹果 办公室电话机,0,20.00
A1003878,2021/6/13,TS-21205,标准级,华北,北京,办公用品,标签,Smead,"Smead 文件夹标签,0,20.00
A1003878,2021/6/13,LW-16825,标准级,华北,北京,技术,设备,StarTech,"StarTech 打印机,0,20.00
A1003887,2021/6/14,DB-12910,标准级,东北,辽宁,办公用品,收纳具,Tenex,"Tenex 锁柜,0,20.00
A1003890,2021/6/15,JS-15685,一级,中南,湖南,家具,书架,Sauder,"Sauder 书架,0,20.00
A1003895,2021/6/15,EH-14125,标准级,华东,福建,办公用品,美术,Sanford,"Sanford 钢笔,0,20.00
A1003905,2021/6/17,RD-19720,二级,华东,安徽,办公用品,用品,Fiskars,"Fiskars 美工刀,0,20.00
A1003905,2021/6/17,RD-19720,二级,华东,安徽,办公用品,装订机,Cardinal,"Cardinal 打孔机,0,20.00
A1003915,2021/6/18,RW-19540,一级,华东,江西,办公用品,纸张,Enermax,"Enermax 信纸,0,20.00
A1003918,2021/6/19,GG-14650,标准级,华北,天津,办公用品,收纳具,Fellowes,"Fellowes 文件夹,0,20.00
A1003922,2021/6/19,GG-14650,标准级,西南,四川,办公用品,用品,Fiskars,"Fiskars 修剪器,0,20.00
A1003934,2021/6/22,JK-15625,一级,华东,山东,办公用品,系固件,Stockwell,"Stockwell 夹子,0,20.00
A1003943,2021/6/23,AA-10645,标准级,华东,山东,办公用品,收纳具,Smead,"Smead 搁板,0,20.00
A1003949,2021/6/24,TB-21625,标准级,东北,黑龙江,办公用品,标签,Hon,"Hon 合法证物标签,0,20.00
A1003962,2021/6/26,DM-13525,二级,西北,陕西,办公用品,装订机,Cardinal,"Cardinal 订书机,0,20.00
A1003986,2021/7/1,JM-15250,一级,华北,河北,家具,椅子,Harbour Creations,"Harbour Creations 沙滩椅,0,20.00
A1003992,2021/7/3,LC-16960,标准级,中南,河南,办公用品,信封,Ames,"Ames 邮寄品,0,20.00
A1003996,2021/7/3,DM-12955,标准级,华东,安徽,办公用品,纸张,SanDisk,"SanDisk 笔记本,0,20.00
A1004001,2021/7/7,SB-20185,标准级,华北,山西,家具,椅子,Safco,"SAFCO 折叠椅,0,20.00
A1004014,2021/7/10,BG-11695,标准级,中南,广西,办公用品,美术,BIC,"BIC 速写本,0,20.00
A1004016,2021/7/11,FP-14320,标准级,华东,江西,技术,配件,Enermax,"Enermax 键盘,0,20.00
A1004022,2021/7/14,BF-11215,标准级,华北,山西,办公用品,用品,Fiskars,"Fiskars 修剪器,0,20.00
A1004041,2021/7/20,JJ-15445,二级,西南,云南,办公用品,装订机,Wilson Jones,"Wilson Jones 装订机,0,20.00
A1004042,2021/7/20,FM-14380,标准级,东北,辽宁,技术,电话,三星,"三星 耳机,0,20.00
A1004064,2021/7/27,RD-19930,标准级,华北,天津,家具,椅子,Hon,"Hon 椅垫,0,20.00
A1004085,2021/8/3,AJ-10960,标准级,华北,天津,办公用品,信封,Ames,"Ames 邮寄品,0,20.00
A1004085,2021/8/3,AJ-10960,标准级,华北,天津,家具,桌子,Barricks,"Barricks 咖啡桌,0,20.00
A1004096,2021/8/3,LP-17095,标准级,东北,吉林,办公用品,收纳具,Tenex,"Tenex 文件夹,0,20.00
A1004113,2021/8/5,BD-11500,二级,中南,湖南,办公用品,收纳具,Eldon,"Eldon 盒,0,20.00
A1004139,2021/8/10,NC-18415,标准级,华东,上海,家具,椅子,Office Star,"Office Star 沙滩椅,0,20.00
A1004161,2021/8/14,SM-20950,标准级,华东,山东,家具,书架,Safco,"Safco 古典书架,0,20.00
A1004163,2021/8/15,AH-10075,标准级,西南,重庆,家具,椅子,Safco,"SAFCO 摇椅,0,20.00
A1004172,2021/8/17,LB-16795,二级,东北,黑龙江,技术,设备,StarTech,"StarTech 打印机,0,20.00
A1004174,2021/8/17,DJ-13510,标准级,中南,广东,办公用品,标签,Smead,"Smead 有色标签,0,20.00
A1004175,2021/8/17,SC-20260,标准级,东北,吉林,办公用品,系固件,OIC,"OIC 订书钉,0,20.00
A1004218,2021/8/25,SR-20740,二级,华东,上海,家具,椅子,Safco,"SAFCO 凳子,0,20.00
A1004230,2021/8/27,BS-11755,标准级,华北,河北,技术,复印机,惠普,"惠普 个人复印机,0,20.00
A1004237,2021/8/28,BS-11755,标准级,华东,浙江,办公用品,用品,Acme,"Acme 尺子,0,20.00
A1004244,2021/8/30,DC-13285,标准级,华东,浙江,技术,配件,Enermax,"Enermax 记忆卡,0,20.00
A1004252,2021/8/31,MH-18115,一级,东北,吉林,办公用品,美术,Binney & Smith,"Binney & Smith 画布,0,20.00
A1004253,2021/8/31,ST-20530,标准级,华东,上海,办公用品,器具,Hamilton Beach,"Hamilton Beach 搅拌机,0,20.00
A1004253,2021/8/31,CM-12190,标准级,华东,上海,办公用品,美术,Binney & Smith,"Binney & Smith 钢笔,0,20.00
A1004269,2021/9/4,BD-11770,二级,华北,天津,家具,桌子,Bevis,"Bevis 电脑桌,0,20.00
A1004274,2021/9/7,FH-14275,标准级,华北,内蒙古,家具,用具,Rubbermaid,"Rubvermaid 门挡,0,20.00
A1004279,2021/9/8,JM-16195,标准级,华北,河北,技术,复印机,惠普,"惠普 墨水,0,20.00
A1004278,2021/9/8,NS-18640,标准级,华北,天津,家具,桌子,Barricks,"Barricks 培训桌,0,20.00
A1004287,2021/9/9,MH-17620,标准级,华北,山西,办公用品,系固件,Advantus,"Advantus 图钉,0,20.00
A1004297,2021/9/10,JS-16030,标准级,华北,河北,办公用品,信封,Kraft,"Kraft 邮寄品,0,20.00
A1004300,2021/9/11,JD-15895,标准级,西南,云南,办公用品,收纳具,Rogers,"Rogers 文件车,0,20.00
A1004303,2021/9/11,CS-12400,标准级,华东,安徽,办公用品,装订机,Cardinal,"Cardinal 订书机,0,20.00
A1004310,2021/9/14,TS-21430,二级,中南,广西,办公用品,纸张,Enermax,"Enermax 计划信息表,0,20.00
A1004327,2021/9/15,CK-12205,二级,东北,辽宁,技术,设备,StarTech,"StarTech 计算器,0,20.00
A1004334,2021/9/16,JD-16015,二级,华北,山西,技术,复印机,Brother,"Brother 墨水,0,20.00
A1004342,2021/9/17,PO-19180,一级,华东,浙江,家具,椅子,Safco,"SAFCO 扶手椅,0,20.00
A1004338,2021/9/17,EA-14035,标准级,中南,广西,办公用品,用品,Acme,"Acme 大剪刀,0,20.00
A1004358,2021/9/18,JE-15715,一级,东北,辽宁,家具,用具,Eldon,"Eldon 分层置放架,0,20.00
A1004386,2021/9/26,JR-16210,一级,东北,吉林,家具,椅子,Harbour Creations,"Harbour Creations 摇椅,0,20.00
A1004387,2021/9/26,BP-11290,二级,华东,山东,办公用品,纸张,Enermax,"Enermax 笔记本,0,20.00
A1004399,2021/9/28,JM-15865,一级,西北,甘肃,办公用品,收纳具,Rogers,"Rogers 搁板,0,20.00
A1004403,2021/9/29,ML-17755,标准级,华北,山西,技术,设备,爱普生,"爱普生 计算器,0,20.00
A1004424,2021/10/2,SS-20140,标准级,华东,安徽,办公用品,系固件,OIC,"OIC 按钉,0,20.00
A1004439,2021/10/6,JL-15130,一级,华北,天津,办公用品,标签,Avery,"Avery 有色标签,0,20.00
A1004449,2021/10/7,LW-17125,当日,华北,河北,家具,书架,Dania,"Dania 书架,0,20.00
A1004549,2021/10/24,JL-15505,标准级,华东,山东,办公用品,用品,Stiletto,"Stiletto 剪刀,0,20.00
A1001814,2019/11/26,TB-21250,标准级,东北,辽宁,办公用品,信封,Ames,"Ames 外皮和封条,0,19.00
A1001827,2019/11/30,FA-14230,二级,华东,山东,办公用品,收纳具,Tenex,"Tenex 盘,0,19.00
A1001834,2019/12/3,DH-13075,二级,中南,湖北,办公用品,器具,Cuisinart,"Cuisinart 搅拌机,0,19.00
A1001875,2019/12/12,RH-19510,二级,东北,黑龙江,办公用品,系固件,OIC,"OIC 夹子,0,19.00
A1001874,2019/12/12,IL-15100,标准级,东北,黑龙江,家具,书架,Sauder,"Sauder 柜,0,19.00
A1001883,2019/12/16,PK-19075,标准级,华东,安徽,办公用品,信封,Jiffy,"Jiffy 商业信封,0,19.00
A1001889,2019/12/18,MY-18295,标准级,西南,贵州,技术,设备,松下,"松下 卡片打印机,0,19.00
A1001903,2019/12/22,GT-14755,标准级,中南,广东,办公用品,美术,Binney & Smith,"Binney & Smith 钢笔,0,19.00
A1001920,2019/12/27,EP-13915,当日,华东,福建,办公用品,信封,Kraft,"Kraft 邮寄品,0,19.00
A1001928,2019/12/29,SP-20860,当日,华北,山西,家具,书架,Sauder,"Sauder 书库,0,19.00
A1001927,2019/12/29,TC-21475,标准级,华东,浙江,办公用品,纸张,Eaton,"Eaton 信纸,0,19.00
A1002054,2020/3/1,TS-21340,标准级,西北,陕西,技术,电话,摩托罗拉,"摩托罗拉 充电器,0,19.00
A1002113,2020/3/25,LS-16945,标准级,东北,吉林,办公用品,美术,Boston,"Boston 荧光笔,0,19.00
A1002130,2020/4/2,EP-13915,标准级,华北,河北,技术,配件,罗技,"罗技 键区,0,19.00
A1002152,2020/4/10,AH-10585,标准级,华东,福建,办公用品,信封,GlobeWeis,"GlobeWeis 搭扣信封,0,19.00
A1002176,2020/4/18,AG-10330,标准级,华东,山东,办公用品,器具,Cuisinart,"Cuisinart 微波炉,0,19.00
A1002203,2020/4/30,CD-11920,二级,中南,广东,办公用品,信封,Kraft,"Kraft 搭扣信封,0,19.00
A1002219,2020/5/2,MH-17455,标准级,华北,河北,家具,书架,Safco,"Safco 墙角架,0,19.00
A1002235,2020/5/7,SR-20740,标准级,中南,河南,办公用品,系固件,Stockwell,"Stockwell 按钉,0,19.00
A1002245,2020/5/10,KA-16525,标准级,中南,河南,办公用品,收纳具,Eldon,"Eldon 文件车,0,19.00
A1002265,2020/5/15,PS-18970,标准级,西北,陕西,技术,复印机,佳能,"佳能 墨水,0,19.00
A1002275,2020/5/17,VF-21715,标准级,西北,甘肃,办公用品,用品,Elite,"Elite 美工刀,0,19.00
A1002288,2020/5/22,CM-11815,二级,华东,浙江,技术,复印机,Brother,"Brother 复印机,0,19.00
A1002295,2020/5/23,SE-20110,一级,中南,湖北,技术,复印机,Brother,"Brother 无线传真机,0,19.00
A1002404,2020/6/14,JD-16060,一级,华东,江苏,家具,椅子,Hon,"Hon 凳子,0,19.00
A1002396,2020/6/14,BM-11785,标准级,中南,湖北,技术,复印机,惠普,"惠普 传真机,0,19.00
A1002416,2020/6/18,IM-15070,一级,华东,江苏,办公用品,美术,Boston,"Boston 速写本,0,19.00
A1002416,2020/6/18,IM-15070,一级,华东,江苏,家具,书架,Safco,"Safco 书架,0,19.00
A1002434,2020/6/21,JO-15145,标准级,华北,天津,办公用品,用品,Stiletto,"Stiletto 开信刀,0,19.00
A1002433,2020/6/21,MS-17365,标准级,华北,北京,办公用品,装订机,Cardinal,"Cardinal 装订机盖,0,19.00
A1002445,2020/6/24,LH-17155,二级,中南,河南,办公用品,器具,Breville,"Breville 咖啡研磨机,0,19.00
A1002455,2020/6/25,SC-20440,当日,华东,上海,技术,设备,松下,"松下 收据打印机,0,19.00
A1002456,2020/6/25,SC-20440,一级,中南,湖南,办公用品,信封,Kraft,"Kraft 搭扣信封,0,19.00
A1002458,2020/6/26,RF-19345,二级,东北,黑龙江,办公用品,器具,Hamilton Beach,"Hamilton Beach 冰箱,0,19.00
A1002459,2020/6/26,EH-13765,标准级,东北,辽宁,技术,配件,Enermax,"Enermax 路由器,0,19.00
A1002500,2020/7/12,AH-10210,标准级,东北,辽宁,技术,电话,摩托罗拉,"摩托罗拉 耳机,0,19.00
A1002560,2020/8/3,CG-12040,二级,东北,吉林,家具,书架,宜家,"宜家 搁架,0,19.00
A1002572,2020/8/7,GM-14500,一级,华东,山东,家具,椅子,Hon,"Hon 椅垫,0,19.00
A1002598,2020/8/12,CA-12265,二级,中南,广东,办公用品,美术,Stanley,"Stanley 画布,0,19.00
A1002622,2020/8/16,CM-12445,标准级,中南,广东,办公用品,收纳具,Fellowes,"Fellowes 文件车,0,19.00
A1002628,2020/8/19,TM-21490,标准级,西南,四川,办公用品,纸张,SanDisk,"SanDisk 计划信息表,0,19.00
A1002699,2020/9/2,CY-12745,二级,西北,新疆,家具,椅子,Office Star,"Office Star 沙滩椅,0,19.00
A1002709,2020/9/3,NB-18655,标准级,华北,河北,技术,复印机,Brother,"Brother 复印机,0,19.00
A1002710,2020/9/4,DM-13525,一级,东北,吉林,办公用品,美术,Sanford,"Sanford 画布,0,19.00
A1002710,2020/9/4,DM-13525,一级,东北,吉林,办公用品,美术,Stanley,"Stanley 画布,0,19.00
A1002720,2020/9/5,GR-14560,一级,中南,河南,办公用品,收纳具,Rogers,"Rogers 盘,0,19.00
A1002736,2020/9/10,PR-18880,二级,中南,湖南,办公用品,纸张,施乐,"施乐 笔记本,0,19.00
A1002750,2020/9/12,KN-16705,标准级,西南,四川,办公用品,美术,BIC,"BIC 铅笔刀,0,19.00
A1002756,2020/9/13,TS-21340,标准级,华东,山东,办公用品,信封,Cameo,"Cameo 外皮和封条,0,19.00
A1002768,2020/9/17,BF-11020,一级,东北,辽宁,办公用品,信封,Cameo,"Cameo 商业信封,0,19.00
A1002778,2020/9/18,EN-13780,标准级,中南,河南,家具,椅子,Harbour Creations,"Harbour Creations 折叠椅,0,19.00
A1002780,2020/9/19,CK-12595,标准级,华北,天津,家具,书架,宜家,"宜家 古典书架,0,19.00
A1002808,2020/9/24,VP-21730,标准级,中南,广东,技术,配件,贝尔金,"贝尔金 鼠标,0,19.00
A1002819,2020/9/26,BG-11035,标准级,西北,新疆,办公用品,装订机,Avery,"Avery 打孔机,0,19.00
A1002826,2020/9/28,PP-18955,二级,中南,河南,办公用品,美术,BIC,"BIC 记号笔,0,19.00
A1002897,2020/10/12,JM-16195,标准级,东北,黑龙江,家具,椅子,Harbour Creations,"Harbour Creations 椅垫,0,19.00
A1002913,2020/10/16,JK-16090,二级,中南,广东,办公用品,系固件,Stockwell,"Stockwell 夹子,0,19.00
A1002927,2020/10/21,CS-12175,标准级,华北,天津,办公用品,美术,Binney & Smith,"Binney & Smith 速写本,0,19.00
A1002938,2020/10/23,JK-15730,标准级,华东,上海,办公用品,系固件,Accos,"Accos 按钉,0,19.00
A1002952,2020/10/25,JW-15220,当日,西北,陕西,办公用品,器具,Breville,"Breville 烤面包机,0,19.00
A1002954,2020/10/26,RD-19720,一级,华东,江苏,技术,配件,Enermax,"Enermax 键盘,0,19.00
A1002958,2020/10/28,ZD-21925,标准级,华东,安徽,办公用品,美术,Sanford,"Sanford 荧光笔,0,19.00
A1002962,2020/10/28,PC-18745,标准级,中南,广西,技术,设备,StarTech,"StarTech 卡片打印机,0,19.00
A1002974,2020/10/30,RB-19435,二级,华东,山东,办公用品,纸张,Eaton,"Eaton 计划信息表,0,19.00
A1002981,2020/10/31,CB-12535,一级,华北,内蒙古,技术,设备,冲电器,"冲电器 喷墨打印机,0,19.00
A1002996,2020/11/4,RR-19525,二级,中南,湖南,办公用品,装订机,Ibico,"Ibico 孔加固材料,0,19.00
A1002998,2020/11/4,JS-16030,标准级,东北,黑龙江,技术,配件,贝尔金,"贝尔金 键区,0,19.00
A1003023,2020/11/11,AH-10075,标准级,中南,河南,办公用品,美术,Boston,"Boston 速写本,0,19.00
A1003032,2020/11/12,RA-19285,标准级,中南,湖北,家具,用具,Eldon,"Eldon 灯泡,0,19.00
A1003040,2020/11/13,BG-11035,标准级,中南,广东,技术,复印机,夏普,"夏普 复印机,0,19.00
A1003038,2020/11/13,JE-15475,标准级,中南,湖南,家具,用具,Rubbermaid,"Rubvermaid 框架,0,19.00
A1003047,2020/11/15,SV-20365,一级,华北,北京,办公用品,美术,Binney & Smith,"Binney & Smith 画布,0,19.00
A1003054,2020/11/16,WB-21850,一级,中南,广东,技术,设备,柯尼卡,"柯尼卡 电话,0,19.00
A1003061,2020/11/18,JR-16210,标准级,中南,湖北,办公用品,器具,Breville,"Breville 烤面包机,0,19.00
A1003070,2020/11/19,TB-21190,标准级,中南,河南,办公用品,收纳具,Tenex,"Tenex 文件夹,0,19.00
A1003069,2020/11/19,JF-15190,标准级,中南,广西,家具,椅子,Safco,"SAFCO 扶手椅,0,19.00
A1003079,2020/11/20,CV-12805,标准级,中南,河南,家具,桌子,Barricks,"Barricks 培训桌,0,19.00
A1003086,2020/11/21,ES-14020,标准级,华东,上海,家具,书架,Dania,"Dania 古典书架,0,19.00
A1003096,2020/11/22,GB-14575,一级,华北,北京,家具,书架,宜家,"宜家 书库,0,19.00
A1003106,2020/11/25,YS-21880,标准级,华东,山东,技术,设备,StarTech,"StarTech 收据打印机,0,19.00
A1003104,2020/11/25,PG-18820,标准级,西南,四川,办公用品,用品,Acme,"Acme 剪刀,0,19.00
A1003299,2021/1/17,JE-15715,标准级,东北,辽宁,技术,复印机,佳能,"佳能 传真机,0,19.00
A1003311,2021/1/22,DB-13405,标准级,华东,江苏,办公用品,装订机,Avery,"Avery 打孔机,0,19.00
A1003331,2021/1/29,LS-17200,当日,华北,山西,办公用品,器具,KitchenAid,"KitchenAid 搅拌机,0,19.00
A1003345,2021/2/4,SF-20200,一级,华东,山东,技术,配件,Enermax,"Enermax 键区,0,19.00
A1003381,2021/2/13,MC-17605,一级,华北,河北,办公用品,用品,Stiletto,"Stiletto 尺子,0,19.00
A1003385,2021/2/14,RB-19645,标准级,东北,黑龙江,家具,用具,Advantus,"Advantus 相框,0,19.00
A1003405,2021/2/22,AJ-10795,标准级,中南,广东,办公用品,系固件,Advantus,"Advantus 橡皮筋,0,19.00
A1003412,2021/2/25,MF-18250,标准级,华北,内蒙古,办公用品,收纳具,Rogers,"Rogers 搁板,0,19.00
A1003473,2021/3/16,SP-20860,标准级,华北,北京,家具,椅子,Office Star,"Office Star 扶手椅,0,19.00
A1003492,2021/3/24,WB-21850,标准级,华东,江西,办公用品,收纳具,Fellowes,"Fellowes 搁板,0,19.00
A1003496,2021/3/24,JF-15355,标准级,西北,新疆,家具,椅子,Hon,"Hon 凳子,0,19.00
A1003545,2021/4/7,LH-16900,一级,华北,河北,办公用品,标签,Smead,"Smead 运输标签,0,19.00
A1003558,2021/4/11,JK-15205,一级,华东,山东,家具,书架,Sauder,"Sauder 柜,0,19.00
A1003587,2021/4/24,GZ-14545,当日,华北,北京,办公用品,用品,Stiletto,"Stiletto 美工刀,0,19.00
A1003588,2021/4/24,SJ-20215,一级,中南,广东,家具,用具,Rubbermaid,"Rubvermaid 分层置放架,0,19.00
A1003607,2021/4/29,RD-19900,标准级,中南,广东,办公用品,用品,Stiletto,"Stiletto 剪刀,0,19.00
A1003646,2021/5/7,AG-10270,一级,中南,湖北,技术,配件,SanDisk,"SanDisk 记忆卡,0,19.00
A1003656,2021/5/8,TR-21325,标准级,中南,广东,办公用品,美术,Sanford,"Sanford 铅笔刀,0,19.00
A1003665,2021/5/11,BP-11095,二级,中南,广东,办公用品,系固件,Advantus,"Advantus 橡皮筋,0,19.00
A1003709,2021/5/15,JK-15325,标准级,中南,湖南,技术,电话,诺基亚,"诺基亚 耳机,0,19.00
A1003706,2021/5/15,JL-15835,标准级,华东,山东,办公用品,信封,GlobeWeis,"GlobeWeis 外皮和封条,0,19.00
A1003773,2021/5/26,LB-16795,标准级,东北,吉林,办公用品,纸张,施乐,"施乐 令,0,19.00
A1003786,2021/5/28,DR-12940,二级,华东,安徽,办公用品,装订机,Wilson Jones,"Wilson Jones 打孔机,0,19.00
A1003791,2021/5/28,MA-17560,标准级,东北,黑龙江,办公用品,收纳具,Rogers,"Rogers 文件夹,0,19.00
A1003785,2021/5/28,TS-21655,标准级,华东,山东,技术,配件,罗技,"罗技 路由器,0,19.00
A1003806,2021/6/1,AA-10480,一级,中南,湖北,技术,复印机,惠普,"惠普 墨水,0,19.00
A1003833,2021/6/5,SL-20155,标准级,华东,安徽,家具,桌子,Chromcraft,"Chromcraft 培训桌,0,19.00
A1003878,2021/6/13,SM-20320,标准级,华北,北京,办公用品,系固件,OIC,"OIC 回形针,0,19.00
A1003886,2021/6/14,MO-17950,标准级,中南,广西,技术,设备,爱普生,"爱普生 打印机,0,19.00
A1003897,2021/6/15,LC-16870,标准级,中南,河南,办公用品,收纳具,Rogers,"Rogers 盒,0,19.00
A1003905,2021/6/17,RD-19720,二级,华东,安徽,家具,书架,Dania,"Dania 古典书架,0,19.00
A1003938,2021/6/22,DP-13000,一级,华北,河北,技术,设备,松下,"松下 电话,0,19.00
A1003953,2021/6/25,TB-21625,标准级,华东,山东,办公用品,信封,Ames,"Ames 外皮和封条,0,19.00
A1004009,2021/7/9,JM-15865,标准级,华东,江西,办公用品,装订机,Wilson Jones,"Wilson Jones 孔加固材料,0,19.00
A1004034,2021/7/17,RD-19720,标准级,西北,甘肃,技术,配件,Memorex,"Memorex 记忆卡,0,19.00
A1004032,2021/7/17,RD-19720,标准级,华东,安徽,家具,书架,宜家,"宜家 搁架,0,19.00
A1004044,2021/7/20,GH-14410,标准级,中南,广东,技术,电话,摩托罗拉,"摩托罗拉 办公室电话机,0,19.00
A1004066,2021/7/27,MC-17845,一级,华东,福建,技术,复印机,Brother,"Brother 传真复印机,0,19.00
A1004092,2021/8/3,AM-10705,标准级,华东,浙江,办公用品,美术,Stanley,"Stanley 荧光笔,0,19.00
A1004152,2021/8/12,EJ-14155,标准级,中南,广东,技术,复印机,惠普,"惠普 墨水,0,19.00
A1004169,2021/8/17,LB-16795,二级,华东,山东,家具,椅子,Safco,"SAFCO 椅垫,0,19.00
A1004185,2021/8/20,AH-10075,二级,中南,湖南,技术,电话,思科,"思科 办公室电话机,0,19.00
A1004215,2021/8/25,DH-13075,二级,中南,河南,办公用品,装订机,Wilson Jones,"Wilson Jones 打孔机,0,19.00
A1004248,2021/8/31,MH-17440,标准级,东北,黑龙江,技术,配件,Memorex,"Memorex 记忆卡,0,19.00
A1004268,2021/9/4,JL-15175,当日,中南,河南,家具,用具,Deflect-O,"Deflect-O 门挡,0,19.00
A1004273,2021/9/6,BT-11395,标准级,华东,安徽,办公用品,装订机,Acco,"Acco 装订机,0,19.00
A1004305,2021/9/11,SP-20650,标准级,东北,辽宁,办公用品,器具,Cuisinart,"Cuisinart 咖啡研磨机,0,19.00
A1004314,2021/9/14,AW-10930,标准级,西北,陕西,技术,复印机,Brother,"Brother 个人复印机,0,19.00
A1004322,2021/9/15,BO-11350,标准级,华北,内蒙古,技术,电话,三星,"三星 信号增强器,0,19.00
A1004347,2021/9/17,JD-16150,标准级,华东,安徽,家具,桌子,Bevis,"Bevis 培训桌,0,19.00
A1004382,2021/9/25,KF-16285,标准级,华东,福建,技术,设备,爱普生,"爱普生 计算器,0,19.00
A1004392,2021/9/28,SH-19975,标准级,华东,山东,家具,用具,Deflect-O,"Deflect-O 分层置放架,0,19.00
A1004396,2021/9/28,CT-11995,标准级,华东,山东,办公用品,系固件,Advantus,"Advantus 图钉,0,19.00
A1004421,2021/10/2,CA-12265,二级,华北,天津,办公用品,用品,Acme,"Acme 尺子,0,19.00
A1004452,2021/10/8,JG-15115,标准级,西北,青海,技术,设备,松下,"松下 卡片打印机,0,19.00
A1004923,2021/12/30,TS-21205,二级,中南,广东,办公用品,系固件,Advantus,"Advantus 按钉,0,19.00
A1001814,2019/11/26,EH-14125,标准级,东北,辽宁,办公用品,器具,Cuisinart,"Cuisinart 冰箱,0,18.00
A1001880,2019/12/14,NC-18415,标准级,华东,安徽,技术,复印机,Brother,"Brother 复印机,0,18.00
A1001929,2019/12/29,SP-20860,标准级,中南,河南,办公用品,装订机,Cardinal,"Cardinal 打孔机,0,18.00
A1002005,2020/2/7,AJ-10795,标准级,华东,上海,技术,设备,StarTech,"StarTech 计算器,0,18.00
A1002020,2020/2/13,DL-13330,二级,东北,黑龙江,家具,用具,Deflect-O,"Deflect-O 分层置放架,0,18.00
A1002054,2020/3/1,TS-21340,标准级,西北,陕西,办公用品,收纳具,Eldon,"Eldon 盒,0,18.00
A1002058,2020/3/4,DO-13435,一级,华东,福建,办公用品,装订机,Cardinal,"Cardinal 标签,0,18.00
A1002065,2020/3/5,RA-19285,一级,东北,吉林,办公用品,收纳具,Smead,"Smead 文件夹,0,18.00
A1002073,2020/3/8,MP-17965,标准级,西北,青海,技术,电话,三星,"三星 充电器,0,18.00
A1002142,2020/4/8,RM-19675,一级,华东,上海,家具,书架,Bush,"Bush 柜,0,18.00
A1002150,2020/4/10,PO-18850,标准级,华东,山东,办公用品,装订机,Ibico,"Ibico 订书机,0,18.00
A1002153,2020/4/11,WB-21850,标准级,华北,山西,家具,椅子,Office Star,"Office Star 扶手椅,0,18.00
A1002173,2020/4/18,JL-15130,标准级,西南,贵州,家具,椅子,Safco,"SAFCO 凳子,0,18.00
A1002202,2020/4/30,BP-11095,二级,中南,湖南,技术,电话,思科,"思科 办公室电话机,0,18.00
A1002210,2020/5/1,JL-15835,标准级,华东,福建,办公用品,纸张,施乐,"施乐 信纸,0,18.00
A1002240,2020/5/9,NS-18640,标准级,华东,浙江,家具,椅子,Hon,"Hon 椅垫,0,18.00
A1002243,2020/5/10,KA-16525,标准级,华东,上海,办公用品,系固件,Stockwell,"Stockwell 橡皮筋,0,18.00
A1002247,2020/5/11,BD-11620,二级,华东,山东,办公用品,标签,Avery,"Avery 有色标签,0,18.00
A1002270,2020/5/17,VF-21715,标准级,华东,江苏,技术,配件,Memorex,"Memorex 键区,0,18.00
A1002292,2020/5/22,SJ-20125,标准级,华北,河北,技术,设备,松下,"松下 喷墨打印机,0,18.00
A1002287,2020/5/22,DB-13660,标准级,东北,吉林,家具,用具,Deflect-O,"Deflect-O 相框,0,18.00
A1002295,2020/5/23,MG-17650,一级,中南,湖北,办公用品,纸张,Green Bar,"Green Bar 备忘录便条,0,18.00
A1002316,2020/5/27,GH-14410,二级,西南,云南,办公用品,用品,Fiskars,"Fiskars 剪刀,0,18.00
A1002342,2020/5/31,DB-13360,标准级,华东,山东,办公用品,信封,Kraft,"Kraft 邮寄品,0,18.00
A1002348,2020/6/3,SV-20785,二级,东北,辽宁,家具,椅子,Office Star,"Office Star 摇椅,0,18.00
A1002355,2020/6/4,KL-16645,一级,西南,四川,家具,椅子,Harbour Creations,"Harbour Creations 椅垫,0,18.00
A1002378,2020/6/10,MP-18175,二级,东北,吉林,家具,椅子,Safco,"SAFCO 扶手椅,0,18.00
A1002384,2020/6/12,RB-19435,标准级,华东,安徽,办公用品,收纳具,Tenex,"Tenex 盘,0,18.00
A1002419,2020/6/18,IM-15070,标准级,中南,河南,办公用品,器具,Hoover,"Hoover 炉灶,0,18.00
A1002425,2020/6/19,RE-19450,标准级,华东,安徽,家具,桌子,Barricks,"Barricks 电脑桌,0,18.00
A1002422,2020/6/19,EB-14110,标准级,东北,吉林,办公用品,器具,Breville,"Breville 咖啡研磨机,0,18.00
A1002436,2020/6/21,CK-12205,二级,中南,广东,办公用品,纸张,Enermax,"Enermax 令,0,18.00
A1002475,2020/7/1,MH-18115,二级,东北,黑龙江,技术,复印机,夏普,"夏普 无线传真机,0,18.00
A1002493,2020/7/8,AS-10225,一级,华北,河北,技术,电话,摩托罗拉,"摩托罗拉 耳机,0,18.00
A1002581,2020/8/8,FP-14320,标准级,中南,湖北,办公用品,装订机,Avery,"Avery 孔加固材料,0,18.00
A1002590,2020/8/10,GH-14410,标准级,西北,陕西,家具,椅子,Hon,"Hon 摇椅,0,18.00
A1002594,2020/8/12,AJ-10945,一级,华东,山东,办公用品,系固件,Stockwell,"Stockwell 按钉,0,18.00
A1002611,2020/8/15,AA-10315,标准级,华东,山东,技术,复印机,Brother,"Brother 个人复印机,0,18.00
A1002636,2020/8/20,EC-14050,标准级,西南,四川,办公用品,收纳具,Fellowes,"Fellowes 盒,0,18.00
A1002671,2020/8/27,DL-12865,标准级,西南,重庆,办公用品,收纳具,Fellowes,"Fellowes 搁板,0,18.00
A1002713,2020/9/4,CV-12805,二级,华东,浙江,办公用品,标签,Hon,"Hon 可去除的标签,0,18.00
A1002721,2020/9/5,DM-13345,标准级,西北,甘肃,家具,用具,Deflect-O,"Deflect-O 闹钟,0,18.00
A1002739,2020/9/11,DM-13525,一级,华东,山东,办公用品,系固件,OIC,"OIC 订书钉,0,18.00
A1002758,2020/9/14,Dp-13240,二级,华东,安徽,技术,电话,三星,"三星 智能手机,0,18.00
A1002771,2020/9/17,MM-18055,标准级,华东,山东,办公用品,信封,Ames,"Ames 搭扣信封,0,18.00
A1002782,2020/9/19,SJ-20125,标准级,中南,广东,办公用品,美术,Binney & Smith,"Binney & Smith 记号笔,0,18.00
A1002821,2020/9/27,JP-15460,当日,中南,湖南,家具,用具,Eldon,"Eldon 灯泡,0,18.00
A1002834,2020/9/30,SC-20050,标准级,中南,河南,办公用品,收纳具,Eldon,"Eldon 锁柜,0,18.00
A1002848,2020/10/3,MC-17275,标准级,中南,广东,家具,用具,Eldon,"Eldon 闹钟,0,18.00
A1002863,2020/10/5,AH-10465,二级,华东,上海,办公用品,标签,Novimex,"Novimex 合法证物标签,0,18.00
A1002907,2020/10/15,XP-21865,标准级,中南,湖南,办公用品,系固件,Stockwell,"Stockwell 订书钉,0,18.00
A1002934,2020/10/22,PO-19180,标准级,中南,广东,技术,电话,诺基亚,"诺基亚 耳机,0,18.00
A1002966,2020/10/29,FM-14290,标准级,华东,江苏,办公用品,装订机,Cardinal,"Cardinal 装订机盖,0,18.00
A1002974,2020/10/30,DK-13225,二级,华东,山东,办公用品,收纳具,Rogers,"Rogers 文件夹,0,18.00
A1002980,2020/10/31,JM-15265,一级,中南,河南,家具,椅子,Hon,"Hon 扶手椅,0,18.00
A1002979,2020/10/31,SG-20890,标准级,西南,四川,技术,电话,摩托罗拉,"摩托罗拉 智能手机,0,18.00
A1002987,2020/11/2,MA-17560,二级,东北,吉林,办公用品,美术,BIC,"BIC 荧光笔,0,18.00
A1003001,2020/11/6,NS-18640,标准级,中南,广东,办公用品,收纳具,Eldon,"Eldon 文件夹,0,18.00
A1003042,2020/11/13,PG-18820,标准级,华东,浙江,技术,配件,Enermax,"Enermax 键区,0,18.00
A1003044,2020/11/14,BF-10975,标准级,华东,山东,办公用品,系固件,Stockwell,"Stockwell 夹子,0,18.00
A1003052,2020/11/15,SV-20365,标准级,华东,安徽,家具,书架,Safco,"Safco 搁架,0,18.00
A1003059,2020/11/18,SP-20920,一级,中南,河南,办公用品,器具,Hoover,"Hoover 搅拌机,0,18.00
A1003064,2020/11/18,SS-20140,标准级,东北,辽宁,办公用品,美术,Binney & Smith,"Binney & Smith 记号笔,0,18.00
A1003066,2020/11/19,KN-16705,标准级,中南,广东,办公用品,系固件,Stockwell,"Stockwell 橡皮筋,0,18.00
A1003080,2020/11/20,AC-10660,二级,中南,河南,办公用品,用品,Stiletto,"Stiletto 尺子,0,18.00
A1003087,2020/11/21,MC-17605,二级,华东,山东,办公用品,纸张,Enermax,"Enermax 备忘录便条,0,18.00
A1003082,2020/11/21,NZ-18565,标准级,东北,辽宁,技术,配件,Memorex,"Memorex 键区,0,18.00
A1003090,2020/11/22,DB-13270,标准级,华东,上海,技术,复印机,惠普,"惠普 复印机,0,18.00
A1003107,2020/11/25,DK-12985,标准级,华东,山东,技术,设备,柯尼卡,"柯尼卡 喷墨打印机,0,18.00
A1003142,2020/12/2,AH-10210,标准级,中南,海南,技术,配件,贝尔金,"贝尔金 键盘,0,18.00
A1003171,2020/12/9,TP-21565,一级,华东,上海,办公用品,收纳具,Tenex,"Tenex 搁板,0,18.00
A1003193,2020/12/16,JO-15145,标准级,华东,上海,办公用品,美术,Stanley,"Stanley 铅笔刀,0,18.00
A1003244,2020/12/30,AR-10540,标准级,中南,广东,家具,椅子,Hon,"Hon 椅垫,0,18.00
A1003288,2021/1/13,SV-20785,标准级,东北,吉林,办公用品,用品,Fiskars,"Fiskars 美工刀,0,18.00
A1003377,2021/2/11,JC-15775,标准级,中南,湖北,办公用品,标签,Harbour Creations,"Harbour Creations 合法证物标签,0,18.00
A1003380,2021/2/13,MC-18100,标准级,中南,河南,办公用品,纸张,Green Bar,"Green Bar 笔记本,0,18.00
A1003404,2021/2/22,DL-13495,当日,中南,河南,办公用品,用品,Fiskars,"Fiskars 修剪器,0,18.00
A1003407,2021/2/24,NP-18670,一级,东北,黑龙江,办公用品,纸张,SanDisk,"SanDisk 笔记本,0,18.00
A1003417,2021/2/27,MM-17920,二级,中南,湖南,办公用品,用品,Kleencut,"Kleencut 开信刀,0,18.00
A1003428,2021/3/3,JE-16165,一级,中南,河南,家具,书架,Dania,"Dania 墙角架,0,18.00
A1003498,2021/3/25,GM-14500,二级,西北,陕西,家具,椅子,Office Star,"Office Star 沙滩椅,0,18.00
A1003508,2021/3/27,JE-15715,一级,东北,黑龙江,办公用品,装订机,Ibico,"Ibico 标签,0,18.00
A1003535,2021/4/3,MH-17290,一级,西南,四川,技术,复印机,惠普,"惠普 复印机,0,18.00
A1003544,2021/4/7,CK-12595,标准级,中南,河南,技术,配件,SanDisk,"SanDisk 路由器,0,18.00
A1003564,2021/4/14,LC-16930,一级,华东,上海,家具,桌子,Lesro,"Lesro 培训桌,0,18.00
A1003567,2021/4/15,MC-17275,二级,东北,辽宁,办公用品,收纳具,Smead,"Smead 文件夹,0,18.00
A1003569,2021/4/15,LC-16870,标准级,华东,江苏,办公用品,标签,Hon,"Hon 运输标签,0,18.00
A1003585,2021/4/23,EM-14140,标准级,华东,山东,家具,椅子,Hon,"Hon 椅垫,0,18.00
A1003618,2021/5/1,MN-17935,一级,华东,上海,技术,配件,Memorex,"Memorex 闪存驱动器,0,18.00
A1003617,2021/5/1,MY-18295,标准级,中南,湖南,技术,复印机,佳能,"佳能 传真复印机,0,18.00
A1003661,2021/5/8,MG-17890,标准级,中南,河南,办公用品,收纳具,Tenex,"Tenex 锁柜,0,18.00
A1003695,2021/5/14,CC-12475,标准级,华北,河北,技术,配件,罗技,"罗技 闪存驱动器,0,18.00
A1003705,2021/5/15,TC-21295,一级,东北,辽宁,技术,复印机,惠普,"惠普 传真机,0,18.00
A1003746,2021/5/21,KH-16690,二级,华东,江西,家具,椅子,Novimex,"Novimex 折叠椅,0,18.00
A1003750,2021/5/21,KH-16690,标准级,华东,江苏,办公用品,器具,Hamilton Beach,"Hamilton Beach 烤面包机,0,18.00
A1003751,2021/5/21,CV-12295,标准级,东北,辽宁,家具,用具,Eldon,"Eldon 分层置放架,0,18.00
A1003755,2021/5/22,BH-11710,标准级,华北,河北,技术,配件,SanDisk,"SanDisk 记忆卡,0,18.00
A1003777,2021/5/26,DB-13555,标准级,华东,山东,办公用品,装订机,Cardinal,"Cardinal 打孔机,0,18.00
A1003790,2021/5/28,NB-18580,二级,华东,江苏,技术,电话,思科,"思科 耳机,0,18.00
A1003825,2021/6/3,GM-14500,标准级,中南,广东,办公用品,装订机,Avery,"Avery 标签,0,18.00
A1003844,2021/6/8,TS-21205,一级,东北,辽宁,技术,设备,松下,"松下 电话,0,18.00
A1003849,2021/6/8,CD-12790,标准级,中南,广东,办公用品,信封,Ames,"Ames 外皮和封条,0,18.00
A1003861,2021/6/10,MG-17680,二级,华北,北京,技术,复印机,佳能,"佳能 传真机,0,18.00
A1003886,2021/6/14,TG-21310,标准级,中南,广西,办公用品,器具,KitchenAid,"KitchenAid 微波炉,0,18.00
A1003900,2021/6/17,PO-19195,二级,华东,山东,办公用品,收纳具,Eldon,"Eldon 文件夹,0,18.00
A1003918,2021/6/19,GG-14650,标准级,华北,天津,技术,复印机,佳能,"佳能 无线传真机,0,18.00
A1003944,2021/6/23,MA-17560,二级,东北,吉林,办公用品,用品,Acme,"Acme 剪刀,0,18.00
A1003961,2021/6/26,NM-18520,标准级,中南,湖南,办公用品,用品,Elite,"Elite 大剪刀,0,18.00
A1003969,2021/6/27,SH-20395,标准级,华北,河北,技术,设备,StarTech,"StarTech 喷墨打印机,0,18.00
A1003967,2021/6/27,CM-12715,标准级,华东,山东,家具,书架,宜家,"宜家 搁架,0,18.00
A1004003,2021/7/7,SB-20185,标准级,华东,山东,办公用品,器具,Hoover,"Hoover 炉灶,0,18.00
A1004008,2021/7/8,RD-19930,标准级,西南,重庆,办公用品,收纳具,Tenex,"Tenex 盒,0,18.00
A1004102,2021/8/4,SZ-20035,标准级,西南,云南,办公用品,系固件,Advantus,"Advantus 按钉,0,18.00
A1004107,2021/8/4,JO-15145,标准级,华东,浙江,办公用品,装订机,Acco,"Acco 打孔机,0,18.00
A1004135,2021/8/8,BO-11350,标准级,中南,湖南,办公用品,器具,Breville,"Breville 烤面包机,0,18.00
A1004146,2021/8/11,AC-10660,标准级,中南,广东,办公用品,纸张,施乐,"施乐 计划信息表,0,18.00
A1004151,2021/8/12,TB-21625,一级,东北,吉林,家具,用具,Advantus,"Advantus 相框,0,18.00
A1004150,2021/8/12,DG-13300,标准级,东北,黑龙江,办公用品,收纳具,Eldon,"Eldon 锁柜,0,18.00
A1004162,2021/8/15,HE-14800,一级,东北,吉林,办公用品,美术,BIC,"BIC 画布,0,18.00
A1004200,2021/8/21,PN-18775,标准级,西南,云南,办公用品,纸张,Eaton,"Eaton 备忘录便条,0,18.00
A1004197,2021/8/21,NC-18625,标准级,华东,上海,家具,椅子,Office Star,"Office Star 沙滩椅,0,18.00
A1004208,2021/8/24,SE-20110,标准级,华东,安徽,技术,配件,Memorex,"Memorex 路由器,0,18.00
A1004213,2021/8/25,AB-10150,一级,中南,广东,办公用品,装订机,Avery,"Avery 孔加固材料,0,18.00
A1004217,2021/8/25,NS-18640,标准级,东北,黑龙江,家具,椅子,Office Star,"Office Star 摇椅,0,18.00
A1004288,2021/9/9,RH-19555,二级,华东,山东,办公用品,纸张,Enermax,"Enermax 令,0,18.00
A1004294,2021/9/10,KB-16315,标准级,华北,河北,办公用品,美术,BIC,"BIC 钢笔,0,18.00
A1004338,2021/9/17,MP-18175,标准级,中南,广西,办公用品,信封,Ames,"Ames 搭扣信封,0,18.00
A1004357,2021/9/18,CM-11815,二级,华东,山东,技术,配件,Memorex,"Memorex 鼠标,0,18.00
A1004382,2021/9/25,SW-20455,标准级,华东,福建,办公用品,标签,Hon,"Hon 合法证物标签,0,18.00
A1004388,2021/9/26,FA-14230,标准级,华东,山东,家具,椅子,Office Star,"Office Star 沙滩椅,0,18.00
A1004396,2021/9/28,RB-19435,标准级,华东,山东,办公用品,收纳具,Eldon,"Eldon 文件车,0,18.00
A1004422,2021/10/2,ZC-21910,标准级,华东,山东,办公用品,装订机,Acco,"Acco 订书机,0,18.00
A1004428,2021/10/3,FP-14320,标准级,华东,山东,办公用品,信封,Ames,"Ames 搭扣信封,0,18.00
A1004921,2021/12/30,KB-16600,一级,华北,河北,办公用品,器具,Cuisinart,"Cuisinart 烤面包机,0,18.00
A1001806,2019/11/24,PP-18955,一级,东北,辽宁,家具,椅子,Novimex,"Novimex 沙滩椅,0,17.00
A1001808,2019/11/26,EB-13750,一级,华东,山东,家具,用具,Eldon,"Eldon 相框,0,17.00
A1001817,2019/11/27,BT-11680,标准级,西南,四川,办公用品,标签,Avery,"Avery 可去除的标签,0,17.00
A1001881,2019/12/15,AH-10690,当日,中南,广东,技术,复印机,惠普,"惠普 传真机,0,17.00
A1001918,2019/12/26,DM-13015,标准级,华东,福建,办公用品,纸张,施乐,"施乐 备忘录便条,0,17.00
A1001922,2019/12/28,PF-19120,标准级,华东,山东,办公用品,装订机,Ibico,"Ibico 装订机,0,17.00
A1001939,2020/1/1,ML-17410,标准级,东北,吉林,办公用品,系固件,OIC,"OIC 夹子,0,17.00
A1001980,2020/1/24,DB-13120,二级,中南,湖南,技术,电话,摩托罗拉,"摩托罗拉 办公室电话机,0,17.00
A1001994,2020/2/1,FH-14350,标准级,东北,辽宁,家具,书架,Bush,"Bush 书库,0,17.00
A1002049,2020/2/28,NC-18625,标准级,华北,山西,技术,配件,Enermax,"Enermax 闪存驱动器,0,17.00
A1002092,2020/3/19,MA-17560,一级,西南,四川,家具,椅子,Hon,"Hon 摇椅,0,17.00
A1002110,2020/3/23,LS-16945,标准级,华东,安徽,办公用品,纸张,Enermax,"Enermax 羊皮纸,0,17.00
A1002113,2020/3/25,MA-17560,标准级,东北,吉林,家具,桌子,Chromcraft,"Chromcraft 培训桌,0,17.00
A1002167,2020/4/15,GZ-14470,二级,西南,重庆,家具,桌子,Barricks,"Barricks 会议桌,0,17.00
A1002184,2020/4/23,RR-19315,标准级,华北,山西,办公用品,装订机,Cardinal,"Cardinal 标签,0,17.00
A1002185,2020/4/24,NC-18340,标准级,华东,山东,家具,椅子,Novimex,"Novimex 折叠椅,0,17.00
A1002187,2020/4/24,NC-18340,标准级,中南,广东,技术,配件,Enermax,"Enermax 键盘,0,17.00
A1002202,2020/4/30,BP-11095,二级,中南,湖南,技术,电话,诺基亚,"诺基亚 音频基座,0,17.00
A1002225,2020/5/6,AP-10915,当日,东北,辽宁,办公用品,用品,Fiskars,"Fiskars 美工刀,0,17.00
A1002235,2020/5/7,DK-13375,二级,中南,河南,家具,椅子,Novimex,"Novimex 摇椅,0,17.00
A1002238,2020/5/8,DS-13030,标准级,东北,辽宁,技术,配件,SanDisk,"SanDisk 鼠标,0,17.00
A1002256,2020/5/14,JK-15730,标准级,华东,福建,技术,配件,Enermax,"Enermax 路由器,0,17.00
A1002276,2020/5/18,VF-21715,标准级,华东,山东,办公用品,用品,Kleencut,"Kleencut 美工刀,0,17.00
A1002314,2020/5/26,EP-13915,标准级,中南,湖南,办公用品,纸张,Enermax,"Enermax 信纸,0,17.00
A1002349,2020/6/3,PO-18850,标准级,中南,广东,技术,配件,SanDisk,"SanDisk 路由器,0,17.00
A1002374,2020/6/8,AB-10105,标准级,华东,江苏,技术,电话,思科,"思科 智能手机,0,17.00
A1002401,2020/6/14,JB-15925,标准级,华东,江西,技术,配件,Enermax,"Enermax 键盘,0,17.00
A1002415,2020/6/17,GB-14575,标准级,西北,甘肃,家具,椅子,Harbour Creations,"Harbour Creations 椅垫,0,17.00
A1002418,2020/6/18,IM-15070,一级,华北,北京,办公用品,用品,Acme,"Acme 大剪刀,0,17.00
A1002417,2020/6/18,NG-18430,标准级,中南,广东,技术,配件,Enermax,"Enermax 记忆卡,0,17.00
A1002432,2020/6/20,MG-17695,标准级,华东,江苏,办公用品,系固件,OIC,"OIC 橡皮筋,0,17.00
A1002455,2020/6/25,TT-21070,当日,华东,上海,办公用品,装订机,Wilson Jones,"Wilson Jones 标签,0,17.00
A1002452,2020/6/25,SL-20155,二级,华北,北京,办公用品,信封,Cameo,"Cameo 商业信封,0,17.00
A1002453,2020/6/25,PW-19240,标准级,华东,江西,办公用品,标签,Harbour Creations,"Harbour Creations 圆形标签,0,17.00
A1002467,2020/6/28,MB-17305,标准级,中南,湖北,办公用品,器具,KitchenAid,"KitchenAid 烤面包机,0,17.00
A1002497,2020/7/11,BE-11455,标准级,西南,四川,家具,书架,Sauder,"Sauder 搁架,0,17.00
A1002507,2020/7/17,RB-19645,标准级,华北,山西,办公用品,用品,Stiletto,"Stiletto 剪刀,0,17.00
A1002514,2020/7/18,CC-12475,标准级,西北,宁夏,办公用品,系固件,OIC,"OIC 按钉,0,17.00
A1002517,2020/7/19,SW-20350,标准级,中南,河南,技术,电话,诺基亚,"诺基亚 耳机,0,17.00
A1002552,2020/8/1,SC-20380,标准级,东北,吉林,办公用品,标签,Avery,"Avery 文件夹标签,0,17.00
A1002558,2020/8/3,JM-15580,标准级,中南,湖南,办公用品,收纳具,Smead,"Smead 盒,0,17.00
A1002582,2020/8/8,BP-11185,二级,华东,山东,办公用品,收纳具,Eldon,"Eldon 文件夹,0,17.00
A1002627,2020/8/19,DN-13690,二级,华东,山东,技术,配件,贝尔金,"贝尔金 路由器,0,17.00
A1002635,2020/8/20,HM-14860,一级,华东,福建,办公用品,系固件,Accos,"Accos 夹子,0,17.00
A1002706,2020/9/3,AG-10495,二级,东北,吉林,家具,书架,Sauder,"Sauder 书架,0,17.00
A1002715,2020/9/5,AH-10195,标准级,东北,吉林,办公用品,用品,Kleencut,"Kleencut 大剪刀,0,17.00
A1002715,2020/9/5,TZ-21580,标准级,东北,吉林,办公用品,用品,Kleencut,"Kleencut 美工刀,0,17.00
A1002726,2020/9/7,LC-16870,标准级,华北,河北,技术,电话,苹果,"苹果 音频基座,0,17.00
A1002746,2020/9/12,DR-12880,二级,华东,上海,办公用品,标签,Hon,"Hon 合法证物标签,0,17.00
A1002752,2020/9/13,PK-19075,一级,华东,山东,办公用品,纸张,Enermax,"Enermax 备忘录便条,0,17.00
A1002774,2020/9/18,TH-21115,一级,中南,河南,办公用品,信封,GlobeWeis,"GlobeWeis 马尼拉纸信封,0,17.00
A1002782,2020/9/19,EA-14035,标准级,中南,广东,技术,复印机,Brother,"Brother 传真复印机,0,17.00
A1002785,2020/9/19,CK-12595,标准级,华东,福建,家具,用具,Deflect-O,"Deflect-O 相框,0,17.00
A1002785,2020/9/19,CK-12595,标准级,华东,福建,技术,配件,Enermax,"Enermax 记忆卡,0,17.00
A1002807,2020/9/24,DB-13615,标准级,中南,河南,家具,椅子,Harbour Creations,"Harbour Creations 摇椅,0,17.00
A1002845,2020/10/2,AH-10120,二级,东北,黑龙江,办公用品,收纳具,Tenex,"Tenex 搁板,0,17.00
A1002845,2020/10/2,JG-15310,二级,东北,黑龙江,家具,椅子,Safco,"SAFCO 沙滩椅,0,17.00
A1002880,2020/10/9,AH-10690,标准级,西南,云南,技术,复印机,惠普,"惠普 复印机,0,17.00
A1002933,2020/10/22,MG-17875,标准级,华北,天津,办公用品,装订机,Ibico,"Ibico 打孔机,0,17.00
A1002942,2020/10/23,MS-17530,标准级,西南,云南,家具,书架,Bush,"Bush 书库,0,17.00
A1002955,2020/10/28,KD-16495,一级,华东,安徽,技术,电话,苹果,"苹果 信号增强器,0,17.00
A1002977,2020/10/30,PF-19120,二级,中南,河南,办公用品,用品,Acme,"Acme 开信刀,0,17.00
A1002978,2020/10/30,DB-13555,标准级,中南,广西,家具,椅子,Office Star,"Office Star 椅垫,0,17.00
A1003004,2020/11/7,SH-19975,标准级,中南,广东,办公用品,美术,BIC,"BIC 画布,0,17.00
A1003170,2020/12/6,CS-12250,标准级,华北,河北,办公用品,信封,Jiffy,"Jiffy 邮寄品,0,17.00
A1003189,2020/12/13,GT-14710,标准级,华东,江苏,办公用品,用品,Fiskars,"Fiskars 剪刀,0,17.00
A1003238,2020/12/28,FC-14245,标准级,中南,湖南,办公用品,用品,Kleencut,"Kleencut 尺子,0,17.00
A1003280,2021/1/10,GG-14650,一级,华东,上海,家具,书架,Sauder,"Sauder 搁架,0,17.00
A1003409,2021/2/25,SC-20230,标准级,华北,山西,家具,书架,Sauder,"Sauder 柜,0,17.00
A1003423,2021/3/1,CK-12205,标准级,华东,山东,技术,电话,摩托罗拉,"摩托罗拉 耳机,0,17.00
A1003569,2021/4/15,TG-21310,标准级,华东,江苏,家具,椅子,Harbour Creations,"Harbour Creations 摇椅,0,17.00
A1003613,2021/4/30,JK-15730,一级,中南,湖南,办公用品,收纳具,Rogers,"Rogers 文件车,0,17.00
A1003670,2021/5/11,SC-20770,当日,东北,辽宁,办公用品,器具,Breville,"Breville 咖啡研磨机,0,17.00
A1003670,2021/5/11,SC-20770,当日,东北,辽宁,办公用品,器具,Hamilton Beach,"Hamilton Beach 炉灶,0,17.00
A1003700,2021/5/14,CC-12475,标准级,华北,河北,技术,电话,三星,"三星 充电器,0,17.00
A1003707,2021/5/15,TC-21295,标准级,华东,山东,办公用品,装订机,Wilson Jones,"Wilson Jones 孔加固材料,0,17.00
A1003721,2021/5/18,RA-19885,标准级,东北,辽宁,办公用品,纸张,SanDisk,"SanDisk 计划信息表,0,17.00
A1003789,2021/5/28,DR-12940,一级,华东,上海,技术,设备,柯尼卡,"柯尼卡 计算器,0,17.00
A1003799,2021/5/29,BB-11545,标准级,华北,北京,办公用品,器具,Hoover,"Hoover 微波炉,0,17.00
A1003814,2021/6/2,JM-15250,标准级,东北,黑龙江,办公用品,信封,GlobeWeis,"GlobeWeis 局间信封,0,17.00
A1003897,2021/6/15,TS-21655,标准级,中南,河南,技术,复印机,Hewlett,"Hewlett 个人复印机,0,17.00
A1003912,2021/6/18,RW-19540,标准级,华东,福建,办公用品,信封,Cameo,"Cameo 马尼拉纸信封,0,17.00
A1003931,2021/6/20,JS-15685,一级,东北,黑龙江,办公用品,器具,Hoover,"Hoover 微波炉,0,17.00
A1003947,2021/6/23,MA-17560,一级,中南,广西,办公用品,系固件,OIC,"OIC 橡皮筋,0,17.00
A1003999,2021/7/7,SB-20185,标准级,中南,广东,办公用品,器具,Breville,"Breville 冰箱,0,17.00
A1004043,2021/7/20,JD-15790,一级,华北,北京,办公用品,装订机,Wilson Jones,"Wilson Jones 打孔机,0,17.00
A1004044,2021/7/20,AB-10060,标准级,中南,广东,办公用品,信封,Kraft,"Kraft 局间信封,0,17.00
A1004049,2021/7/21,MY-17380,标准级,中南,广东,家具,书架,Sauder,"Sauder 书架,0,17.00
A1004061,2021/7/24,KD-16495,一级,中南,广东,技术,配件,贝尔金,"贝尔金 键区,0,17.00
A1004081,2021/8/1,LH-16900,二级,中南,河南,办公用品,标签,Avery,"Avery 合法证物标签,0,17.00
A1004112,2021/8/5,BC-11125,标准级,东北,吉林,办公用品,收纳具,Rogers,"Rogers 搁板,0,17.00
A1004113,2021/8/5,SC-20380,二级,中南,湖南,技术,电话,诺基亚,"诺基亚 充电器,0,17.00
A1004114,2021/8/5,FP-14320,标准级,中南,广东,办公用品,收纳具,Eldon,"Eldon 文件车,0,17.00
A1004127,2021/8/7,JW-15220,标准级,西北,新疆,办公用品,标签,Avery,"Avery 合法证物标签,0,17.00
A1004159,2021/8/13,BD-11620,一级,华东,福建,办公用品,装订机,Cardinal,"Cardinal 孔加固材料,0,17.00
A1004158,2021/8/13,BD-11635,标准级,华东,江苏,办公用品,器具,Breville,"Breville 搅拌机,0,17.00
A1004176,2021/8/17,NP-18670,标准级,东北,黑龙江,办公用品,用品,Kleencut,"Kleencut 美工刀,0,17.00
A1004191,2021/8/20,TH-21115,标准级,东北,黑龙江,办公用品,系固件,Stockwell,"Stockwell 订书钉,0,17.00
A1004198,2021/8/21,AT-10735,一级,东北,辽宁,办公用品,收纳具,Rogers,"Rogers 文件车,0,17.00
A1004198,2021/8/21,JH-15820,一级,东北,辽宁,办公用品,纸张,Green Bar,"Green Bar 备忘录便条,0,17.00
A1004219,2021/8/25,AB-10150,一级,华东,山东,办公用品,标签,Novimex,"Novimex 运输标签,0,17.00
A1004215,2021/8/25,AB-10150,二级,中南,河南,办公用品,器具,Cuisinart,"Cuisinart 炉灶,0,17.00
A1004222,2021/8/26,HG-14965,当日,东北,黑龙江,办公用品,用品,Acme,"Acme 剪刀,0,17.00
A1004252,2021/8/31,DJ-13420,一级,东北,吉林,办公用品,器具,Breville,"Breville 微波炉,0,17.00
A1004307,2021/9/12,PP-18955,标准级,西南,贵州,办公用品,装订机,Cardinal,"Cardinal 装订机盖,0,17.00
A1004326,2021/9/15,SP-20860,当日,东北,辽宁,技术,设备,柯尼卡,"柯尼卡 收据打印机,0,17.00
A1004323,2021/9/15,SP-20860,一级,华东,山东,办公用品,收纳具,Eldon,"Eldon 盘,0,17.00
A1004327,2021/9/15,CS-12175,二级,东北,辽宁,办公用品,信封,Kraft,"Kraft 局间信封,0,17.00
A1004327,2021/9/15,MJ-17740,二级,东北,辽宁,办公用品,收纳具,Smead,"Smead 锁柜,0,17.00
A1004356,2021/9/18,TT-21220,标准级,西南,四川,办公用品,装订机,Ibico,"Ibico 装订机盖,0,17.00
A1004361,2021/9/19,CS-12250,一级,西南,重庆,办公用品,用品,Fiskars,"Fiskars 剪刀,0,17.00
A1004407,2021/9/30,BD-11320,标准级,华东,上海,办公用品,美术,BIC,"BIC 荧光笔,0,17.00
A1004921,2021/12/30,CR-12625,一级,华北,河北,办公用品,收纳具,Eldon,"Eldon 锁柜,0,17.00
A1004925,2021/12/30,SP-20860,标准级,华东,山东,办公用品,器具,Hoover,"Hoover 咖啡研磨机,0,17.00
A1001816,2019/11/26,MC-17275,一级,中南,河南,技术,电话,三星,"三星 音频基座,0,16.00
A1001822,2019/11/28,DO-13435,二级,东北,黑龙江,技术,设备,柯尼卡,"柯尼卡 打印机,0,16.00
A1001825,2019/11/29,FA-14230,标准级,华北,河北,办公用品,装订机,Ibico,"Ibico 打孔机,0,16.00
A1001835,2019/12/3,JW-15955,标准级,西北,陕西,技术,设备,柯尼卡,"柯尼卡 收据打印机,0,16.00
A1001849,2019/12/6,LH-17155,二级,东北,黑龙江,技术,复印机,夏普,"夏普 个人复印机,0,16.00
A1001852,2019/12/7,RA-19915,标准级,西南,云南,办公用品,装订机,Wilson Jones,"Wilson Jones 孔加固材料,0,16.00
A1001853,2019/12/8,DR-12880,标准级,华东,福建,技术,电话,摩托罗拉,"摩托罗拉 智能手机,0,16.00
A1001863,2019/12/10,LC-16870,二级,中南,河南,办公用品,装订机,Avery,"Avery 订书机,0,16.00
A1001862,2019/12/10,JJ-15760,标准级,中南,湖北,技术,配件,Memorex,"Memorex 键区,0,16.00
A1002034,2020/2/22,LC-16930,一级,东北,吉林,技术,电话,思科,"思科 智能手机,0,16.00
A1002055,2020/3/2,LP-17080,标准级,东北,黑龙江,办公用品,系固件,Accos,"Accos 图钉,0,16.00
A1002066,2020/3/6,EH-14125,当日,东北,黑龙江,办公用品,装订机,Wilson Jones,"Wilson Jones 订书机,0,16.00
A1002083,2020/3/15,BD-11320,二级,东北,吉林,家具,书架,Dania,"Dania 柜,0,16.00
A1002098,2020/3/20,AM-10705,一级,东北,黑龙江,家具,用具,Eldon,"Eldon 框架,0,16.00
A1002101,2020/3/20,PF-19120,标准级,中南,广西,技术,配件,Memorex,"Memorex 键盘,0,16.00
A1002118,2020/3/28,LS-16975,标准级,中南,湖南,办公用品,收纳具,Tenex,"Tenex 文件夹,0,16.00
A1002137,2020/4/6,BS-11365,标准级,华北,河北,办公用品,信封,Kraft,"Kraft 邮寄品,0,16.00
A1002177,2020/4/18,MM-17260,二级,中南,湖南,办公用品,纸张,Enermax,"Enermax 令,0,16.00
A1002184,2020/4/23,RO-19780,标准级,华北,山西,办公用品,收纳具,Rogers,"Rogers 文件车,0,16.00
A1002195,2020/4/27,BT-11305,标准级,东北,辽宁,办公用品,信封,GlobeWeis,"GlobeWeis 邮寄品,0,16.00
A1002198,2020/4/30,RA-19915,二级,华北,天津,技术,电话,苹果,"苹果 充电器,0,16.00
A1002203,2020/4/30,CD-11920,二级,中南,广东,家具,桌子,Bevis,"Bevis 培训桌,0,16.00
A1002243,2020/5/10,KA-16525,标准级,华东,上海,办公用品,装订机,Avery,"Avery 装订机盖,0,16.00
A1002253,2020/5/14,JK-15730,标准级,华东,山东,办公用品,装订机,Acco,"Acco 装订机,0,16.00
A1002263,2020/5/15,KM-16225,二级,华东,浙江,办公用品,标签,Novimex,"Novimex 运输标签,0,16.00
A1002293,2020/5/22,DM-12955,标准级,华北,河北,办公用品,纸张,Enermax,"Enermax 计划信息表,0,16.00
A1002311,2020/5/25,MS-17770,一级,中南,广西,办公用品,信封,Jiffy,"Jiffy 商业信封,0,16.00
A1002395,2020/6/14,SC-20380,标准级,东北,吉林,办公用品,信封,Cameo,"Cameo 局间信封,0,16.00
A1002420,2020/6/18,MK-17905,标准级,中南,广东,办公用品,收纳具,Rogers,"Rogers 文件夹,0,16.00
A1002437,2020/6/21,MS-17365,标准级,西南,云南,家具,椅子,Hon,"Hon 摇椅,0,16.00
A1002443,2020/6/22,GK-14620,标准级,西南,四川,家具,椅子,Office Star,"Office Star 沙滩椅,0,16.00
A1002465,2020/6/28,MC-17605,二级,东北,辽宁,家具,椅子,Novimex,"Novimex 折叠椅,0,16.00
A1002472,2020/6/29,SC-20575,一级,西南,云南,办公用品,系固件,Advantus,"Advantus 订书钉,0,16.00
A1002478,2020/7/2,ZC-21910,标准级,中南,广东,办公用品,收纳具,Fellowes,"Fellowes 文件夹,0,16.00
A1002487,2020/7/4,IL-15100,一级,中南,广东,办公用品,用品,Acme,"Acme 开信刀,0,16.00
A1002524,2020/7/23,RF-19735,二级,中南,湖南,技术,复印机,惠普,"惠普 无线传真机,0,16.00
A1002529,2020/7/25,EG-13900,二级,东北,辽宁,办公用品,美术,Sanford,"Sanford 铅笔刀,0,16.00
A1002534,2020/7/26,AI-10855,标准级,华东,山东,办公用品,收纳具,Fellowes,"Fellowes 锁柜,0,16.00
A1002541,2020/7/29,AH-10465,标准级,华东,安徽,办公用品,收纳具,Eldon,"Eldon 盒,0,16.00
A1002562,2020/8/5,HM-14860,二级,华北,河北,办公用品,装订机,Acco,"Acco 孔加固材料,0,16.00
A1002581,2020/8/8,FP-14320,标准级,中南,湖北,技术,复印机,Hewlett,"Hewlett 复印机,0,16.00
A1002598,2020/8/12,FC-14335,二级,中南,广东,办公用品,标签,Harbour Creations,"Harbour Creations 运输标签,0,16.00
A1002603,2020/8/13,BT-11395,一级,中南,广东,办公用品,信封,Cameo,"Cameo 商业信封,0,16.00
A1002601,2020/8/13,ZC-21910,标准级,西南,云南,技术,配件,贝尔金,"贝尔金 键区,0,16.00
A1002624,2020/8/17,AS-10090,标准级,华北,天津,技术,电话,摩托罗拉,"摩托罗拉 耳机,0,16.00
A1002640,2020/8/21,SZ-20035,二级,中南,广东,家具,用具,Tenex,"Tenex 门挡,0,16.00
A1002652,2020/8/22,PJ-19015,二级,华北,天津,技术,复印机,Brother,"Brother 无线传真机,0,16.00
A1002680,2020/8/28,TZ-21580,二级,华北,北京,家具,椅子,Safco,"SAFCO 沙滩椅,0,16.00
A1002702,2020/9/3,KH-16630,二级,华东,山东,办公用品,系固件,Stockwell,"Stockwell 按钉,0,16.00
A1002720,2020/9/5,JG-15805,一级,中南,河南,办公用品,收纳具,Smead,"Smead 搁板,0,16.00
A1002741,2020/9/11,JM-15535,标准级,华北,山西,办公用品,装订机,Wilson Jones,"Wilson Jones 打孔机,0,16.00
A1002752,2020/9/13,TS-21205,一级,华东,山东,家具,椅子,Novimex,"Novimex 摇椅,0,16.00
A1002762,2020/9/16,CS-12250,标准级,东北,黑龙江,办公用品,用品,Kleencut,"Kleencut 修剪器,0,16.00
A1002772,2020/9/17,BF-11020,一级,华东,福建,技术,复印机,惠普,"惠普 传真机,0,16.00
A1002798,2020/9/21,JE-15610,标准级,西南,云南,办公用品,用品,Elite,"Elite 大剪刀,0,16.00
A1002802,2020/9/22,SU-20665,标准级,西南,重庆,办公用品,标签,Smead,"Smead 可去除的标签,0,16.00
A1002824,2020/9/27,SC-20695,标准级,华东,山东,办公用品,收纳具,Eldon,"Eldon 搁板,0,16.00
A1002836,2020/10/1,JB-16000,标准级,华东,上海,办公用品,系固件,OIC,"OIC 橡皮筋,0,16.00
A1002842,2020/10/2,AH-10120,二级,东北,辽宁,家具,书架,Safco,"Safco 书架,0,16.00
A1002845,2020/10/2,JG-15310,二级,东北,黑龙江,技术,配件,罗技,"罗技 路由器,0,16.00
A1002897,2020/10/12,HG-15025,标准级,东北,黑龙江,办公用品,系固件,Stockwell,"Stockwell 图钉,0,16.00
A1002898,2020/10/12,EB-13870,标准级,西南,贵州,技术,复印机,夏普,"夏普 传真机,0,16.00
A1002899,2020/10/12,SS-20875,二级,西南,云南,家具,书架,Dania,"Dania 书库,0,16.00
A1002981,2020/10/31,JM-15265,一级,华北,内蒙古,技术,电话,摩托罗拉,"摩托罗拉 充电器,0,16.00
A1002984,2020/11/1,DK-13225,标准级,华东,山东,家具,桌子,Hon,"Hon 电脑桌,0,16.00
A1003150,2020/12/4,XP-21865,标准级,东北,辽宁,办公用品,系固件,Advantus,"Advantus 按钉,0,16.00
A1003164,2020/12/6,SE-20110,标准级,华东,安徽,家具,用具,Deflect-O,"Deflect-O 框架,0,16.00
A1003191,2020/12/14,DR-12940,标准级,中南,湖南,家具,用具,Deflect-O,"Deflect-O 灯泡,0,16.00
A1003240,2020/12/29,FC-14245,标准级,中南,河南,家具,用具,Eldon,"Eldon 闹钟,0,16.00
A1003282,2021/1/11,SV-20785,标准级,华东,福建,办公用品,信封,GlobeWeis,"GlobeWeis 搭扣信封,0,16.00
A1003293,2021/1/15,JK-16090,一级,华东,山东,家具,书架,Bush,"Bush 柜,0,16.00
A1003304,2021/1/20,PO-18865,标准级,东北,吉林,办公用品,用品,Fiskars,"Fiskars 美工刀,0,16.00
A1003317,2021/1/24,SB-20290,标准级,华东,山东,办公用品,标签,Avery,"Avery 有色标签,0,16.00
A1003409,2021/2/25,SC-20230,标准级,华北,山西,技术,电话,三星,"三星 音频基座,0,16.00
A1003427,2021/3/2,TN-21040,二级,东北,黑龙江,家具,书架,Safco,"Safco 书库,0,16.00
A1003497,2021/3/24,RS-19765,标准级,东北,吉林,技术,配件,Memorex,"Memorex 鼠标,0,16.00
A1003509,2021/3/28,CD-11980,标准级,东北,黑龙江,办公用品,器具,KitchenAid,"KitchenAid 微波炉,0,16.00
A1003530,2021/4/1,TT-21460,标准级,华东,福建,技术,电话,苹果,"苹果 耳机,0,16.00
A1003548,2021/4/8,SG-20605,标准级,华东,山东,家具,书架,Bush,"Bush 书架,0,16.00
A1003552,2021/4/9,HK-14890,一级,中南,湖南,办公用品,器具,KitchenAid,"KitchenAid 冰箱,0,16.00
A1003558,2021/4/11,DW-13480,一级,华东,山东,办公用品,用品,Elite,"Elite 开信刀,0,16.00
A1003596,2021/4/27,TC-21535,一级,华北,山西,家具,用具,Tenex,"Tenex 闹钟,0,16.00
A1003644,2021/5/7,MC-18130,二级,华东,安徽,技术,电话,诺基亚,"诺基亚 智能手机,0,16.00
A1003653,2021/5/8,SH-20395,标准级,华东,山东,办公用品,信封,Cameo,"Cameo 外皮和封条,0,16.00
A1003692,2021/5/14,ME-17320,一级,华东,福建,办公用品,收纳具,Rogers,"Rogers 盒,0,16.00
A1003716,2021/5/18,BS-11380,标准级,东北,黑龙江,家具,书架,宜家,"宜家 墙角架,0,16.00
A1003733,2021/5/19,DL-12925,标准级,中南,湖南,技术,复印机,Hewlett,"Hewlett 无线传真机,0,16.00
A1003737,2021/5/20,PN-18775,标准级,东北,辽宁,技术,电话,思科,"思科 耳机,0,16.00
A1003747,2021/5/21,JA-15970,标准级,中南,广东,家具,椅子,Safco,"SAFCO 扶手椅,0,16.00
A1003758,2021/5/22,BS-11665,标准级,华东,安徽,办公用品,纸张,施乐,"施乐 信纸,0,16.00
A1003766,2021/5/25,EM-14095,标准级,华北,天津,办公用品,信封,Ames,"Ames 局间信封,0,16.00
A1003815,2021/6/2,SP-20620,二级,西北,青海,家具,椅子,Office Star,"Office Star 摇椅,0,16.00
A1003861,2021/6/10,DK-13090,二级,华北,北京,办公用品,信封,Cameo,"Cameo 邮寄品,0,16.00
A1003897,2021/6/15,TS-21655,标准级,中南,河南,家具,书架,宜家,"宜家 古典书架,0,16.00
A1003900,2021/6/17,JB-16000,二级,华东,山东,家具,用具,Eldon,"Eldon 框架,0,16.00
A1003909,2021/6/18,RW-19540,标准级,中南,河南,家具,书架,宜家,"宜家 搁架,0,16.00
A1003924,2021/6/19,SC-20380,二级,东北,吉林,办公用品,收纳具,Tenex,"Tenex 盘,0,16.00
A1003942,2021/6/23,RD-19585,二级,东北,辽宁,家具,用具,Advantus,"Advantus 相框,0,16.00
A1003988,2021/7/1,RF-19345,一级,中南,海南,家具,椅子,Office Star,"Office Star 沙滩椅,0,16.00
A1004023,2021/7/14,JD-15895,一级,中南,广西,办公用品,纸张,Green Bar,"Green Bar 计划信息表,0,16.00
A1004036,2021/7/17,EM-14140,二级,华北,北京,办公用品,装订机,Cardinal,"Cardinal 标签,0,16.00
A1004034,2021/7/17,RB-19360,标准级,西北,甘肃,办公用品,纸张,SanDisk,"SanDisk 计划信息表,0,16.00
A1004052,2021/7/21,SZ-20035,当日,华东,山东,技术,电话,摩托罗拉,"摩托罗拉 充电器,0,16.00
A1004050,2021/7/21,DK-12985,一级,西南,重庆,技术,配件,贝尔金,"贝尔金 鼠标,0,16.00
A1004056,2021/7/22,LR-16915,标准级,中南,河南,办公用品,系固件,Stockwell,"Stockwell 按钉,0,16.00
A1004113,2021/8/5,PV-18985,二级,中南,湖南,办公用品,标签,Novimex,"Novimex 运输标签,0,16.00
A1004147,2021/8/11,CC-12220,一级,东北,黑龙江,家具,用具,Deflect-O,"Deflect-O 灯泡,0,16.00
A1004153,2021/8/12,CD-12790,一级,华北,天津,办公用品,信封,Ames,"Ames 邮寄品,0,16.00
A1004159,2021/8/13,MR-17545,一级,华东,福建,家具,椅子,Hon,"Hon 椅垫,0,16.00
A1004171,2021/8/17,EB-13750,标准级,华东,江西,技术,电话,诺基亚,"诺基亚 智能手机,0,16.00
A1004238,2021/8/28,HD-14785,二级,华北,北京,家具,用具,Advantus,"Advantus 分层置放架,0,16.00
A1004253,2021/8/31,TS-21505,标准级,华东,上海,办公用品,收纳具,Tenex,"Tenex 搁板,0,16.00
A1004258,2021/9/1,KB-16240,当日,华东,安徽,家具,椅子,Novimex,"Novimex 沙滩椅,0,16.00
A1004260,2021/9/1,BD-11770,二级,华东,山东,家具,用具,Rubbermaid,"Rubvermaid 门挡,0,16.00
A1004267,2021/9/4,BT-11440,标准级,华东,安徽,办公用品,装订机,Avery,"Avery 孔加固材料,0,16.00
A1004267,2021/9/4,PF-19165,标准级,华东,安徽,技术,复印机,佳能,"佳能 墨水,0,16.00
A1004277,2021/9/7,FM-14380,标准级,华东,山东,家具,书架,Sauder,"Sauder 柜,0,16.00
A1004283,2021/9/8,SV-20365,标准级,中南,河南,家具,用具,Eldon,"Eldon 灯泡,0,16.00
A1004328,2021/9/15,PW-19030,标准级,中南,海南,办公用品,美术,Sanford,"Sanford 速写本,0,16.00
A1004367,2021/9/21,SP-20650,一级,华北,山西,家具,椅子,Safco,"SAFCO 凳子,0,16.00
A1004425,2021/10/2,DF-13135,标准级,华东,江苏,办公用品,纸张,施乐,"施乐 羊皮纸,0,16.00
A1004460,2021/10/9,CS-12355,二级,华北,河北,家具,椅子,Harbour Creations,"Harbour Creations 沙滩椅,0,16.00
A1004462,2021/10/9,MH-18115,标准级,中南,广东,办公用品,标签,Hon,"Hon 文件夹标签,0,16.00
A1001814,2019/11/26,MH-17620,标准级,东北,辽宁,技术,配件,贝尔金,"贝尔金 路由器,0,15.00
A1001859,2019/12/10,GB-14530,一级,东北,辽宁,家具,椅子,Office Star,"Office Star 沙滩椅,0,15.00
A1001867,2019/12/11,JK-15370,二级,华东,安徽,家具,书架,Safco,"Safco 柜,0,15.00
A1001873,2019/12/12,DP-13390,标准级,华东,江苏,家具,用具,Advantus,"Advantus 相框,0,15.00
A1001948,2020/1/7,AW-10840,标准级,中南,河南,办公用品,标签,Novimex,"Novimex 运输标签,0,15.00
A1001960,2020/1/11,RB-19360,标准级,中南,广东,家具,用具,Rubbermaid,"Rubvermaid 门挡,0,15.00
A1001966,2020/1/15,DW-13540,标准级,华东,山东,家具,用具,Eldon,"Eldon 闹钟,0,15.00
A1001974,2020/1/21,TH-21235,一级,华北,山西,家具,椅子,Hon,"Hon 椅垫,0,15.00
A1001987,2020/1/27,KM-16660,标准级,中南,湖北,办公用品,信封,Kraft,"Kraft 局间信封,0,15.00
A1001996,2020/2/1,AA-10645,标准级,东北,黑龙江,技术,复印机,惠普,"惠普 传真复印机,0,15.00
A1002038,2020/2/25,TB-21175,一级,华东,山东,家具,椅子,Harbour Creations,"Harbour Creations 摇椅,0,15.00
A1002048,2020/2/28,AC-10450,标准级,西南,重庆,技术,电话,摩托罗拉,"摩托罗拉 耳机,0,15.00
A1002097,2020/3/19,MA-17560,二级,中南,广西,办公用品,收纳具,Rogers,"Rogers 盘,0,15.00
A1002126,2020/4/2,DM-13015,标准级,华东,山东,技术,配件,Enermax,"Enermax 记忆卡,0,15.00
A1002132,2020/4/4,SF-20200,一级,华东,山东,技术,复印机,Hewlett,"Hewlett 复印机,0,15.00
A1002153,2020/4/11,SP-20620,标准级,华北,山西,家具,用具,Tenex,"Tenex 门挡,0,15.00
A1002163,2020/4/12,ST-20530,当日,中南,广西,办公用品,收纳具,Eldon,"Eldon 搁板,0,15.00
A1002193,2020/4/27,BT-11305,二级,中南,广东,办公用品,用品,Fiskars,"Fiskars 尺子,0,15.00
A1002199,2020/4/30,CD-11920,标准级,西南,重庆,技术,配件,贝尔金,"贝尔金 鼠标,0,15.00
A1002242,2020/5/10,MG-17680,标准级,华北,内蒙古,办公用品,器具,Breville,"Breville 微波炉,0,15.00
A1002272,2020/5/17,KC-16540,一级,中南,河南,技术,电话,三星,"三星 耳机,0,15.00
A1002337,2020/5/31,SV-20785,标准级,华东,上海,技术,电话,三星,"三星 耳机,0,15.00
A1002371,2020/6/7,JL-15835,标准级,华东,山东,办公用品,用品,Acme,"Acme 剪刀,0,15.00
A1002369,2020/6/7,JO-15280,标准级,华东,安徽,技术,配件,罗技,"罗技 路由器,0,15.00
A1002399,2020/6/14,TC-21475,二级,东北,辽宁,办公用品,装订机,Ibico,"Ibico 打孔机,0,15.00
A1002430,2020/6/20,EB-14110,一级,华北,北京,办公用品,装订机,Cardinal,"Cardinal 打孔机,0,15.00
A1002434,2020/6/21,JE-15610,标准级,华北,天津,办公用品,信封,Cameo,"Cameo 局间信封,0,15.00
A1002440,2020/6/22,FH-14350,当日,西南,重庆,办公用品,装订机,Wilson Jones,"Wilson Jones 装订机,0,15.00
A1002456,2020/6/25,KL-16645,一级,中南,湖南,办公用品,用品,Fiskars,"Fiskars 美工刀,0,15.00
A1002470,2020/6/28,CA-12310,标准级,华东,福建,办公用品,收纳具,Rogers,"Rogers 盒,0,15.00
A1002491,2020/7/8,TC-21535,标准级,华东,安徽,技术,电话,摩托罗拉,"摩托罗拉 智能手机,0,15.00
A1002501,2020/7/12,KL-16555,二级,中南,广东,技术,电话,三星,"三星 音频基座,0,15.00
A1002518,2020/7/22,JE-15475,标准级,东北,黑龙江,办公用品,装订机,Avery,"Avery 打孔机,0,15.00
A1002566,2020/8/6,GM-14500,标准级,东北,辽宁,家具,椅子,Office Star,"Office Star 沙滩椅,0,15.00
A1002569,2020/8/6,NH-18610,标准级,华北,内蒙古,办公用品,收纳具,Smead,"Smead 盒,0,15.00
A1002603,2020/8/13,BT-11395,一级,中南,广东,办公用品,器具,Breville,"Breville 炉灶,0,15.00
A1002609,2020/8/15,AI-10855,标准级,华东,江西,办公用品,收纳具,Smead,"Smead 文件车,0,15.00
A1002609,2020/8/15,RE-19450,标准级,华东,江西,技术,复印机,佳能,"佳能 个人复印机,0,15.00
A1002618,2020/8/16,TM-21010,一级,中南,湖北,办公用品,装订机,Cardinal,"Cardinal 装订机,0,15.00
A1002637,2020/8/20,NP-18685,标准级,西南,云南,办公用品,装订机,Acco,"Acco 打孔机,0,15.00
A1002647,2020/8/21,DL-13315,一级,中南,湖南,办公用品,器具,Breville,"Breville 搅拌机,0,15.00
A1002642,2020/8/21,CS-11845,一级,华东,山东,办公用品,装订机,Acco,"Acco 订书机,0,15.00
A1002690,2020/8/30,JK-15325,标准级,西南,云南,家具,书架,Sauder,"Sauder 柜,0,15.00
A1002710,2020/9/4,CC-12220,一级,东北,吉林,办公用品,装订机,Acco,"Acco 订书机,0,15.00
A1002744,2020/9/11,JM-15535,标准级,东北,黑龙江,技术,设备,冲电器,"冲电器 计算器,0,15.00
A1002752,2020/9/13,PK-19075,一级,华东,山东,办公用品,美术,Stanley,"Stanley 速写本,0,15.00
A1002795,2020/9/20,SG-20470,一级,华东,福建,家具,书架,Sauder,"Sauder 柜,0,15.00
A1002788,2020/9/20,DB-12970,二级,东北,黑龙江,技术,设备,松下,"松下 电话,0,15.00
A1002813,2020/9/25,BP-11095,标准级,东北,吉林,办公用品,器具,Hoover,"Hoover 搅拌机,0,15.00
A1002842,2020/10/2,AH-10120,二级,东北,辽宁,办公用品,用品,Acme,"Acme 修剪器,0,15.00
A1002882,2020/10/9,DR-12880,标准级,华东,江西,家具,书架,Bush,"Bush 书库,0,15.00
A1002916,2020/10/17,MN-17935,标准级,东北,辽宁,办公用品,美术,Binney & Smith,"Binney & Smith 画布,0,15.00
A1002923,2020/10/18,JD-16150,标准级,华东,山东,办公用品,收纳具,Eldon,"Eldon 文件车,0,15.00
A1002924,2020/10/19,LS-17245,当日,中南,广东,办公用品,系固件,Advantus,"Advantus 按钉,0,15.00
A1002927,2020/10/21,CS-12175,标准级,华北,天津,办公用品,美术,BIC,"BIC 画布,0,15.00
A1002936,2020/10/22,DO-13645,二级,华东,山东,家具,椅子,Safco,"SAFCO 椅垫,0,15.00
A1002972,2020/10/30,RL-19615,标准级,东北,吉林,家具,书架,Dania,"Dania 柜,0,15.00
A1003298,2021/1/17,GW-14605,标准级,华东,江苏,家具,用具,Rubbermaid,"Rubvermaid 门挡,0,15.00
A1003312,2021/1/22,KM-16375,标准级,中南,广东,技术,电话,思科,"思科 充电器,0,15.00
A1003326,2021/1/28,CM-11815,标准级,中南,广西,家具,椅子,Novimex,"Novimex 椅垫,0,15.00
A1003345,2021/2/4,DP-13105,一级,华东,山东,办公用品,收纳具,Tenex,"Tenex 文件夹,0,15.00
A1003542,2021/4/7,MS-17770,标准级,华北,山西,办公用品,信封,Jiffy,"Jiffy 外皮和封条,0,15.00
A1003558,2021/4/11,JK-15205,一级,华东,山东,家具,桌子,Chromcraft,"Chromcraft 电脑桌,0,15.00
A1003572,2021/4/15,HW-14935,标准级,西南,重庆,办公用品,信封,Jiffy,"Jiffy 商业信封,0,15.00
A1003577,2021/4/21,JF-15355,标准级,中南,河南,办公用品,用品,Stiletto,"Stiletto 尺子,0,15.00
A1003583,2021/4/23,SB-20170,二级,东北,辽宁,办公用品,美术,BIC,"BIC 画布,0,15.00
A1003580,2021/4/23,BP-11155,标准级,中南,湖北,办公用品,用品,Fiskars,"Fiskars 开信刀,0,15.00
A1003621,2021/5/2,SC-20050,标准级,中南,广东,办公用品,装订机,Wilson Jones,"Wilson Jones 装订机,0,15.00
A1003629,2021/5/5,RD-19660,标准级,中南,广东,家具,用具,Tenex,"Tenex 闹钟,0,15.00
A1003643,2021/5/6,TG-21310,标准级,西南,云南,办公用品,装订机,Acco,"Acco 订书机,0,15.00
A1003670,2021/5/11,LC-17140,当日,东北,辽宁,技术,电话,苹果,"苹果 信号增强器,0,15.00
A1003726,2021/5/19,CM-12715,二级,中南,广东,办公用品,器具,KitchenAid,"KitchenAid 咖啡研磨机,0,15.00
A1003756,2021/5/22,NS-18505,标准级,华东,山东,家具,书架,Sauder,"Sauder 古典书架,0,15.00
A1003769,2021/5/25,RB-19435,一级,西南,四川,技术,复印机,惠普,"惠普 墨水,0,15.00
A1003784,2021/5/27,PS-18970,标准级,华东,安徽,技术,电话,诺基亚,"诺基亚 充电器,0,15.00
A1003789,2021/5/28,SG-20605,一级,华东,上海,家具,椅子,Office Star,"Office Star 折叠椅,0,15.00
A1003804,2021/5/30,BF-11170,标准级,东北,吉林,家具,用具,Deflect-O,"Deflect-O 灯泡,0,15.00
A1003807,2021/6/1,JL-15850,标准级,中南,广东,技术,复印机,惠普,"惠普 墨水,0,15.00
A1003882,2021/6/13,KA-16525,标准级,华东,山东,办公用品,器具,Hoover,"Hoover 咖啡研磨机,0,15.00
A1003904,2021/6/17,RF-19840,标准级,东北,黑龙江,技术,配件,贝尔金,"贝尔金 鼠标,0,15.00
A1003953,2021/6/25,TB-21625,标准级,华东,山东,办公用品,标签,Avery,"Avery 运输标签,0,15.00
A1004027,2021/7/16,AZ-10750,一级,中南,广东,家具,椅子,Novimex,"Novimex 扶手椅,0,15.00
A1004045,2021/7/20,LT-17110,二级,华东,山东,家具,用具,Eldon,"Eldon 门挡,0,15.00
A1004094,2021/8/3,TC-21475,二级,中南,河南,办公用品,纸张,Enermax,"Enermax 笔记本,0,15.00
A1004112,2021/8/5,GW-14605,标准级,东北,吉林,技术,配件,SanDisk,"SanDisk 记忆卡,0,15.00
A1004174,2021/8/17,CL-12565,标准级,中南,广东,办公用品,美术,BIC,"BIC 铅笔刀,0,15.00
A1004174,2021/8/17,NC-18340,标准级,中南,广东,办公用品,装订机,Acco,"Acco 孔加固材料,0,15.00
A1004180,2021/8/18,RA-19945,标准级,西南,四川,技术,复印机,Brother,"Brother 墨水,0,15.00
A1004187,2021/8/20,JB-16045,当日,华东,山东,办公用品,装订机,Acco,"Acco 订书机,0,15.00
A1004192,2021/8/20,JE-15715,标准级,华北,河北,技术,设备,松下,"松下 计算器,0,15.00
A1004214,2021/8/25,LC-16885,标准级,华北,北京,家具,书架,Sauder,"Sauder 墙角架,0,15.00
A1004297,2021/9/10,JS-16030,标准级,华北,河北,办公用品,信封,Kraft,"Kraft 外皮和封条,0,15.00
A1004304,2021/9/11,AH-10075,标准级,华北,北京,技术,电话,苹果,"苹果 音频基座,0,15.00
A1004338,2021/9/17,BM-11785,标准级,中南,广西,家具,书架,宜家,"宜家 古典书架,0,15.00
A1004395,2021/9/28,SN-20560,一级,华东,江西,技术,配件,Enermax,"Enermax 路由器,0,15.00
A1004396,2021/9/28,AM-10360,标准级,华东,山东,家具,椅子,Safco,"SAFCO 折叠椅,0,15.00
A1004443,2021/10/6,RO-19780,二级,中南,广东,办公用品,收纳具,Fellowes,"Fellowes 锁柜,0,15.00
A1004454,2021/10/8,CS-11860,标准级,中南,河南,家具,书架,Safco,"Safco 书库,0,15.00
A1004454,2021/10/8,DL-13315,标准级,中南,河南,家具,椅子,Harbour Creations,"Harbour Creations 折叠椅,0,15.00
A1004508,2021/10/17,MG-17650,标准级,中南,广东,办公用品,用品,Elite,"Elite 美工刀,0,15.00
A1001844,2019/12/4,TP-21130,当日,西南,四川,家具,椅子,Hon,"Hon 沙滩椅,0,14.00
A1001839,2019/12/4,SH-19975,标准级,中南,广东,办公用品,用品,Kleencut,"Kleencut 美工刀,0,14.00
A1001907,2019/12/25,DM-13015,当日,华北,北京,技术,电话,思科,"思科 耳机,0,14.00
A1001913,2019/12/26,JF-15355,标准级,华东,山东,办公用品,收纳具,Rogers,"Rogers 搁板,0,14.00
A1002035,2020/2/25,JM-15865,二级,中南,广东,办公用品,标签,Smead,"Smead 有色标签,0,14.00
A1002080,2020/3/12,HA-14920,标准级,中南,河南,办公用品,器具,KitchenAid,"KitchenAid 咖啡研磨机,0,14.00
A1002086,2020/3/15,JF-15355,二级,华北,河北,办公用品,收纳具,Eldon,"Eldon 文件夹,0,14.00
A1002089,2020/3/18,HL-15040,二级,西南,重庆,办公用品,纸张,Enermax,"Enermax 信纸,0,14.00
A1002113,2020/3/25,LS-16945,标准级,东北,吉林,办公用品,收纳具,Tenex,"Tenex 文件车,0,14.00
A1002145,2020/4/9,MB-17305,标准级,华东,山东,办公用品,美术,Stanley,"Stanley 钢笔,0,14.00
A1002148,2020/4/10,PO-18850,一级,华东,山东,办公用品,收纳具,Tenex,"Tenex 盒,0,14.00
A1002181,2020/4/18,MM-17260,标准级,西北,甘肃,家具,用具,Rubbermaid,"Rubvermaid 闹钟,0,14.00
A1002220,2020/5/3,TB-21355,一级,中南,广西,办公用品,标签,Harbour Creations,"Harbour Creations 可去除的标签,0,14.00
A1002238,2020/5/8,AS-10630,标准级,东北,辽宁,办公用品,收纳具,Tenex,"Tenex 搁板,0,14.00
A1002238,2020/5/8,AS-10630,标准级,东北,辽宁,办公用品,纸张,SanDisk,"SanDisk 信纸,0,14.00
A1002237,2020/5/8,MC-17575,标准级,中南,河南,办公用品,美术,Binney & Smith,"Binney & Smith 铅笔刀,0,14.00
A1002238,2020/5/8,DS-13030,标准级,东北,辽宁,技术,电话,思科,"思科 办公室电话机,0,14.00
A1002268,2020/5/16,RD-19720,标准级,华东,福建,办公用品,装订机,Acco,"Acco 订书机,0,14.00
A1002268,2020/5/16,BE-11335,标准级,华东,福建,技术,配件,SanDisk,"SanDisk 鼠标,0,14.00
A1002277,2020/5/20,TM-21490,二级,华东,山东,办公用品,装订机,Cardinal,"Cardinal 打孔机,0,14.00
A1002295,2020/5/23,MG-17650,一级,中南,湖北,办公用品,装订机,Avery,"Avery 订书机,0,14.00
A1002334,2020/5/30,Co-12640,标准级,东北,黑龙江,办公用品,器具,Hamilton Beach,"Hamilton Beach 冰箱,0,14.00
A1002346,2020/6/3,SV-20785,二级,华东,山东,办公用品,收纳具,Tenex,"Tenex 文件车,0,14.00
A1002361,2020/6/5,JF-15295,二级,华东,山东,技术,复印机,Brother,"Brother 个人复印机,0,14.00
A1002398,2020/6/14,JD-16060,当日,华北,河北,家具,用具,Eldon,"Eldon 门挡,0,14.00
A1002403,2020/6/14,JD-16060,一级,西南,云南,办公用品,收纳具,Fellowes,"Fellowes 文件车,0,14.00
A1002401,2020/6/14,BV-11245,标准级,华东,江西,办公用品,器具,Cuisinart,"Cuisinart 搅拌机,0,14.00
A1002406,2020/6/15,CC-12430,标准级,华东,山东,办公用品,纸张,Eaton,"Eaton 备忘录便条,0,14.00
A1002408,2020/6/16,CM-12385,标准级,西南,四川,办公用品,信封,Ames,"Ames 局间信封,0,14.00
A1002455,2020/6/25,TT-21070,当日,华东,上海,家具,用具,Rubbermaid,"Rubvermaid 闹钟,0,14.00
A1002463,2020/6/28,SH-20395,标准级,东北,辽宁,办公用品,器具,Breville,"Breville 咖啡研磨机,0,14.00
A1002465,2020/6/28,JE-15610,二级,东北,辽宁,技术,复印机,惠普,"惠普 复印机,0,14.00
A1002497,2020/7/11,BE-11455,标准级,西南,四川,办公用品,收纳具,Eldon,"Eldon 盒,0,14.00
A1002512,2020/7/18,Dp-13240,标准级,华东,山东,家具,椅子,Novimex,"Novimex 摇椅,0,14.00
A1002551,2020/8/1,SC-20380,二级,中南,广东,技术,电话,三星,"三星 信号增强器,0,14.00
A1002556,2020/8/2,MA-17560,标准级,华东,山东,技术,复印机,Hewlett,"Hewlett 墨水,0,14.00
A1002561,2020/8/5,JM-15580,二级,华东,山东,技术,配件,Enermax,"Enermax 鼠标,0,14.00
A1002576,2020/8/7,HA-14905,一级,西北,青海,家具,椅子,Office Star,"Office Star 扶手椅,0,14.00
A1002588,2020/8/9,JL-15175,标准级,华东,上海,办公用品,收纳具,Smead,"Smead 盒,0,14.00
A1002605,2020/8/14,DK-12985,标准级,华东,安徽,技术,复印机,惠普,"惠普 传真复印机,0,14.00
A1002632,2020/8/19,SA-20830,二级,华东,安徽,办公用品,收纳具,Fellowes,"Fellowes 盒,0,14.00
A1002637,2020/8/20,EJ-14155,二级,西南,云南,家具,用具,Tenex,"Tenex 相框,0,14.00
A1002747,2020/9/12,BS-11755,标准级,中南,湖南,技术,电话,三星,"三星 音频基座,0,14.00
A1002781,2020/9/19,CK-12205,二级,西南,重庆,办公用品,纸张,Eaton,"Eaton 备忘录便条,0,14.00
A1002793,2020/9/20,KD-16495,标准级,华东,山东,办公用品,用品,Acme,"Acme 大剪刀,0,14.00
A1002798,2020/9/21,SU-20665,标准级,西南,云南,家具,椅子,Office Star,"Office Star 折叠椅,0,14.00
A1002798,2020/9/21,SU-20665,标准级,西南,云南,技术,设备,爱普生,"爱普生 打印机,0,14.00
A1002811,2020/9/25,ML-17395,二级,中南,河南,办公用品,收纳具,Smead,"Smead 盒,0,14.00
A1002838,2020/10/1,AJ-10795,标准级,中南,湖北,技术,电话,三星,"三星 智能手机,0,14.00
A1002850,2020/10/3,SC-20680,二级,华北,天津,办公用品,标签,Harbour Creations,"Harbour Creations 有色标签,0,14.00
A1002882,2020/10/9,JP-15520,标准级,华东,江西,办公用品,装订机,Wilson Jones,"Wilson Jones 装订机盖,0,14.00
A1002883,2020/10/10,MV-17485,一级,华东,江苏,办公用品,装订机,Cardinal,"Cardinal 装订机盖,0,14.00
A1002897,2020/10/12,MC-17575,标准级,东北,黑龙江,技术,配件,Memorex,"Memorex 鼠标,0,14.00
A1002918,2020/10/17,LD-17005,当日,华北,山西,家具,用具,Advantus,"Advantus 门挡,0,14.00
A1002936,2020/10/22,BP-11290,二级,华东,山东,办公用品,系固件,Accos,"Accos 夹子,0,14.00
A1002995,2020/11/4,RB-19465,标准级,西南,重庆,办公用品,系固件,Stockwell,"Stockwell 橡皮筋,0,14.00
A1003481,2021/3/20,RD-19585,二级,东北,黑龙江,家具,书架,宜家,"宜家 古典书架,0,14.00
A1003512,2021/3/28,CC-12685,一级,华东,山东,办公用品,装订机,Wilson Jones,"Wilson Jones 打孔机,0,14.00
A1003547,2021/4/8,NP-18325,标准级,华北,天津,办公用品,信封,Ames,"Ames 外皮和封条,0,14.00
A1003563,2021/4/13,PO-19180,二级,东北,吉林,技术,复印机,Brother,"Brother 复印机,0,14.00
A1003577,2021/4/21,SC-20305,标准级,中南,河南,办公用品,信封,Cameo,"Cameo 搭扣信封,0,14.00
A1003589,2021/4/24,KD-16495,标准级,西南,四川,办公用品,纸张,Eaton,"Eaton 笔记本,0,14.00
A1003593,2021/4/25,EB-13975,标准级,西北,陕西,办公用品,收纳具,Fellowes,"Fellowes 搁板,0,14.00
A1003607,2021/4/29,LR-16915,标准级,中南,广东,办公用品,器具,Hoover,"Hoover 搅拌机,0,14.00
A1003637,2021/5/6,JF-15295,二级,中南,湖南,办公用品,用品,Acme,"Acme 剪刀,0,14.00
A1003640,2021/5/6,DS-13180,标准级,华东,山东,办公用品,器具,KitchenAid,"KitchenAid 炉灶,0,14.00
A1003648,2021/5/7,AG-10270,标准级,中南,湖南,家具,椅子,Harbour Creations,"Harbour Creations 凳子,0,14.00
A1003666,2021/5/11,BP-11095,标准级,东北,辽宁,办公用品,系固件,Accos,"Accos 按钉,0,14.00
A1003746,2021/5/21,EJ-13720,二级,华东,江西,办公用品,信封,Ames,"Ames 局间信封,0,14.00
A1003749,2021/5/21,DB-13210,标准级,中南,广东,办公用品,用品,Acme,"Acme 美工刀,0,14.00
A1003794,2021/5/28,KM-16375,标准级,中南,湖北,办公用品,系固件,OIC,"OIC 订书钉,0,14.00
A1003830,2021/6/4,KH-16510,标准级,华东,江西,技术,复印机,Hewlett,"Hewlett 墨水,0,14.00
A1003851,2021/6/8,LW-17215,二级,西北,陕西,技术,电话,诺基亚,"诺基亚 信号增强器,0,14.00
A1003857,2021/6/9,BP-11050,一级,华北,河北,办公用品,器具,Hoover,"Hoover 炉灶,0,14.00
A1003866,2021/6/11,PP-18955,标准级,中南,湖南,办公用品,标签,Harbour Creations,"Harbour Creations 运输标签,0,14.00
A1003867,2021/6/11,CY-12745,标准级,中南,广东,技术,电话,苹果,"苹果 信号增强器,0,14.00
A1003871,2021/6/12,SH-19975,标准级,华东,上海,办公用品,信封,Kraft,"Kraft 局间信封,0,14.00
A1003905,2021/6/17,JE-15715,二级,华东,安徽,技术,复印机,Hewlett,"Hewlett 个人复印机,0,14.00
A1003921,2021/6/19,GA-14725,二级,中南,湖南,办公用品,收纳具,Rogers,"Rogers 文件车,0,14.00
A1003948,2021/6/23,BS-11365,标准级,华东,江苏,办公用品,用品,Acme,"Acme 大剪刀,0,14.00
A1003959,2021/6/26,DM-13525,当日,华东,上海,办公用品,系固件,OIC,"OIC 回形针,0,14.00
A1003985,2021/7/1,JM-15250,二级,华北,山西,办公用品,纸张,Eaton,"Eaton 信纸,0,14.00
A1004012,2021/7/10,LP-17080,标准级,东北,辽宁,技术,配件,罗技,"罗技 路由器,0,14.00
A1004018,2021/7/13,TS-21655,二级,华东,山东,家具,椅子,Safco,"SAFCO 折叠椅,0,14.00
A1004082,2021/8/1,BS-11365,标准级,华北,河北,办公用品,系固件,OIC,"OIC 按钉,0,14.00
A1004086,2021/8/3,LP-17095,标准级,中南,广东,办公用品,收纳具,Smead,"Smead 文件车,0,14.00
A1004102,2021/8/4,SZ-20035,标准级,西南,云南,办公用品,器具,Breville,"Breville 冰箱,0,14.00
A1004118,2021/8/5,EB-13750,当日,华东,安徽,办公用品,标签,Harbour Creations,"Harbour Creations 合法证物标签,0,14.00
A1004113,2021/8/5,PV-18985,二级,中南,湖南,办公用品,标签,Hon,"Hon 文件夹标签,0,14.00
A1004123,2021/8/6,PS-18760,二级,西北,甘肃,家具,书架,Sauder,"Sauder 书库,0,14.00
A1004130,2021/8/8,BO-11350,标准级,华东,浙江,技术,设备,爱普生,"爱普生 卡片打印机,0,14.00
A1004138,2021/8/10,JL-15235,二级,东北,吉林,办公用品,美术,BIC,"BIC 钢笔,0,14.00
A1004140,2021/8/10,JL-15175,标准级,中南,河南,办公用品,收纳具,Tenex,"Tenex 文件车,0,14.00
A1004145,2021/8/11,MH-17440,标准级,东北,黑龙江,办公用品,纸张,施乐,"施乐 令,0,14.00
A1004226,2021/8/27,DO-13645,当日,华东,山东,办公用品,标签,Novimex,"Novimex 有色标签,0,14.00
A1004257,2021/8/31,LA-16780,当日,东北,吉林,办公用品,器具,KitchenAid,"KitchenAid 咖啡研磨机,0,14.00
A1004288,2021/9/9,RR-19525,二级,华东,山东,办公用品,系固件,Stockwell,"Stockwell 橡皮筋,0,14.00
A1004287,2021/9/9,KB-16600,标准级,华北,山西,办公用品,信封,Ames,"Ames 局间信封,0,14.00
A1004322,2021/9/15,HD-14785,标准级,华北,内蒙古,办公用品,标签,Smead,"Smead 文件夹标签,0,14.00
A1004375,2021/9/23,AG-10900,一级,华北,河北,家具,椅子,Office Star,"Office Star 凳子,0,14.00
A1004378,2021/9/24,BB-11545,一级,中南,广东,办公用品,标签,Hon,"Hon 运输标签,0,14.00
A1004385,2021/9/25,FH-14275,标准级,中南,广东,办公用品,用品,Kleencut,"Kleencut 开信刀,0,14.00
A1004423,2021/10/2,DS-13180,二级,华东,山东,办公用品,收纳具,Tenex,"Tenex 文件车,0,14.00
A1004437,2021/10/5,PG-18895,二级,华东,福建,家具,椅子,Hon,"Hon 凳子,0,14.00
A1004446,2021/10/7,CC-12370,二级,华北,天津,办公用品,标签,Smead,"Smead 可去除的标签,0,14.00
A1004917,2021/12/30,JH-15910,一级,中南,广东,家具,书架,宜家,"宜家 书架,0,14.00
A1001808,2019/11/26,CP-12340,一级,华东,山东,办公用品,美术,Binney & Smith,"Binney & Smith 速写本,0,13.00
A1001815,2019/11/26,TB-21250,标准级,华北,河北,技术,复印机,Hewlett,"Hewlett 个人复印机,0,13.00
A1001857,2019/12/10,DM-12955,一级,东北,黑龙江,家具,书架,Sauder,"Sauder 古典书架,0,13.00
A1001864,2019/12/11,PN-18775,标准级,华东,江苏,技术,电话,摩托罗拉,"摩托罗拉 耳机,0,13.00
A1001876,2019/12/13,BE-11410,二级,中南,河南,办公用品,系固件,Stockwell,"Stockwell 图钉,0,13.00
A1001912,2019/12/25,NC-18415,标准级,东北,吉林,家具,用具,Deflect-O,"Deflect-O 相框,0,13.00
A1001917,2019/12/26,JF-15355,标准级,西南,云南,办公用品,收纳具,Fellowes,"Fellowes 盒,0,13.00
A1001919,2019/12/27,PF-19120,标准级,西南,贵州,家具,椅子,Novimex,"Novimex 折叠椅,0,13.00
A1001991,2020/1/30,CC-12475,标准级,中南,河南,办公用品,用品,Fiskars,"Fiskars 美工刀,0,13.00
A1001996,2020/2/1,FH-14350,标准级,东北,黑龙江,家具,书架,宜家,"宜家 搁架,0,13.00
A1001998,2020/2/4,SF-20965,标准级,东北,辽宁,家具,书架,Sauder,"Sauder 柜,0,13.00
A1002019,2020/2/13,KH-16630,标准级,华北,河北,办公用品,装订机,Avery,"Avery 订书机,0,13.00
A1002069,2020/3/7,TP-21415,标准级,东北,黑龙江,办公用品,收纳具,Eldon,"Eldon 文件夹,0,13.00
A1002080,2020/3/12,HJ-14875,标准级,中南,河南,技术,配件,贝尔金,"贝尔金 路由器,0,13.00
A1002086,2020/3/15,EK-13795,二级,华北,河北,办公用品,收纳具,Smead,"Smead 锁柜,0,13.00
A1002084,2020/3/15,CM-12160,标准级,东北,黑龙江,办公用品,系固件,Advantus,"Advantus 订书钉,0,13.00
A1002105,2020/3/21,TB-21400,标准级,中南,广东,办公用品,用品,Fiskars,"Fiskars 剪刀,0,13.00
A1002114,2020/3/26,MA-17995,一级,华北,河北,办公用品,纸张,SanDisk,"SanDisk 羊皮纸,0,13.00
A1002162,2020/4/12,JC-15775,标准级,中南,河南,家具,用具,Rubbermaid,"Rubvermaid 分层置放架,0,13.00
A1002188,2020/4/24,MA-17995,标准级,中南,海南,技术,设备,爱普生,"爱普生 卡片打印机,0,13.00
A1002228,2020/5/6,AP-10915,二级,华东,江苏,办公用品,标签,Smead,"Smead 运输标签,0,13.00
A1002244,2020/5/10,MG-17680,标准级,中南,广东,办公用品,系固件,Accos,"Accos 按钉,0,13.00
A1002246,2020/5/10,MG-17680,标准级,中南,广东,办公用品,信封,GlobeWeis,"GlobeWeis 外皮和封条,0,13.00
A1002252,2020/5/14,XP-21865,二级,中南,广东,办公用品,器具,Breville,"Breville 搅拌机,0,13.00
A1002309,2020/5/24,MC-18130,标准级,东北,黑龙江,家具,用具,Tenex,"Tenex 灯泡,0,13.00
A1002310,2020/5/25,MS-17770,一级,东北,黑龙江,技术,复印机,夏普,"夏普 无线传真机,0,13.00
A1002310,2020/5/25,JE-15745,一级,东北,黑龙江,技术,电话,诺基亚,"诺基亚 信号增强器,0,13.00
A1002320,2020/5/27,EP-13915,一级,中南,广东,办公用品,系固件,Stockwell,"Stockwell 图钉,0,13.00
A1002315,2020/5/27,DS-13180,二级,中南,广东,家具,椅子,Harbour Creations,"Harbour Creations 凳子,0,13.00
A1002319,2020/5/27,SO-20335,标准级,华东,福建,办公用品,纸张,施乐,"施乐 令,0,13.00
A1002407,2020/6/15,DB-13270,标准级,中南,河南,技术,配件,贝尔金,"贝尔金 键区,0,13.00
A1002417,2020/6/18,NG-18430,标准级,中南,广东,技术,复印机,夏普,"夏普 传真复印机,0,13.00
A1002431,2020/6/20,MG-17695,一级,中南,广东,办公用品,收纳具,Tenex,"Tenex 盘,0,13.00
A1002429,2020/6/20,NZ-18565,标准级,东北,黑龙江,办公用品,美术,BIC,"BIC 画布,0,13.00
A1002434,2020/6/21,MS-17365,标准级,华北,天津,办公用品,装订机,Avery,"Avery 装订机盖,0,13.00
A1002468,2020/6/28,BH-11710,标准级,中南,广东,办公用品,信封,Cameo,"Cameo 外皮和封条,0,13.00
A1002493,2020/7/8,NC-18415,一级,华北,河北,技术,电话,思科,"思科 办公室电话机,0,13.00
A1002502,2020/7/13,AG-10390,标准级,华东,福建,技术,配件,Memorex,"Memorex 闪存驱动器,0,13.00
A1002542,2020/7/29,AH-10465,标准级,华东,山东,技术,配件,贝尔金,"贝尔金 鼠标,0,13.00
A1002553,2020/8/2,MA-17560,二级,华东,上海,办公用品,收纳具,Fellowes,"Fellowes 锁柜,0,13.00
A1002557,2020/8/2,MA-17560,二级,中南,河南,技术,复印机,惠普,"惠普 传真复印机,0,13.00
A1002591,2020/8/10,KW-16570,当日,东北,辽宁,家具,用具,Deflect-O,"Deflect-O 框架,0,13.00
A1002592,2020/8/12,JH-15985,二级,中南,海南,办公用品,美术,Boston,"Boston 荧光笔,0,13.00
A1002612,2020/8/16,TM-21010,当日,东北,辽宁,家具,用具,Eldon,"Eldon 框架,0,13.00
A1002624,2020/8/17,AS-10090,标准级,华北,天津,技术,配件,Enermax,"Enermax 路由器,0,13.00
A1002635,2020/8/20,EB-14110,一级,华东,福建,办公用品,收纳具,Fellowes,"Fellowes 文件车,0,13.00
A1002642,2020/8/21,CS-11845,一级,华东,山东,家具,用具,Deflect-O,"Deflect-O 闹钟,0,13.00
A1002685,2020/8/29,KB-16315,二级,中南,广东,家具,书架,Bush,"Bush 柜,0,13.00
A1002695,2020/9/2,AR-10540,标准级,中南,广西,办公用品,美术,Binney & Smith,"Binney & Smith 记号笔,0,13.00
A1002702,2020/9/3,BD-11320,二级,华东,山东,办公用品,用品,Kleencut,"Kleencut 剪刀,0,13.00
A1002713,2020/9/4,GR-14560,二级,华东,浙江,技术,配件,SanDisk,"SanDisk 键盘,0,13.00
A1002720,2020/9/5,MC-17605,一级,中南,河南,技术,复印机,佳能,"佳能 无线传真机,0,13.00
A1002740,2020/9/11,TC-21295,标准级,华东,福建,办公用品,收纳具,Tenex,"Tenex 锁柜,0,13.00
A1002770,2020/9/17,SC-20440,标准级,中南,河南,办公用品,信封,Ames,"Ames 商业信封,0,13.00
A1002770,2020/9/17,TH-21115,标准级,中南,河南,家具,桌子,Lesro,"Lesro 电脑桌,0,13.00
A1002775,2020/9/18,EN-13780,标准级,华东,福建,办公用品,系固件,Stockwell,"Stockwell 图钉,0,13.00
A1002779,2020/9/18,MS-17980,标准级,东北,吉林,技术,设备,冲电器,"冲电器 电话,0,13.00
A1002788,2020/9/20,SG-20470,二级,东北,黑龙江,家具,书架,Safco,"Safco 书架,0,13.00
A1002793,2020/9/20,KD-16495,标准级,华东,山东,办公用品,标签,Novimex,"Novimex 有色标签,0,13.00
A1002802,2020/9/22,EA-14035,标准级,西南,重庆,家具,椅子,Harbour Creations,"Harbour Creations 椅垫,0,13.00
A1002820,2020/9/27,SC-20695,标准级,中南,湖北,办公用品,美术,Sanford,"Sanford 铅笔刀,0,13.00
A1002851,2020/10/3,BP-11230,标准级,华东,山东,办公用品,美术,Binney & Smith,"Binney & Smith 画布,0,13.00
A1002877,2020/10/9,KB-16585,二级,华北,河北,办公用品,用品,Kleencut,"Kleencut 尺子,0,13.00
A1002914,2020/10/16,PG-18820,标准级,华东,江苏,家具,书架,Bush,"Bush 书架,0,13.00
A1002930,2020/10/22,MJ-17740,标准级,西南,云南,办公用品,美术,Stanley,"Stanley 记号笔,0,13.00
A1002944,2020/10/23,PO-19180,二级,西北,青海,家具,用具,Tenex,"Tenex 闹钟,0,13.00
A1002945,2020/10/24,BP-11185,标准级,华东,江苏,办公用品,收纳具,Rogers,"Rogers 文件夹,0,13.00
A1002948,2020/10/24,FG-14260,标准级,东北,吉林,技术,复印机,Brother,"Brother 个人复印机,0,13.00
A1002963,2020/10/29,FM-14290,标准级,华东,山东,办公用品,装订机,Cardinal,"Cardinal 装订机盖,0,13.00
A1002972,2020/10/30,RL-19615,标准级,东北,吉林,办公用品,美术,Sanford,"Sanford 钢笔,0,13.00
A1003041,2020/11/13,BG-11035,标准级,中南,湖南,办公用品,器具,Cuisinart,"Cuisinart 搅拌机,0,13.00
A1003034,2020/11/13,JE-15475,标准级,华东,山东,技术,配件,Enermax,"Enermax 闪存驱动器,0,13.00
A1003050,2020/11/15,SV-20365,一级,东北,吉林,办公用品,收纳具,Rogers,"Rogers 盘,0,13.00
A1003053,2020/11/16,AS-10090,标准级,华东,江苏,办公用品,收纳具,Smead,"Smead 文件车,0,13.00
A1003061,2020/11/18,JR-16210,标准级,中南,湖北,办公用品,系固件,OIC,"OIC 橡皮筋,0,13.00
A1003066,2020/11/19,AB-10165,标准级,中南,广东,办公用品,收纳具,Smead,"Smead 搁板,0,13.00
A1003069,2020/11/19,GT-14710,标准级,中南,广西,家具,椅子,Safco,"SAFCO 沙滩椅,0,13.00
A1003076,2020/11/20,CV-12805,标准级,华北,河北,技术,复印机,Hewlett,"Hewlett 复印机,0,13.00
A1003084,2020/11/21,RW-19540,标准级,华北,内蒙古,技术,复印机,佳能,"佳能 传真复印机,0,13.00
A1003096,2020/11/22,GB-14575,一级,华北,北京,技术,配件,Enermax,"Enermax 路由器,0,13.00
A1003106,2020/11/25,MB-17305,标准级,华东,山东,技术,配件,贝尔金,"贝尔金 路由器,0,13.00
A1003104,2020/11/25,JS-16030,标准级,西南,四川,办公用品,系固件,OIC,"OIC 图钉,0,13.00
A1003371,2021/2/10,JC-15775,标准级,东北,黑龙江,技术,设备,柯尼卡,"柯尼卡 喷墨打印机,0,13.00
A1003381,2021/2/13,MC-17605,一级,华北,河北,办公用品,装订机,Cardinal,"Cardinal 打孔机,0,13.00
A1003401,2021/2/21,CS-11860,二级,华东,上海,办公用品,装订机,Avery,"Avery 装订机,0,13.00
A1003405,2021/2/22,AJ-10795,标准级,中南,广东,技术,复印机,Brother,"Brother 个人复印机,0,13.00
A1003473,2021/3/16,ME-18010,标准级,华北,北京,办公用品,用品,Acme,"Acme 美工刀,0,13.00
A1003480,2021/3/19,AP-10915,一级,华北,河北,技术,复印机,夏普,"夏普 传真复印机,0,13.00
A1003500,2021/3/25,AS-10285,二级,东北,黑龙江,家具,用具,Deflect-O,"Deflect-O 闹钟,0,13.00
A1003507,2021/3/27,AH-10075,标准级,华东,江苏,技术,配件,罗技,"罗技 键盘,0,13.00
A1003560,2021/4/13,VB-21745,标准级,中南,广西,办公用品,收纳具,Rogers,"Rogers 锁柜,0,13.00
A1003577,2021/4/21,TP-21415,标准级,中南,河南,家具,书架,Sauder,"Sauder 柜,0,13.00
A1003613,2021/4/30,JK-15730,一级,中南,湖南,办公用品,器具,Breville,"Breville 炉灶,0,13.00
A1003646,2021/5/7,AG-10270,一级,中南,湖北,办公用品,收纳具,Tenex,"Tenex 文件夹,0,13.00
A1003673,2021/5/12,RD-19810,二级,华东,江苏,办公用品,器具,Cuisinart,"Cuisinart 搅拌机,0,13.00
A1003689,2021/5/13,ME-17320,标准级,西北,陕西,办公用品,纸张,SanDisk,"SanDisk 羊皮纸,0,13.00
A1003706,2021/5/15,JL-15835,标准级,华东,山东,办公用品,信封,Ames,"Ames 外皮和封条,0,13.00
A1003720,2021/5/18,HG-14965,标准级,东北,黑龙江,办公用品,器具,Hoover,"Hoover 搅拌机,0,13.00
A1003739,2021/5/20,RL-19615,标准级,华东,上海,技术,电话,诺基亚,"诺基亚 办公室电话机,0,13.00
A1003790,2021/5/28,CV-12805,二级,华东,江苏,办公用品,系固件,OIC,"OIC 图钉,0,13.00
A1003821,2021/6/3,TN-21040,一级,华东,安徽,办公用品,纸张,SanDisk,"SanDisk 备忘录便条,0,13.00
A1003846,2021/6/8,SP-20920,二级,东北,黑龙江,办公用品,系固件,Stockwell,"Stockwell 订书钉,0,13.00
A1003849,2021/6/8,PB-19150,标准级,中南,广东,技术,配件,罗技,"罗技 鼠标,0,13.00
A1003862,2021/6/10,VS-21820,一级,华东,上海,技术,电话,摩托罗拉,"摩托罗拉 信号增强器,0,13.00
A1003868,2021/6/11,PP-18955,标准级,华北,山西,办公用品,器具,Cuisinart,"Cuisinart 炉灶,0,13.00
A1003873,2021/6/12,SH-19975,二级,中南,广西,办公用品,系固件,Stockwell,"Stockwell 图钉,0,13.00
A1003890,2021/6/15,EB-14170,一级,中南,湖南,办公用品,美术,Binney & Smith,"Binney & Smith 钢笔,0,13.00
A1003903,2021/6/17,Dp-13240,标准级,中南,广西,办公用品,装订机,Acco,"Acco 打孔机,0,13.00
A1003913,2021/6/18,MC-17425,二级,华东,山东,办公用品,器具,Cuisinart,"Cuisinart 搅拌机,0,13.00
A1003923,2021/6/19,GA-14725,当日,华东,山东,办公用品,系固件,Stockwell,"Stockwell 按钉,0,13.00
A1003946,2021/6/23,KD-16270,标准级,华东,山东,家具,椅子,Office Star,"Office Star 凳子,0,13.00
A1003957,2021/6/25,HM-14860,标准级,中南,湖北,技术,电话,三星,"三星 信号增强器,0,13.00
A1004057,2021/7/23,LP-17095,二级,华东,福建,办公用品,信封,Kraft,"Kraft 邮寄品,0,13.00
A1004057,2021/7/23,LP-17095,二级,华东,福建,办公用品,收纳具,Eldon,"Eldon 盒,0,13.00
A1004074,2021/7/30,BC-11125,标准级,东北,黑龙江,办公用品,器具,Hamilton Beach,"Hamilton Beach 搅拌机,0,13.00
A1004080,2021/8/1,CS-12400,标准级,中南,广东,技术,电话,诺基亚,"诺基亚 办公室电话机,0,13.00
A1004090,2021/8/3,SN-20560,二级,华东,福建,办公用品,收纳具,Rogers,"Rogers 盒,0,13.00
A1004127,2021/8/7,JW-15220,标准级,西北,新疆,办公用品,纸张,Eaton,"Eaton 计划信息表,0,13.00
A1004132,2021/8/8,BO-11350,当日,华东,山东,办公用品,器具,Cuisinart,"Cuisinart 咖啡研磨机,0,13.00
A1004150,2021/8/12,TB-21625,标准级,东北,黑龙江,办公用品,信封,Ames,"Ames 邮寄品,0,13.00
A1004211,2021/8/25,CC-12685,一级,华东,安徽,办公用品,用品,Stiletto,"Stiletto 大剪刀,0,13.00
A1004225,2021/8/27,SP-20920,标准级,中南,湖北,办公用品,收纳具,Tenex,"Tenex 盒,0,13.00
A1004239,2021/8/28,BS-11755,标准级,华东,山东,办公用品,标签,Avery,"Avery 有色标签,0,13.00
A1004247,2021/8/31,SV-20365,一级,中南,海南,办公用品,装订机,Acco,"Acco 标签,0,13.00
A1004266,2021/9/4,CA-12310,一级,西南,贵州,办公用品,器具,Hamilton Beach,"Hamilton Beach 搅拌机,0,13.00
A1004270,2021/9/4,BT-11440,标准级,华东,福建,家具,书架,Sauder,"Sauder 书库,0,13.00
A1004278,2021/9/8,KC-16675,标准级,华北,天津,办公用品,美术,Stanley,"Stanley 铅笔刀,0,13.00
A1004289,2021/9/9,RP-19390,标准级,西南,四川,家具,椅子,Safco,"SAFCO 椅垫,0,13.00
A1004301,2021/9/11,RD-19810,标准级,华东,山东,办公用品,装订机,Acco,"Acco 装订机,0,13.00
A1004306,2021/9/12,TS-21205,二级,中南,湖北,家具,椅子,Hon,"Hon 沙滩椅,0,13.00
A1004325,2021/9/15,HD-14785,标准级,西南,四川,家具,椅子,Novimex,"Novimex 凳子,0,13.00
A1004373,2021/9/22,DK-13090,标准级,中南,湖南,办公用品,收纳具,Rogers,"Rogers 盘,0,13.00
A1004383,2021/9/25,RP-19270,二级,华东,福建,家具,椅子,Safco,"SAFCO 摇椅,0,13.00
A1004379,2021/9/25,KF-16285,标准级,中南,湖南,办公用品,美术,BIC,"BIC 铅笔刀,0,13.00
A1004385,2021/9/25,JR-16210,标准级,中南,广东,家具,书架,宜家,"宜家 墙角架,0,13.00
A1004402,2021/9/29,MY-18295,标准级,华东,福建,办公用品,美术,BIC,"BIC 记号笔,0,13.00
A1004414,2021/10/1,EM-14095,当日,华东,江西,办公用品,信封,Jiffy,"Jiffy 搭扣信封,0,13.00
A1004433,2021/10/5,JP-15520,一级,华北,河北,技术,设备,松下,"松下 打印机,0,13.00
A1004454,2021/10/8,LC-16870,标准级,中南,河南,技术,电话,摩托罗拉,"摩托罗拉 智能手机,0,13.00
A1001813,2019/11/26,MC-17275,二级,东北,黑龙江,办公用品,器具,Hoover,"Hoover 微波炉,0,12.00
A1001811,2019/11/26,JP-15460,标准级,华东,山东,办公用品,器具,Hoover,"Hoover 烤面包机,0,12.00
A1001811,2019/11/26,FM-14290,标准级,华东,山东,办公用品,系固件,Accos,"Accos 订书钉,0,12.00
A1001818,2019/11/27,BT-11680,当日,华北,河北,办公用品,器具,Breville,"Breville 搅拌机,0,12.00
A1001833,2019/12/3,SS-20140,二级,西南,云南,技术,设备,StarTech,"StarTech 收据打印机,0,12.00
A1001848,2019/12/6,RM-19750,一级,华东,江苏,办公用品,标签,Harbour Creations,"Harbour Creations 圆形标签,0,12.00
A1001861,2019/12/10,DR-12880,一级,中南,广东,办公用品,信封,Cameo,"Cameo 外皮和封条,0,12.00
A1001859,2019/12/10,GB-14530,一级,东北,辽宁,办公用品,美术,BIC,"BIC 钢笔,0,12.00
A1001860,2019/12/10,MH-18025,二级,华东,上海,办公用品,系固件,Stockwell,"Stockwell 订书钉,0,12.00
A1001881,2019/12/15,AH-10690,当日,中南,广东,家具,用具,Tenex,"Tenex 框架,0,12.00
A1001900,2019/12/21,JE-15745,标准级,华北,北京,办公用品,装订机,Ibico,"Ibico 装订机盖,0,12.00
A1001920,2019/12/27,JG-15805,当日,华东,福建,家具,椅子,Novimex,"Novimex 折叠椅,0,12.00
A1001937,2019/12/31,VT-21700,标准级,中南,河南,家具,书架,Sauder,"Sauder 书架,0,12.00
A1001940,2020/1/1,MM-18280,一级,中南,广东,办公用品,纸张,Eaton,"Eaton 笔记本,0,12.00
A1001976,2020/1/22,CC-12370,二级,华北,河北,办公用品,收纳具,Smead,"Smead 文件夹,0,12.00
A1001978,2020/1/23,CS-12175,标准级,中南,河南,办公用品,纸张,施乐,"施乐 备忘录便条,0,12.00
A1002001,2020/2/5,SN-20710,标准级,东北,吉林,家具,椅子,Novimex,"Novimex 折叠椅,0,12.00
A1002024,2020/2/13,KH-16630,标准级,西北,甘肃,家具,书架,Bush,"Bush 书架,0,12.00
A1002025,2020/2/15,NP-18685,标准级,东北,黑龙江,办公用品,标签,Smead,"Smead 文件夹标签,0,12.00
A1002037,2020/2/25,KW-16435,标准级,东北,黑龙江,办公用品,信封,GlobeWeis,"GlobeWeis 外皮和封条,0,12.00
A1002043,2020/2/27,JK-15370,标准级,中南,广东,家具,用具,Advantus,"Advantus 分层置放架,0,12.00
A1002050,2020/2/28,DL-13495,二级,东北,辽宁,办公用品,装订机,Avery,"Avery 打孔机,0,12.00
A1002061,2020/3/4,KB-16315,标准级,中南,河南,办公用品,信封,Ames,"Ames 搭扣信封,0,12.00
A1002070,2020/3/8,CB-12025,二级,东北,辽宁,办公用品,信封,Kraft,"Kraft 商业信封,0,12.00
A1002090,2020/3/18,MA-17560,标准级,西北,陕西,家具,书架,Safco,"Safco 墙角架,0,12.00
A1002099,2020/3/20,AM-10705,当日,东北,黑龙江,办公用品,标签,Harbour Creations,"Harbour Creations 运输标签,0,12.00
A1002111,2020/3/23,LS-16945,二级,华东,江苏,家具,书架,宜家,"宜家 搁架,0,12.00
A1002114,2020/3/26,ME-17320,一级,华北,河北,技术,配件,Enermax,"Enermax 键区,0,12.00
A1002129,2020/4/2,CC-12475,一级,中南,广东,家具,书架,宜家,"宜家 墙角架,0,12.00
A1002127,2020/4/2,EP-13915,标准级,东北,黑龙江,家具,桌子,Barricks,"Barricks 会议桌,0,12.00
A1002136,2020/4/5,AG-10495,标准级,华东,山东,办公用品,器具,Cuisinart,"Cuisinart 搅拌机,0,12.00
A1002144,2020/4/9,EB-13870,标准级,华北,天津,办公用品,标签,Harbour Creations,"Harbour Creations 运输标签,0,12.00
A1002164,2020/4/12,KB-16315,标准级,中南,广东,办公用品,纸张,Enermax,"Enermax 备忘录便条,0,12.00
A1002179,2020/4/18,ND-18370,二级,华东,江苏,家具,用具,Rubbermaid,"Rubvermaid 框架,0,12.00
A1002215,2020/5/2,BF-10975,二级,华北,天津,办公用品,美术,Stanley,"Stanley 钢笔,0,12.00
A1002218,2020/5/2,BF-10975,一级,华东,山东,办公用品,信封,GlobeWeis,"GlobeWeis 局间信封,0,12.00
A1002231,2020/5/6,MT-17815,标准级,华东,江西,办公用品,收纳具,Fellowes,"Fellowes 文件车,0,12.00
A1002247,2020/5/11,XP-21865,二级,华东,山东,家具,用具,Deflect-O,"Deflect-O 门挡,0,12.00
A1002251,2020/5/13,XP-21865,标准级,华东,福建,办公用品,标签,Smead,"Smead 合法证物标签,0,12.00
A1002257,2020/5/14,GW-14605,标准级,西南,四川,办公用品,装订机,Acco,"Acco 标签,0,12.00
A1002257,2020/5/14,BF-11170,标准级,西南,四川,家具,椅子,Office Star,"Office Star 沙滩椅,0,12.00
A1002280,2020/5/21,RL-19615,二级,中南,广东,办公用品,标签,Smead,"Smead 合法证物标签,0,12.00
A1002281,2020/5/21,GK-14620,二级,中南,海南,办公用品,系固件,Stockwell,"Stockwell 按钉,0,12.00
A1002286,2020/5/21,EB-13930,标准级,中南,河南,家具,用具,Tenex,"Tenex 闹钟,0,12.00
A1002290,2020/5/22,EB-13870,标准级,华北,山西,办公用品,装订机,Ibico,"Ibico 孔加固材料,0,12.00
A1002304,2020/5/24,MC-18130,二级,华东,山东,办公用品,装订机,Ibico,"Ibico 装订机盖,0,12.00
A1002305,2020/5/24,MC-18130,标准级,中南,广东,办公用品,美术,Binney & Smith,"Binney & Smith 记号笔,0,12.00
A1002303,2020/5/24,BF-11170,标准级,华北,内蒙古,办公用品,纸张,施乐,"施乐 信纸,0,12.00
A1002327,2020/5/29,CK-12760,一级,中南,广东,技术,电话,苹果,"苹果 音频基座,0,12.00
A1002341,2020/5/31,AH-10120,标准级,华东,山东,办公用品,标签,Novimex,"Novimex 文件夹标签,0,12.00
A1002351,2020/6/4,KB-16585,二级,中南,河南,技术,设备,柯尼卡,"柯尼卡 卡片打印机,0,12.00
A1002387,2020/6/13,PS-19045,二级,西南,四川,办公用品,收纳具,Smead,"Smead 文件夹,0,12.00
A1002395,2020/6/14,SG-20605,标准级,东北,吉林,家具,书架,Dania,"Dania 书架,0,12.00
A1002408,2020/6/16,CM-12385,标准级,西南,四川,办公用品,装订机,Acco,"Acco 打孔机,0,12.00
A1002426,2020/6/20,PF-19120,标准级,西南,四川,技术,设备,柯尼卡,"柯尼卡 卡片打印机,0,12.00
A1002437,2020/6/21,MS-17365,标准级,西南,云南,技术,电话,三星,"三星 充电器,0,12.00
A1002445,2020/6/24,LH-17155,二级,中南,河南,技术,电话,三星,"三星 充电器,0,12.00
A1002456,2020/6/25,KL-16645,一级,中南,湖南,家具,椅子,Hon,"Hon 摇椅,0,12.00
A1002454,2020/6/25,AH-10210,标准级,中南,湖北,办公用品,标签,Avery,"Avery 可去除的标签,0,12.00
A1002468,2020/6/28,BH-11710,标准级,中南,广东,办公用品,器具,Cuisinart,"Cuisinart 冰箱,0,12.00
A1002467,2020/6/28,BM-11575,标准级,中南,湖北,办公用品,美术,BIC,"BIC 速写本,0,12.00
A1002502,2020/7/13,RW-19630,标准级,华东,福建,办公用品,收纳具,Eldon,"Eldon 盘,0,12.00
A1002511,2020/7/18,EH-14125,二级,华北,河北,技术,复印机,惠普,"惠普 个人复印机,0,12.00
A1002547,2020/7/30,TP-21130,标准级,华北,北京,家具,椅子,Safco,"SAFCO 扶手椅,0,12.00
A1002558,2020/8/3,SC-20230,标准级,中南,湖南,家具,椅子,Novimex,"Novimex 凳子,0,12.00
A1002561,2020/8/5,HM-14860,二级,华东,山东,办公用品,装订机,Avery,"Avery 标签,0,12.00
A1002596,2020/8/12,LA-16780,二级,东北,吉林,办公用品,纸张,Eaton,"Eaton 计划信息表,0,12.00
A1002599,2020/8/13,ZC-21910,标准级,西南,重庆,家具,椅子,Office Star,"Office Star 椅垫,0,12.00
A1002610,2020/8/15,RE-19450,标准级,西北,陕西,技术,配件,SanDisk,"SanDisk 键盘,0,12.00
A1002608,2020/8/15,TM-21010,标准级,华东,上海,办公用品,系固件,Stockwell,"Stockwell 图钉,0,12.00
A1002620,2020/8/16,LC-16930,标准级,东北,吉林,办公用品,美术,Stanley,"Stanley 钢笔,0,12.00
A1002653,2020/8/22,SP-20860,标准级,中南,湖北,家具,椅子,Harbour Creations,"Harbour Creations 摇椅,0,12.00
A1002671,2020/8/27,Dp-13240,标准级,西南,重庆,家具,椅子,Hon,"Hon 沙滩椅,0,12.00
A1002679,2020/8/28,BD-11620,二级,华北,河北,办公用品,器具,Cuisinart,"Cuisinart 冰箱,0,12.00
A1002687,2020/8/30,DV-13465,当日,华东,福建,技术,电话,三星,"三星 充电器,0,12.00
A1002699,2020/9/2,YC-21895,二级,西北,新疆,办公用品,纸张,SanDisk,"SanDisk 羊皮纸,0,12.00
A1002702,2020/9/3,BD-11320,二级,华东,山东,办公用品,器具,KitchenAid,"KitchenAid 烤面包机,0,12.00
A1002758,2020/9/14,YC-21895,二级,华东,安徽,技术,复印机,Hewlett,"Hewlett 复印机,0,12.00
A1002788,2020/9/20,JM-16195,二级,东北,黑龙江,办公用品,纸张,施乐,"施乐 笔记本,0,12.00
A1002801,2020/9/22,SU-20665,二级,中南,广东,办公用品,信封,Cameo,"Cameo 局间信封,0,12.00
A1002804,2020/9/23,RF-19840,标准级,华东,山东,办公用品,装订机,Cardinal,"Cardinal 标签,0,12.00
A1002805,2020/9/24,LC-17050,标准级,中南,湖北,办公用品,信封,Ames,"Ames 商业信封,0,12.00
A1002805,2020/9/24,LC-17050,标准级,中南,湖北,办公用品,器具,Breville,"Breville 咖啡研磨机,0,12.00
A1002819,2020/9/26,MB-17305,标准级,西北,新疆,办公用品,装订机,Ibico,"Ibico 订书机,0,12.00
A1002814,2020/9/26,JP-15460,标准级,华北,河北,家具,椅子,Office Star,"Office Star 凳子,0,12.00
A1002820,2020/9/27,SC-20695,标准级,中南,湖北,办公用品,收纳具,Eldon,"Eldon 文件夹,0,12.00
A1002820,2020/9/27,SC-20695,标准级,中南,湖北,家具,用具,Tenex,"Tenex 闹钟,0,12.00
A1002832,2020/9/30,CR-12580,标准级,华东,江苏,办公用品,美术,Binney & Smith,"Binney & Smith 铅笔刀,0,12.00
A1002829,2020/9/30,SC-20050,标准级,华北,河北,办公用品,收纳具,Rogers,"Rogers 锁柜,0,12.00
A1002828,2020/9/30,GM-14440,标准级,中南,广西,办公用品,美术,Stanley,"Stanley 速写本,0,12.00
A1002836,2020/10/1,AJ-10795,标准级,华东,上海,家具,椅子,Office Star,"Office Star 折叠椅,0,12.00
A1002845,2020/10/2,AH-10120,二级,东北,黑龙江,办公用品,标签,Hon,"Hon 文件夹标签,0,12.00
A1002870,2020/10/7,SC-20440,标准级,东北,辽宁,办公用品,信封,Cameo,"Cameo 局间信封,0,12.00
A1002900,2020/10/12,FP-14320,当日,中南,湖南,技术,电话,苹果,"苹果 充电器,0,12.00
A1002913,2020/10/16,JK-16090,二级,中南,广东,办公用品,器具,Breville,"Breville 咖啡研磨机,0,12.00
A1002942,2020/10/23,JK-15640,标准级,西南,云南,技术,配件,Enermax,"Enermax 键盘,0,12.00
A1002946,2020/10/24,EH-14005,标准级,东北,黑龙江,技术,配件,贝尔金,"贝尔金 路由器,0,12.00
A1002952,2020/10/25,JW-15220,当日,西北,陕西,办公用品,装订机,Acco,"Acco 打孔机,0,12.00
A1002963,2020/10/29,FM-14290,标准级,华东,山东,技术,复印机,Brother,"Brother 个人复印机,0,12.00
A1002964,2020/10/29,DW-13585,标准级,东北,吉林,技术,复印机,夏普,"夏普 传真复印机,0,12.00
A1002970,2020/10/29,PF-19120,标准级,华北,河北,家具,用具,Advantus,"Advantus 相框,0,12.00
A1002965,2020/10/29,PF-19120,标准级,东北,辽宁,技术,电话,苹果,"苹果 智能手机,0,12.00
A1003005,2020/11/7,NS-18640,标准级,中南,河南,办公用品,纸张,SanDisk,"SanDisk 计划信息表,0,12.00
A1003042,2020/11/13,BG-11035,标准级,华东,浙江,办公用品,收纳具,Eldon,"Eldon 文件夹,0,12.00
A1003046,2020/11/14,JE-15475,二级,华北,河北,办公用品,收纳具,Fellowes,"Fellowes 搁板,0,12.00
A1003051,2020/11/15,SV-20365,一级,中南,广东,技术,电话,摩托罗拉,"摩托罗拉 充电器,0,12.00
A1003055,2020/11/16,AS-10090,标准级,东北,辽宁,办公用品,收纳具,Rogers,"Rogers 文件车,0,12.00
A1003061,2020/11/18,JR-16210,标准级,中南,湖北,办公用品,美术,BIC,"BIC 记号笔,0,12.00
A1003066,2020/11/19,AO-10810,标准级,中南,广东,办公用品,收纳具,Smead,"Smead 锁柜,0,12.00
A1003069,2020/11/19,KM-16660,标准级,中南,广西,家具,用具,Deflect-O,"Deflect-O 相框,0,12.00
A1003072,2020/11/20,AG-10330,标准级,中南,广东,技术,电话,摩托罗拉,"摩托罗拉 办公室电话机,0,12.00
A1003088,2020/11/21,MM-17920,标准级,华北,河北,办公用品,收纳具,Smead,"Smead 盘,0,12.00
A1003090,2020/11/22,GB-14575,标准级,华东,上海,家具,桌子,Barricks,"Barricks 电脑桌,0,12.00
A1003104,2020/11/25,JS-16030,标准级,西南,四川,办公用品,纸张,Enermax,"Enermax 备忘录便条,0,12.00
A1003148,2020/12/4,XP-21865,标准级,华东,山东,技术,设备,StarTech,"StarTech 卡片打印机,0,12.00
A1003298,2021/1/17,TB-21400,标准级,华东,江苏,办公用品,器具,Hoover,"Hoover 搅拌机,0,12.00
A1003302,2021/1/18,SS-20590,一级,中南,广东,办公用品,器具,Cuisinart,"Cuisinart 微波炉,0,12.00
A1003309,2021/1/21,KM-16375,标准级,东北,吉林,技术,配件,罗技,"罗技 鼠标,0,12.00
A1003315,2021/1/23,OT-18730,标准级,东北,黑龙江,办公用品,收纳具,Tenex,"Tenex 锁柜,0,12.00
A1003324,2021/1/28,MC-18100,一级,东北,黑龙江,家具,椅子,Hon,"Hon 折叠椅,0,12.00
A1003330,2021/1/29,CC-12475,标准级,华东,浙江,办公用品,信封,GlobeWeis,"GlobeWeis 局间信封,0,12.00
A1003343,2021/2/3,SF-20065,二级,中南,湖南,办公用品,标签,Hon,"Hon 可去除的标签,0,12.00
A1003376,2021/2/11,JC-15775,二级,华北,河北,办公用品,纸张,Eaton,"Eaton 笔记本,0,12.00
A1003381,2021/2/13,MC-17605,一级,华北,河北,家具,书架,Sauder,"Sauder 柜,0,12.00
A1003400,2021/2/21,DP-13165,标准级,华东,安徽,办公用品,用品,Fiskars,"Fiskars 剪刀,0,12.00
A1003407,2021/2/24,AJ-10795,一级,东北,黑龙江,办公用品,器具,Hoover,"Hoover 烤面包机,0,12.00
A1003475,2021/3/17,GT-14710,一级,中南,海南,技术,配件,Memorex,"Memorex 记忆卡,0,12.00
A1003477,2021/3/18,FM-14215,标准级,华东,山东,家具,椅子,Novimex,"Novimex 摇椅,0,12.00
A1003486,2021/3/20,SP-20545,一级,华东,安徽,家具,用具,Advantus,"Advantus 相框,0,12.00
A1003490,2021/3/21,AT-10735,标准级,华北,北京,办公用品,装订机,Wilson Jones,"Wilson Jones 订书机,0,12.00
A1003493,2021/3/24,WB-21850,标准级,华北,河北,办公用品,器具,Breville,"Breville 搅拌机,0,12.00
A1003502,2021/3/26,CK-12205,当日,中南,湖南,家具,椅子,Harbour Creations,"Harbour Creations 扶手椅,0,12.00
A1003503,2021/3/26,JE-15715,标准级,华东,山东,办公用品,系固件,Advantus,"Advantus 橡皮筋,0,12.00
A1003508,2021/3/27,JE-15715,一级,东北,黑龙江,办公用品,信封,Ames,"Ames 搭扣信封,0,12.00
A1003512,2021/3/28,CC-12685,一级,华东,山东,办公用品,装订机,Acco,"Acco 打孔机,0,12.00
A1003518,2021/3/31,KM-16720,二级,华北,河北,办公用品,用品,Elite,"Elite 大剪刀,0,12.00
A1003527,2021/4/1,TT-21460,二级,中南,湖南,家具,椅子,Safco,"SAFCO 摇椅,0,12.00
A1003536,2021/4/3,CB-12415,二级,中南,河南,办公用品,信封,GlobeWeis,"GlobeWeis 搭扣信封,0,12.00
A1003543,2021/4/7,CC-12220,一级,华东,安徽,办公用品,标签,Avery,"Avery 文件夹标签,0,12.00
A1003546,2021/4/7,AH-10030,标准级,东北,黑龙江,技术,复印机,Brother,"Brother 复印机,0,12.00
A1003563,2021/4/13,JS-15880,二级,东北,吉林,家具,用具,Advantus,"Advantus 灯泡,0,12.00
A1003561,2021/4/13,PO-19180,标准级,华东,安徽,办公用品,美术,BIC,"BIC 铅笔刀,0,12.00
A1003564,2021/4/14,LC-16930,一级,华东,上海,办公用品,装订机,Wilson Jones,"Wilson Jones 打孔机,0,12.00
A1003579,2021/4/21,GB-14575,标准级,东北,辽宁,办公用品,标签,Harbour Creations,"Harbour Creations 合法证物标签,0,12.00
A1003577,2021/4/21,SC-20305,标准级,中南,河南,办公用品,收纳具,Eldon,"Eldon 盘,0,12.00
A1003584,2021/4/23,JS-15595,标准级,中南,湖南,办公用品,信封,Jiffy,"Jiffy 外皮和封条,0,12.00
A1003592,2021/4/25,KD-16495,标准级,华北,内蒙古,办公用品,收纳具,Eldon,"Eldon 搁板,0,12.00
A1003611,2021/4/30,SC-20575,二级,西北,新疆,家具,用具,Eldon,"Eldon 框架,0,12.00
A1003615,2021/4/30,NB-18655,标准级,华北,内蒙古,家具,书架,宜家,"宜家 搁架,0,12.00
A1003624,2021/5/4,KC-16255,二级,中南,广东,家具,椅子,Office Star,"Office Star 沙滩椅,0,12.00
A1003629,2021/5/5,GH-14425,标准级,中南,广东,办公用品,用品,Stiletto,"Stiletto 尺子,0,12.00
A1003635,2021/5/6,DS-13180,标准级,华东,山东,办公用品,装订机,Wilson Jones,"Wilson Jones 装订机盖,0,12.00
A1003647,2021/5/7,DD-13570,二级,西南,云南,家具,桌子,Barricks,"Barricks 圆桌,0,12.00
A1003670,2021/5/11,SC-20770,当日,东北,辽宁,办公用品,纸张,Eaton,"Eaton 信纸,0,12.00
A1003691,2021/5/13,AC-10615,标准级,华东,山东,家具,椅子,Harbour Creations,"Harbour Creations 摇椅,0,12.00
A1003722,2021/5/18,RA-19885,二级,华东,福建,办公用品,标签,Novimex,"Novimex 可去除的标签,0,12.00
A1003716,2021/5/18,MV-17485,标准级,东北,黑龙江,办公用品,用品,Acme,"Acme 修剪器,0,12.00
A1003743,2021/5/20,BD-11605,二级,中南,广西,办公用品,美术,Sanford,"Sanford 速写本,0,12.00
A1003750,2021/5/21,MB-18085,标准级,华东,江苏,办公用品,纸张,Enermax,"Enermax 计划信息表,0,12.00
A1003748,2021/5/21,JA-15970,标准级,华北,内蒙古,办公用品,装订机,Acco,"Acco 订书机,0,12.00
A1003760,2021/5/23,BH-11710,一级,华东,浙江,办公用品,标签,Hon,"Hon 圆形标签,0,12.00
A1003762,2021/5/23,SC-20380,标准级,中南,广东,办公用品,纸张,施乐,"施乐 笔记本,0,12.00
A1003759,2021/5/23,JM-15655,标准级,中南,广东,家具,椅子,Novimex,"Novimex 椅垫,0,12.00
A1003778,2021/5/26,DB-13555,一级,中南,湖北,技术,电话,诺基亚,"诺基亚 充电器,0,12.00
A1003783,2021/5/27,JM-15865,标准级,东北,辽宁,办公用品,系固件,OIC,"OIC 订书钉,0,12.00
A1003793,2021/5/28,MA-17560,二级,东北,吉林,办公用品,标签,Harbour Creations,"Harbour Creations 有色标签,0,12.00
A1003799,2021/5/29,RS-19420,标准级,华北,北京,办公用品,用品,Fiskars,"Fiskars 开信刀,0,12.00
A1003798,2021/5/29,AI-10855,标准级,东北,辽宁,办公用品,用品,Acme,"Acme 修剪器,0,12.00
A1003802,2021/5/30,AH-10120,一级,华北,天津,办公用品,系固件,Stockwell,"Stockwell 夹子,0,12.00
A1003811,2021/6/2,JO-15550,二级,华东,福建,办公用品,纸张,Enermax,"Enermax 羊皮纸,0,12.00
A1003823,2021/6/3,MN-17935,二级,中南,河南,家具,用具,Eldon,"Eldon 框架,0,12.00
A1003818,2021/6/3,JG-15160,标准级,华东,江苏,家具,用具,Deflect-O,"Deflect-O 框架,0,12.00
A1003819,2021/6/3,JF-15355,标准级,华东,上海,家具,用具,Advantus,"Advantus 分层置放架,0,12.00
A1003845,2021/6/8,CD-12790,一级,华东,山东,办公用品,器具,Hamilton Beach,"Hamilton Beach 咖啡研磨机,0,12.00
A1003885,2021/6/13,AT-10735,二级,西南,重庆,办公用品,用品,Fiskars,"Fiskars 美工刀,0,12.00
A1003903,2021/6/17,JP-16135,标准级,中南,广西,办公用品,收纳具,Smead,"Smead 锁柜,0,12.00
A1003900,2021/6/17,KH-16330,二级,华东,山东,技术,电话,摩托罗拉,"摩托罗拉 耳机,0,12.00
A1003914,2021/6/18,RW-19540,标准级,华东,安徽,办公用品,用品,Elite,"Elite 尺子,0,12.00
A1003920,2021/6/19,GA-14725,二级,东北,吉林,办公用品,装订机,Cardinal,"Cardinal 装订机盖,0,12.00
A1003920,2021/6/19,GA-14725,二级,东北,吉林,家具,用具,Deflect-O,"Deflect-O 分层置放架,0,12.00
A1003916,2021/6/19,SC-20380,二级,华东,安徽,办公用品,信封,GlobeWeis,"GlobeWeis 局间信封,0,12.00
A1003924,2021/6/19,KD-16345,二级,东北,吉林,技术,复印机,Hewlett,"Hewlett 传真机,0,12.00
A1003919,2021/6/19,GG-14650,标准级,中南,广东,技术,电话,三星,"三星 音频基座,0,12.00
A1003930,2021/6/20,CC-12610,标准级,华北,北京,技术,电话,摩托罗拉,"摩托罗拉 办公室电话机,0,12.00
A1003933,2021/6/21,SP-20860,一级,西南,四川,办公用品,信封,Cameo,"Cameo 商业信封,0,12.00
A1003944,2021/6/23,MA-17560,二级,东北,吉林,办公用品,标签,Hon,"Hon 可去除的标签,0,12.00
A1003954,2021/6/25,HM-14860,标准级,中南,湖北,技术,电话,苹果,"苹果 信号增强器,0,12.00
A1003958,2021/6/26,CM-11815,标准级,东北,吉林,办公用品,装订机,Wilson Jones,"Wilson Jones 订书机,0,12.00
A1003971,2021/6/27,DO-13645,标准级,华北,河北,办公用品,用品,Acme,"Acme 剪刀,0,12.00
A1003974,2021/6/29,TC-20980,标准级,西南,重庆,办公用品,装订机,Wilson Jones,"Wilson Jones 装订机盖,0,12.00
A1003980,2021/6/30,LW-17215,一级,华东,安徽,技术,复印机,Hewlett,"Hewlett 个人复印机,0,12.00
A1003991,2021/7/2,KH-16690,标准级,华东,山东,办公用品,标签,Harbour Creations,"Harbour Creations 可去除的标签,0,12.00
A1003994,2021/7/3,KH-16690,二级,西南,云南,家具,椅子,Safco,"SAFCO 摇椅,0,12.00
A1003997,2021/7/3,MT-17815,标准级,西南,云南,家具,书架,Bush,"Bush 古典书架,0,12.00
A1004004,2021/7/7,SV-20935,二级,中南,广西,办公用品,装订机,Cardinal,"Cardinal 订书机,0,12.00
A1004007,2021/7/8,EG-13900,标准级,东北,辽宁,家具,椅子,Novimex,"Novimex 扶手椅,0,12.00
A1004023,2021/7/14,JD-15895,一级,中南,广西,家具,椅子,Office Star,"Office Star 椅垫,0,12.00
A1004033,2021/7/17,RB-19360,标准级,东北,黑龙江,家具,椅子,Hon,"Hon 扶手椅,0,12.00
A1004045,2021/7/20,JJ-15445,二级,华东,山东,办公用品,用品,Acme,"Acme 美工刀,0,12.00
A1004053,2021/7/21,BM-11575,二级,中南,湖南,办公用品,信封,Kraft,"Kraft 马尼拉纸信封,0,12.00
A1004053,2021/7/21,AG-10900,二级,中南,湖南,技术,电话,思科,"思科 耳机,0,12.00
A1004058,2021/7/23,AF-10870,标准级,东北,黑龙江,办公用品,系固件,Stockwell,"Stockwell 图钉,0,12.00
A1004069,2021/7/28,RD-19930,二级,中南,湖北,办公用品,装订机,Acco,"Acco 打孔机,0,12.00
A1004068,2021/7/28,AB-10015,标准级,华东,上海,家具,用具,Tenex,"Tenex 分层置放架,0,12.00
A1004070,2021/7/29,EA-14035,二级,华北,山西,家具,椅子,Safco,"SAFCO 凳子,0,12.00
A1004071,2021/7/30,SE-20110,标准级,西南,四川,技术,配件,Enermax,"Enermax 键盘,0,12.00
A1004076,2021/7/31,SE-20110,一级,华东,福建,办公用品,标签,Avery,"Avery 可去除的标签,0,12.00
A1004091,2021/8/3,MS-17365,当日,华北,天津,办公用品,信封,Kraft,"Kraft 搭扣信封,0,12.00
A1004093,2021/8/3,LP-17095,标准级,中南,广西,办公用品,装订机,Wilson Jones,"Wilson Jones 订书机,0,12.00
A1004097,2021/8/4,FC-14245,一级,华东,福建,技术,复印机,惠普,"惠普 墨水,0,12.00
A1004105,2021/8/4,LC-16960,二级,华东,山东,技术,电话,苹果,"苹果 智能手机,0,12.00
A1004098,2021/8/4,MT-17815,标准级,华北,河北,家具,椅子,Safco,"SAFCO 沙滩椅,0,12.00
A1004117,2021/8/5,RB-19435,当日,中南,湖南,办公用品,装订机,Avery,"Avery 标签,0,12.00
A1004115,2021/8/5,GZ-14545,一级,中南,河南,办公用品,系固件,Stockwell,"Stockwell 订书钉,0,12.00
A1004111,2021/8/5,ND-18370,标准级,华东,江西,办公用品,收纳具,Rogers,"Rogers 文件车,0,12.00
A1004120,2021/8/6,PS-18760,二级,中南,广东,办公用品,器具,Hamilton Beach,"Hamilton Beach 微波炉,0,12.00
A1004147,2021/8/11,MF-18250,一级,东北,黑龙江,办公用品,系固件,Accos,"Accos 夹子,0,12.00
A1004150,2021/8/12,CS-12250,标准级,东北,黑龙江,家具,书架,Sauder,"Sauder 书架,0,12.00
A1004164,2021/8/15,ON-18715,一级,华北,内蒙古,办公用品,用品,Elite,"Elite 美工刀,0,12.00
A1004165,2021/8/15,MD-17350,标准级,华东,浙江,办公用品,器具,Cuisinart,"Cuisinart 咖啡研磨机,0,12.00
A1004167,2021/8/16,LB-16795,标准级,中南,广西,办公用品,用品,Kleencut,"Kleencut 美工刀,0,12.00
A1004179,2021/8/18,AM-10705,标准级,华北,北京,技术,电话,三星,"三星 办公室电话机,0,12.00
A1004183,2021/8/20,AH-10075,二级,华北,北京,办公用品,系固件,Stockwell,"Stockwell 订书钉,0,12.00
A1004183,2021/8/20,AH-10075,二级,华北,北京,办公用品,装订机,Wilson Jones,"Wilson Jones 打孔机,0,12.00
A1004198,2021/8/21,IG-15085,一级,东北,辽宁,家具,椅子,Novimex,"Novimex 扶手椅,0,12.00
A1004207,2021/8/24,AT-10735,标准级,东北,黑龙江,技术,电话,思科,"思科 信号增强器,0,12.00
A1004209,2021/8/24,CC-12685,标准级,华东,上海,办公用品,装订机,Ibico,"Ibico 孔加固材料,0,12.00
A1004214,2021/8/25,CA-12775,标准级,华北,北京,办公用品,收纳具,Fellowes,"Fellowes 文件车,0,12.00
A1004225,2021/8/27,ME-17320,标准级,中南,湖北,技术,复印机,夏普,"夏普 复印机,0,12.00
A1004245,2021/8/30,DC-13285,二级,中南,湖南,办公用品,器具,KitchenAid,"KitchenAid 冰箱,0,12.00
A1004245,2021/8/30,LA-16780,二级,中南,湖南,技术,电话,摩托罗拉,"摩托罗拉 充电器,0,12.00
A1004287,2021/9/9,HZ-14950,标准级,华北,山西,办公用品,纸张,Enermax,"Enermax 信纸,0,12.00
A1004304,2021/9/11,TZ-21580,标准级,华北,北京,办公用品,标签,Smead,"Smead 圆形标签,0,12.00
A1004302,2021/9/11,TS-21205,标准级,东北,辽宁,技术,配件,Enermax,"Enermax 键盘,0,12.00
A1004313,2021/9/14,AW-10930,二级,中南,广东,办公用品,美术,BIC,"BIC 速写本,0,12.00
A1004325,2021/9/15,CK-12205,标准级,西南,四川,办公用品,装订机,Ibico,"Ibico 标签,0,12.00
A1004340,2021/9/17,BB-11545,二级,西北,甘肃,办公用品,收纳具,Tenex,"Tenex 文件车,0,12.00
A1004360,2021/9/19,AB-10015,二级,东北,吉林,办公用品,标签,Smead,"Smead 合法证物标签,0,12.00
A1004363,2021/9/19,AH-10030,二级,华北,河北,家具,书架,Dania,"Dania 搁架,0,12.00
A1004379,2021/9/25,KF-16285,标准级,中南,湖南,办公用品,装订机,Ibico,"Ibico 孔加固材料,0,12.00
A1004389,2021/9/26,JW-15220,标准级,东北,黑龙江,技术,电话,苹果,"苹果 信号增强器,0,12.00
A1004397,2021/9/28,SB-20185,二级,华东,江苏,办公用品,收纳具,Fellowes,"Fellowes 文件车,0,12.00
A1004405,2021/9/29,BS-11590,标准级,华东,安徽,办公用品,标签,Novimex,"Novimex 可去除的标签,0,12.00
A1004408,2021/9/30,FC-14245,标准级,华东,山东,办公用品,器具,Hamilton Beach,"Hamilton Beach 冰箱,0,12.00
A1004407,2021/9/30,BD-11320,标准级,华东,上海,办公用品,系固件,OIC,"OIC 夹子,0,12.00
A1004416,2021/10/1,SU-20665,二级,华东,山东,家具,椅子,Novimex,"Novimex 摇椅,0,12.00
A1004415,2021/10/1,CA-12265,标准级,华北,天津,办公用品,纸张,SanDisk,"SanDisk 信纸,0,12.00
A1004421,2021/10/2,CV-12805,二级,华北,天津,办公用品,用品,Elite,"Elite 开信刀,0,12.00
A1004421,2021/10/2,AH-10690,二级,华北,天津,技术,配件,Memorex,"Memorex 键盘,0,12.00
A1004427,2021/10/3,SP-20545,标准级,中南,广东,办公用品,器具,Cuisinart,"Cuisinart 冰箱,0,12.00
A1004431,2021/10/5,PG-18895,二级,中南,河南,办公用品,美术,Boston,"Boston 记号笔,0,12.00
A1004442,2021/10/6,RO-19780,标准级,华北,天津,技术,设备,松下,"松下 打印机,0,12.00
A1004448,2021/10/7,RD-19900,标准级,中南,广东,办公用品,系固件,Advantus,"Advantus 图钉,0,12.00
A1004456,2021/10/8,JP-15460,标准级,中南,湖南,办公用品,信封,Kraft,"Kraft 搭扣信封,0,12.00
A1004460,2021/10/9,CS-12355,二级,华北,河北,办公用品,装订机,Avery,"Avery 装订机盖,0,12.00
A1001808,2019/11/26,DB-13210,一级,华东,山东,办公用品,收纳具,Smead,"Smead 文件夹,0,11.00
A1001819,2019/11/27,BT-11680,标准级,东北,黑龙江,技术,配件,贝尔金,"贝尔金 键盘,0,11.00
A1001832,2019/12/3,EN-13780,标准级,华东,江西,办公用品,收纳具,Smead,"Smead 文件车,0,11.00
A1001844,2019/12/4,JO-15550,当日,西南,四川,办公用品,装订机,Cardinal,"Cardinal 标签,0,11.00
A1001842,2019/12/4,FO-14305,一级,华北,山西,家具,用具,Advantus,"Advantus 闹钟,0,11.00
A1001849,2019/12/6,WB-21850,二级,东北,黑龙江,技术,设备,StarTech,"StarTech 喷墨打印机,0,11.00
A1001863,2019/12/10,JG-15310,二级,中南,河南,办公用品,用品,Fiskars,"Fiskars 开信刀,0,11.00
A1001925,2019/12/28,CK-12595,标准级,华东,上海,办公用品,系固件,OIC,"OIC 图钉,0,11.00
A1001924,2019/12/28,CC-12670,标准级,西南,云南,办公用品,装订机,Wilson Jones,"Wilson Jones 打孔机,0,11.00
A1001927,2019/12/29,MS-17770,标准级,华东,浙江,办公用品,标签,Harbour Creations,"Harbour Creations 合法证物标签,0,11.00
A1001937,2019/12/31,VT-21700,标准级,中南,河南,家具,椅子,Hon,"Hon 椅垫,0,11.00
A1001940,2020/1/1,AB-10105,一级,中南,广东,办公用品,器具,Hoover,"Hoover 烤面包机,0,11.00
A1001977,2020/1/22,JM-15535,标准级,中南,湖北,办公用品,器具,Hoover,"Hoover 烤面包机,0,11.00
A1001975,2020/1/22,KF-16285,标准级,华东,安徽,办公用品,器具,Cuisinart,"Cuisinart 炉灶,0,11.00
A1002019,2020/2/13,TP-21415,标准级,华北,河北,技术,设备,StarTech,"StarTech 卡片打印机,0,11.00
A1002023,2020/2/13,TP-21415,标准级,中南,湖南,办公用品,用品,Stiletto,"Stiletto 美工刀,0,11.00
A1002034,2020/2/22,LC-16930,一级,东北,吉林,技术,复印机,佳能,"佳能 墨水,0,11.00
A1002046,2020/2/27,MC-17275,标准级,华东,江苏,技术,电话,苹果,"苹果 智能手机,0,11.00
A1002057,2020/3/4,GZ-14470,二级,华东,山东,技术,电话,思科,"思科 办公室电话机,0,11.00
A1002083,2020/3/15,BF-11170,二级,东北,吉林,技术,复印机,惠普,"惠普 传真机,0,11.00
A1002084,2020/3/15,AG-10300,标准级,东北,黑龙江,办公用品,器具,Hamilton Beach,"Hamilton Beach 咖啡研磨机,0,11.00
A1002103,2020/3/21,NC-18535,标准级,华东,浙江,办公用品,收纳具,Fellowes,"Fellowes 盘,0,11.00
A1002142,2020/4/8,BS-11365,一级,华东,上海,办公用品,标签,Avery,"Avery 圆形标签,0,11.00
A1002169,2020/4/16,VM-21835,标准级,中南,河南,技术,复印机,夏普,"夏普 墨水,0,11.00
A1002182,2020/4/19,AG-10330,标准级,华东,江苏,办公用品,系固件,Stockwell,"Stockwell 图钉,0,11.00
A1002184,2020/4/23,RO-19780,标准级,华北,山西,办公用品,收纳具,Tenex,"Tenex 文件夹,0,11.00
A1002218,2020/5/2,TB-21280,一级,华东,山东,技术,配件,Memorex,"Memorex 键区,0,11.00
A1002222,2020/5/3,TB-21355,二级,华北,山西,办公用品,标签,Smead,"Smead 运输标签,0,11.00
A1002238,2020/5/8,DS-13030,标准级,东北,辽宁,家具,桌子,Lesro,"Lesro 咖啡桌,0,11.00
A1002301,2020/5/24,TC-21475,二级,华东,江西,办公用品,美术,Boston,"Boston 荧光笔,0,11.00
A1002308,2020/5/24,MG-17890,标准级,东北,黑龙江,技术,设备,松下,"松下 电话,0,11.00
A1002317,2020/5/27,SO-20335,标准级,西南,重庆,家具,椅子,Harbour Creations,"Harbour Creations 沙滩椅,0,11.00
A1002329,2020/5/30,JF-15565,标准级,西南,四川,家具,用具,Advantus,"Advantus 灯泡,0,11.00
A1002346,2020/6/3,SV-20785,二级,华东,山东,家具,椅子,Safco,"SAFCO 椅垫,0,11.00
A1002347,2020/6/3,SV-20785,标准级,东北,吉林,办公用品,器具,KitchenAid,"KitchenAid 微波炉,0,11.00
A1002450,2020/6/24,SH-19975,标准级,华东,浙江,办公用品,美术,BIC,"BIC 速写本,0,11.00
A1002453,2020/6/25,TB-21175,标准级,华东,江西,家具,书架,Sauder,"Sauder 书库,0,11.00
A1002465,2020/6/28,JE-15610,二级,东北,辽宁,家具,椅子,Safco,"SAFCO 椅垫,0,11.00
A1002464,2020/6/28,BH-11710,标准级,华北,河北,技术,复印机,Hewlett,"Hewlett 个人复印机,0,11.00
A1002502,2020/7/13,CK-12760,标准级,华东,福建,技术,配件,Enermax,"Enermax 键区,0,11.00
A1002506,2020/7/16,CL-12700,标准级,华东,安徽,办公用品,装订机,Ibico,"Ibico 打孔机,0,11.00
A1002507,2020/7/17,RB-19645,标准级,华北,山西,办公用品,纸张,施乐,"施乐 备忘录便条,0,11.00
A1002512,2020/7/18,Dp-13240,标准级,华东,山东,家具,书架,Dania,"Dania 搁架,0,11.00
A1002533,2020/7/26,AI-10855,二级,西北,甘肃,家具,椅子,Safco,"SAFCO 凳子,0,11.00
A1002540,2020/7/27,JC-15775,标准级,中南,广东,技术,电话,摩托罗拉,"摩托罗拉 信号增强器,0,11.00
A1002547,2020/7/30,DL-12925,标准级,华北,北京,家具,用具,Tenex,"Tenex 门挡,0,11.00
A1002579,2020/8/8,FP-14320,二级,中南,广西,办公用品,装订机,Wilson Jones,"Wilson Jones 标签,0,11.00
A1002621,2020/8/16,PP-18955,标准级,华北,河北,办公用品,器具,Hamilton Beach,"Hamilton Beach 微波炉,0,11.00
A1002666,2020/8/26,NC-18415,标准级,华东,上海,技术,配件,Memorex,"Memorex 路由器,0,11.00
A1002684,2020/8/29,KB-16315,二级,华东,山东,办公用品,收纳具,Tenex,"Tenex 文件车,0,11.00
A1002758,2020/9/14,TS-21505,二级,华东,安徽,家具,椅子,Hon,"Hon 折叠椅,0,11.00
A1002785,2020/9/19,SC-20260,标准级,华东,福建,办公用品,信封,Kraft,"Kraft 商业信封,0,11.00
A1002817,2020/9/26,FM-14215,标准级,华东,福建,家具,书架,Bush,"Bush 书库,0,11.00
A1002838,2020/10/1,HM-14860,标准级,中南,湖北,办公用品,装订机,Ibico,"Ibico 装订机,0,11.00
A1002870,2020/10/7,NW-18400,标准级,东北,辽宁,办公用品,信封,GlobeWeis,"GlobeWeis 外皮和封条,0,11.00
A1002876,2020/10/8,KB-16585,标准级,东北,吉林,家具,书架,Dania,"Dania 书库,0,11.00
A1002897,2020/10/12,BH-11710,标准级,东北,黑龙江,办公用品,美术,Binney & Smith,"Binney & Smith 画布,0,11.00
A1002910,2020/10/16,JK-16090,二级,华东,上海,家具,椅子,Harbour Creations,"Harbour Creations 沙滩椅,0,11.00
A1002929,2020/10/21,LS-17245,标准级,华东,浙江,技术,复印机,佳能,"佳能 无线传真机,0,11.00
A1002926,2020/10/21,AR-10510,二级,华北,河北,家具,书架,Safco,"Safco 书库,0,11.00
A1002948,2020/10/24,FG-14260,标准级,东北,吉林,家具,椅子,Harbour Creations,"Harbour Creations 沙滩椅,0,11.00
A1002961,2020/10/28,PL-18925,标准级,中南,湖北,办公用品,标签,Novimex,"Novimex 合法证物标签,0,11.00
A1002981,2020/10/31,RB-19465,一级,华北,内蒙古,办公用品,系固件,Accos,"Accos 订书钉,0,11.00
A1002981,2020/10/31,RW-19690,一级,华北,内蒙古,家具,书架,Sauder,"Sauder 书架,0,11.00
A1002994,2020/11/4,CC-12145,二级,华北,河北,办公用品,纸张,施乐,"施乐 令,0,11.00
A1003001,2020/11/6,ES-14020,标准级,中南,广东,办公用品,信封,Cameo,"Cameo 外皮和封条,0,11.00
A1003022,2020/11/11,AA-10645,二级,华北,北京,办公用品,纸张,Eaton,"Eaton 羊皮纸,0,11.00
A1003032,2020/11/12,GA-14725,标准级,中南,湖北,办公用品,信封,Ames,"Ames 邮寄品,0,11.00
A1003141,2020/12/2,AZ-10750,标准级,东北,黑龙江,办公用品,标签,Novimex,"Novimex 有色标签,0,11.00
A1003139,2020/12/2,SF-20965,标准级,华东,山东,技术,复印机,惠普,"惠普 复印机,0,11.00
A1003477,2021/3/18,SM-20005,标准级,华东,山东,技术,电话,诺基亚,"诺基亚 智能手机,0,11.00
A1003498,2021/3/25,AS-10285,二级,西北,陕西,家具,书架,Sauder,"Sauder 书库,0,11.00
A1003499,2021/3/25,SU-20665,标准级,华北,河北,办公用品,信封,Kraft,"Kraft 外皮和封条,0,11.00
A1003528,2021/4/1,PK-19075,二级,西北,新疆,办公用品,器具,Cuisinart,"Cuisinart 炉灶,0,11.00
A1003540,2021/4/6,LH-16900,标准级,中南,河南,技术,设备,爱普生,"爱普生 计算器,0,11.00
A1003552,2021/4/9,HK-14890,一级,中南,湖南,家具,书架,Bush,"Bush 古典书架,0,11.00
A1003556,2021/4/10,ED-13885,标准级,中南,湖南,办公用品,美术,Binney & Smith,"Binney & Smith 铅笔刀,0,11.00
A1003562,2021/4/13,MH-17290,二级,东北,吉林,技术,电话,苹果,"苹果 充电器,0,11.00
A1003580,2021/4/23,EM-14140,标准级,中南,湖北,家具,书架,Safco,"Safco 柜,0,11.00
A1003598,2021/4/28,AG-10525,二级,华东,山东,办公用品,纸张,Eaton,"Eaton 备忘录便条,0,11.00
A1003611,2021/4/30,LH-17155,二级,西北,新疆,办公用品,收纳具,Rogers,"Rogers 盘,0,11.00
A1003616,2021/5/1,KH-16330,二级,华东,山东,办公用品,收纳具,Smead,"Smead 搁板,0,11.00
A1003646,2021/5/7,AG-10270,一级,中南,湖北,办公用品,器具,Cuisinart,"Cuisinart 冰箱,0,11.00
A1003648,2021/5/7,AG-10270,标准级,中南,湖南,家具,椅子,Hon,"Hon 椅垫,0,11.00
A1003650,2021/5/7,TT-21070,标准级,东北,黑龙江,办公用品,收纳具,Tenex,"Tenex 盒,0,11.00
A1003653,2021/5/8,CB-12535,标准级,华东,山东,办公用品,纸张,Eaton,"Eaton 信纸,0,11.00
A1003693,2021/5/14,CS-12400,标准级,华东,山东,办公用品,收纳具,Fellowes,"Fellowes 锁柜,0,11.00
A1003736,2021/5/20,KN-16390,标准级,华北,河北,技术,配件,Enermax,"Enermax 键盘,0,11.00
A1003789,2021/5/28,SC-20575,一级,华东,上海,家具,书架,Dania,"Dania 墙角架,0,11.00
A1003787,2021/5/28,MA-17560,二级,中南,广东,家具,书架,Dania,"Dania 搁架,0,11.00
A1003792,2021/5/28,MA-17560,标准级,西南,四川,办公用品,器具,Breville,"Breville 烤面包机,0,11.00
A1003785,2021/5/28,MA-17560,标准级,华东,山东,家具,椅子,Safco,"SAFCO 折叠椅,0,11.00
A1003794,2021/5/28,KM-16375,标准级,中南,湖北,家具,椅子,Office Star,"Office Star 凳子,0,11.00
A1003799,2021/5/29,RS-19420,标准级,华北,北京,办公用品,用品,Stiletto,"Stiletto 剪刀,0,11.00
A1003814,2021/6/2,JM-15250,标准级,东北,黑龙江,办公用品,系固件,Stockwell,"Stockwell 图钉,0,11.00
A1003822,2021/6/3,TS-21505,当日,西南,贵州,办公用品,美术,Stanley,"Stanley 铅笔刀,0,11.00
A1003878,2021/6/13,LW-16825,标准级,华北,北京,技术,复印机,Hewlett,"Hewlett 无线传真机,0,11.00
A1003890,2021/6/15,DK-12835,一级,中南,湖南,办公用品,信封,Jiffy,"Jiffy 邮寄品,0,11.00
A1003890,2021/6/15,DK-12835,一级,中南,湖南,办公用品,系固件,Stockwell,"Stockwell 按钉,0,11.00
A1003902,2021/6/17,KH-16330,标准级,东北,辽宁,家具,椅子,Office Star,"Office Star 沙滩椅,0,11.00
A1003906,2021/6/17,DK-12835,标准级,西北,陕西,家具,椅子,Hon,"Hon 凳子,0,11.00
A1003932,2021/6/21,SP-20860,标准级,华东,江苏,办公用品,收纳具,Tenex,"Tenex 文件车,0,11.00
A1003964,2021/6/26,MV-17485,二级,华东,上海,家具,书架,Bush,"Bush 书架,0,11.00
A1003983,2021/7/1,CA-12055,一级,华东,福建,技术,设备,松下,"松下 收据打印机,0,11.00
A1003998,2021/7/6,DK-13375,标准级,中南,湖南,家具,用具,Deflect-O,"Deflect-O 相框,0,11.00
A1004013,2021/7/10,LP-17080,标准级,中南,广东,办公用品,纸张,SanDisk,"SanDisk 备忘录便条,0,11.00
A1004025,2021/7/15,NK-18490,标准级,华东,山东,家具,书架,Dania,"Dania 书库,0,11.00
A1004038,2021/7/18,PG-18820,标准级,西南,重庆,办公用品,装订机,Acco,"Acco 装订机,0,11.00
A1004060,2021/7/24,KD-16495,一级,中南,河南,办公用品,装订机,Cardinal,"Cardinal 标签,0,11.00
A1004078,2021/7/31,CJ-12010,二级,华北,河北,办公用品,信封,Ames,"Ames 局间信封,0,11.00
A1004103,2021/8/4,LC-16960,一级,东北,吉林,家具,桌子,Hon,"Hon 咖啡桌,0,11.00
A1004099,2021/8/4,MC-17605,标准级,东北,黑龙江,办公用品,美术,Binney & Smith,"Binney & Smith 记号笔,0,11.00
A1004120,2021/8/6,CW-11905,二级,中南,广东,办公用品,美术,Boston,"Boston 记号笔,0,11.00
A1004127,2021/8/7,JW-15220,标准级,西北,新疆,办公用品,装订机,Avery,"Avery 打孔机,0,11.00
A1004141,2021/8/10,SC-20680,标准级,西北,陕西,技术,配件,Enermax,"Enermax 记忆卡,0,11.00
A1004150,2021/8/12,RD-19810,标准级,东北,黑龙江,办公用品,标签,Avery,"Avery 有色标签,0,11.00
A1004172,2021/8/17,LB-16795,二级,东北,黑龙江,办公用品,收纳具,Fellowes,"Fellowes 盒,0,11.00
A1004172,2021/8/17,NP-18670,二级,东北,黑龙江,技术,配件,Memorex,"Memorex 鼠标,0,11.00
A1004188,2021/8/20,AH-10075,标准级,华东,上海,家具,书架,Safco,"Safco 书架,0,11.00
A1004227,2021/8/27,SP-20920,标准级,中南,广东,办公用品,美术,Stanley,"Stanley 铅笔刀,0,11.00
A1004239,2021/8/28,KS-16300,标准级,华东,山东,办公用品,美术,BIC,"BIC 铅笔刀,0,11.00
A1004262,2021/9/3,PM-19135,一级,华北,河北,办公用品,纸张,Enermax,"Enermax 信纸,0,11.00
A1004293,2021/9/9,JG-15160,二级,西北,陕西,家具,桌子,Barricks,"Barricks 会议桌,0,11.00
A1004299,2021/9/11,RD-19810,二级,中南,广东,办公用品,标签,Novimex,"Novimex 文件夹标签,0,11.00
A1004302,2021/9/11,TS-21205,标准级,东北,辽宁,办公用品,装订机,Cardinal,"Cardinal 订书机,0,11.00
A1004321,2021/9/15,SP-20860,标准级,东北,黑龙江,办公用品,收纳具,Rogers,"Rogers 锁柜,0,11.00
A1004341,2021/9/17,DB-13555,标准级,华东,福建,办公用品,美术,Stanley,"Stanley 荧光笔,0,11.00
A1004369,2021/9/21,PW-19240,标准级,华东,山东,办公用品,标签,Harbour Creations,"Harbour Creations 有色标签,0,11.00
A1004439,2021/10/6,JL-15130,一级,华北,天津,办公用品,信封,Jiffy,"Jiffy 邮寄品,0,11.00
A1004921,2021/12/30,BP-11185,一级,华北,河北,家具,椅子,Hon,"Hon 折叠椅,0,11.00
A1000004,2018/1/3,IM-15070,标准级,东北,辽宁,办公用品,装订机,Ibico,"Ibico 装订机盖,0,10.00
A1000006,2018/1/4,ZD-21925,二级,华北,北京,办公用品,纸张,Green Bar,"Green Bar 笔记本,0,10.00
A1000341,2018/6/28,AB-10165,标准级,华东,浙江,办公用品,纸张,Green Bar,"Green Bar 羊皮纸,0,10.00
A1000351,2018/7/2,RS-19765,标准级,华东,山东,技术,设备,松下,"松下 计算器,0,10.00
A1000355,2018/7/5,CK-12325,二级,西南,重庆,办公用品,装订机,Ibico,"Ibico 订书机,0,10.00
A1000359,2018/7/6,MP-17965,标准级,华东,上海,办公用品,系固件,OIC,"OIC 订书钉,0,10.00
A1000357,2018/7/6,MR-17545,标准级,中南,广东,办公用品,纸张,Eaton,"Eaton 令,0,10.00
A1000362,2018/7/8,DS-13030,一级,中南,湖北,家具,椅子,Office Star,"Office Star 椅垫,0,10.00
A1000364,2018/7/12,PO-19195,一级,中南,湖北,办公用品,装订机,Ibico,"Ibico 装订机,0,10.00
A1000368,2018/7/14,RF-19735,标准级,华东,江苏,办公用品,信封,GlobeWeis,"GlobeWeis 邮寄品,0,10.00
A1000372,2018/7/18,BF-11020,一级,中南,广东,办公用品,系固件,Advantus,"Advantus 按钉,0,10.00
A1000379,2018/7/25,NZ-18565,标准级,华东,安徽,办公用品,纸张,Green Bar,"Green Bar 羊皮纸,0,10.00
A1000395,2018/8/2,GM-14440,标准级,华东,安徽,办公用品,美术,Sanford,"Sanford 钢笔,0,10.00
A1000397,2018/8/3,ZC-21910,标准级,中南,广东,办公用品,纸张,施乐,"施乐 羊皮纸,0,10.00
A1000400,2018/8/5,PJ-19015,标准级,东北,吉林,家具,书架,Sauder,"Sauder 古典书架,0,10.00
A1000409,2018/8/8,GT-14710,当日,中南,河南,办公用品,用品,Elite,"Elite 开信刀,0,10.00
A1000417,2018/8/9,JE-15745,一级,华东,山东,办公用品,收纳具,Rogers,"Rogers 锁柜,0,10.00
A1000412,2018/8/9,JB-15400,二级,华北,天津,办公用品,信封,Jiffy,"Jiffy 邮寄品,0,10.00
A1000412,2018/8/9,JL-15175,二级,华北,天津,家具,桌子,Bevis,"Bevis 咖啡桌,0,10.00
A1000415,2018/8/9,EB-13705,二级,中南,广东,家具,桌子,Chromcraft,"Chromcraft 圆桌,0,10.00
A1000444,2018/8/18,TH-21550,标准级,华北,山西,办公用品,纸张,施乐,"施乐 计划信息表,0,10.00
A1000444,2018/8/18,PC-18745,标准级,华北,山西,家具,书架,Sauder,"Sauder 搁架,0,10.00
A1000499,2018/9/9,MT-17815,标准级,华东,山东,办公用品,信封,Cameo,"Cameo 局间信封,0,10.00
A1000507,2018/9/13,DE-13255,当日,东北,黑龙江,办公用品,美术,Binney & Smith,"Binney & Smith 画布,0,10.00
A1000508,2018/9/13,LA-16780,一级,东北,黑龙江,办公用品,装订机,Wilson Jones,"Wilson Jones 标签,0,10.00
A1000509,2018/9/14,JH-15430,标准级,华东,山东,办公用品,信封,Ames,"Ames 局间信封,0,10.00
A1000516,2018/9/15,NF-18595,标准级,东北,黑龙江,技术,电话,摩托罗拉,"摩托罗拉 充电器,0,10.00
A1000521,2018/9/19,TS-21160,标准级,华北,北京,办公用品,标签,Novimex,"Novimex 合法证物标签,0,10.00
A1000523,2018/9/19,CM-12160,标准级,东北,黑龙江,办公用品,系固件,Stockwell,"Stockwell 订书钉,0,10.00
A1000536,2018/9/23,RP-19390,标准级,华东,福建,家具,书架,Dania,"Dania 墙角架,0,10.00
A1000538,2018/9/23,EH-13945,标准级,中南,湖北,家具,桌子,Barricks,"Barricks 电脑桌,0,10.00
A1000546,2018/9/25,DL-13495,标准级,华东,福建,办公用品,收纳具,Tenex,"Tenex 文件夹,0,10.00
A1000548,2018/9/26,BD-11605,标准级,东北,辽宁,技术,复印机,Hewlett,"Hewlett 传真机,0,10.00
A1000551,2018/9/26,GG-14650,二级,华东,山东,家具,书架,Bush,"Bush 古典书架,0,10.00
A1000566,2018/9/30,KL-16555,标准级,华东,江苏,办公用品,收纳具,Rogers,"Rogers 文件车,0,10.00
A1000567,2018/9/30,GB-14530,标准级,华东,浙江,技术,设备,StarTech,"StarTech 电话,0,10.00
A1000581,2018/10/5,RB-19570,二级,东北,黑龙江,家具,椅子,Hon,"Hon 扶手椅,0,10.00
A1000586,2018/10/6,NG-18355,二级,东北,黑龙江,办公用品,收纳具,Tenex,"Tenex 文件夹,0,10.00
A1000588,2018/10/6,ZC-21910,标准级,中南,广东,办公用品,用品,Kleencut,"Kleencut 剪刀,0,10.00
A1000594,2018/10/8,SP-20620,标准级,东北,辽宁,办公用品,信封,GlobeWeis,"GlobeWeis 外皮和封条,0,10.00
A1000600,2018/10/11,BM-11140,二级,中南,广西,家具,用具,Deflect-O,"Deflect-O 框架,0,10.00
A1000599,2018/10/11,BM-11140,二级,东北,辽宁,技术,复印机,夏普,"夏普 传真复印机,0,10.00
A1000603,2018/10/11,GM-14680,标准级,东北,吉林,办公用品,纸张,SanDisk,"SanDisk 信纸,0,10.00
A1000608,2018/10/13,DJ-13630,一级,东北,辽宁,家具,椅子,Novimex,"Novimex 摇椅,0,10.00
A1000611,2018/10/15,MH-18115,标准级,中南,河南,办公用品,器具,Hoover,"Hoover 烤面包机,0,10.00
A1000612,2018/10/16,RB-19795,二级,华东,山东,办公用品,纸张,Enermax,"Enermax 令,0,10.00
A1000613,2018/10/17,RB-19795,二级,中南,河南,办公用品,标签,Hon,"Hon 可去除的标签,0,10.00
A1000624,2018/10/19,MS-17710,二级,东北,吉林,技术,配件,贝尔金,"贝尔金 鼠标,0,10.00
A1000623,2018/10/19,MS-17710,标准级,华东,安徽,办公用品,标签,Harbour Creations,"Harbour Creations 运输标签,0,10.00
A1000644,2018/10/26,RC-19825,标准级,东北,辽宁,办公用品,器具,Hoover,"Hoover 咖啡研磨机,0,10.00
A1000642,2018/10/26,PK-19075,标准级,中南,湖南,家具,椅子,Hon,"Hon 凳子,0,10.00
A1000648,2018/10/27,LW-16825,二级,西南,云南,技术,复印机,夏普,"夏普 传真复印机,0,10.00
A1000650,2018/10/28,AD-10180,标准级,东北,黑龙江,办公用品,收纳具,Tenex,"Tenex 盘,0,10.00
A1000652,2018/10/31,JR-15670,标准级,华东,山东,家具,书架,Bush,"Bush 书库,0,10.00
A1000655,2018/10/31,JF-15190,标准级,华东,浙江,家具,书架,Dania,"Dania 书架,0,10.00
A1000669,2018/11/5,JR-15670,二级,东北,吉林,家具,用具,Eldon,"Eldon 闹钟,0,10.00
A1000685,2018/11/10,GM-14455,一级,中南,河南,办公用品,器具,Breville,"Breville 搅拌机,0,10.00
A1000685,2018/11/10,GM-14455,一级,中南,河南,办公用品,收纳具,Fellowes,"Fellowes 盘,0,10.00
A1000689,2018/11/11,BT-11305,标准级,华北,北京,家具,书架,Dania,"Dania 墙角架,0,10.00
A1000703,2018/11/16,BD-11320,标准级,华东,江苏,办公用品,信封,GlobeWeis,"GlobeWeis 局间信封,0,10.00
A1000710,2018/11/17,KL-16645,一级,东北,辽宁,办公用品,美术,Stanley,"Stanley 钢笔,0,10.00
A1000713,2018/11/18,MC-17425,标准级,东北,辽宁,办公用品,标签,Harbour Creations,"Harbour Creations 合法证物标签,0,10.00
A1000711,2018/11/18,ME-17320,标准级,东北,吉林,办公用品,信封,Ames,"Ames 商业信封,0,10.00
A1000727,2018/11/23,DW-13540,当日,华东,山东,技术,配件,SanDisk,"SanDisk 键盘,0,10.00
A1000772,2018/12/8,NP-18325,标准级,华北,天津,家具,椅子,Office Star,"Office Star 折叠椅,0,10.00
A1000781,2018/12/9,JF-15490,二级,中南,广西,技术,电话,摩托罗拉,"摩托罗拉 办公室电话机,0,10.00
A1000779,2018/12/9,MY-17380,标准级,华东,浙江,家具,书架,Bush,"Bush 搁架,0,10.00
A1000782,2018/12/10,AB-10150,当日,华北,河北,办公用品,标签,Smead,"Smead 合法证物标签,0,10.00
A1000788,2018/12/12,CA-12775,一级,中南,广东,技术,复印机,夏普,"夏普 传真复印机,0,10.00
A1000785,2018/12/12,JO-15280,标准级,西北,宁夏,办公用品,系固件,Stockwell,"Stockwell 图钉,0,10.00
A1000795,2018/12/14,JK-16120,一级,华北,河北,办公用品,信封,Jiffy,"Jiffy 邮寄品,0,10.00
A1000800,2018/12/15,CL-12565,标准级,中南,河南,办公用品,信封,Cameo,"Cameo 商业信封,0,10.00
A1000801,2018/12/16,TB-21280,当日,东北,辽宁,办公用品,收纳具,Rogers,"Rogers 盘,0,10.00
A1000801,2018/12/16,TB-21280,当日,东北,辽宁,办公用品,标签,Smead,"Smead 运输标签,0,10.00
A1000823,2018/12/23,SB-20290,标准级,华北,北京,办公用品,装订机,Avery,"Avery 装订机盖,0,10.00
A1000831,2018/12/26,JK-15205,标准级,华北,内蒙古,办公用品,信封,GlobeWeis,"GlobeWeis 局间信封,0,10.00
A1000836,2018/12/27,BN-11515,当日,中南,湖北,办公用品,纸张,Enermax,"Enermax 笔记本,0,10.00
A1000845,2018/12/30,BM-11785,标准级,华东,浙江,技术,复印机,惠普,"惠普 传真机,0,10.00
A1000868,2019/1/12,MR-17545,一级,东北,辽宁,办公用品,美术,Sanford,"Sanford 铅笔刀,0,10.00
A1000868,2019/1/12,RM-19375,一级,东北,辽宁,家具,用具,Eldon,"Eldon 闹钟,0,10.00
A1000882,2019/1/20,JL-15235,标准级,东北,吉林,家具,用具,Advantus,"Advantus 分层置放架,0,10.00
A1000887,2019/1/23,SA-20830,标准级,西南,重庆,办公用品,系固件,OIC,"OIC 夹子,0,10.00
A1000905,2019/1/31,JC-15775,标准级,华东,江苏,家具,用具,Advantus,"Advantus 闹钟,0,10.00
A1000935,2019/2/22,RH-19495,当日,东北,吉林,家具,用具,Tenex,"Tenex 相框,0,10.00
A1000936,2019/2/22,JE-15715,标准级,华北,河北,办公用品,信封,Cameo,"Cameo 局间信封,0,10.00
A1000941,2019/2/24,EA-14035,一级,中南,广西,办公用品,装订机,Avery,"Avery 打孔机,0,10.00
A1000945,2019/2/27,AC-10615,标准级,西北,陕西,办公用品,收纳具,Tenex,"Tenex 搁板,0,10.00
A1000967,2019/3/7,ML-17755,标准级,华东,江苏,办公用品,美术,Boston,"Boston 钢笔,0,10.00
A1000971,2019/3/9,ND-18460,一级,中南,广东,家具,用具,Advantus,"Advantus 门挡,0,10.00
A1000989,2019/3/16,GP-14740,标准级,华东,浙江,办公用品,器具,Hoover,"Hoover 微波炉,0,10.00
A1000992,2019/3/19,CT-11995,当日,中南,湖南,办公用品,信封,Cameo,"Cameo 局间信封,0,10.00
A1000992,2019/3/19,CT-11995,当日,中南,湖南,办公用品,纸张,Eaton,"Eaton 令,0,10.00
A1000995,2019/3/20,EB-13705,二级,华东,福建,技术,设备,StarTech,"StarTech 卡片打印机,0,10.00
A1001003,2019/3/23,GG-14650,标准级,中南,河南,家具,书架,Dania,"Dania 书库,0,10.00
A1001011,2019/3/27,CK-12595,标准级,华东,山东,办公用品,美术,Sanford,"Sanford 画布,0,10.00
A1001038,2019/4/12,JK-16120,二级,西南,贵州,办公用品,纸张,Green Bar,"Green Bar 笔记本,0,10.00
A1001040,2019/4/12,RF-19345,二级,华北,河北,办公用品,纸张,施乐,"施乐 羊皮纸,0,10.00
A1001040,2019/4/12,RF-19345,二级,华北,河北,办公用品,装订机,Avery,"Avery 标签,0,10.00
A1001049,2019/4/19,BF-11170,二级,东北,吉林,办公用品,纸张,Eaton,"Eaton 信纸,0,10.00
A1001052,2019/4/20,DW-13480,一级,东北,吉林,办公用品,用品,Fiskars,"Fiskars 大剪刀,0,10.00
A1001058,2019/4/24,CC-12610,标准级,华东,山东,办公用品,装订机,Acco,"Acco 订书机,0,10.00
A1001114,2019/5/15,AA-10375,标准级,华东,安徽,办公用品,收纳具,Eldon,"Eldon 盘,0,10.00
A1001114,2019/5/15,TP-21415,标准级,华东,安徽,技术,设备,爱普生,"爱普生 卡片打印机,0,10.00
A1001120,2019/5/17,JK-15625,二级,中南,湖北,办公用品,标签,Novimex,"Novimex 有色标签,0,10.00
A1001135,2019/5/22,BC-11125,二级,华东,江苏,办公用品,收纳具,Smead,"Smead 盒,0,10.00
A1001136,2019/5/22,HW-14935,标准级,华东,山东,技术,配件,SanDisk,"SanDisk 键盘,0,10.00
A1001146,2019/5/24,AM-10360,标准级,华东,山东,办公用品,纸张,Green Bar,"Green Bar 笔记本,0,10.00
A1001161,2019/5/26,BF-11020,一级,东北,吉林,办公用品,装订机,Cardinal,"Cardinal 装订机盖,0,10.00
A1001165,2019/5/28,CV-12295,二级,中南,河南,家具,桌子,Lesro,"Lesro 圆桌,0,10.00
A1001166,2019/5/28,DK-13375,标准级,中南,河南,办公用品,标签,Smead,"Smead 合法证物标签,0,10.00
A1001166,2019/5/28,SG-20605,标准级,中南,河南,办公用品,用品,Kleencut,"Kleencut 开信刀,0,10.00
A1001171,2019/5/29,PJ-18835,标准级,中南,广东,技术,复印机,佳能,"佳能 传真复印机,0,10.00
A1001180,2019/5/31,ML-18040,标准级,中南,湖南,技术,配件,贝尔金,"贝尔金 路由器,0,10.00
A1001194,2019/6/4,AF-10870,标准级,西南,四川,技术,复印机,Hewlett,"Hewlett 传真复印机,0,10.00
A1001197,2019/6/5,CM-12385,标准级,华东,山东,技术,电话,诺基亚,"诺基亚 充电器,0,10.00
A1001212,2019/6/11,CM-11935,标准级,华东,安徽,办公用品,用品,Elite,"Elite 修剪器,0,10.00
A1001231,2019/6/15,KL-16645,标准级,华东,山东,办公用品,美术,BIC,"BIC 画布,0,10.00
A1001236,2019/6/15,KL-16645,标准级,中南,河南,办公用品,装订机,Avery,"Avery 订书机,0,10.00
A1001231,2019/6/15,KW-16570,标准级,华东,山东,技术,配件,Memorex,"Memorex 记忆卡,0,10.00
A1001229,2019/6/15,CD-12790,标准级,中南,湖北,技术,电话,三星,"三星 音频基座,0,10.00
A1001245,2019/6/18,DL-13495,标准级,华东,安徽,办公用品,用品,Stiletto,"Stiletto 美工刀,0,10.00
A1001246,2019/6/18,JE-15745,标准级,中南,河南,技术,电话,三星,"三星 智能手机,0,10.00
A1001252,2019/6/20,HR-14830,标准级,西南,云南,家具,用具,Rubbermaid,"Rubvermaid 框架,0,10.00
A1001251,2019/6/20,DR-12880,标准级,东北,辽宁,办公用品,美术,BIC,"BIC 记号笔,0,10.00
A1001258,2019/6/20,DR-12880,标准级,中南,广西,办公用品,美术,Sanford,"Sanford 荧光笔,0,10.00
A1001262,2019/6/22,SD-20485,标准级,东北,黑龙江,家具,椅子,Harbour Creations,"Harbour Creations 扶手椅,0,10.00
A1001264,2019/6/23,BF-11005,标准级,华东,山东,办公用品,美术,Boston,"Boston 钢笔,0,10.00
A1001267,2019/6/25,BM-11650,一级,华北,河北,技术,设备,爱普生,"爱普生 电话,0,10.00
A1001270,2019/6/26,SK-19990,二级,华东,山东,办公用品,纸张,Enermax,"Enermax 令,0,10.00
A1001270,2019/6/26,EN-13780,二级,华东,山东,家具,用具,Deflect-O,"Deflect-O 门挡,0,10.00
A1001268,2019/6/26,MC-17590,一级,华北,河北,家具,用具,Rubbermaid,"Rubvermaid 相框,0,10.00
A1001273,2019/6/26,MC-17590,二级,华东,福建,办公用品,用品,Elite,"Elite 大剪刀,0,10.00
A1001276,2019/6/27,MS-17365,标准级,华东,山东,办公用品,收纳具,Fellowes,"Fellowes 盘,0,10.00
A1001293,2019/6/30,TB-21400,一级,东北,辽宁,办公用品,信封,Ames,"Ames 商业信封,0,10.00
A1001317,2019/7/12,SM-20320,标准级,华东,山东,办公用品,器具,Hoover,"Hoover 微波炉,0,10.00
A1001320,2019/7/13,AB-10255,标准级,中南,广西,办公用品,系固件,Stockwell,"Stockwell 夹子,0,10.00
A1001322,2019/7/14,BT-11305,二级,华东,山东,技术,配件,贝尔金,"贝尔金 键盘,0,10.00
A1001321,2019/7/14,CP-12085,标准级,中南,河南,办公用品,信封,Ames,"Ames 商业信封,0,10.00
A1001345,2019/7/28,RW-19690,当日,华东,山东,家具,用具,Advantus,"Advantus 分层置放架,0,10.00
A1001352,2019/8/2,SS-20140,二级,中南,湖北,办公用品,器具,Breville,"Breville 烤面包机,0,10.00
A1001357,2019/8/3,AS-10285,一级,西北,甘肃,办公用品,装订机,Ibico,"Ibico 装订机,0,10.00
A1001358,2019/8/3,MD-17860,标准级,中南,广东,办公用品,收纳具,Tenex,"Tenex 盒,0,10.00
A1001364,2019/8/6,IG-15085,二级,华东,浙江,技术,复印机,Brother,"Brother 无线传真机,0,10.00
A1001367,2019/8/6,JS-15595,标准级,中南,海南,家具,用具,Eldon,"Eldon 框架,0,10.00
A1001370,2019/8/7,CS-12505,标准级,华东,安徽,办公用品,收纳具,Fellowes,"Fellowes 文件夹,0,10.00
A1001369,2019/8/7,MH-18025,标准级,华北,天津,技术,复印机,惠普,"惠普 传真机,0,10.00
A1001377,2019/8/8,DR-12940,一级,华东,上海,办公用品,纸张,Green Bar,"Green Bar 令,0,10.00
A1001379,2019/8/9,MT-18070,二级,东北,吉林,技术,电话,诺基亚,"诺基亚 办公室电话机,0,10.00
A1001384,2019/8/10,XP-21865,标准级,西南,云南,技术,复印机,Brother,"Brother 传真机,0,10.00
A1001384,2019/8/10,SN-20560,标准级,西南,云南,技术,电话,三星,"三星 办公室电话机,0,10.00
A1001391,2019/8/11,SV-20935,二级,华东,福建,技术,复印机,夏普,"夏普 复印机,0,10.00
A1001395,2019/8/12,SC-20380,标准级,华东,上海,技术,复印机,佳能,"佳能 复印机,0,10.00
A1001399,2019/8/13,SC-20380,一级,中南,河南,办公用品,纸张,Eaton,"Eaton 备忘录便条,0,10.00
A1001405,2019/8/13,AF-10885,标准级,东北,吉林,办公用品,系固件,Accos,"Accos 橡皮筋,0,10.00
A1001400,2019/8/13,BF-11275,标准级,中南,湖南,家具,椅子,Harbour Creations,"Harbour Creations 摇椅,0,10.00
A1001413,2019/8/14,TD-20995,一级,西北,甘肃,办公用品,美术,Boston,"Boston 钢笔,0,10.00
A1001411,2019/8/14,TD-20995,一级,华东,山东,办公用品,器具,Hoover,"Hoover 咖啡研磨机,0,10.00
A1001414,2019/8/14,EP-13915,标准级,东北,黑龙江,家具,用具,Rubbermaid,"Rubvermaid 灯泡,0,10.00
A1001418,2019/8/15,JC-16105,二级,华东,山东,办公用品,收纳具,Tenex,"Tenex 文件车,0,10.00
A1001429,2019/8/18,SE-20110,标准级,华东,江苏,办公用品,纸张,Green Bar,"Green Bar 令,0,10.00
A1001432,2019/8/20,TT-21220,标准级,东北,黑龙江,家具,用具,Tenex,"Tenex 框架,0,10.00
A1001450,2019/8/24,PO-19180,标准级,中南,广东,技术,配件,SanDisk,"SanDisk 路由器,0,10.00
A1001448,2019/8/24,AY-10555,标准级,东北,黑龙江,家具,用具,Rubbermaid,"Rubvermaid 闹钟,0,10.00
A1001459,2019/8/28,GB-14575,标准级,东北,黑龙江,办公用品,装订机,Cardinal,"Cardinal 装订机,0,10.00
A1001520,2019/9/12,DW-13480,标准级,西南,四川,办公用品,信封,Kraft,"Kraft 搭扣信封,0,10.00
A1001540,2019/9/19,AA-10480,标准级,东北,辽宁,技术,复印机,Hewlett,"Hewlett 墨水,0,10.00
A1001554,2019/9/22,CC-12100,标准级,华东,山东,办公用品,用品,Fiskars,"Fiskars 尺子,0,10.00
A1001566,2019/9/26,HF-14995,二级,华东,上海,办公用品,器具,Hamilton Beach,"Hamilton Beach 炉灶,0,10.00
A1001574,2019/9/27,BM-11650,标准级,中南,广东,家具,用具,Eldon,"Eldon 分层置放架,0,10.00
A1001571,2019/9/27,TC-20980,标准级,中南,广东,办公用品,装订机,Ibico,"Ibico 标签,0,10.00
A1001584,2019/9/28,JE-16165,二级,中南,广东,办公用品,标签,Smead,"Smead 有色标签,0,10.00
A1001597,2019/10/2,ES-14080,标准级,中南,河南,办公用品,标签,Hon,"Hon 文件夹标签,0,10.00
A1001606,2019/10/5,EG-13900,一级,中南,广东,办公用品,用品,Kleencut,"Kleencut 大剪刀,0,10.00
A1001609,2019/10/6,DK-12835,二级,东北,吉林,办公用品,装订机,Avery,"Avery 打孔机,0,10.00
A1001616,2019/10/8,GM-14695,当日,中南,广东,技术,配件,罗技,"罗技 记忆卡,0,10.00
A1001624,2019/10/9,SP-20620,标准级,华北,天津,技术,配件,罗技,"罗技 鼠标,0,10.00
A1001646,2019/10/15,PR-18880,二级,东北,黑龙江,办公用品,器具,Breville,"Breville 微波炉,0,10.00
A1001652,2019/10/16,TB-21055,标准级,中南,河南,办公用品,装订机,Wilson Jones,"Wilson Jones 订书机,0,10.00
A1001654,2019/10/17,TB-21055,一级,中南,湖南,技术,电话,思科,"思科 办公室电话机,0,10.00
A1001658,2019/10/18,AF-10870,标准级,东北,辽宁,办公用品,系固件,Stockwell,"Stockwell 回形针,0,10.00
A1001674,2019/10/23,KF-16285,标准级,华东,福建,家具,用具,Tenex,"Tenex 框架,0,10.00
A1001682,2019/10/24,DH-13075,一级,西北,甘肃,办公用品,收纳具,Rogers,"Rogers 文件车,0,10.00
A1001684,2019/10/25,GM-14695,标准级,华东,山东,办公用品,用品,Acme,"Acme 大剪刀,0,10.00
A1001709,2019/10/31,KA-16525,标准级,东北,黑龙江,技术,配件,Enermax,"Enermax 键区,0,10.00
A1001719,2019/11/1,SF-20965,标准级,华东,安徽,办公用品,标签,Harbour Creations,"Harbour Creations 有色标签,0,10.00
A1001757,2019/11/12,SV-20365,标准级,华东,上海,技术,配件,Memorex,"Memorex 路由器,0,10.00
A1001786,2019/11/20,KM-16225,二级,中南,河南,办公用品,收纳具,Eldon,"Eldon 盘,0,10.00
A1001788,2019/11/21,TH-21550,标准级,华东,上海,办公用品,收纳具,Eldon,"Eldon 文件车,0,10.00
A1001797,2019/11/22,RA-19285,标准级,华东,浙江,办公用品,器具,Breville,"Breville 搅拌机,0,10.00
A1001809,2019/11/26,TB-21250,标准级,华东,浙江,办公用品,收纳具,Tenex,"Tenex 盒,0,10.00
A1001849,2019/12/6,LH-17155,二级,东北,黑龙江,家具,书架,Safco,"Safco 柜,0,10.00
A1001880,2019/12/14,NC-18415,标准级,华东,安徽,办公用品,收纳具,Tenex,"Tenex 盒,0,10.00
A1001901,2019/12/21,TS-21370,标准级,中南,广东,办公用品,信封,Jiffy,"Jiffy 局间信封,0,10.00
A1001991,2020/1/30,CC-12475,标准级,中南,河南,办公用品,装订机,Avery,"Avery 孔加固材料,0,10.00
A1002081,2020/3/13,JK-15370,当日,华北,天津,办公用品,用品,Fiskars,"Fiskars 大剪刀,0,10.00
A1002167,2020/4/15,RD-19720,二级,西南,重庆,家具,书架,宜家,"宜家 书架,0,10.00
A1002196,2020/4/28,PS-18970,标准级,华北,河北,办公用品,用品,Kleencut,"Kleencut 修剪器,0,10.00
A1002239,2020/5/8,AA-10645,二级,西北,青海,技术,电话,三星,"三星 信号增强器,0,10.00
A1002255,2020/5/14,CA-12055,一级,华北,河北,办公用品,收纳具,Tenex,"Tenex 文件车,0,10.00
A1002291,2020/5/22,HM-14860,标准级,华东,山东,办公用品,收纳具,Rogers,"Rogers 文件夹,0,10.00
A1002299,2020/5/23,JB-16000,标准级,东北,吉林,办公用品,系固件,OIC,"OIC 订书钉,0,10.00
A1002340,2020/5/31,EB-13840,二级,华东,山东,办公用品,器具,Hoover,"Hoover 冰箱,0,10.00
A1002339,2020/5/31,KB-16585,标准级,华东,上海,办公用品,器具,Breville,"Breville 咖啡研磨机,0,10.00
A1002373,2020/6/7,AG-10900,标准级,东北,辽宁,技术,配件,Enermax,"Enermax 闪存驱动器,0,10.00
A1002381,2020/6/10,LB-16795,标准级,华东,山东,办公用品,标签,Smead,"Smead 有色标签,0,10.00
A1002386,2020/6/13,PS-19045,二级,华北,北京,办公用品,器具,KitchenAid,"KitchenAid 炉灶,0,10.00
A1002410,2020/6/17,SC-20725,标准级,东北,黑龙江,办公用品,收纳具,Fellowes,"Fellowes 文件车,0,10.00
A1002449,2020/6/24,MC-17275,当日,中南,广西,办公用品,标签,Novimex,"Novimex 合法证物标签,0,10.00
A1002453,2020/6/25,TB-21175,标准级,华东,江西,办公用品,美术,BIC,"BIC 铅笔刀,0,10.00
A1002461,2020/6/27,EH-13765,标准级,华东,浙江,办公用品,标签,Hon,"Hon 运输标签,0,10.00
A1002484,2020/7/3,KS-16300,一级,西南,重庆,办公用品,装订机,Acco,"Acco 打孔机,0,10.00
A1002485,2020/7/3,BD-11605,标准级,华东,安徽,技术,电话,三星,"三星 耳机,0,10.00
A1002520,2020/7/22,TH-21100,二级,东北,黑龙江,技术,复印机,夏普,"夏普 无线传真机,0,10.00
A1002549,2020/7/31,DL-12925,标准级,中南,广西,家具,书架,宜家,"宜家 书库,0,10.00
A1002548,2020/7/31,DL-12925,标准级,中南,湖北,办公用品,系固件,OIC,"OIC 回形针,0,10.00
A1002583,2020/8/8,RD-19480,标准级,中南,广西,家具,用具,Tenex,"Tenex 门挡,0,10.00
A1002594,2020/8/12,SC-20020,一级,华东,山东,家具,书架,Safco,"Safco 书库,0,10.00
A1002626,2020/8/19,SA-20830,二级,华北,河北,家具,用具,Eldon,"Eldon 框架,0,10.00
A1002649,2020/8/22,DP-13000,标准级,华东,福建,办公用品,纸张,Green Bar,"Green Bar 羊皮纸,0,10.00
A1002702,2020/9/3,EH-13990,二级,华东,山东,办公用品,器具,Hamilton Beach,"Hamilton Beach 烤面包机,0,10.00
A1002710,2020/9/4,DM-13525,一级,东北,吉林,办公用品,器具,Hamilton Beach,"Hamilton Beach 炉灶,0,10.00
A1002713,2020/9/4,NC-18535,二级,华东,浙江,家具,椅子,Office Star,"Office Star 扶手椅,0,10.00
A1002748,2020/9/12,TA-21385,二级,西南,云南,技术,设备,StarTech,"StarTech 卡片打印机,0,10.00
A1002749,2020/9/12,PJ-18835,标准级,东北,辽宁,办公用品,纸张,Enermax,"Enermax 备忘录便条,0,10.00
A1002753,2020/9/13,TS-21340,标准级,华北,天津,办公用品,用品,Stiletto,"Stiletto 修剪器,0,10.00
A1002769,2020/9/17,MM-18055,标准级,华东,安徽,办公用品,收纳具,Smead,"Smead 盘,0,10.00
A1002778,2020/9/18,JH-15430,标准级,中南,河南,办公用品,收纳具,Rogers,"Rogers 锁柜,0,10.00
A1002804,2020/9/23,EA-14035,标准级,华东,山东,办公用品,装订机,Acco,"Acco 标签,0,10.00
A1002818,2020/9/26,DO-13435,当日,华东,江苏,办公用品,纸张,施乐,"施乐 信纸,0,10.00
A1002836,2020/10/1,AG-10495,标准级,华东,上海,办公用品,用品,Stiletto,"Stiletto 大剪刀,0,10.00
A1002847,2020/10/3,SH-19975,标准级,中南,广东,办公用品,收纳具,Fellowes,"Fellowes 文件车,0,10.00
A1002848,2020/10/3,ZC-21910,标准级,中南,广东,技术,电话,苹果,"苹果 耳机,0,10.00
A1002858,2020/10/4,CK-12205,二级,华北,天津,家具,用具,Advantus,"Advantus 相框,0,10.00
A1002860,2020/10/4,KM-16225,二级,西南,云南,技术,设备,StarTech,"StarTech 打印机,0,10.00
A1002897,2020/10/12,BW-11065,标准级,东北,黑龙江,办公用品,纸张,SanDisk,"SanDisk 备忘录便条,0,10.00
A1002899,2020/10/12,PM-19135,二级,西南,云南,办公用品,器具,Breville,"Breville 烤面包机,0,10.00
A1002921,2020/10/18,KB-16240,二级,中南,广东,技术,设备,StarTech,"StarTech 喷墨打印机,0,10.00
A1002935,2020/10/22,BS-11665,标准级,华北,河北,技术,复印机,Hewlett,"Hewlett 传真复印机,0,10.00
A1002954,2020/10/26,RD-19720,一级,华东,江苏,技术,配件,SanDisk,"SanDisk 闪存驱动器,0,10.00
A1002981,2020/10/31,RL-19615,一级,华北,内蒙古,办公用品,信封,Jiffy,"Jiffy 商业信封,0,10.00
A1003150,2020/12/4,NB-18655,标准级,东北,辽宁,办公用品,收纳具,Eldon,"Eldon 搁板,0,10.00
A1003174,2020/12/9,SA-20830,一级,华东,山东,办公用品,信封,GlobeWeis,"GlobeWeis 搭扣信封,0,10.00
A1003171,2020/12/9,CC-12430,一级,华东,上海,家具,椅子,Novimex,"Novimex 摇椅,0,10.00
A1003193,2020/12/16,HW-14935,标准级,华东,上海,办公用品,标签,Hon,"Hon 可去除的标签,0,10.00
A1003193,2020/12/16,CC-12370,标准级,华东,上海,技术,电话,三星,"三星 音频基座,0,10.00
A1003244,2020/12/30,AR-10540,标准级,中南,广东,家具,椅子,Harbour Creations,"Harbour Creations 摇椅,0,10.00
A1003256,2020/12/31,CC-12100,二级,中南,河南,办公用品,器具,Cuisinart,"Cuisinart 微波炉,0,10.00
A1003289,2021/1/13,SV-20785,标准级,华东,安徽,办公用品,收纳具,Fellowes,"Fellowes 文件夹,0,10.00
A1003290,2021/1/14,KB-16585,标准级,华东,上海,办公用品,信封,Kraft,"Kraft 外皮和封条,0,10.00
A1003417,2021/2/27,TB-21520,二级,中南,湖南,办公用品,标签,Harbour Creations,"Harbour Creations 圆形标签,0,10.00
A1003417,2021/2/27,CG-12520,二级,中南,湖南,办公用品,装订机,Acco,"Acco 订书机,0,10.00
A1003428,2021/3/3,SW-20455,一级,中南,河南,办公用品,纸张,施乐,"施乐 笔记本,0,10.00
A1003431,2021/3/4,EM-13960,二级,西南,云南,办公用品,装订机,Wilson Jones,"Wilson Jones 标签,0,10.00
A1003473,2021/3/16,JF-15490,标准级,华北,北京,家具,椅子,Hon,"Hon 折叠椅,0,10.00
A1003477,2021/3/18,FM-14215,标准级,华东,山东,办公用品,系固件,Accos,"Accos 橡皮筋,0,10.00
A1003492,2021/3/24,WB-21850,标准级,华东,江西,办公用品,纸张,SanDisk,"SanDisk 备忘录便条,0,10.00
A1003527,2021/4/1,TT-21460,二级,中南,湖南,家具,桌子,Chromcraft,"Chromcraft 圆桌,0,10.00
A1003570,2021/4/15,BP-11290,二级,中南,广东,家具,书架,Sauder,"Sauder 搁架,0,10.00
A1003580,2021/4/23,EM-14140,标准级,中南,湖北,技术,设备,柯尼卡,"柯尼卡 计算器,0,10.00
A1003611,2021/4/30,BD-11320,二级,西北,新疆,家具,用具,Advantus,"Advantus 分层置放架,0,10.00
A1003611,2021/4/30,SC-20575,二级,西北,新疆,家具,用具,Rubbermaid,"Rubvermaid 分层置放架,0,10.00
A1003621,2021/5/2,SP-20650,标准级,中南,广东,家具,椅子,Safco,"SAFCO 折叠椅,0,10.00
A1003649,2021/5/7,DB-12970,标准级,西北,陕西,家具,椅子,Novimex,"Novimex 沙滩椅,0,10.00
A1003657,2021/5/8,ME-17725,二级,华东,江苏,家具,书架,Safco,"Safco 书库,0,10.00
A1003653,2021/5/8,CB-12535,标准级,华东,山东,家具,书架,Dania,"Dania 墙角架,0,10.00
A1003670,2021/5/11,BS-11755,当日,东北,辽宁,家具,椅子,Novimex,"Novimex 沙滩椅,0,10.00
A1003671,2021/5/11,RD-19720,二级,东北,黑龙江,办公用品,收纳具,Tenex,"Tenex 文件车,0,10.00
A1003669,2021/5/11,JG-15805,标准级,中南,广东,办公用品,用品,Fiskars,"Fiskars 修剪器,0,10.00
A1003704,2021/5/15,TB-21400,标准级,华北,天津,家具,书架,宜家,"宜家 柜,0,10.00
A1003704,2021/5/15,SH-20395,标准级,华北,天津,技术,电话,苹果,"苹果 耳机,0,10.00
A1003702,2021/5/15,JL-15835,标准级,东北,黑龙江,技术,电话,三星,"三星 充电器,0,10.00
A1003722,2021/5/18,LC-16885,二级,华东,福建,办公用品,装订机,Ibico,"Ibico 装订机,0,10.00
A1003742,2021/5/20,RL-19615,标准级,华北,北京,家具,书架,宜家,"宜家 搁架,0,10.00
A1003754,2021/5/22,JA-15970,当日,西南,重庆,家具,书架,宜家,"宜家 墙角架,0,10.00
A1003769,2021/5/25,JM-15655,一级,西南,四川,办公用品,器具,KitchenAid,"KitchenAid 烤面包机,0,10.00
A1003776,2021/5/26,MP-17470,当日,华北,河北,家具,书架,Safco,"Safco 书架,0,10.00
A1003774,2021/5/26,KH-16360,二级,中南,广东,家具,椅子,Office Star,"Office Star 凳子,0,10.00
A1003810,2021/6/1,AA-10480,一级,中南,广西,家具,书架,Sauder,"Sauder 古典书架,0,10.00
A1003830,2021/6/4,KH-16510,标准级,华东,江西,办公用品,纸张,Eaton,"Eaton 计划信息表,0,10.00
A1003852,2021/6/8,FO-14305,二级,东北,吉林,办公用品,系固件,Stockwell,"Stockwell 订书钉,0,10.00
A1003855,2021/6/9,HR-14830,标准级,中南,广西,办公用品,美术,Stanley,"Stanley 画布,0,10.00
A1003862,2021/6/10,VS-21820,一级,华东,上海,技术,复印机,佳能,"佳能 无线传真机,0,10.00
A1003878,2021/6/13,AS-10090,标准级,华北,北京,办公用品,信封,Kraft,"Kraft 邮寄品,0,10.00
A1003907,2021/6/17,SR-20740,标准级,华东,山东,办公用品,信封,Jiffy,"Jiffy 外皮和封条,0,10.00
A1003925,2021/6/19,GG-14650,标准级,华东,安徽,办公用品,系固件,OIC,"OIC 夹子,0,10.00
A1003933,2021/6/21,SP-20860,一级,西南,四川,技术,电话,摩托罗拉,"摩托罗拉 音频基座,0,10.00
A1003953,2021/6/25,NF-18595,标准级,华东,山东,办公用品,系固件,Advantus,"Advantus 订书钉,0,10.00
A1003997,2021/7/3,NS-18640,标准级,西南,云南,办公用品,收纳具,Rogers,"Rogers 文件车,0,10.00
A1004000,2021/7/7,RH-19510,一级,东北,吉林,办公用品,用品,Elite,"Elite 剪刀,0,10.00
A1004023,2021/7/14,GH-14485,一级,中南,广西,家具,用具,Eldon,"Eldon 分层置放架,0,10.00
A1004052,2021/7/21,HE-14800,当日,华东,山东,办公用品,美术,Stanley,"Stanley 铅笔刀,0,10.00
A1004062,2021/7/25,KD-16495,标准级,华东,安徽,办公用品,器具,Hamilton Beach,"Hamilton Beach 咖啡研磨机,0,10.00
A1004073,2021/7/30,PF-19165,标准级,华北,内蒙古,办公用品,美术,Sanford,"Sanford 铅笔刀,0,10.00
A1004072,2021/7/30,PF-19165,标准级,华北,河北,技术,电话,摩托罗拉,"摩托罗拉 音频基座,0,10.00
A1004111,2021/8/5,FC-14245,标准级,华东,江西,办公用品,装订机,Avery,"Avery 标签,0,10.00
A1004141,2021/8/10,MG-17890,标准级,西北,陕西,办公用品,美术,BIC,"BIC 钢笔,0,10.00
A1004156,2021/8/13,TH-21100,标准级,中南,广东,技术,设备,松下,"松下 喷墨打印机,0,10.00
A1004218,2021/8/25,DH-13075,二级,华东,上海,办公用品,标签,Harbour Creations,"Harbour Creations 有色标签,0,10.00
A1004220,2021/8/25,CA-12775,标准级,华东,江苏,办公用品,信封,Jiffy,"Jiffy 搭扣信封,0,10.00
A1004282,2021/9/8,AG-10525,一级,中南,湖南,办公用品,装订机,Acco,"Acco 孔加固材料,0,10.00
A1004300,2021/9/11,SR-20740,标准级,西南,云南,办公用品,装订机,Wilson Jones,"Wilson Jones 标签,0,10.00
A1004314,2021/9/14,AW-10930,标准级,西北,陕西,技术,复印机,惠普,"惠普 传真复印机,0,10.00
A1004336,2021/9/16,LC-16885,二级,华东,山东,家具,用具,Eldon,"Eldon 灯泡,0,10.00
A1004334,2021/9/16,RB-19465,二级,华北,山西,家具,椅子,Harbour Creations,"Harbour Creations 摇椅,0,10.00
A1004360,2021/9/19,AB-10015,二级,东北,吉林,办公用品,收纳具,Smead,"Smead 文件夹,0,10.00
A1004365,2021/9/21,PW-19240,二级,华东,山东,办公用品,纸张,Enermax,"Enermax 羊皮纸,0,10.00
A1004376,2021/9/23,SC-20020,一级,华东,安徽,家具,用具,Rubbermaid,"Rubvermaid 闹钟,0,10.00
A1004395,2021/9/28,TT-21460,一级,华东,江西,技术,复印机,佳能,"佳能 墨水,0,10.00
A1004400,2021/9/28,SH-19975,二级,中南,河南,技术,电话,三星,"三星 耳机,0,10.00
A1004454,2021/10/8,LC-16870,标准级,中南,河南,家具,用具,Advantus,"Advantus 相框,0,10.00
A1004458,2021/10/9,NB-18655,标准级,华北,河北,办公用品,标签,Smead,"Smead 合法证物标签,0,10.00
A1004466,2021/10/10,EA-14035,标准级,东北,吉林,家具,用具,Tenex,"Tenex 相框,0,10.00
A1004466,2021/10/10,NS-18640,标准级,东北,吉林,技术,电话,诺基亚,"诺基亚 充电器,0,10.00
A1004479,2021/10/12,PO-18865,标准级,华东,福建,技术,配件,Memorex,"Memorex 闪存驱动器,0,10.00
A1004470,2021/10/12,EM-13960,标准级,中南,河南,办公用品,装订机,Wilson Jones,"Wilson Jones 打孔机,0,10.00
A1004470,2021/10/12,RP-19390,标准级,中南,河南,家具,用具,Rubbermaid,"Rubvermaid 框架,0,10.00
A1004485,2021/10/13,DK-12835,标准级,西南,四川,技术,设备,柯尼卡,"柯尼卡 收据打印机,0,10.00
A1004489,2021/10/14,SV-20785,标准级,华东,福建,办公用品,标签,Novimex,"Novimex 可去除的标签,0,10.00
A1004488,2021/10/14,BD-11500,标准级,中南,湖南,家具,用具,Rubbermaid,"Rubvermaid 相框,0,10.00
A1004505,2021/10/16,DV-13465,一级,中南,河南,办公用品,用品,Fiskars,"Fiskars 大剪刀,0,10.00
A1004501,2021/10/16,DW-13585,标准级,华东,山东,办公用品,收纳具,Fellowes,"Fellowes 文件车,0,10.00
A1004510,2021/10/17,MG-17650,标准级,华东,山东,家具,用具,Rubbermaid,"Rubvermaid 分层置放架,0,10.00
A1004511,2021/10/17,MM-18280,标准级,华东,福建,办公用品,用品,Stiletto,"Stiletto 剪刀,0,10.00
A1004509,2021/10/17,MA-17995,标准级,华东,上海,技术,设备,松下,"松下 喷墨打印机,0,10.00
A1004577,2021/10/29,RP-19390,标准级,东北,黑龙江,技术,配件,Memorex,"Memorex 鼠标,0,10.00
A1004582,2021/10/30,MM-17260,标准级,华北,内蒙古,办公用品,装订机,Acco,"Acco 孔加固材料,0,10.00
A1004581,2021/10/30,NB-18655,标准级,华北,山西,办公用品,美术,BIC,"BIC 钢笔,0,10.00
A1004601,2021/11/3,HM-14860,二级,华北,山西,办公用品,装订机,Acco,"Acco 打孔机,0,10.00
A1004605,2021/11/3,SC-20305,标准级,西北,甘肃,办公用品,器具,Hoover,"Hoover 微波炉,0,10.00
A1004612,2021/11/4,EH-14185,标准级,东北,吉林,办公用品,器具,Breville,"Breville 微波炉,0,10.00
A1004609,2021/11/4,TB-21625,标准级,华东,山东,技术,电话,苹果,"苹果 充电器,0,10.00
A1004644,2021/11/10,MA-17560,标准级,中南,湖南,家具,椅子,Office Star,"Office Star 凳子,0,10.00
A1004653,2021/11/11,PS-18970,二级,西南,四川,技术,电话,思科,"思科 智能手机,0,10.00
A1004656,2021/11/11,RD-19480,二级,华东,山东,家具,书架,Bush,"Bush 墙角架,0,10.00
A1004655,2021/11/11,CS-11950,标准级,东北,辽宁,家具,用具,Rubbermaid,"Rubvermaid 门挡,0,10.00
A1004665,2021/11/12,GM-14500,标准级,西南,云南,办公用品,标签,Harbour Creations,"Harbour Creations 运输标签,0,10.00
A1004672,2021/11/13,RM-19375,标准级,华东,江苏,办公用品,用品,Elite,"Elite 大剪刀,0,10.00
A1004667,2021/11/13,MW-18220,标准级,东北,吉林,办公用品,装订机,Acco,"Acco 装订机,0,10.00
A1004678,2021/11/14,JC-15775,标准级,中南,河南,家具,椅子,Novimex,"Novimex 摇椅,0,10.00
A1004690,2021/11/17,NC-18535,标准级,华北,北京,办公用品,装订机,Avery,"Avery 装订机盖,0,10.00
A1004720,2021/11/23,EH-14125,当日,西北,甘肃,办公用品,纸张,施乐,"施乐 羊皮纸,0,10.00
A1004719,2021/11/23,CD-12280,标准级,西北,甘肃,技术,配件,Memorex,"Memorex 键盘,0,10.00
A1004733,2021/11/25,CM-12385,一级,东北,吉林,家具,用具,Advantus,"Advantus 框架,0,10.00
A1004744,2021/11/27,DL-13315,一级,中南,广东,家具,用具,Tenex,"Tenex 相框,0,10.00
A1004741,2021/11/27,PB-18805,二级,华东,山东,技术,配件,SanDisk,"SanDisk 键区,0,10.00
A1004770,2021/12/3,SB-20185,一级,华东,江苏,办公用品,美术,Sanford,"Sanford 钢笔,0,10.00
A1004774,2021/12/4,FC-14245,二级,西南,四川,办公用品,纸张,Eaton,"Eaton 计划信息表,0,10.00
A1004775,2021/12/4,HG-14965,标准级,华东,安徽,办公用品,用品,Stiletto,"Stiletto 修剪器,0,10.00
A1004775,2021/12/4,BF-11080,标准级,华东,安徽,家具,椅子,Safco,"SAFCO 沙滩椅,0,10.00
A1004808,2021/12/10,JL-15850,二级,中南,河南,家具,书架,Safco,"Safco 墙角架,0,10.00
A1004822,2021/12/11,EP-13915,标准级,中南,湖南,家具,桌子,Lesro,"Lesro 木桌,0,10.00
A1004834,2021/12/15,DB-13270,标准级,东北,黑龙江,办公用品,用品,Stiletto,"Stiletto 剪刀,0,10.00
A1004841,2021/12/16,KM-16720,一级,华东,江苏,办公用品,用品,Kleencut,"Kleencut 开信刀,0,10.00
A1004845,2021/12/16,NC-18535,标准级,华东,福建,办公用品,装订机,Acco,"Acco 订书机,0,10.00
A1004852,2021/12/17,BH-11710,二级,华东,山东,办公用品,信封,Jiffy,"Jiffy 搭扣信封,0,10.00
A1004852,2021/12/17,SF-20965,二级,华东,山东,技术,复印机,惠普,"惠普 墨水,0,10.00
A1004858,2021/12/18,DB-13660,标准级,中南,湖北,办公用品,纸张,Enermax,"Enermax 笔记本,0,10.00
A1004860,2021/12/19,LF-17185,标准级,华北,山西,技术,配件,Memorex,"Memorex 路由器,0,10.00
A1004864,2021/12/21,CL-12565,二级,华东,山东,办公用品,装订机,Ibico,"Ibico 标签,0,10.00
A1004878,2021/12/22,DO-13645,标准级,华北,河北,办公用品,信封,Jiffy,"Jiffy 商业信封,0,10.00
A1004884,2021/12/23,SR-20740,标准级,西北,陕西,办公用品,信封,Ames,"Ames 搭扣信封,0,10.00
A1004892,2021/12/24,TH-21235,标准级,华北,内蒙古,办公用品,系固件,OIC,"OIC 图钉,0,10.00
A1000338,2018/6/27,RA-19285,二级,华东,福建,家具,书架,Sauder,"Sauder 书库,0,9.00
A1000344,2018/6/29,JO-15550,标准级,华北,河北,办公用品,用品,Fiskars,"Fiskars 大剪刀,0,9.00
A1000362,2018/7/8,DS-13030,一级,中南,湖北,家具,书架,Dania,"Dania 古典书架,0,9.00
A1000368,2018/7/14,DC-13285,标准级,华东,江苏,办公用品,装订机,Cardinal,"Cardinal 装订机,0,9.00
A1000369,2018/7/16,CP-12340,标准级,华东,山东,办公用品,美术,Boston,"Boston 荧光笔,0,9.00
A1000377,2018/7/23,BV-11245,二级,华东,安徽,技术,复印机,佳能,"佳能 传真机,0,9.00
A1000379,2018/7/25,NZ-18565,标准级,华东,安徽,办公用品,用品,Acme,"Acme 大剪刀,0,9.00
A1000393,2018/8/2,AA-10375,标准级,华北,北京,家具,用具,Rubbermaid,"Rubvermaid 相框,0,9.00
A1000410,2018/8/8,GT-14710,标准级,西北,宁夏,家具,用具,Deflect-O,"Deflect-O 相框,0,9.00
A1000414,2018/8/9,BM-11650,标准级,中南,湖南,办公用品,美术,Boston,"Boston 速写本,0,9.00
A1000423,2018/8/11,VD-21670,一级,西北,陕西,办公用品,装订机,Avery,"Avery 打孔机,0,9.00
A1000422,2018/8/11,GT-14710,标准级,东北,黑龙江,办公用品,标签,Novimex,"Novimex 有色标签,0,9.00
A1000433,2018/8/15,SM-20005,二级,华东,福建,家具,书架,Sauder,"Sauder 搁架,0,9.00
A1000438,2018/8/16,HP-14815,标准级,中南,广西,办公用品,器具,Cuisinart,"Cuisinart 冰箱,0,9.00
A1000447,2018/8/18,PC-18745,标准级,东北,辽宁,办公用品,用品,Fiskars,"Fiskars 尺子,0,9.00
A1000500,2018/9/9,MT-17815,二级,中南,广东,办公用品,纸张,施乐,"施乐 计划信息表,0,9.00
A1000510,2018/9/14,AG-10390,二级,西南,重庆,技术,电话,摩托罗拉,"摩托罗拉 智能手机,0,9.00
A1000515,2018/9/15,DG-13300,标准级,华东,江苏,家具,用具,Deflect-O,"Deflect-O 分层置放架,0,9.00
A1000518,2018/9/15,NF-18595,标准级,东北,吉林,技术,配件,Enermax,"Enermax 记忆卡,0,9.00
A1000516,2018/9/15,NF-18595,标准级,东北,黑龙江,办公用品,纸张,施乐,"施乐 令,0,9.00
A1000521,2018/9/19,TS-21160,标准级,华北,北京,技术,复印机,Hewlett,"Hewlett 个人复印机,0,9.00
A1000526,2018/9/20,EH-14005,标准级,华东,福建,技术,电话,苹果,"苹果 智能手机,0,9.00
A1000541,2018/9/23,BT-11485,标准级,中南,广东,办公用品,信封,Jiffy,"Jiffy 马尼拉纸信封,0,9.00
A1000541,2018/9/23,NS-18640,标准级,中南,广东,办公用品,收纳具,Rogers,"Rogers 锁柜,0,9.00
A1000541,2018/9/23,PV-18985,标准级,中南,广东,办公用品,标签,Hon,"Hon 合法证物标签,0,9.00
A1000541,2018/9/23,PV-18985,标准级,中南,广东,办公用品,装订机,Acco,"Acco 孔加固材料,0,9.00
A1000549,2018/9/26,HL-15040,当日,华北,山西,技术,电话,三星,"三星 信号增强器,0,9.00
A1000547,2018/9/26,PA-19060,一级,东北,黑龙江,办公用品,器具,Hoover,"Hoover 冰箱,0,9.00
A1000556,2018/9/27,FH-14275,标准级,华东,安徽,办公用品,系固件,OIC,"OIC 夹子,0,9.00
A1000564,2018/9/29,NC-18340,标准级,华东,山东,技术,复印机,惠普,"惠普 墨水,0,9.00
A1000594,2018/10/8,SP-20620,标准级,东北,辽宁,家具,书架,宜家,"宜家 柜,0,9.00
A1000600,2018/10/11,BM-11140,二级,中南,广西,家具,椅子,Office Star,"Office Star 扶手椅,0,9.00
A1000603,2018/10/11,PG-18820,标准级,东北,吉林,办公用品,标签,Harbour Creations,"Harbour Creations 合法证物标签,0,9.00
A1000606,2018/10/12,GM-14680,二级,华北,内蒙古,家具,用具,Advantus,"Advantus 框架,0,9.00
A1000608,2018/10/13,NP-18700,一级,东北,辽宁,家具,桌子,Chromcraft,"Chromcraft 会议桌,0,9.00
A1000607,2018/10/13,DJ-13630,标准级,东北,吉林,家具,书架,Bush,"Bush 搁架,0,9.00
A1000609,2018/10/14,DJ-13630,一级,中南,广东,办公用品,用品,Acme,"Acme 剪刀,0,9.00
A1000609,2018/10/14,IM-15070,一级,中南,广东,家具,椅子,Novimex,"Novimex 扶手椅,0,9.00
A1000627,2018/10/21,TB-21355,标准级,华东,山东,家具,书架,Bush,"Bush 书架,0,9.00
A1000644,2018/10/26,RC-19825,标准级,东北,辽宁,家具,用具,Rubbermaid,"Rubvermaid 门挡,0,9.00
A1000655,2018/10/31,AB-10255,当日,华东,浙江,办公用品,美术,Stanley,"Stanley 速写本,0,9.00
A1000655,2018/10/31,CM-12115,标准级,华东,浙江,家具,用具,Eldon,"Eldon 灯泡,0,9.00
A1000656,2018/11/1,KB-16315,一级,华北,河北,办公用品,系固件,Stockwell,"Stockwell 回形针,0,9.00
A1000674,2018/11/7,VD-21670,标准级,华东,山东,办公用品,装订机,Cardinal,"Cardinal 装订机盖,0,9.00
A1000688,2018/11/11,KD-16270,标准级,华东,上海,办公用品,信封,Ames,"Ames 局间信封,0,9.00
A1000687,2018/11/11,BT-11305,标准级,中南,广东,家具,椅子,Safco,"SAFCO 沙滩椅,0,9.00
A1000696,2018/11/13,RW-19540,标准级,华东,福建,办公用品,用品,Stiletto,"Stiletto 尺子,0,9.00
A1000702,2018/11/16,IM-15070,标准级,华东,安徽,办公用品,信封,Kraft,"Kraft 商业信封,0,9.00
A1000704,2018/11/16,JE-15745,标准级,华东,浙江,办公用品,系固件,Advantus,"Advantus 回形针,0,9.00
A1000719,2018/11/21,TH-21550,标准级,中南,广西,办公用品,美术,Sanford,"Sanford 画布,0,9.00
A1000737,2018/11/25,JD-15790,当日,中南,广东,办公用品,信封,Jiffy,"Jiffy 邮寄品,0,9.00
A1000755,2018/11/30,JM-15655,二级,华东,浙江,办公用品,系固件,Stockwell,"Stockwell 图钉,0,9.00
A1000758,2018/12/1,PC-18745,二级,中南,河南,家具,桌子,Hon,"Hon 木桌,0,9.00
A1000778,2018/12/9,VG-21805,二级,华东,江西,技术,电话,摩托罗拉,"摩托罗拉 智能手机,0,9.00
A1000779,2018/12/9,AB-10150,标准级,华东,浙江,家具,椅子,Novimex,"Novimex 椅垫,0,9.00
A1000783,2018/12/12,GB-14530,二级,中南,河南,家具,书架,宜家,"宜家 书库,0,9.00
A1000788,2018/12/12,JO-15280,一级,中南,广东,技术,配件,SanDisk,"SanDisk 键盘,0,9.00
A1000801,2018/12/16,NW-18400,当日,东北,辽宁,办公用品,器具,Breville,"Breville 咖啡研磨机,0,9.00
A1000808,2018/12/19,CD-12280,二级,东北,黑龙江,办公用品,装订机,Ibico,"Ibico 标签,0,9.00
A1000823,2018/12/23,DK-12835,标准级,华北,北京,家具,书架,Dania,"Dania 柜,0,9.00
A1000828,2018/12/24,PO-19195,标准级,华东,山东,办公用品,用品,Kleencut,"Kleencut 开信刀,0,9.00
A1000829,2018/12/26,JK-15205,一级,东北,吉林,家具,椅子,Office Star,"Office Star 折叠椅,0,9.00
A1000864,2019/1/10,RP-19390,标准级,中南,湖北,家具,书架,Sauder,"Sauder 书架,0,9.00
A1000885,2019/1/23,SL-20155,标准级,西南,云南,技术,复印机,佳能,"佳能 传真机,0,9.00
A1000903,2019/1/30,NC-18625,二级,华东,山东,办公用品,标签,Harbour Creations,"Harbour Creations 圆形标签,0,9.00
A1000903,2019/1/30,AH-10075,二级,华东,山东,办公用品,装订机,Avery,"Avery 订书机,0,9.00
A1000920,2019/2/10,DW-13480,二级,东北,黑龙江,办公用品,器具,KitchenAid,"KitchenAid 炉灶,0,9.00
A1000940,2019/2/22,VM-21685,一级,东北,黑龙江,办公用品,纸张,Enermax,"Enermax 计划信息表,0,9.00
A1000941,2019/2/24,AC-10615,一级,中南,广西,技术,配件,Memorex,"Memorex 鼠标,0,9.00
A1000944,2019/2/27,AC-10615,标准级,西北,陕西,办公用品,美术,Boston,"Boston 速写本,0,9.00
A1000963,2019/3/5,NG-18430,标准级,中南,湖南,家具,椅子,Harbour Creations,"Harbour Creations 折叠椅,0,9.00
A1000966,2019/3/6,AS-10090,标准级,东北,吉林,技术,配件,SanDisk,"SanDisk 键盘,0,9.00
A1000970,2019/3/9,ND-18460,一级,华东,福建,技术,复印机,惠普,"惠普 传真复印机,0,9.00
A1000977,2019/3/12,JF-15190,标准级,东北,黑龙江,家具,椅子,Hon,"Hon 折叠椅,0,9.00
A1000980,2019/3/13,AM-10705,标准级,中南,湖南,办公用品,纸张,Eaton,"Eaton 计划信息表,0,9.00
A1000993,2019/3/20,SN-20560,当日,中南,湖北,家具,椅子,Safco,"SAFCO 沙滩椅,0,9.00
A1000995,2019/3/20,SN-20560,二级,华东,福建,办公用品,美术,Stanley,"Stanley 荧光笔,0,9.00
A1000996,2019/3/21,MC-17590,二级,西南,云南,办公用品,信封,GlobeWeis,"GlobeWeis 马尼拉纸信封,0,9.00
A1000998,2019/3/22,CK-12595,二级,西南,四川,办公用品,收纳具,Smead,"Smead 盘,0,9.00
A1000998,2019/3/22,TP-21130,二级,西南,四川,技术,电话,思科,"思科 办公室电话机,0,9.00
A1000998,2019/3/22,TP-21130,二级,西南,四川,技术,电话,摩托罗拉,"摩托罗拉 充电器,0,9.00
A1001002,2019/3/22,GG-14650,标准级,东北,吉林,办公用品,器具,Breville,"Breville 咖啡研磨机,0,9.00
A1001022,2019/4/2,KT-16480,标准级,中南,广西,技术,配件,Memorex,"Memorex 鼠标,0,9.00
A1001027,2019/4/4,SG-20080,一级,东北,黑龙江,技术,复印机,惠普,"惠普 传真机,0,9.00
A1001026,2019/4/4,SG-20080,二级,华北,内蒙古,办公用品,信封,Ames,"Ames 邮寄品,0,9.00
A1001030,2019/4/7,SG-20080,二级,华东,上海,办公用品,用品,Kleencut,"Kleencut 尺子,0,9.00
A1001040,2019/4/12,DL-12865,二级,华北,河北,技术,电话,苹果,"苹果 信号增强器,0,9.00
A1001048,2019/4/18,TS-21160,标准级,中南,河南,办公用品,用品,Stiletto,"Stiletto 大剪刀,0,9.00
A1001073,2019/5/2,BF-11080,一级,华北,内蒙古,办公用品,器具,Hamilton Beach,"Hamilton Beach 微波炉,0,9.00
A1001073,2019/5/2,CK-12205,一级,华北,内蒙古,家具,用具,Rubbermaid,"Rubvermaid 相框,0,9.00
A1001074,2019/5/2,LT-17110,二级,华东,江苏,技术,复印机,夏普,"夏普 传真机,0,9.00
A1001072,2019/5/2,BT-11305,标准级,中南,海南,办公用品,美术,Boston,"Boston 铅笔刀,0,9.00
A1001089,2019/5/8,AA-10315,标准级,中南,湖北,办公用品,用品,Stiletto,"Stiletto 大剪刀,0,9.00
A1001095,2019/5/9,SJ-20125,标准级,中南,河南,办公用品,信封,Kraft,"Kraft 局间信封,0,9.00
A1001092,2019/5/9,TG-21310,标准级,东北,辽宁,办公用品,器具,Hoover,"Hoover 咖啡研磨机,0,9.00
A1001125,2019/5/17,TS-21160,标准级,华东,山东,办公用品,器具,Hoover,"Hoover 微波炉,0,9.00
A1001127,2019/5/18,VD-21670,标准级,西南,云南,办公用品,用品,Stiletto,"Stiletto 大剪刀,0,9.00
A1001136,2019/5/22,EM-13825,标准级,华东,山东,办公用品,信封,Cameo,"Cameo 商业信封,0,9.00
A1001136,2019/5/22,EM-13825,标准级,华东,山东,办公用品,信封,Jiffy,"Jiffy 搭扣信封,0,9.00
A1001141,2019/5/23,JD-16150,标准级,中南,广东,办公用品,美术,Stanley,"Stanley 钢笔,0,9.00
A1001174,2019/5/30,HM-14860,当日,中南,广西,家具,用具,Tenex,"Tenex 相框,0,9.00
A1001177,2019/5/31,JA-15970,标准级,华东,福建,办公用品,装订机,Cardinal,"Cardinal 装订机,0,9.00
A1001185,2019/6/1,SV-20935,一级,华北,河北,技术,设备,StarTech,"StarTech 收据打印机,0,9.00
A1001213,2019/6/11,MK-18160,当日,东北,黑龙江,技术,复印机,夏普,"夏普 墨水,0,9.00
A1001216,2019/6/11,PF-19225,标准级,中南,湖南,家具,椅子,Harbour Creations,"Harbour Creations 沙滩椅,0,9.00
A1001234,2019/6/15,BT-11395,二级,华东,浙江,家具,桌子,Bevis,"Bevis 木桌,0,9.00
A1001245,2019/6/18,JM-15865,标准级,华东,安徽,办公用品,装订机,Acco,"Acco 装订机盖,0,9.00
A1001253,2019/6/20,RA-19885,标准级,华东,山东,技术,电话,诺基亚,"诺基亚 信号增强器,0,9.00
A1001267,2019/6/25,BM-11650,一级,华北,河北,办公用品,美术,Stanley,"Stanley 记号笔,0,9.00
A1001284,2019/6/28,TA-21385,二级,中南,广东,办公用品,器具,Breville,"Breville 搅拌机,0,9.00
A1001288,2019/6/29,JF-15295,一级,华北,天津,办公用品,系固件,Accos,"Accos 按钉,0,9.00
A1001286,2019/6/29,LM-17065,二级,东北,吉林,办公用品,信封,Ames,"Ames 局间信封,0,9.00
A1001289,2019/6/29,KA-16525,标准级,华北,北京,家具,书架,Safco,"Safco 搁架,0,9.00
A1001318,2019/7/12,JD-16015,二级,西南,四川,技术,配件,SanDisk,"SanDisk 键区,0,9.00
A1001325,2019/7/17,LF-17185,当日,东北,黑龙江,办公用品,标签,Hon,"Hon 运输标签,0,9.00
A1001331,2019/7/19,EH-13945,二级,中南,广东,家具,书架,宜家,"宜家 古典书架,0,9.00
A1001331,2019/7/19,KL-16645,二级,中南,广东,技术,复印机,Hewlett,"Hewlett 复印机,0,9.00
A1001330,2019/7/19,EB-13750,标准级,中南,河南,技术,电话,思科,"思科 信号增强器,0,9.00
A1001334,2019/7/20,SC-20770,标准级,东北,辽宁,办公用品,收纳具,Eldon,"Eldon 搁板,0,9.00
A1001342,2019/7/26,JP-16135,二级,华东,江苏,家具,书架,Sauder,"Sauder 柜,0,9.00
A1001359,2019/8/4,MD-17860,一级,中南,广东,办公用品,器具,Cuisinart,"Cuisinart 搅拌机,0,9.00
A1001376,2019/8/8,DR-12940,二级,中南,河南,办公用品,标签,Hon,"Hon 有色标签,0,9.00
A1001386,2019/8/10,CA-11965,一级,华东,山东,办公用品,信封,Jiffy,"Jiffy 局间信封,0,9.00
A1001386,2019/8/10,GA-14725,一级,华东,山东,家具,用具,Tenex,"Tenex 框架,0,9.00
A1001388,2019/8/10,TC-21295,二级,华东,山东,办公用品,装订机,Wilson Jones,"Wilson Jones 装订机盖,0,9.00
A1001388,2019/8/10,CK-12325,二级,华东,山东,技术,复印机,Brother,"Brother 个人复印机,0,9.00
A1001394,2019/8/11,KC-16255,二级,西北,甘肃,办公用品,用品,Fiskars,"Fiskars 剪刀,0,9.00
A1001402,2019/8/13,JK-15370,一级,华东,福建,办公用品,信封,GlobeWeis,"GlobeWeis 马尼拉纸信封,0,9.00
A1001396,2019/8/13,BF-11275,标准级,东北,吉林,技术,复印机,佳能,"佳能 墨水,0,9.00
A1001428,2019/8/18,DL-12925,标准级,西南,重庆,办公用品,信封,Ames,"Ames 商业信封,0,9.00
A1001427,2019/8/18,DL-12925,二级,华东,江西,办公用品,纸张,Enermax,"Enermax 笔记本,0,9.00
A1001432,2019/8/20,TT-21220,标准级,东北,黑龙江,家具,书架,Sauder,"Sauder 柜,0,9.00
A1001455,2019/8/27,JF-15565,二级,华东,山东,家具,椅子,Novimex,"Novimex 椅垫,0,9.00
A1001471,2019/8/29,JB-16045,当日,中南,湖南,技术,电话,摩托罗拉,"摩托罗拉 音频基座,0,9.00
A1001469,2019/8/29,AT-10735,标准级,中南,广东,家具,桌子,Barricks,"Barricks 木桌,0,9.00
A1001479,2019/8/31,MG-17875,标准级,中南,广西,技术,设备,StarTech,"StarTech 喷墨打印机,0,9.00
A1001489,2019/9/4,SC-20095,二级,中南,广东,办公用品,器具,Breville,"Breville 微波炉,0,9.00
A1001499,2019/9/7,BD-11605,二级,华东,安徽,家具,椅子,Harbour Creations,"Harbour Creations 沙滩椅,0,9.00
A1001498,2019/9/7,KF-16285,标准级,华北,河北,技术,复印机,Brother,"Brother 传真机,0,9.00
A1001502,2019/9/7,NZ-18565,标准级,华东,上海,办公用品,装订机,Ibico,"Ibico 打孔机,0,9.00
A1001513,2019/9/11,BF-11215,二级,东北,吉林,办公用品,用品,Acme,"Acme 尺子,0,9.00
A1001511,2019/9/11,BF-11215,标准级,华北,河北,办公用品,信封,Ames,"Ames 外皮和封条,0,9.00
A1001521,2019/9/13,TP-21415,标准级,华东,上海,家具,桌子,Barricks,"Barricks 圆桌,0,9.00
A1001525,2019/9/14,TP-21415,标准级,中南,湖北,家具,椅子,Safco,"SAFCO 凳子,0,9.00
A1001531,2019/9/16,CV-12805,标准级,中南,广东,办公用品,用品,Acme,"Acme 开信刀,0,9.00
A1001534,2019/9/17,JP-16135,一级,华北,天津,办公用品,装订机,Wilson Jones,"Wilson Jones 装订机盖,0,9.00
A1001537,2019/9/18,KH-16630,一级,中南,湖南,技术,设备,柯尼卡,"柯尼卡 卡片打印机,0,9.00
A1001551,2019/9/21,JE-15610,标准级,华东,山东,办公用品,器具,KitchenAid,"KitchenAid 微波炉,0,9.00
A1001561,2019/9/25,RB-19360,一级,东北,辽宁,办公用品,装订机,Ibico,"Ibico 孔加固材料,0,9.00
A1001563,2019/9/25,SM-20950,标准级,西南,四川,家具,椅子,Hon,"Hon 摇椅,0,9.00
A1001565,2019/9/26,KC-16675,二级,华东,福建,办公用品,标签,Novimex,"Novimex 圆形标签,0,9.00
A1001571,2019/9/27,TC-20980,标准级,中南,广东,办公用品,装订机,Wilson Jones,"Wilson Jones 订书机,0,9.00
A1001581,2019/9/28,ML-18040,一级,中南,广东,办公用品,美术,Stanley,"Stanley 速写本,0,9.00
A1001588,2019/10/1,LA-16780,标准级,华东,上海,办公用品,信封,Kraft,"Kraft 搭扣信封,0,9.00
A1001587,2019/10/1,TH-21235,标准级,东北,辽宁,办公用品,用品,Kleencut,"Kleencut 开信刀,0,9.00
A1001587,2019/10/1,NP-18325,标准级,东北,辽宁,家具,书架,Bush,"Bush 古典书架,0,9.00
A1001604,2019/10/4,DW-13195,标准级,东北,吉林,技术,配件,Memorex,"Memorex 键盘,0,9.00
A1001607,2019/10/5,SJ-20125,标准级,中南,海南,办公用品,标签,Harbour Creations,"Harbour Creations 合法证物标签,0,9.00
A1001607,2019/10/5,MC-17590,标准级,中南,海南,家具,椅子,Harbour Creations,"Harbour Creations 扶手椅,0,9.00
A1001619,2019/10/8,AF-10885,标准级,中南,广东,家具,书架,宜家,"宜家 书库,0,9.00
A1001638,2019/10/12,TS-21505,一级,西南,四川,办公用品,器具,Cuisinart,"Cuisinart 咖啡研磨机,0,9.00
A1001642,2019/10/13,KD-16270,二级,华北,内蒙古,家具,桌子,Chromcraft,"Chromcraft 培训桌,0,9.00
A1001642,2019/10/13,KD-16270,二级,华北,内蒙古,家具,椅子,Harbour Creations,"Harbour Creations 凳子,0,9.00
A1001651,2019/10/16,TB-21055,标准级,华东,浙江,家具,书架,宜家,"宜家 搁架,0,9.00
A1001684,2019/10/25,GM-14695,标准级,华东,山东,办公用品,纸张,Eaton,"Eaton 羊皮纸,0,9.00
A1001707,2019/10/31,AS-10090,二级,华北,山西,技术,复印机,Hewlett,"Hewlett 个人复印机,0,9.00
A1001719,2019/11/1,EP-13915,标准级,华东,安徽,家具,书架,Dania,"Dania 古典书架,0,9.00
A1001721,2019/11/2,CC-12610,标准级,华东,江苏,办公用品,收纳具,Tenex,"Tenex 搁板,0,9.00
A1001738,2019/11/6,SC-20020,二级,西北,甘肃,办公用品,信封,GlobeWeis,"GlobeWeis 搭扣信封,0,9.00
A1001735,2019/11/6,HW-14935,一级,华东,安徽,技术,配件,罗技,"罗技 闪存驱动器,0,9.00
A1001742,2019/11/7,HA-14920,二级,东北,辽宁,办公用品,器具,KitchenAid,"KitchenAid 烤面包机,0,9.00
A1001745,2019/11/7,MG-17875,标准级,中南,广东,办公用品,纸张,SanDisk,"SanDisk 计划信息表,0,9.00
A1001761,2019/11/13,SV-20365,当日,中南,湖南,家具,用具,Eldon,"Eldon 分层置放架,0,9.00
A1001758,2019/11/13,PO-18865,二级,华北,内蒙古,办公用品,系固件,Stockwell,"Stockwell 订书钉,0,9.00
A1001767,2019/11/14,MD-17350,标准级,西北,陕西,家具,桌子,Hon,"Hon 圆桌,0,9.00
A1001780,2019/11/19,FM-14290,标准级,华北,山西,办公用品,美术,Stanley,"Stanley 记号笔,0,9.00
A1001794,2019/11/22,SC-20770,标准级,华北,河北,办公用品,标签,Hon,"Hon 运输标签,0,9.00
A1001790,2019/11/22,RA-19285,标准级,华东,安徽,家具,椅子,Safco,"SAFCO 扶手椅,0,9.00
A1001799,2019/11/23,PP-18955,标准级,华东,山东,办公用品,美术,Binney & Smith,"Binney & Smith 速写本,0,9.00
A1001814,2019/11/26,EH-14125,标准级,东北,辽宁,办公用品,系固件,Stockwell,"Stockwell 回形针,0,9.00
A1001830,2019/12/1,MF-17665,标准级,东北,吉林,办公用品,装订机,Cardinal,"Cardinal 打孔机,0,9.00
A1001864,2019/12/11,JB-16045,标准级,华东,江苏,办公用品,纸张,SanDisk,"SanDisk 令,0,9.00
A1001910,2019/12/25,NC-18415,二级,西南,四川,办公用品,用品,Elite,"Elite 修剪器,0,9.00
A1002010,2020/2/7,AJ-10795,标准级,东北,黑龙江,办公用品,器具,Hamilton Beach,"Hamilton Beach 炉灶,0,9.00
A1002060,2020/3/4,AB-10600,一级,东北,辽宁,技术,复印机,夏普,"夏普 复印机,0,9.00
A1002082,2020/3/14,JF-15355,标准级,华东,安徽,家具,椅子,Office Star,"Office Star 凳子,0,9.00
A1002125,2020/4/1,MM-18280,标准级,华东,上海,技术,电话,思科,"思科 办公室电话机,0,9.00
A1002147,2020/4/10,AH-10585,标准级,东北,黑龙江,办公用品,收纳具,Rogers,"Rogers 文件车,0,9.00
A1002190,2020/4/25,MA-17995,标准级,中南,广东,技术,复印机,惠普,"惠普 墨水,0,9.00
A1002203,2020/4/30,CD-11920,二级,中南,广东,技术,复印机,夏普,"夏普 个人复印机,0,9.00
A1002218,2020/5/2,SN-20710,一级,华东,山东,家具,椅子,Novimex,"Novimex 摇椅,0,9.00
A1002215,2020/5/2,TB-21280,二级,华北,天津,技术,设备,StarTech,"StarTech 电话,0,9.00
A1002212,2020/5/2,SC-20095,标准级,华东,山东,办公用品,用品,Stiletto,"Stiletto 剪刀,0,9.00
A1002228,2020/5/6,CB-12415,二级,华东,江苏,技术,配件,Enermax,"Enermax 闪存驱动器,0,9.00
A1002230,2020/5/6,MT-17815,标准级,华东,山东,技术,复印机,Hewlett,"Hewlett 传真复印机,0,9.00
A1002304,2020/5/24,NL-18310,二级,华东,山东,办公用品,装订机,Cardinal,"Cardinal 装订机盖,0,9.00
A1002331,2020/5/30,DS-13180,标准级,西南,云南,办公用品,纸张,Green Bar,"Green Bar 笔记本,0,9.00
A1002340,2020/5/31,AH-10120,二级,华东,山东,技术,电话,诺基亚,"诺基亚 办公室电话机,0,9.00
A1002354,2020/6/4,DB-13555,一级,华北,山西,办公用品,装订机,Wilson Jones,"Wilson Jones 孔加固材料,0,9.00
A1002355,2020/6/4,DB-13555,一级,西南,四川,办公用品,系固件,Accos,"Accos 按钉,0,9.00
A1002366,2020/6/6,CT-11995,标准级,华东,安徽,办公用品,信封,Cameo,"Cameo 商业信封,0,9.00
A1002376,2020/6/8,EM-13960,标准级,中南,河南,技术,电话,诺基亚,"诺基亚 办公室电话机,0,9.00
A1002382,2020/6/10,MP-18175,二级,华北,河北,办公用品,系固件,Stockwell,"Stockwell 回形针,0,9.00
A1002388,2020/6/13,CS-12355,标准级,华北,内蒙古,家具,椅子,Safco,"SAFCO 椅垫,0,9.00
A1002420,2020/6/18,MK-17905,标准级,中南,广东,技术,复印机,Hewlett,"Hewlett 个人复印机,0,9.00
A1002430,2020/6/20,TB-21625,一级,华北,北京,技术,复印机,Hewlett,"Hewlett 墨水,0,9.00
A1002434,2020/6/21,TT-21220,标准级,华北,天津,办公用品,美术,Binney & Smith,"Binney & Smith 钢笔,0,9.00
A1002440,2020/6/22,NM-18520,当日,西南,重庆,家具,用具,Eldon,"Eldon 分层置放架,0,9.00
A1002465,2020/6/28,SG-20470,二级,东北,辽宁,办公用品,美术,BIC,"BIC 钢笔,0,9.00
A1002474,2020/7/1,AR-10345,标准级,华北,河北,家具,椅子,Novimex,"Novimex 折叠椅,0,9.00
A1002489,2020/7/8,JK-15730,标准级,华东,山东,办公用品,信封,Kraft,"Kraft 马尼拉纸信封,0,9.00
A1002501,2020/7/12,KL-16555,二级,中南,广东,办公用品,纸张,施乐,"施乐 备忘录便条,0,9.00
A1002519,2020/7/22,SS-20410,标准级,东北,吉林,办公用品,信封,GlobeWeis,"GlobeWeis 商业信封,0,9.00
A1002560,2020/8/3,JK-15640,二级,东北,吉林,技术,复印机,佳能,"佳能 无线传真机,0,9.00
A1002567,2020/8/6,AZ-10750,标准级,中南,河南,办公用品,美术,Binney & Smith,"Binney & Smith 铅笔刀,0,9.00
A1002569,2020/8/6,PN-18775,标准级,华北,内蒙古,办公用品,标签,Novimex,"Novimex 文件夹标签,0,9.00
A1002604,2020/8/13,DJ-13510,标准级,西南,四川,办公用品,装订机,Avery,"Avery 标签,0,9.00
A1002644,2020/8/21,PA-19060,标准级,华东,浙江,办公用品,信封,GlobeWeis,"GlobeWeis 外皮和封条,0,9.00
A1002652,2020/8/22,LH-17020,二级,华北,天津,办公用品,纸张,SanDisk,"SanDisk 信纸,0,9.00
A1002660,2020/8/23,DV-13045,一级,东北,辽宁,办公用品,装订机,Avery,"Avery 标签,0,9.00
A1002730,2020/9/9,PF-19225,标准级,西南,四川,办公用品,标签,Smead,"Smead 合法证物标签,0,9.00
A1002727,2020/9/9,PJ-18835,标准级,中南,广东,办公用品,系固件,Accos,"Accos 夹子,0,9.00
A1002738,2020/9/10,NM-18520,一级,中南,湖南,办公用品,装订机,Cardinal,"Cardinal 标签,0,9.00
A1002775,2020/9/18,KC-16255,标准级,华东,福建,家具,用具,Rubbermaid,"Rubvermaid 相框,0,9.00
A1002778,2020/9/18,MS-17980,标准级,中南,河南,技术,复印机,Hewlett,"Hewlett 个人复印机,0,9.00
A1002783,2020/9/19,MS-17980,一级,华北,河北,办公用品,信封,Cameo,"Cameo 马尼拉纸信封,0,9.00
A1002785,2020/9/19,CK-12595,标准级,华东,福建,技术,复印机,夏普,"夏普 个人复印机,0,9.00
A1002805,2020/9/24,PS-18970,标准级,中南,湖北,办公用品,美术,Boston,"Boston 画布,0,9.00
A1002807,2020/9/24,EM-14140,标准级,中南,河南,家具,书架,Safco,"Safco 墙角架,0,9.00
A1002819,2020/9/26,AB-10105,标准级,西北,新疆,家具,书架,Sauder,"Sauder 书架,0,9.00
A1002824,2020/9/27,VW-21775,标准级,华东,山东,办公用品,系固件,Stockwell,"Stockwell 橡皮筋,0,9.00
A1002831,2020/9/30,NF-18385,一级,华北,河北,办公用品,用品,Acme,"Acme 开信刀,0,9.00
A1002845,2020/10/2,CL-12700,二级,东北,黑龙江,办公用品,纸张,Green Bar,"Green Bar 计划信息表,0,9.00
A1002861,2020/10/4,KM-16225,标准级,中南,湖北,家具,椅子,Office Star,"Office Star 凳子,0,9.00
A1002875,2020/10/8,KW-16435,二级,中南,河南,办公用品,收纳具,Smead,"Smead 文件车,0,9.00
A1002872,2020/10/8,BM-11650,标准级,中南,湖北,办公用品,信封,Cameo,"Cameo 商业信封,0,9.00
A1002885,2020/10/10,DH-13075,标准级,中南,湖北,办公用品,纸张,Green Bar,"Green Bar 备忘录便条,0,9.00
A1002902,2020/10/15,BP-11290,二级,华北,内蒙古,技术,电话,思科,"思科 耳机,0,9.00
A1002906,2020/10/15,AP-10915,标准级,中南,广西,办公用品,系固件,OIC,"OIC 订书钉,0,9.00
A1002911,2020/10/16,PG-18820,标准级,华东,山东,办公用品,纸张,SanDisk,"SanDisk 羊皮纸,0,9.00
A1002927,2020/10/21,CS-12175,标准级,华北,天津,办公用品,美术,BIC,"BIC 钢笔,0,9.00
A1002933,2020/10/22,BS-11665,标准级,华北,天津,办公用品,装订机,Ibico,"Ibico 订书机,0,9.00
A1002935,2020/10/22,BS-11665,标准级,华北,河北,技术,电话,诺基亚,"诺基亚 信号增强器,0,9.00
A1002939,2020/10/23,PO-19180,二级,东北,黑龙江,办公用品,装订机,Avery,"Avery 装订机盖,0,9.00
A1002951,2020/10/25,LS-17245,标准级,中南,广东,技术,设备,StarTech,"StarTech 卡片打印机,0,9.00
A1002998,2020/11/4,EH-14185,标准级,东北,黑龙江,办公用品,收纳具,Tenex,"Tenex 锁柜,0,9.00
A1003166,2020/12/6,CS-12250,标准级,华东,山东,办公用品,系固件,Advantus,"Advantus 回形针,0,9.00
A1003188,2020/12/13,GT-14710,标准级,中南,广东,技术,配件,罗技,"罗技 键区,0,9.00
A1003238,2020/12/28,DK-13150,标准级,中南,湖南,办公用品,收纳具,Eldon,"Eldon 盒,0,9.00
A1003277,2021/1/9,SV-20815,二级,华东,山东,技术,配件,贝尔金,"贝尔金 路由器,0,9.00
A1003297,2021/1/16,VP-21760,二级,西南,四川,办公用品,装订机,Acco,"Acco 装订机盖,0,9.00
A1003308,2021/1/21,BF-11020,标准级,中南,广东,办公用品,用品,Stiletto,"Stiletto 大剪刀,0,9.00
A1003322,2021/1/27,DE-13255,标准级,东北,黑龙江,办公用品,器具,Cuisinart,"Cuisinart 搅拌机,0,9.00
A1003342,2021/2/3,CK-12325,一级,中南,广东,办公用品,用品,Elite,"Elite 开信刀,0,9.00
A1003410,2021/2/25,MY-17380,标准级,东北,黑龙江,办公用品,标签,Hon,"Hon 有色标签,0,9.00
A1003423,2021/3/1,SS-20140,标准级,华东,山东,家具,书架,Dania,"Dania 书库,0,9.00
A1003497,2021/3/24,KH-16630,标准级,东北,吉林,家具,用具,Rubbermaid,"Rubvermaid 相框,0,9.00
A1003493,2021/3/24,KL-16645,标准级,华北,河北,家具,用具,Advantus,"Advantus 灯泡,0,9.00
A1003513,2021/3/30,KH-16330,标准级,华北,山西,家具,用具,Tenex,"Tenex 相框,0,9.00
A1003521,2021/3/31,JP-15460,标准级,华北,天津,技术,复印机,Brother,"Brother 无线传真机,0,9.00
A1003569,2021/4/15,LC-16870,标准级,华东,江苏,办公用品,标签,Novimex,"Novimex 圆形标签,0,9.00
A1003571,2021/4/15,RB-19360,标准级,东北,吉林,技术,电话,苹果,"苹果 智能手机,0,9.00
A1003596,2021/4/27,TH-21235,一级,华北,山西,技术,复印机,夏普,"夏普 个人复印机,0,9.00
A1003603,2021/4/29,SC-20725,二级,华北,天津,办公用品,装订机,Acco,"Acco 订书机,0,9.00
A1003644,2021/5/7,JF-15190,二级,华东,安徽,办公用品,标签,Novimex,"Novimex 运输标签,0,9.00
A1003644,2021/5/7,ML-18265,二级,华东,安徽,技术,设备,爱普生,"爱普生 喷墨打印机,0,9.00
A1003645,2021/5/7,DB-12970,标准级,中南,湖南,家具,用具,Deflect-O,"Deflect-O 相框,0,9.00
A1003652,2021/5/8,SC-20770,标准级,中南,广西,办公用品,装订机,Acco,"Acco 装订机,0,9.00
A1003667,2021/5/11,MH-17440,一级,中南,广东,家具,用具,Eldon,"Eldon 灯泡,0,9.00
A1003683,2021/5/12,FM-14380,标准级,华东,上海,技术,电话,三星,"三星 智能手机,0,9.00
A1003703,2021/5/15,SH-20395,标准级,华东,山东,办公用品,系固件,Stockwell,"Stockwell 回形针,0,9.00
A1003746,2021/5/21,KH-16690,二级,华东,江西,办公用品,系固件,OIC,"OIC 夹子,0,9.00
A1003775,2021/5/26,KH-16360,当日,中南,广东,技术,电话,诺基亚,"诺基亚 充电器,0,9.00
A1003771,2021/5/26,KH-16360,二级,华东,山东,办公用品,纸张,Eaton,"Eaton 羊皮纸,0,9.00
A1003797,2021/5/29,KM-16375,一级,中南,广东,办公用品,用品,Elite,"Elite 修剪器,0,9.00
A1003805,2021/5/31,AA-10480,标准级,华东,福建,家具,用具,Advantus,"Advantus 门挡,0,9.00
A1003842,2021/6/7,BB-11545,二级,东北,黑龙江,技术,电话,思科,"思科 耳机,0,9.00
A1003851,2021/6/8,LW-17215,二级,西北,陕西,家具,椅子,Office Star,"Office Star 椅垫,0,9.00
A1003861,2021/6/10,DK-13090,二级,华北,北京,办公用品,用品,Acme,"Acme 剪刀,0,9.00
A1003867,2021/6/11,PW-19030,标准级,中南,广东,家具,书架,Safco,"Safco 书架,0,9.00
A1003892,2021/6/15,EH-14125,标准级,中南,河南,办公用品,系固件,OIC,"OIC 订书钉,0,9.00
A1003929,2021/6/20,BP-11095,二级,华北,山西,办公用品,装订机,Ibico,"Ibico 装订机,0,9.00
A1003977,2021/6/29,CB-12025,二级,东北,黑龙江,办公用品,装订机,Acco,"Acco 标签,0,9.00
A1004007,2021/7/8,CR-12820,标准级,东北,辽宁,办公用品,系固件,Stockwell,"Stockwell 橡皮筋,0,9.00
A1004017,2021/7/13,TS-21655,标准级,华东,浙江,办公用品,系固件,OIC,"OIC 夹子,0,9.00
A1004046,2021/7/20,AB-10060,标准级,华东,浙江,办公用品,装订机,Acco,"Acco 标签,0,9.00
A1004053,2021/7/21,AG-10900,二级,中南,湖南,技术,复印机,Hewlett,"Hewlett 传真复印机,0,9.00
A1004067,2021/7/27,ML-17395,二级,华东,山东,办公用品,信封,Ames,"Ames 马尼拉纸信封,0,9.00
A1004067,2021/7/27,ML-17395,二级,华东,山东,办公用品,装订机,Avery,"Avery 订书机,0,9.00
A1004125,2021/8/7,GM-14440,标准级,华东,福建,办公用品,收纳具,Rogers,"Rogers 文件夹,0,9.00
A1004134,2021/8/8,MM-18055,标准级,中南,湖北,办公用品,器具,KitchenAid,"KitchenAid 咖啡研磨机,0,9.00
A1004140,2021/8/10,MF-18250,标准级,中南,河南,技术,复印机,Hewlett,"Hewlett 传真机,0,9.00
A1004182,2021/8/19,BN-11470,当日,中南,河南,办公用品,纸张,Enermax,"Enermax 羊皮纸,0,9.00
A1004191,2021/8/20,TH-21115,标准级,东北,黑龙江,办公用品,器具,KitchenAid,"KitchenAid 搅拌机,0,9.00
A1004210,2021/8/24,SE-20110,标准级,东北,辽宁,家具,椅子,Safco,"SAFCO 折叠椅,0,9.00
A1004262,2021/9/3,GD-14590,一级,华北,河北,办公用品,装订机,Avery,"Avery 打孔机,0,9.00
A1004263,2021/9/3,LS-17200,二级,华东,山东,技术,复印机,Hewlett,"Hewlett 传真复印机,0,9.00
A1004275,2021/9/7,CM-12235,二级,中南,河南,家具,书架,Sauder,"Sauder 书架,0,9.00
A1004284,2021/9/8,HM-14980,标准级,西南,贵州,办公用品,用品,Elite,"Elite 剪刀,0,9.00
A1004292,2021/9/9,RP-19390,二级,华东,上海,办公用品,纸张,施乐,"施乐 令,0,9.00
A1004294,2021/9/10,JS-16030,标准级,华北,河北,家具,书架,Safco,"Safco 书架,0,9.00
A1004306,2021/9/12,TS-21205,二级,中南,湖北,办公用品,收纳具,Smead,"Smead 搁板,0,9.00
A1004306,2021/9/12,RP-19390,二级,中南,湖北,技术,电话,摩托罗拉,"摩托罗拉 音频基座,0,9.00
A1004368,2021/9/21,JF-15190,一级,华东,福建,办公用品,信封,Kraft,"Kraft 邮寄品,0,9.00
A1004374,2021/9/23,SC-20020,一级,华北,内蒙古,技术,复印机,Hewlett,"Hewlett 无线传真机,0,9.00
A1004401,2021/9/29,BS-11590,标准级,东北,黑龙江,家具,用具,Tenex,"Tenex 灯泡,0,9.00
A1004425,2021/10/2,DF-13135,标准级,华东,江苏,办公用品,信封,Ames,"Ames 邮寄品,0,9.00
A1004433,2021/10/5,NW-18400,一级,华北,河北,技术,配件,Enermax,"Enermax 鼠标,0,9.00
A1004446,2021/10/7,DD-13570,二级,华北,天津,技术,配件,SanDisk,"SanDisk 路由器,0,9.00
A1004468,2021/10/10,NB-18655,一级,东北,黑龙江,办公用品,用品,Stiletto,"Stiletto 剪刀,0,9.00
A1004470,2021/10/12,RW-19540,标准级,中南,河南,办公用品,器具,Hamilton Beach,"Hamilton Beach 微波炉,0,9.00
A1004487,2021/10/14,CS-12250,标准级,西北,陕西,办公用品,系固件,Stockwell,"Stockwell 夹子,0,9.00
A1004506,2021/10/16,RR-19525,二级,华东,福建,办公用品,标签,Hon,"Hon 文件夹标签,0,9.00
A1004508,2021/10/17,AB-10105,标准级,中南,广东,家具,用具,Tenex,"Tenex 闹钟,0,9.00
A1004579,2021/10/29,LR-16915,标准级,东北,吉林,技术,设备,冲电器,"冲电器 收据打印机,0,9.00
A1004606,2021/11/3,CP-12085,标准级,中南,湖北,办公用品,美术,Stanley,"Stanley 记号笔,0,9.00
A1004643,2021/11/10,JD-15895,标准级,华东,山东,家具,椅子,Office Star,"Office Star 摇椅,0,9.00
A1004773,2021/12/4,JP-15520,标准级,中南,湖北,办公用品,装订机,Cardinal,"Cardinal 订书机,0,9.00
A1004916,2021/12/30,BH-11710,标准级,华北,山西,办公用品,装订机,Avery,"Avery 孔加固材料,0,9.00
A1000003,2018/1/2,BH-11710,二级,华东,福建,技术,电话,诺基亚,"诺基亚 充电器,0,8.00
A1000337,2018/6/27,NP-18325,标准级,中南,河南,办公用品,美术,BIC,"BIC 画布,0,8.00
A1000337,2018/6/27,AB-10165,标准级,中南,河南,技术,电话,诺基亚,"诺基亚 音频基座,0,8.00
A1000357,2018/7/6,JF-15355,标准级,中南,广东,技术,配件,Memorex,"Memorex 路由器,0,8.00
A1000362,2018/7/8,EG-13900,一级,中南,湖北,办公用品,纸张,施乐,"施乐 令,0,8.00
A1000364,2018/7/12,SS-20875,一级,中南,湖北,家具,用具,Tenex,"Tenex 框架,0,8.00
A1000365,2018/7/12,MH-17785,标准级,华东,安徽,家具,椅子,Hon,"Hon 折叠椅,0,8.00
A1000378,2018/7/25,NZ-18565,标准级,中南,湖南,技术,复印机,Brother,"Brother 传真机,0,8.00
A1000379,2018/7/25,BM-11785,标准级,华东,安徽,办公用品,美术,BIC,"BIC 荧光笔,0,8.00
A1000388,2018/7/29,JK-15730,一级,华东,安徽,办公用品,标签,Smead,"Smead 有色标签,0,8.00
A1000391,2018/8/1,HW-14935,二级,东北,辽宁,办公用品,收纳具,Smead,"Smead 搁板,0,8.00
A1000419,2018/8/10,EM-14095,二级,华东,山东,技术,电话,苹果,"苹果 耳机,0,8.00
A1000424,2018/8/11,CK-12760,当日,华北,内蒙古,办公用品,收纳具,Tenex,"Tenex 盒,0,8.00
A1000438,2018/8/16,HP-14815,标准级,中南,广西,办公用品,标签,Smead,"Smead 运输标签,0,8.00
A1000513,2018/9/14,AG-10390,当日,华东,山东,家具,椅子,Safco,"SAFCO 凳子,0,8.00
A1000512,2018/9/14,EL-13735,标准级,华东,安徽,技术,复印机,Hewlett,"Hewlett 传真复印机,0,8.00
A1000519,2018/9/15,MO-17500,当日,东北,吉林,办公用品,信封,Jiffy,"Jiffy 商业信封,0,8.00
A1000515,2018/9/15,LC-16885,标准级,华东,江苏,办公用品,收纳具,Rogers,"Rogers 文件车,0,8.00
A1000518,2018/9/15,DG-13300,标准级,东北,吉林,办公用品,器具,Hoover,"Hoover 烤面包机,0,8.00
A1000552,2018/9/27,FH-14275,一级,华东,山东,办公用品,装订机,Wilson Jones,"Wilson Jones 标签,0,8.00
A1000561,2018/9/29,NC-18340,标准级,中南,湖南,办公用品,系固件,Accos,"Accos 回形针,0,8.00
A1000566,2018/9/30,CB-12535,标准级,华东,江苏,办公用品,信封,Ames,"Ames 邮寄品,0,8.00
A1000569,2018/10/1,LT-16765,二级,中南,湖南,办公用品,用品,Elite,"Elite 尺子,0,8.00
A1000581,2018/10/5,DB-13060,二级,东北,黑龙江,办公用品,装订机,Wilson Jones,"Wilson Jones 装订机,0,8.00
A1000584,2018/10/6,LS-16945,标准级,华东,安徽,家具,椅子,Safco,"SAFCO 沙滩椅,0,8.00
A1000583,2018/10/6,LS-16945,标准级,华北,天津,办公用品,用品,Elite,"Elite 大剪刀,0,8.00
A1000592,2018/10/7,SW-20755,二级,华东,山东,办公用品,纸张,Enermax,"Enermax 笔记本,0,8.00
A1000591,2018/10/7,SW-20755,一级,华北,河北,家具,书架,Safco,"Safco 书架,0,8.00
A1000601,2018/10/11,KT-16480,标准级,东北,黑龙江,办公用品,收纳具,Rogers,"Rogers 盘,0,8.00
A1000608,2018/10/13,DJ-13630,一级,东北,辽宁,技术,设备,爱普生,"爱普生 卡片打印机,0,8.00
A1000615,2018/10/17,CC-12220,标准级,华东,山东,办公用品,器具,Hoover,"Hoover 烤面包机,0,8.00
A1000624,2018/10/19,SP-20545,二级,东北,吉林,技术,设备,冲电器,"冲电器 计算器,0,8.00
A1000629,2018/10/21,TB-21355,标准级,华北,河北,办公用品,收纳具,Eldon,"Eldon 文件夹,0,8.00
A1000635,2018/10/24,PF-19165,当日,西北,陕西,办公用品,用品,Elite,"Elite 开信刀,0,8.00
A1000635,2018/10/24,JH-16180,当日,西北,陕西,办公用品,系固件,Stockwell,"Stockwell 回形针,0,8.00
A1000642,2018/10/26,FM-14380,标准级,中南,湖南,办公用品,美术,Boston,"Boston 荧光笔,0,8.00
A1000658,2018/11/1,KB-16315,标准级,华东,福建,家具,椅子,Safco,"SAFCO 扶手椅,0,8.00
A1000662,2018/11/3,DC-12850,二级,西南,贵州,技术,复印机,佳能,"佳能 个人复印机,0,8.00
A1000673,2018/11/7,JR-15670,一级,中南,广东,办公用品,系固件,Advantus,"Advantus 订书钉,0,8.00
A1000671,2018/11/7,VD-21670,标准级,西南,贵州,家具,椅子,Novimex,"Novimex 扶手椅,0,8.00
A1000680,2018/11/8,PP-18955,二级,华东,山东,办公用品,用品,Elite,"Elite 开信刀,0,8.00
A1000683,2018/11/9,NC-18340,标准级,华北,河北,办公用品,装订机,Acco,"Acco 订书机,0,8.00
A1000687,2018/11/11,JD-15895,标准级,中南,广东,办公用品,用品,Acme,"Acme 剪刀,0,8.00
A1000702,2018/11/16,FP-14320,标准级,华东,安徽,办公用品,收纳具,Tenex,"Tenex 文件夹,0,8.00
A1000712,2018/11/18,ME-17320,标准级,华东,安徽,办公用品,系固件,Advantus,"Advantus 橡皮筋,0,8.00
A1000714,2018/11/18,AA-10480,二级,东北,吉林,技术,配件,SanDisk,"SanDisk 记忆卡,0,8.00
A1000716,2018/11/19,KD-16495,标准级,中南,河南,技术,设备,爱普生,"爱普生 喷墨打印机,0,8.00
A1000724,2018/11/22,NM-18520,当日,东北,吉林,技术,配件,Memorex,"Memorex 路由器,0,8.00
A1000720,2018/11/22,KD-16345,二级,华东,安徽,家具,椅子,Hon,"Hon 扶手椅,0,8.00
A1000728,2018/11/23,CM-12655,标准级,华北,河北,技术,电话,诺基亚,"诺基亚 智能手机,0,8.00
A1000731,2018/11/24,JW-15220,一级,华北,山西,办公用品,美术,Stanley,"Stanley 铅笔刀,0,8.00
A1000735,2018/11/25,AT-10435,标准级,中南,广东,技术,设备,爱普生,"爱普生 电话,0,8.00
A1000749,2018/11/29,PL-18925,一级,华北,河北,家具,书架,Safco,"Safco 书架,0,8.00
A1000747,2018/11/29,GH-14425,二级,中南,湖南,技术,设备,柯尼卡,"柯尼卡 打印机,0,8.00
A1000745,2018/11/29,MC-18130,标准级,中南,广东,办公用品,装订机,Acco,"Acco 装订机,0,8.00
A1000752,2018/11/30,CL-11890,标准级,华东,上海,办公用品,器具,Cuisinart,"Cuisinart 冰箱,0,8.00
A1000756,2018/11/30,CK-12205,标准级,华东,山东,家具,椅子,Safco,"SAFCO 凳子,0,8.00
A1000758,2018/12/1,DB-13270,二级,中南,河南,办公用品,收纳具,Rogers,"Rogers 文件车,0,8.00
A1000763,2018/12/3,CS-12400,标准级,中南,广东,办公用品,美术,BIC,"BIC 画布,0,8.00
A1000764,2018/12/5,CM-12190,一级,中南,湖北,办公用品,系固件,Accos,"Accos 夹子,0,8.00
A1000770,2018/12/8,NP-18325,标准级,东北,辽宁,办公用品,器具,Hamilton Beach,"Hamilton Beach 烤面包机,0,8.00
A1000772,2018/12/8,NP-18325,标准级,华北,天津,家具,椅子,Safco,"SAFCO 扶手椅,0,8.00
A1000781,2018/12/9,RD-19480,二级,中南,广西,家具,用具,Tenex,"Tenex 分层置放架,0,8.00
A1000779,2018/12/9,MD-17350,标准级,华东,浙江,办公用品,装订机,Acco,"Acco 装订机,0,8.00
A1000785,2018/12/12,JO-15280,标准级,西北,宁夏,技术,电话,诺基亚,"诺基亚 耳机,0,8.00
A1000808,2018/12/19,HH-15010,二级,东北,黑龙江,办公用品,收纳具,Rogers,"Rogers 锁柜,0,8.00
A1000812,2018/12/21,QJ-19255,当日,西北,陕西,办公用品,收纳具,Tenex,"Tenex 文件夹,0,8.00
A1000821,2018/12/23,SB-20290,标准级,东北,吉林,办公用品,标签,Hon,"Hon 圆形标签,0,8.00
A1000823,2018/12/23,DK-12835,标准级,华北,北京,家具,书架,宜家,"宜家 书架,0,8.00
A1000825,2018/12/24,PO-19195,二级,华东,上海,技术,配件,贝尔金,"贝尔金 闪存驱动器,0,8.00
A1000835,2018/12/27,JK-15370,二级,西北,宁夏,家具,桌子,Barricks,"Barricks 木桌,0,8.00
A1000833,2018/12/27,FM-14215,二级,中南,湖北,办公用品,信封,Kraft,"Kraft 外皮和封条,0,8.00
A1000864,2019/1/10,RP-19855,标准级,中南,湖北,办公用品,装订机,Ibico,"Ibico 装订机盖,0,8.00
A1000868,2019/1/12,MR-17545,一级,东北,辽宁,办公用品,纸张,Enermax,"Enermax 笔记本,0,8.00
A1000887,2019/1/23,CH-12070,标准级,西南,重庆,家具,书架,Sauder,"Sauder 古典书架,0,8.00
A1000885,2019/1/23,GB-14530,标准级,西南,云南,技术,配件,Enermax,"Enermax 键区,0,8.00
A1000888,2019/1/24,NH-18610,标准级,华北,河北,办公用品,用品,Kleencut,"Kleencut 开信刀,0,8.00
A1000905,2019/1/31,MP-17470,标准级,华东,江苏,办公用品,用品,Kleencut,"Kleencut 剪刀,0,8.00
A1000905,2019/1/31,CJ-12010,标准级,华东,江苏,办公用品,纸张,SanDisk,"SanDisk 信纸,0,8.00
A1000909,2019/2/2,PG-18895,标准级,华北,河北,家具,椅子,Novimex,"Novimex 折叠椅,0,8.00
A1000909,2019/2/2,EH-14005,标准级,华北,河北,技术,设备,冲电器,"冲电器 计算器,0,8.00
A1000932,2019/2/20,EH-13765,标准级,东北,黑龙江,办公用品,美术,Boston,"Boston 荧光笔,0,8.00
A1000936,2019/2/22,CP-12085,标准级,华北,河北,家具,书架,Safco,"Safco 墙角架,0,8.00
A1000959,2019/3/2,JD-16015,二级,西南,四川,办公用品,纸张,SanDisk,"SanDisk 信纸,0,8.00
A1000966,2019/3/6,AS-10090,标准级,东北,吉林,办公用品,收纳具,Fellowes,"Fellowes 盘,0,8.00
A1000968,2019/3/7,AS-10090,标准级,中南,广东,家具,椅子,Hon,"Hon 折叠椅,0,8.00
A1000967,2019/3/7,CB-12415,标准级,华东,江苏,办公用品,用品,Kleencut,"Kleencut 美工刀,0,8.00
A1000969,2019/3/8,ML-17755,一级,西南,云南,办公用品,收纳具,Eldon,"Eldon 盒,0,8.00
A1000978,2019/3/12,RW-19630,标准级,华东,福建,办公用品,用品,Acme,"Acme 大剪刀,0,8.00
A1000986,2019/3/15,MC-17275,标准级,东北,黑龙江,办公用品,器具,KitchenAid,"KitchenAid 烤面包机,0,8.00
A1000983,2019/3/15,VM-21685,标准级,华东,山东,办公用品,器具,Hoover,"Hoover 微波炉,0,8.00
A1000996,2019/3/21,MC-17590,二级,西南,云南,办公用品,美术,BIC,"BIC 记号笔,0,8.00
A1001001,2019/3/22,TP-21130,标准级,东北,辽宁,办公用品,纸张,SanDisk,"SanDisk 计划信息表,0,8.00
A1001002,2019/3/22,GG-14650,标准级,东北,吉林,办公用品,用品,Acme,"Acme 尺子,0,8.00
A1001002,2019/3/22,GG-14650,标准级,东北,吉林,家具,用具,Rubbermaid,"Rubvermaid 闹钟,0,8.00
A1001013,2019/3/28,IM-15070,标准级,东北,辽宁,办公用品,标签,Novimex,"Novimex 可去除的标签,0,8.00
A1001017,2019/3/31,MP-17470,标准级,东北,黑龙江,办公用品,装订机,Ibico,"Ibico 装订机盖,0,8.00
A1001055,2019/4/21,JH-15820,标准级,东北,吉林,技术,设备,冲电器,"冲电器 卡片打印机,0,8.00
A1001068,2019/5/1,IL-15100,一级,华东,山东,办公用品,用品,Stiletto,"Stiletto 大剪刀,0,8.00
A1001071,2019/5/2,CK-12205,二级,中南,广西,技术,设备,柯尼卡,"柯尼卡 喷墨打印机,0,8.00
A1001083,2019/5/4,NS-18505,二级,中南,湖南,办公用品,美术,Boston,"Boston 画布,0,8.00
A1001086,2019/5/7,EA-14035,标准级,华东,山东,办公用品,信封,GlobeWeis,"GlobeWeis 搭扣信封,0,8.00
A1001093,2019/5/9,QJ-19255,一级,华东,福建,办公用品,器具,Cuisinart,"Cuisinart 咖啡研磨机,0,8.00
A1001094,2019/5/9,CT-11995,标准级,华东,山东,家具,椅子,Safco,"SAFCO 扶手椅,0,8.00
A1001099,2019/5/10,BF-11005,标准级,东北,黑龙江,办公用品,系固件,Accos,"Accos 回形针,0,8.00
A1001099,2019/5/10,BF-11005,标准级,东北,黑龙江,家具,椅子,Hon,"Hon 凳子,0,8.00
A1001098,2019/5/10,BF-11005,标准级,华北,天津,办公用品,纸张,Eaton,"Eaton 令,0,8.00
A1001108,2019/5/14,LA-16780,二级,东北,吉林,技术,配件,Enermax,"Enermax 闪存驱动器,0,8.00
A1001117,2019/5/16,CS-12130,标准级,华东,江苏,办公用品,收纳具,Smead,"Smead 锁柜,0,8.00
A1001116,2019/5/16,LM-17065,标准级,东北,黑龙江,技术,配件,Enermax,"Enermax 路由器,0,8.00
A1001120,2019/5/17,JK-15625,二级,中南,湖北,办公用品,用品,Kleencut,"Kleencut 剪刀,0,8.00
A1001124,2019/5/17,BW-11200,标准级,西北,陕西,办公用品,纸张,施乐,"施乐 备忘录便条,0,8.00
A1001136,2019/5/22,EM-13825,标准级,华东,山东,办公用品,用品,Elite,"Elite 开信刀,0,8.00
A1001138,2019/5/22,KC-16255,标准级,中南,河南,技术,配件,贝尔金,"贝尔金 键盘,0,8.00
A1001139,2019/5/23,BM-11575,标准级,华东,山东,办公用品,器具,Hamilton Beach,"Hamilton Beach 搅拌机,0,8.00
A1001140,2019/5/23,BM-11575,二级,中南,广东,办公用品,纸张,Enermax,"Enermax 信纸,0,8.00
A1001145,2019/5/24,GM-14455,标准级,东北,黑龙江,办公用品,系固件,Accos,"Accos 按钉,0,8.00
A1001147,2019/5/24,LT-17110,标准级,东北,辽宁,家具,桌子,Chromcraft,"Chromcraft 电脑桌,0,8.00
A1001159,2019/5/25,AB-10060,二级,东北,辽宁,办公用品,纸张,SanDisk,"SanDisk 计划信息表,0,8.00
A1001169,2019/5/28,CV-12295,标准级,中南,河南,家具,书架,宜家,"宜家 墙角架,0,8.00
A1001165,2019/5/28,CV-12295,二级,中南,河南,家具,椅子,Safco,"SAFCO 沙滩椅,0,8.00
A1001169,2019/5/28,CV-12295,标准级,中南,河南,技术,电话,三星,"三星 充电器,0,8.00
A1001172,2019/5/29,NP-18700,标准级,华北,北京,办公用品,收纳具,Eldon,"Eldon 搁板,0,8.00
A1001180,2019/5/31,AS-10630,标准级,中南,湖南,办公用品,收纳具,Tenex,"Tenex 搁板,0,8.00
A1001185,2019/6/1,SV-20935,一级,华北,河北,办公用品,纸张,Green Bar,"Green Bar 信纸,0,8.00
A1001196,2019/6/5,BD-11320,标准级,中南,河南,家具,书架,Safco,"Safco 搁架,0,8.00
A1001217,2019/6/11,PF-19225,标准级,东北,吉林,办公用品,装订机,Wilson Jones,"Wilson Jones 打孔机,0,8.00
A1001220,2019/6/12,GM-14695,标准级,中南,河南,家具,书架,Bush,"Bush 书架,0,8.00
A1001240,2019/6/16,CD-12790,标准级,东北,黑龙江,技术,复印机,Hewlett,"Hewlett 传真机,0,8.00
A1001241,2019/6/18,CD-12790,当日,东北,黑龙江,办公用品,器具,Hamilton Beach,"Hamilton Beach 微波炉,0,8.00
A1001246,2019/6/18,NB-18580,标准级,中南,河南,家具,椅子,Novimex,"Novimex 沙滩椅,0,8.00
A1001256,2019/6/20,JC-15775,一级,华东,山东,办公用品,系固件,Advantus,"Advantus 回形针,0,8.00
A1001263,2019/6/23,SD-20485,二级,东北,辽宁,办公用品,器具,KitchenAid,"KitchenAid 炉灶,0,8.00
A1001271,2019/6/26,MC-17590,一级,西北,陕西,家具,用具,Advantus,"Advantus 相框,0,8.00
A1001272,2019/6/26,BO-11350,标准级,中南,广东,办公用品,纸张,施乐,"施乐 笔记本,0,8.00
A1001297,2019/7/2,HF-14995,标准级,华东,山东,办公用品,标签,Novimex,"Novimex 运输标签,0,8.00
A1001304,2019/7/5,SV-20785,标准级,中南,湖北,技术,设备,冲电器,"冲电器 收据打印机,0,8.00
A1001311,2019/7/7,KB-16315,一级,西北,甘肃,家具,桌子,Chromcraft,"Chromcraft 咖啡桌,0,8.00
A1001312,2019/7/7,RA-19285,二级,西北,新疆,办公用品,器具,Cuisinart,"Cuisinart 微波炉,0,8.00
A1001315,2019/7/11,SM-20320,二级,华北,河北,技术,配件,贝尔金,"贝尔金 路由器,0,8.00
A1001319,2019/7/13,AB-10255,标准级,中南,湖南,办公用品,系固件,Accos,"Accos 橡皮筋,0,8.00
A1001319,2019/7/13,CC-12145,标准级,中南,湖南,家具,椅子,Harbour Creations,"Harbour Creations 椅垫,0,8.00
A1001322,2019/7/14,CP-12085,二级,华东,山东,办公用品,用品,Fiskars,"Fiskars 尺子,0,8.00
A1001378,2019/8/8,DM-13015,标准级,西南,云南,办公用品,系固件,Advantus,"Advantus 橡皮筋,0,8.00
A1001381,2019/8/9,MJ-17740,标准级,华北,天津,办公用品,美术,Stanley,"Stanley 记号笔,0,8.00
A1001387,2019/8/10,MJ-17740,当日,华东,山东,办公用品,器具,Breville,"Breville 冰箱,0,8.00
A1001394,2019/8/11,SV-20935,二级,西北,甘肃,技术,复印机,Brother,"Brother 墨水,0,8.00
A1001401,2019/8/13,LC-16885,标准级,华东,山东,家具,椅子,Harbour Creations,"Harbour Creations 扶手椅,0,8.00
A1001408,2019/8/14,KH-16630,二级,华东,福建,家具,书架,Safco,"Safco 搁架,0,8.00
A1001408,2019/8/14,HG-14845,二级,华东,福建,技术,复印机,佳能,"佳能 传真复印机,0,8.00
A1001418,2019/8/15,EB-13975,二级,华东,山东,技术,配件,Memorex,"Memorex 鼠标,0,8.00
A1001429,2019/8/18,LS-17200,标准级,华东,江苏,办公用品,装订机,Ibico,"Ibico 订书机,0,8.00
A1001430,2019/8/19,LS-17200,当日,东北,黑龙江,办公用品,器具,Breville,"Breville 咖啡研磨机,0,8.00
A1001451,2019/8/25,JF-15565,二级,华东,上海,技术,复印机,Hewlett,"Hewlett 墨水,0,8.00
A1001478,2019/8/31,PA-19060,标准级,中南,广东,办公用品,信封,Ames,"Ames 马尼拉纸信封,0,8.00
A1001488,2019/9/4,SC-20095,标准级,西南,云南,办公用品,纸张,Enermax,"Enermax 信纸,0,8.00
A1001493,2019/9/5,DM-12955,标准级,东北,吉林,技术,复印机,惠普,"惠普 复印机,0,8.00
A1001500,2019/9/7,BP-11230,二级,西北,陕西,办公用品,信封,Ames,"Ames 搭扣信封,0,8.00
A1001503,2019/9/7,CC-12430,标准级,东北,辽宁,办公用品,系固件,Advantus,"Advantus 按钉,0,8.00
A1001500,2019/9/7,TC-21475,二级,西北,陕西,技术,配件,SanDisk,"SanDisk 鼠标,0,8.00
A1001516,2019/9/12,KM-16375,一级,华北,天津,办公用品,纸张,Eaton,"Eaton 令,0,8.00
A1001532,2019/9/17,CS-12355,一级,中南,广东,办公用品,收纳具,Smead,"Smead 文件车,0,8.00
A1001547,2019/9/21,JE-15610,标准级,西北,甘肃,办公用品,标签,Avery,"Avery 运输标签,0,8.00
A1001561,2019/9/25,LS-16975,一级,东北,辽宁,办公用品,标签,Smead,"Smead 文件夹标签,0,8.00
A1001561,2019/9/25,LS-16975,一级,东北,辽宁,办公用品,用品,Kleencut,"Kleencut 开信刀,0,8.00
A1001561,2019/9/25,CS-11845,一级,东北,辽宁,技术,复印机,惠普,"惠普 无线传真机,0,8.00
A1001562,2019/9/25,AR-10825,标准级,华东,山东,办公用品,美术,Boston,"Boston 记号笔,0,8.00
A1001568,2019/9/26,HF-14995,当日,西南,四川,技术,配件,Memorex,"Memorex 记忆卡,0,8.00
A1001566,2019/9/26,KC-16675,二级,华东,上海,家具,书架,宜家,"宜家 墙角架,0,8.00
A1001575,2019/9/27,AP-10915,一级,东北,辽宁,家具,椅子,Office Star,"Office Star 椅垫,0,8.00
A1001580,2019/9/28,JE-16165,二级,中南,河南,家具,书架,Dania,"Dania 书架,0,8.00
A1001578,2019/9/28,FH-14365,标准级,东北,黑龙江,家具,书架,Bush,"Bush 搁架,0,8.00
A1001585,2019/9/29,TT-21070,当日,华北,内蒙古,办公用品,收纳具,Rogers,"Rogers 文件夹,0,8.00
A1001586,2019/10/1,RD-19900,标准级,华东,山东,家具,书架,Safco,"Safco 搁架,0,8.00
A1001587,2019/10/1,SF-20200,标准级,东北,辽宁,办公用品,信封,Cameo,"Cameo 局间信封,0,8.00
A1001611,2019/10/6,RF-19345,标准级,东北,吉林,技术,配件,Enermax,"Enermax 鼠标,0,8.00
A1001613,2019/10/7,EH-14185,标准级,西南,四川,办公用品,美术,Boston,"Boston 荧光笔,0,8.00
A1001616,2019/10/8,KN-16450,当日,中南,广东,办公用品,信封,Ames,"Ames 外皮和封条,0,8.00
A1001630,2019/10/9,CK-12595,二级,中南,湖南,办公用品,系固件,OIC,"OIC 回形针,0,8.00
A1001625,2019/10/9,CS-11950,标准级,华北,河北,办公用品,信封,Jiffy,"Jiffy 局间信封,0,8.00
A1001635,2019/10/10,TH-21100,二级,中南,广东,技术,电话,思科,"思科 办公室电话机,0,8.00
A1001639,2019/10/12,TS-21505,一级,中南,河南,办公用品,装订机,Acco,"Acco 孔加固材料,0,8.00
A1001642,2019/10/13,KD-16270,二级,华北,内蒙古,办公用品,美术,Binney & Smith,"Binney & Smith 荧光笔,0,8.00
A1001649,2019/10/16,PR-18880,标准级,华北,天津,办公用品,装订机,Acco,"Acco 标签,0,8.00
A1001662,2019/10/19,MC-17425,标准级,中南,广东,办公用品,用品,Stiletto,"Stiletto 尺子,0,8.00
A1001680,2019/10/24,HZ-14950,一级,华北,北京,技术,配件,Memorex,"Memorex 路由器,0,8.00
A1001694,2019/10/27,CL-12565,二级,西南,重庆,技术,电话,思科,"思科 办公室电话机,0,8.00
A1001696,2019/10/27,CL-12565,一级,华东,山东,办公用品,美术,Binney & Smith,"Binney & Smith 画布,0,8.00
A1001692,2019/10/27,DE-13255,二级,华东,山东,家具,用具,Eldon,"Eldon 门挡,0,8.00
A1001695,2019/10/27,SZ-20035,二级,华北,河北,办公用品,纸张,Eaton,"Eaton 计划信息表,0,8.00
A1001698,2019/10/27,SZ-20035,标准级,华东,江西,办公用品,系固件,Stockwell,"Stockwell 橡皮筋,0,8.00
A1001693,2019/10/27,NM-18520,二级,华东,江苏,办公用品,信封,GlobeWeis,"GlobeWeis 局间信封,0,8.00
A1001700,2019/10/29,PO-19195,标准级,西北,陕西,家具,椅子,Safco,"SAFCO 凳子,0,8.00
A1001703,2019/10/30,DP-13390,二级,中南,湖北,家具,桌子,Lesro,"Lesro 电脑桌,0,8.00
A1001728,2019/11/5,KB-16240,当日,西南,云南,办公用品,标签,Hon,"Hon 运输标签,0,8.00
A1001749,2019/11/8,SU-20665,标准级,华东,山东,办公用品,器具,Hoover,"Hoover 咖啡研磨机,0,8.00
A1001748,2019/11/8,DB-13405,标准级,中南,广东,办公用品,标签,Novimex,"Novimex 有色标签,0,8.00
A1001752,2019/11/9,JL-15835,一级,中南,河南,家具,书架,Safco,"Safco 书架,0,8.00
A1001754,2019/11/11,SB-20290,标准级,西北,甘肃,技术,电话,三星,"三星 信号增强器,0,8.00
A1001756,2019/11/12,SB-20290,一级,西北,甘肃,技术,复印机,夏普,"夏普 复印机,0,8.00
A1001758,2019/11/13,TS-21505,二级,华北,内蒙古,家具,书架,Sauder,"Sauder 书库,0,8.00
A1001768,2019/11/14,TS-21505,一级,华东,山东,办公用品,装订机,Cardinal,"Cardinal 装订机,0,8.00
A1001766,2019/11/14,MD-17350,标准级,中南,广东,办公用品,收纳具,Smead,"Smead 盒,0,8.00
A1001769,2019/11/15,RD-19660,标准级,华东,山东,办公用品,纸张,施乐,"施乐 备忘录便条,0,8.00
A1001769,2019/11/15,DB-12910,标准级,华东,山东,家具,书架,Safco,"Safco 书架,0,8.00
A1001807,2019/11/25,MC-17845,一级,华东,安徽,办公用品,系固件,Advantus,"Advantus 回形针,0,8.00
A1001808,2019/11/26,DB-13210,一级,华东,山东,办公用品,标签,Novimex,"Novimex 文件夹标签,0,8.00
A1001818,2019/11/27,BT-11680,当日,华北,河北,家具,椅子,Novimex,"Novimex 扶手椅,0,8.00
A1001822,2019/11/28,DB-13210,二级,东北,黑龙江,家具,用具,Rubbermaid,"Rubvermaid 框架,0,8.00
A1001835,2019/12/3,RS-19765,标准级,西北,陕西,办公用品,信封,Ames,"Ames 商业信封,0,8.00
A1001835,2019/12/3,RS-19765,标准级,西北,陕西,办公用品,信封,Jiffy,"Jiffy 邮寄品,0,8.00
A1001848,2019/12/6,KH-16630,一级,华东,江苏,办公用品,收纳具,Eldon,"Eldon 锁柜,0,8.00
A1001848,2019/12/6,VM-21835,一级,华东,江苏,办公用品,系固件,Advantus,"Advantus 图钉,0,8.00
A1001851,2019/12/7,AP-10915,标准级,东北,辽宁,家具,书架,Dania,"Dania 书库,0,8.00
A1001866,2019/12/11,CM-12160,二级,华东,山东,办公用品,美术,Boston,"Boston 画布,0,8.00
A1001867,2019/12/11,RF-19735,二级,华东,安徽,办公用品,纸张,Green Bar,"Green Bar 令,0,8.00
A1001876,2019/12/13,NC-18415,二级,中南,河南,技术,设备,松下,"松下 电话,0,8.00
A1001880,2019/12/14,NC-18415,标准级,华东,安徽,家具,用具,Eldon,"Eldon 相框,0,8.00
A1001886,2019/12/17,HG-14845,标准级,中南,广西,办公用品,标签,Hon,"Hon 合法证物标签,0,8.00
A1001892,2019/12/19,JM-15655,标准级,华北,内蒙古,办公用品,器具,Hoover,"Hoover 搅拌机,0,8.00
A1001905,2019/12/24,GH-14410,标准级,华东,安徽,办公用品,美术,Binney & Smith,"Binney & Smith 铅笔刀,0,8.00
A1001917,2019/12/26,JF-15355,标准级,西南,云南,办公用品,装订机,Wilson Jones,"Wilson Jones 标签,0,8.00
A1001920,2019/12/27,DM-13015,当日,华东,福建,办公用品,信封,Kraft,"Kraft 商业信封,0,8.00
A1001927,2019/12/29,SP-20860,标准级,华东,浙江,办公用品,收纳具,Tenex,"Tenex 搁板,0,8.00
A1001932,2019/12/31,SH-20395,一级,中南,广东,办公用品,器具,KitchenAid,"KitchenAid 微波炉,0,8.00
A1001946,2020/1/7,VG-21805,标准级,东北,黑龙江,家具,桌子,Lesro,"Lesro 电脑桌,0,8.00
A1001961,2020/1/11,MS-17710,标准级,中南,湖北,办公用品,器具,Hamilton Beach,"Hamilton Beach 炉灶,0,8.00
A1001965,2020/1/15,ED-13885,标准级,东北,黑龙江,办公用品,美术,BIC,"BIC 速写本,0,8.00
A1001974,2020/1/21,FG-14260,一级,华北,山西,办公用品,收纳具,Eldon,"Eldon 文件车,0,8.00
A1001986,2020/1/25,CC-12220,标准级,华北,内蒙古,办公用品,装订机,Acco,"Acco 标签,0,8.00
A1001990,2020/1/30,FH-14350,标准级,东北,黑龙江,技术,配件,罗技,"罗技 记忆卡,0,8.00
A1002001,2020/2/5,CS-12355,标准级,东北,吉林,家具,书架,Dania,"Dania 墙角架,0,8.00
A1002006,2020/2/7,SN-20710,一级,西南,云南,技术,配件,贝尔金,"贝尔金 路由器,0,8.00
A1002020,2020/2/13,KH-16630,二级,东北,黑龙江,技术,复印机,惠普,"惠普 传真机,0,8.00
A1002051,2020/3/1,LP-17080,标准级,华北,河北,家具,书架,Bush,"Bush 搁架,0,8.00
A1002059,2020/3/4,PV-18985,标准级,华北,河北,技术,配件,贝尔金,"贝尔金 闪存驱动器,0,8.00
A1002065,2020/3/5,RA-19285,一级,东北,吉林,技术,电话,诺基亚,"诺基亚 智能手机,0,8.00
A1002077,2020/3/11,AH-10465,当日,西北,陕西,办公用品,系固件,Stockwell,"Stockwell 按钉,0,8.00
A1002083,2020/3/15,RS-19765,二级,东北,吉林,办公用品,纸张,SanDisk,"SanDisk 信纸,0,8.00
A1002089,2020/3/18,DM-13015,二级,西南,重庆,办公用品,美术,Boston,"Boston 记号笔,0,8.00
A1002093,2020/3/19,AM-10705,二级,东北,黑龙江,办公用品,纸张,施乐,"施乐 笔记本,0,8.00
A1002100,2020/3/20,PF-19120,标准级,东北,吉林,技术,复印机,Brother,"Brother 传真机,0,8.00
A1002102,2020/3/21,TB-21400,标准级,华东,福建,办公用品,收纳具,Rogers,"Rogers 搁板,0,8.00
A1002108,2020/3/22,TB-21400,当日,中南,河南,技术,电话,诺基亚,"诺基亚 音频基座,0,8.00
A1002141,2020/4/8,AT-10435,标准级,中南,湖南,技术,设备,柯尼卡,"柯尼卡 打印机,0,8.00
A1002160,2020/4/12,KB-16315,一级,东北,黑龙江,家具,椅子,Office Star,"Office Star 凳子,0,8.00
A1002186,2020/4/24,CP-12340,二级,中南,广东,办公用品,纸张,Enermax,"Enermax 令,0,8.00
A1002197,2020/4/29,TB-21625,标准级,西南,云南,办公用品,器具,Hoover,"Hoover 咖啡研磨机,0,8.00
A1002205,2020/5/1,JL-15835,标准级,华东,浙江,办公用品,器具,Breville,"Breville 烤面包机,0,8.00
A1002232,2020/5/7,DK-13375,一级,华北,山西,家具,书架,Sauder,"Sauder 古典书架,0,8.00
A1002239,2020/5/8,AA-10645,二级,西北,青海,办公用品,装订机,Wilson Jones,"Wilson Jones 订书机,0,8.00
A1002241,2020/5/10,MG-17680,标准级,华北,天津,办公用品,用品,Elite,"Elite 美工刀,0,8.00
A1002255,2020/5/14,CA-12055,一级,华北,河北,技术,设备,StarTech,"StarTech 打印机,0,8.00
A1002269,2020/5/17,BE-11335,当日,东北,黑龙江,技术,配件,罗技,"罗技 路由器,0,8.00
A1002274,2020/5/17,TN-21040,标准级,东北,辽宁,办公用品,美术,Sanford,"Sanford 钢笔,0,8.00
A1002285,2020/5/21,RL-19615,当日,中南,广东,办公用品,收纳具,Tenex,"Tenex 锁柜,0,8.00
A1002280,2020/5/21,NM-18520,二级,中南,广东,家具,用具,Tenex,"Tenex 门挡,0,8.00
A1002282,2020/5/21,JF-15490,标准级,东北,吉林,办公用品,标签,Novimex,"Novimex 圆形标签,0,8.00
A1002293,2020/5/22,MC-17575,标准级,华北,河北,家具,书架,Sauder,"Sauder 柜,0,8.00
A1002295,2020/5/23,MG-17650,一级,中南,湖北,办公用品,纸张,Enermax,"Enermax 信纸,0,8.00
A1002335,2020/5/30,HA-14905,标准级,西北,宁夏,技术,电话,思科,"思科 智能手机,0,8.00
A1002341,2020/5/31,GH-14410,标准级,华东,山东,办公用品,美术,Stanley,"Stanley 荧光笔,0,8.00
A1002350,2020/6/4,DB-13555,一级,华北,河北,办公用品,收纳具,Smead,"Smead 搁板,0,8.00
A1002358,2020/6/5,JF-15295,一级,华东,安徽,技术,复印机,Brother,"Brother 传真复印机,0,8.00
A1002363,2020/6/6,CT-11995,标准级,东北,黑龙江,家具,书架,Dania,"Dania 搁架,0,8.00
A1002369,2020/6/7,WB-21850,标准级,华东,安徽,家具,椅子,Office Star,"Office Star 摇椅,0,8.00
A1002379,2020/6/10,DE-13255,标准级,西南,云南,办公用品,用品,Acme,"Acme 美工刀,0,8.00
A1002383,2020/6/11,SV-20935,标准级,中南,广东,家具,书架,Safco,"Safco 书库,0,8.00
A1002393,2020/6/13,GT-14755,二级,东北,吉林,办公用品,装订机,Wilson Jones,"Wilson Jones 标签,0,8.00
A1002392,2020/6/13,CS-12355,标准级,西北,陕西,技术,电话,三星,"三星 音频基座,0,8.00
A1002407,2020/6/15,PG-18820,标准级,中南,河南,家具,桌子,Hon,"Hon 培训桌,0,8.00
A1002410,2020/6/17,IM-15070,标准级,东北,黑龙江,家具,书架,Safco,"Safco 书架,0,8.00
A1002416,2020/6/18,IM-15070,一级,华东,江苏,办公用品,器具,Breville,"Breville 冰箱,0,8.00
A1002419,2020/6/18,CK-12595,标准级,中南,河南,技术,配件,贝尔金,"贝尔金 路由器,0,8.00
A1002421,2020/6/19,RE-19450,标准级,东北,吉林,办公用品,装订机,Acco,"Acco 打孔机,0,8.00
A1002426,2020/6/20,PF-19120,标准级,西南,四川,技术,配件,贝尔金,"贝尔金 键区,0,8.00
A1002444,2020/6/24,PB-19150,标准级,华北,河北,办公用品,系固件,Stockwell,"Stockwell 橡皮筋,0,8.00
A1002456,2020/6/25,KL-16645,一级,中南,湖南,办公用品,系固件,Advantus,"Advantus 橡皮筋,0,8.00
A1002462,2020/6/27,EH-13765,一级,中南,广东,技术,设备,StarTech,"StarTech 卡片打印机,0,8.00
A1002493,2020/7/8,BD-11320,一级,华北,河北,家具,用具,Eldon,"Eldon 分层置放架,0,8.00
A1002495,2020/7/10,AB-10015,当日,华东,山东,办公用品,器具,Cuisinart,"Cuisinart 咖啡研磨机,0,8.00
A1002512,2020/7/18,LR-17035,标准级,华东,山东,家具,用具,Advantus,"Advantus 分层置放架,0,8.00
A1002521,2020/7/22,MZ-17515,标准级,中南,湖南,家具,书架,Dania,"Dania 柜,0,8.00
A1002518,2020/7/22,JE-15475,标准级,东北,黑龙江,技术,配件,SanDisk,"SanDisk 键区,0,8.00
A1002526,2020/7/24,VG-21790,一级,中南,河南,家具,用具,Deflect-O,"Deflect-O 灯泡,0,8.00
A1002528,2020/7/24,SC-20260,标准级,华东,山东,技术,电话,思科,"思科 智能手机,0,8.00
A1002546,2020/7/30,NM-18520,一级,华北,河北,技术,电话,思科,"思科 耳机,0,8.00
A1002544,2020/7/30,NM-18520,二级,东北,吉林,办公用品,标签,Avery,"Avery 圆形标签,0,8.00
A1002560,2020/8/3,BD-11500,二级,东北,吉林,家具,用具,Deflect-O,"Deflect-O 门挡,0,8.00
A1002558,2020/8/3,ME-17320,标准级,中南,湖南,技术,设备,爱普生,"爱普生 卡片打印机,0,8.00
A1002563,2020/8/5,BK-11260,标准级,中南,广东,家具,用具,Tenex,"Tenex 分层置放架,0,8.00
A1002563,2020/8/5,BK-11260,标准级,中南,广东,技术,复印机,夏普,"夏普 个人复印机,0,8.00
A1002567,2020/8/6,AZ-10750,标准级,中南,河南,家具,用具,Tenex,"Tenex 闹钟,0,8.00
A1002575,2020/8/7,KB-16585,标准级,中南,广东,办公用品,系固件,Advantus,"Advantus 回形针,0,8.00
A1002594,2020/8/12,SC-20020,一级,华东,山东,家具,椅子,Office Star,"Office Star 折叠椅,0,8.00
A1002601,2020/8/13,EH-14125,标准级,西南,云南,家具,椅子,Safco,"SAFCO 沙滩椅,0,8.00
A1002613,2020/8/16,CA-12775,标准级,西南,四川,办公用品,信封,GlobeWeis,"GlobeWeis 马尼拉纸信封,0,8.00
A1002614,2020/8/16,PP-18955,标准级,华北,河北,办公用品,纸张,Green Bar,"Green Bar 备忘录便条,0,8.00
A1002630,2020/8/19,EB-14110,标准级,华北,河北,技术,设备,冲电器,"冲电器 打印机,0,8.00
A1002633,2020/8/20,BN-11470,二级,华东,福建,办公用品,标签,Avery,"Avery 可去除的标签,0,8.00
A1002662,2020/8/23,DV-13045,标准级,华北,河北,办公用品,收纳具,Tenex,"Tenex 文件车,0,8.00
A1002661,2020/8/23,AH-10690,标准级,中南,广东,技术,设备,冲电器,"冲电器 喷墨打印机,0,8.00
A1002694,2020/9/2,AH-10030,一级,华东,上海,办公用品,纸张,SanDisk,"SanDisk 备忘录便条,0,8.00
A1002697,2020/9/2,SS-20590,二级,东北,黑龙江,办公用品,纸张,施乐,"施乐 羊皮纸,0,8.00
A1002711,2020/9/4,CV-12805,标准级,华东,浙江,办公用品,用品,Kleencut,"Kleencut 尺子,0,8.00
A1002722,2020/9/6,TS-21505,标准级,中南,广东,办公用品,收纳具,Eldon,"Eldon 文件车,0,8.00
A1002729,2020/9/9,CS-11950,二级,华北,天津,技术,配件,Enermax,"Enermax 键盘,0,8.00
A1002734,2020/9/10,MH-17290,一级,东北,黑龙江,家具,用具,Rubbermaid,"Rubvermaid 分层置放架,0,8.00
A1002745,2020/9/11,BE-11335,标准级,中南,河南,家具,椅子,Office Star,"Office Star 扶手椅,0,8.00
A1002748,2020/9/12,DR-12880,二级,西南,云南,办公用品,信封,Cameo,"Cameo 商业信封,0,8.00
A1002748,2020/9/12,TA-21385,二级,西南,云南,办公用品,纸张,SanDisk,"SanDisk 信纸,0,8.00
A1002756,2020/9/13,ST-20530,标准级,华东,山东,办公用品,纸张,Enermax,"Enermax 令,0,8.00
A1002769,2020/9/17,MM-18055,标准级,华东,安徽,办公用品,纸张,Green Bar,"Green Bar 笔记本,0,8.00
A1002780,2020/9/19,TB-21355,标准级,华北,天津,办公用品,器具,Hoover,"Hoover 炉灶,0,8.00
A1002795,2020/9/20,MG-17890,一级,华东,福建,办公用品,用品,Fiskars,"Fiskars 尺子,0,8.00
A1002806,2020/9/24,JO-15280,标准级,东北,吉林,办公用品,装订机,Avery,"Avery 订书机,0,8.00
A1002815,2020/9/26,TB-21355,标准级,西南,云南,办公用品,收纳具,Rogers,"Rogers 文件夹,0,8.00
A1002819,2020/9/26,AF-10870,标准级,西北,新疆,办公用品,纸张,施乐,"施乐 信纸,0,8.00
A1002840,2020/10/1,TH-21235,标准级,华东,山东,家具,书架,Dania,"Dania 古典书架,0,8.00
A1002860,2020/10/4,KL-16645,二级,西南,云南,办公用品,用品,Kleencut,"Kleencut 剪刀,0,8.00
A1002866,2020/10/7,CA-12055,当日,东北,黑龙江,技术,电话,苹果,"苹果 耳机,0,8.00
A1002873,2020/10/8,AG-10900,标准级,华北,天津,家具,用具,Eldon,"Eldon 相框,0,8.00
A1002880,2020/10/9,VG-21805,标准级,西南,云南,家具,书架,Safco,"Safco 古典书架,0,8.00
A1002903,2020/10/15,XP-21865,标准级,华北,内蒙古,技术,电话,思科,"思科 音频基座,0,8.00
A1002919,2020/10/18,JD-16150,标准级,华北,河北,办公用品,收纳具,Smead,"Smead 文件夹,0,8.00
A1002928,2020/10/21,KB-16405,标准级,东北,黑龙江,家具,桌子,Bevis,"Bevis 会议桌,0,8.00
A1002928,2020/10/21,KB-16405,标准级,东北,黑龙江,技术,复印机,Hewlett,"Hewlett 传真复印机,0,8.00
A1002933,2020/10/22,MG-17875,标准级,华北,天津,办公用品,收纳具,Smead,"Smead 盘,0,8.00
A1002948,2020/10/24,FG-14260,标准级,东北,吉林,家具,用具,Deflect-O,"Deflect-O 分层置放架,0,8.00
A1002951,2020/10/25,EH-13765,标准级,中南,广东,家具,椅子,Safco,"SAFCO 椅垫,0,8.00
A1002960,2020/10/28,PL-18925,标准级,中南,广东,办公用品,收纳具,Eldon,"Eldon 文件夹,0,8.00
A1002980,2020/10/31,JF-15295,一级,中南,河南,办公用品,美术,Binney & Smith,"Binney & Smith 荧光笔,0,8.00
A1002985,2020/11/1,DK-13225,标准级,西北,陕西,技术,设备,柯尼卡,"柯尼卡 打印机,0,8.00
A1003141,2020/12/2,AJ-10780,标准级,东北,黑龙江,家具,用具,Rubbermaid,"Rubvermaid 框架,0,8.00
A1003473,2021/3/16,DW-13195,标准级,华北,北京,办公用品,收纳具,Rogers,"Rogers 盘,0,8.00
A1003474,2021/3/17,GT-14710,标准级,中南,湖南,办公用品,器具,KitchenAid,"KitchenAid 炉灶,0,8.00
A1003484,2021/3/20,EB-13750,二级,中南,广东,办公用品,系固件,Stockwell,"Stockwell 夹子,0,8.00
A1003485,2021/3/20,EB-13750,标准级,华东,山东,家具,书架,Sauder,"Sauder 搁架,0,8.00
A1003482,2021/3/20,PB-19105,标准级,东北,吉林,技术,复印机,Hewlett,"Hewlett 墨水,0,8.00
A1003492,2021/3/24,WB-21850,标准级,华东,江西,家具,椅子,Harbour Creations,"Harbour Creations 扶手椅,0,8.00
A1003497,2021/3/24,WB-21850,标准级,东北,吉林,办公用品,装订机,Avery,"Avery 装订机,0,8.00
A1003497,2021/3/24,WB-21850,标准级,东北,吉林,家具,椅子,Safco,"SAFCO 凳子,0,8.00
A1003503,2021/3/26,JE-15715,标准级,华东,山东,家具,书架,Dania,"Dania 搁架,0,8.00
A1003520,2021/3/31,MM-18280,标准级,中南,广东,办公用品,标签,Hon,"Hon 有色标签,0,8.00
A1003522,2021/3/31,SO-20335,标准级,华北,河北,办公用品,信封,GlobeWeis,"GlobeWeis 外皮和封条,0,8.00
A1003523,2021/4/1,SS-20875,标准级,西南,重庆,技术,电话,苹果,"苹果 办公室电话机,0,8.00
A1003541,2021/4/6,JW-16075,标准级,西南,重庆,家具,椅子,Safco,"SAFCO 椅垫,0,8.00
A1003543,2021/4/7,BF-11170,一级,华东,安徽,家具,书架,宜家,"宜家 古典书架,0,8.00
A1003547,2021/4/8,GM-14440,标准级,华北,天津,技术,设备,松下,"松下 收据打印机,0,8.00
A1003571,2021/4/15,MC-18100,标准级,东北,吉林,家具,用具,Deflect-O,"Deflect-O 闹钟,0,8.00
A1003597,2021/4/27,JK-16120,当日,中南,河南,办公用品,美术,Stanley,"Stanley 钢笔,0,8.00
A1003607,2021/4/29,NB-18655,标准级,中南,广东,家具,椅子,Harbour Creations,"Harbour Creations 沙滩椅,0,8.00
A1003605,2021/4/29,JK-15730,二级,中南,河南,办公用品,标签,Smead,"Smead 运输标签,0,8.00
A1003609,2021/4/30,TN-21040,标准级,华北,天津,技术,复印机,Brother,"Brother 无线传真机,0,8.00
A1003609,2021/4/30,ZC-21910,标准级,华北,天津,技术,电话,三星,"三星 智能手机,0,8.00
A1003621,2021/5/2,SC-20050,标准级,中南,广东,办公用品,装订机,Avery,"Avery 装订机,0,8.00
A1003631,2021/5/5,DV-13045,一级,西南,重庆,办公用品,纸张,Green Bar,"Green Bar 备忘录便条,0,8.00
A1003638,2021/5/6,DS-13180,标准级,中南,广东,家具,用具,Deflect-O,"Deflect-O 分层置放架,0,8.00
A1003651,2021/5/7,AG-10270,一级,西南,云南,办公用品,系固件,Advantus,"Advantus 按钉,0,8.00
A1003646,2021/5/7,AG-10270,一级,中南,湖北,家具,椅子,Office Star,"Office Star 扶手椅,0,8.00
A1003658,2021/5/8,MG-17890,标准级,中南,广东,办公用品,纸张,Green Bar,"Green Bar 信纸,0,8.00
A1003662,2021/5/9,SC-20770,二级,东北,吉林,技术,配件,Memorex,"Memorex 闪存驱动器,0,8.00
A1003667,2021/5/11,MH-17440,一级,中南,广东,办公用品,标签,Hon,"Hon 可去除的标签,0,8.00
A1003669,2021/5/11,JL-15235,标准级,中南,广东,办公用品,用品,Elite,"Elite 剪刀,0,8.00
A1003673,2021/5/12,MH-18025,二级,华东,江苏,办公用品,美术,Sanford,"Sanford 荧光笔,0,8.00
A1003687,2021/5/13,LP-17095,二级,华东,江苏,办公用品,收纳具,Smead,"Smead 文件车,0,8.00
A1003685,2021/5/13,AA-10315,标准级,华北,天津,办公用品,纸张,SanDisk,"SanDisk 信纸,0,8.00
A1003686,2021/5/13,AC-10615,标准级,中南,河南,办公用品,标签,Novimex,"Novimex 合法证物标签,0,8.00
A1003705,2021/5/15,TC-21295,一级,东北,辽宁,家具,书架,Bush,"Bush 柜,0,8.00
A1003709,2021/5/15,TC-21295,标准级,中南,湖南,办公用品,用品,Kleencut,"Kleencut 开信刀,0,8.00
A1003708,2021/5/15,TB-21400,标准级,中南,广东,办公用品,收纳具,Fellowes,"Fellowes 文件车,0,8.00
A1003717,2021/5/18,GT-14710,标准级,东北,吉林,办公用品,信封,Kraft,"Kraft 邮寄品,0,8.00
A1003738,2021/5/20,KN-16390,标准级,中南,广东,办公用品,美术,Binney & Smith,"Binney & Smith 记号笔,0,8.00
A1003737,2021/5/20,SW-20755,标准级,东北,辽宁,办公用品,系固件,OIC,"OIC 橡皮筋,0,8.00
A1003749,2021/5/21,DB-13210,标准级,中南,广东,办公用品,美术,BIC,"BIC 画布,0,8.00
A1003744,2021/5/21,CV-12295,二级,华北,内蒙古,家具,用具,Eldon,"Eldon 门挡,0,8.00
A1003753,2021/5/22,BS-11665,当日,华北,河北,技术,配件,SanDisk,"SanDisk 记忆卡,0,8.00
A1003771,2021/5/26,KH-16360,二级,华东,山东,办公用品,纸张,Green Bar,"Green Bar 计划信息表,0,8.00
A1003772,2021/5/26,LB-16795,标准级,华北,河北,办公用品,用品,Stiletto,"Stiletto 开信刀,0,8.00
A1003780,2021/5/27,CK-12205,标准级,华北,山西,技术,配件,Enermax,"Enermax 路由器,0,8.00
A1003794,2021/5/28,JG-15115,标准级,中南,湖北,办公用品,标签,Harbour Creations,"Harbour Creations 可去除的标签,0,8.00
A1003830,2021/6/4,KH-16510,标准级,华东,江西,办公用品,信封,Cameo,"Cameo 外皮和封条,0,8.00
A1003835,2021/6/5,AH-10075,当日,华东,山东,办公用品,收纳具,Smead,"Smead 文件车,0,8.00
A1003833,2021/6/5,BG-11035,标准级,华东,安徽,办公用品,装订机,Ibico,"Ibico 孔加固材料,0,8.00
A1003857,2021/6/9,SP-20860,一级,华北,河北,办公用品,用品,Fiskars,"Fiskars 剪刀,0,8.00
A1003857,2021/6/9,JD-15895,一级,华北,河北,办公用品,用品,Stiletto,"Stiletto 尺子,0,8.00
A1003870,2021/6/12,BW-11110,二级,西北,甘肃,办公用品,纸张,SanDisk,"SanDisk 羊皮纸,0,8.00
A1003872,2021/6/12,BW-11110,一级,东北,黑龙江,办公用品,信封,GlobeWeis,"GlobeWeis 外皮和封条,0,8.00
A1003874,2021/6/12,CV-12295,标准级,中南,河南,家具,椅子,Safco,"SAFCO 沙滩椅,0,8.00
A1003876,2021/6/13,GM-14500,一级,中南,湖北,家具,椅子,Office Star,"Office Star 凳子,0,8.00
A1003884,2021/6/13,AS-10090,标准级,中南,河南,办公用品,器具,Hamilton Beach,"Hamilton Beach 咖啡研磨机,0,8.00
A1003902,2021/6/17,MC-17425,标准级,东北,辽宁,技术,电话,苹果,"苹果 耳机,0,8.00
A1003918,2021/6/19,GG-14650,标准级,华北,天津,办公用品,装订机,Cardinal,"Cardinal 订书机,0,8.00
A1003941,2021/6/23,AA-10645,标准级,华北,北京,技术,复印机,惠普,"惠普 传真机,0,8.00
A1003943,2021/6/23,AA-10645,标准级,华东,山东,办公用品,标签,Hon,"Hon 有色标签,0,8.00
A1003965,2021/6/26,BF-11275,标准级,华北,河北,办公用品,纸张,Enermax,"Enermax 羊皮纸,0,8.00
A1003963,2021/6/26,CM-11815,标准级,西北,陕西,技术,复印机,惠普,"惠普 复印机,0,8.00
A1003968,2021/6/27,CM-12715,标准级,华北,内蒙古,办公用品,系固件,Stockwell,"Stockwell 夹子,0,8.00
A1003975,2021/6/29,TC-20980,二级,西南,贵州,家具,椅子,Office Star,"Office Star 折叠椅,0,8.00
A1003989,2021/7/2,KH-16690,一级,华北,天津,办公用品,标签,Avery,"Avery 合法证物标签,0,8.00
A1003997,2021/7/3,AS-10630,标准级,西南,云南,办公用品,美术,Binney & Smith,"Binney & Smith 荧光笔,0,8.00
A1003995,2021/7/3,DK-13375,标准级,华东,江西,技术,配件,Memorex,"Memorex 鼠标,0,8.00
A1003993,2021/7/3,DK-13375,标准级,东北,吉林,办公用品,用品,Elite,"Elite 开信刀,0,8.00
A1003998,2021/7/6,SV-20935,标准级,中南,湖南,技术,配件,Enermax,"Enermax 记忆卡,0,8.00
A1004017,2021/7/13,DP-13000,标准级,华东,浙江,家具,椅子,Novimex,"Novimex 摇椅,0,8.00
A1004020,2021/7/14,RD-19585,二级,华北,河北,办公用品,美术,Sanford,"Sanford 荧光笔,0,8.00
A1004026,2021/7/15,NK-18490,标准级,东北,黑龙江,办公用品,器具,Hamilton Beach,"Hamilton Beach 烤面包机,0,8.00
A1004033,2021/7/17,CA-11965,标准级,东北,黑龙江,办公用品,标签,Novimex,"Novimex 有色标签,0,8.00
A1004035,2021/7/17,CA-11965,二级,华东,山东,家具,椅子,Hon,"Hon 摇椅,0,8.00
A1004040,2021/7/18,MS-17830,当日,东北,吉林,办公用品,标签,Avery,"Avery 运输标签,0,8.00
A1004053,2021/7/21,BW-11110,二级,中南,湖南,技术,设备,爱普生,"爱普生 收据打印机,0,8.00
A1004059,2021/7/24,KD-16495,标准级,西南,云南,办公用品,标签,Avery,"Avery 合法证物标签,0,8.00
A1004062,2021/7/25,SA-20830,标准级,华东,安徽,家具,用具,Advantus,"Advantus 相框,0,8.00
A1004063,2021/7/26,BG-11035,二级,东北,黑龙江,办公用品,用品,Fiskars,"Fiskars 尺子,0,8.00
A1004066,2021/7/27,DM-12955,一级,华东,福建,家具,椅子,Harbour Creations,"Harbour Creations 椅垫,0,8.00
A1004066,2021/7/27,MC-17845,一级,华东,福建,技术,电话,摩托罗拉,"摩托罗拉 音频基座,0,8.00
A1004076,2021/7/31,CJ-12010,一级,华东,福建,技术,配件,Enermax,"Enermax 键盘,0,8.00
A1004081,2021/8/1,LH-16900,二级,中南,河南,家具,书架,Bush,"Bush 古典书架,0,8.00
A1004082,2021/8/1,DP-13390,标准级,华北,河北,家具,书架,Sauder,"Sauder 墙角架,0,8.00
A1004106,2021/8/4,SZ-20035,标准级,东北,辽宁,办公用品,美术,Boston,"Boston 钢笔,0,8.00
A1004102,2021/8/4,DH-13675,标准级,西南,云南,技术,配件,SanDisk,"SanDisk 鼠标,0,8.00
A1004118,2021/8/5,RS-19765,当日,华东,安徽,办公用品,系固件,Stockwell,"Stockwell 按钉,0,8.00
A1004109,2021/8/5,MT-18070,标准级,中南,广东,办公用品,器具,Hoover,"Hoover 炉灶,0,8.00
A1004111,2021/8/5,XP-21865,标准级,华东,江西,技术,配件,Enermax,"Enermax 闪存驱动器,0,8.00
A1004128,2021/8/7,JW-15220,二级,华东,安徽,技术,电话,苹果,"苹果 音频基座,0,8.00
A1004127,2021/8/7,JW-15220,标准级,西北,新疆,技术,配件,Enermax,"Enermax 闪存驱动器,0,8.00
A1004136,2021/8/10,LR-17035,二级,中南,河南,办公用品,用品,Fiskars,"Fiskars 尺子,0,8.00
A1004162,2021/8/15,HE-14800,一级,东北,吉林,技术,复印机,夏普,"夏普 传真复印机,0,8.00
A1004170,2021/8/17,DC-12850,标准级,西南,重庆,办公用品,信封,Kraft,"Kraft 搭扣信封,0,8.00
A1004181,2021/8/18,SC-20260,一级,华东,福建,家具,椅子,Hon,"Hon 沙滩椅,0,8.00
A1004182,2021/8/19,MM-17260,当日,中南,河南,办公用品,用品,Kleencut,"Kleencut 尺子,0,8.00
A1004184,2021/8/20,TH-21235,标准级,华东,山东,办公用品,收纳具,Fellowes,"Fellowes 搁板,0,8.00
A1004195,2021/8/21,AT-10735,一级,华东,山东,办公用品,器具,Hoover,"Hoover 搅拌机,0,8.00
A1004193,2021/8/21,AS-10285,二级,华东,江苏,办公用品,纸张,施乐,"施乐 令,0,8.00
A1004194,2021/8/21,PN-18775,标准级,华北,天津,技术,电话,思科,"思科 音频基座,0,8.00
A1004202,2021/8/22,SW-20245,标准级,华东,山东,家具,书架,宜家,"宜家 书库,0,8.00
A1004205,2021/8/24,EN-13780,一级,西南,重庆,办公用品,器具,KitchenAid,"KitchenAid 炉灶,0,8.00
A1004205,2021/8/24,PB-19150,一级,西南,重庆,家具,椅子,Harbour Creations,"Harbour Creations 椅垫,0,8.00
A1004239,2021/8/28,HD-14785,标准级,华东,山东,家具,书架,Bush,"Bush 书库,0,8.00
A1004256,2021/8/31,DP-13105,二级,华东,上海,家具,椅子,Office Star,"Office Star 扶手椅,0,8.00
A1004270,2021/9/4,BT-11440,标准级,华东,福建,办公用品,标签,Novimex,"Novimex 文件夹标签,0,8.00
A1004280,2021/9/8,AG-10525,一级,东北,黑龙江,家具,用具,Eldon,"Eldon 相框,0,8.00
A1004279,2021/9/8,AG-10525,标准级,华北,河北,办公用品,标签,Avery,"Avery 可去除的标签,0,8.00
A1004290,2021/9/9,RP-19390,标准级,东北,辽宁,家具,书架,Dania,"Dania 搁架,0,8.00
A1004294,2021/9/10,KB-16315,标准级,华北,河北,办公用品,纸张,SanDisk,"SanDisk 笔记本,0,8.00
A1004294,2021/9/10,JS-16030,标准级,华北,河北,家具,用具,Eldon,"Eldon 分层置放架,0,8.00
A1004305,2021/9/11,SP-20650,标准级,东北,辽宁,技术,电话,摩托罗拉,"摩托罗拉 充电器,0,8.00
A1004310,2021/9/14,PW-19240,二级,中南,广西,办公用品,收纳具,Fellowes,"Fellowes 搁板,0,8.00
A1004327,2021/9/15,MJ-17740,二级,东北,辽宁,办公用品,器具,Breville,"Breville 咖啡研磨机,0,8.00
A1004333,2021/9/16,JD-16015,标准级,东北,黑龙江,家具,椅子,Novimex,"Novimex 沙滩椅,0,8.00
A1004354,2021/9/18,BP-11095,二级,华东,浙江,家具,书架,Bush,"Bush 柜,0,8.00
A1004350,2021/9/18,BP-11095,标准级,华北,山西,办公用品,美术,Sanford,"Sanford 钢笔,0,8.00
A1004370,2021/9/22,DK-13090,标准级,东北,辽宁,技术,设备,柯尼卡,"柯尼卡 喷墨打印机,0,8.00
A1004384,2021/9/25,DH-13675,二级,东北,黑龙江,家具,椅子,Novimex,"Novimex 椅垫,0,8.00
A1004385,2021/9/25,FH-14275,标准级,中南,广东,办公用品,纸张,Enermax,"Enermax 计划信息表,0,8.00
A1004390,2021/9/26,BP-11290,标准级,华北,河北,办公用品,标签,Novimex,"Novimex 文件夹标签,0,8.00
A1004388,2021/9/26,BP-11290,标准级,华东,山东,办公用品,美术,Boston,"Boston 速写本,0,8.00
A1004389,2021/9/26,FO-14305,标准级,东北,黑龙江,办公用品,纸张,Enermax,"Enermax 令,0,8.00
A1004396,2021/9/28,RB-19435,标准级,华东,山东,办公用品,信封,Cameo,"Cameo 局间信封,0,8.00
A1004418,2021/10/1,CA-12265,标准级,华东,山东,家具,椅子,Safco,"SAFCO 扶手椅,0,8.00
A1004421,2021/10/2,CV-12805,二级,华北,天津,技术,电话,三星,"三星 办公室电话机,0,8.00
A1004425,2021/10/2,FP-14320,标准级,华东,江苏,家具,椅子,Hon,"Hon 椅垫,0,8.00
A1004430,2021/10/4,BP-11185,标准级,中南,湖北,技术,电话,摩托罗拉,"摩托罗拉 信号增强器,0,8.00
A1004449,2021/10/7,LW-17125,当日,华北,河北,办公用品,收纳具,Fellowes,"Fellowes 文件车,0,8.00
A1004445,2021/10/7,ES-14080,二级,华东,安徽,技术,配件,贝尔金,"贝尔金 闪存驱动器,0,8.00
A1004456,2021/10/8,JP-15460,标准级,中南,湖南,办公用品,装订机,Avery,"Avery 订书机,0,8.00
A1004461,2021/10/9,HM-14860,一级,华北,内蒙古,办公用品,纸张,SanDisk,"SanDisk 令,0,8.00
A1004921,2021/12/30,BP-11185,一级,华北,河北,技术,电话,三星,"三星 信号增强器,0,8.00
A1000344,2018/6/29,JO-15550,标准级,华北,河北,办公用品,收纳具,Tenex,"Tenex 锁柜,0,7.00
A1000344,2018/6/29,JO-15550,标准级,华北,河北,办公用品,纸张,施乐,"施乐 羊皮纸,0,7.00
A1000348,2018/7/1,DP-13165,标准级,华东,上海,办公用品,纸张,Eaton,"Eaton 笔记本,0,7.00
A1000359,2018/7/6,MP-17965,标准级,华东,上海,办公用品,标签,Hon,"Hon 运输标签,0,7.00
A1000389,2018/7/29,DB-13120,标准级,东北,吉林,办公用品,标签,Avery,"Avery 文件夹标签,0,7.00
A1000393,2018/8/2,RA-19915,标准级,华北,北京,家具,用具,Advantus,"Advantus 框架,0,7.00
A1000404,2018/8/6,CA-12775,二级,中南,广西,办公用品,标签,Avery,"Avery 文件夹标签,0,7.00
A1000411,2018/8/8,GT-14710,标准级,华北,山西,办公用品,系固件,Advantus,"Advantus 回形针,0,7.00
A1000425,2018/8/11,SJ-20125,标准级,中南,湖南,办公用品,美术,BIC,"BIC 记号笔,0,7.00
A1000430,2018/8/12,GP-14740,标准级,华北,北京,办公用品,信封,Jiffy,"Jiffy 马尼拉纸信封,0,7.00
A1000439,2018/8/16,PM-19135,标准级,中南,广西,办公用品,标签,Hon,"Hon 文件夹标签,0,7.00
A1000446,2018/8/18,JE-15475,当日,中南,广东,办公用品,装订机,Cardinal,"Cardinal 打孔机,0,7.00
A1000448,2018/8/19,GB-14530,标准级,华东,山东,办公用品,装订机,Acco,"Acco 订书机,0,7.00
A1000498,2018/9/8,RH-19495,当日,华北,山西,办公用品,装订机,Cardinal,"Cardinal 孔加固材料,0,7.00
A1000509,2018/9/14,RD-19660,标准级,华东,山东,技术,复印机,佳能,"佳能 个人复印机,0,7.00
A1000547,2018/9/26,PA-19060,一级,东北,黑龙江,办公用品,用品,Stiletto,"Stiletto 修剪器,0,7.00
A1000550,2018/9/26,BD-11605,标准级,华东,浙江,家具,书架,Sauder,"Sauder 搁架,0,7.00
A1000554,2018/9/27,FH-14275,标准级,华东,山东,家具,椅子,Novimex,"Novimex 摇椅,0,7.00
A1000555,2018/9/27,AP-10915,标准级,华北,山西,技术,电话,摩托罗拉,"摩托罗拉 充电器,0,7.00
A1000561,2018/9/29,NC-18340,标准级,中南,湖南,办公用品,用品,Elite,"Elite 尺子,0,7.00
A1000568,2018/10/1,AA-10315,二级,华东,江苏,办公用品,信封,GlobeWeis,"GlobeWeis 外皮和封条,0,7.00
A1000570,2018/10/3,DL-13315,标准级,中南,河南,技术,电话,三星,"三星 信号增强器,0,7.00
A1000574,2018/10/4,DL-13315,标准级,华东,上海,办公用品,收纳具,Rogers,"Rogers 文件车,0,7.00
A1000581,2018/10/5,HR-14830,二级,东北,黑龙江,技术,电话,三星,"三星 音频基座,0,7.00
A1000580,2018/10/5,BT-11530,标准级,华东,江西,办公用品,纸张,Green Bar,"Green Bar 计划信息表,0,7.00
A1000587,2018/10/6,BT-11530,一级,东北,黑龙江,办公用品,收纳具,Eldon,"Eldon 盒,0,7.00
A1000587,2018/10/6,BT-11530,一级,东北,黑龙江,办公用品,收纳具,Fellowes,"Fellowes 文件夹,0,7.00
A1000583,2018/10/6,SW-20755,标准级,华北,天津,家具,书架,Sauder,"Sauder 墙角架,0,7.00
A1000589,2018/10/7,SW-20755,二级,东北,黑龙江,办公用品,美术,Boston,"Boston 记号笔,0,7.00
A1000604,2018/10/12,MO-17800,一级,华北,天津,办公用品,收纳具,Smead,"Smead 搁板,0,7.00
A1000622,2018/10/19,SP-20545,一级,华东,浙江,技术,配件,Memorex,"Memorex 键盘,0,7.00
A1000625,2018/10/20,TR-21325,标准级,西北,陕西,办公用品,收纳具,Eldon,"Eldon 盒,0,7.00
A1000637,2018/10/24,EB-13975,二级,西北,陕西,办公用品,标签,Smead,"Smead 圆形标签,0,7.00
A1000634,2018/10/24,LC-17140,标准级,华东,福建,家具,椅子,Hon,"Hon 摇椅,0,7.00
A1000655,2018/10/31,AB-10255,标准级,华东,浙江,办公用品,信封,Jiffy,"Jiffy 局间信封,0,7.00
A1000667,2018/11/4,HM-14860,二级,中南,广东,办公用品,美术,Boston,"Boston 记号笔,0,7.00
A1000669,2018/11/5,SZ-20035,二级,东北,吉林,办公用品,美术,BIC,"BIC 记号笔,0,7.00
A1000677,2018/11/7,VD-21670,标准级,东北,辽宁,办公用品,系固件,Advantus,"Advantus 夹子,0,7.00
A1000675,2018/11/7,PP-18955,标准级,中南,湖北,技术,复印机,Hewlett,"Hewlett 复印机,0,7.00
A1000687,2018/11/11,JD-15895,标准级,中南,广东,办公用品,用品,Stiletto,"Stiletto 修剪器,0,7.00
A1000700,2018/11/16,DK-12835,一级,华东,山东,办公用品,纸张,Enermax,"Enermax 笔记本,0,7.00
A1000702,2018/11/16,IM-15070,标准级,华东,安徽,办公用品,信封,Kraft,"Kraft 搭扣信封,0,7.00
A1000707,2018/11/17,MC-17425,标准级,西南,四川,办公用品,装订机,Wilson Jones,"Wilson Jones 孔加固材料,0,7.00
A1000715,2018/11/19,MB-18085,标准级,中南,广东,家具,椅子,Safco,"SAFCO 扶手椅,0,7.00
A1000716,2018/11/19,LC-16930,标准级,中南,河南,办公用品,系固件,OIC,"OIC 回形针,0,7.00
A1000726,2018/11/23,TS-21370,标准级,华北,内蒙古,家具,用具,Advantus,"Advantus 分层置放架,0,7.00
A1000737,2018/11/25,NK-18490,当日,中南,广东,办公用品,美术,Stanley,"Stanley 画布,0,7.00
A1000753,2018/11/30,BV-11245,一级,华东,江苏,办公用品,装订机,Avery,"Avery 装订机盖,0,7.00
A1000755,2018/11/30,CL-11890,二级,华东,浙江,家具,椅子,Hon,"Hon 摇椅,0,7.00
A1000757,2018/12/1,BO-11425,标准级,西南,云南,家具,用具,Rubbermaid,"Rubvermaid 门挡,0,7.00
A1000761,2018/12/2,JW-16075,二级,东北,辽宁,办公用品,器具,Hoover,"Hoover 咖啡研磨机,0,7.00
A1000761,2018/12/2,EB-13750,二级,东北,辽宁,办公用品,用品,Stiletto,"Stiletto 修剪器,0,7.00
A1000766,2018/12/6,AW-10840,标准级,中南,广东,家具,用具,Deflect-O,"Deflect-O 闹钟,0,7.00
A1000771,2018/12/8,SC-20095,当日,西南,贵州,办公用品,装订机,Acco,"Acco 装订机盖,0,7.00
A1000771,2018/12/8,SC-20095,当日,西南,贵州,办公用品,装订机,Ibico,"Ibico 打孔机,0,7.00
A1000774,2018/12/8,MC-18100,二级,东北,吉林,办公用品,纸张,Eaton,"Eaton 备忘录便条,0,7.00
A1000798,2018/12/15,JG-15160,标准级,华东,安徽,家具,用具,Deflect-O,"Deflect-O 分层置放架,0,7.00
A1000796,2018/12/15,CL-12565,标准级,华东,山东,家具,椅子,Harbour Creations,"Harbour Creations 沙滩椅,0,7.00
A1000800,2018/12/15,NW-18400,标准级,中南,河南,办公用品,标签,Avery,"Avery 运输标签,0,7.00
A1000813,2018/12/21,NS-18505,一级,西南,云南,家具,用具,Eldon,"Eldon 灯泡,0,7.00
A1000828,2018/12/24,SC-20725,标准级,华东,山东,家具,书架,Sauder,"Sauder 墙角架,0,7.00
A1000838,2018/12/28,AG-10675,标准级,华东,上海,办公用品,纸张,施乐,"施乐 备忘录便条,0,7.00
A1000879,2019/1/18,BT-11680,二级,华东,安徽,办公用品,收纳具,Eldon,"Eldon 盘,0,7.00
A1000887,2019/1/23,ND-18460,标准级,西南,重庆,家具,用具,Deflect-O,"Deflect-O 门挡,0,7.00
A1000900,2019/1/27,AC-10420,当日,华东,山东,办公用品,器具,Cuisinart,"Cuisinart 冰箱,0,7.00
A1000901,2019/1/27,GM-14440,标准级,中南,河南,办公用品,信封,Cameo,"Cameo 马尼拉纸信封,0,7.00
A1000903,2019/1/30,CH-12070,二级,华东,山东,家具,椅子,Office Star,"Office Star 椅垫,0,7.00
A1000916,2019/2/8,JO-15280,标准级,东北,黑龙江,办公用品,标签,Hon,"Hon 有色标签,0,7.00
A1000916,2019/2/8,RA-19945,标准级,东北,黑龙江,办公用品,装订机,Wilson Jones,"Wilson Jones 订书机,0,7.00
A1000935,2019/2/22,GM-14680,当日,东北,吉林,办公用品,器具,Hoover,"Hoover 搅拌机,0,7.00
A1000937,2019/2/22,NP-18685,标准级,华北,天津,家具,用具,Rubbermaid,"Rubvermaid 闹钟,0,7.00
A1000942,2019/2/24,AC-10615,一级,华东,山东,办公用品,纸张,Eaton,"Eaton 羊皮纸,0,7.00
A1000945,2019/2/27,AC-10615,标准级,西北,陕西,办公用品,信封,GlobeWeis,"GlobeWeis 邮寄品,0,7.00
A1000951,2019/3/1,RW-19690,当日,华东,安徽,办公用品,收纳具,Rogers,"Rogers 搁板,0,7.00
A1000957,2019/3/2,AS-10225,标准级,西南,云南,办公用品,装订机,Wilson Jones,"Wilson Jones 装订机,0,7.00
A1000961,2019/3/3,KT-16465,二级,华东,山东,办公用品,装订机,Wilson Jones,"Wilson Jones 孔加固材料,0,7.00
A1000980,2019/3/13,AM-10705,标准级,中南,湖南,办公用品,美术,Sanford,"Sanford 荧光笔,0,7.00
A1000988,2019/3/16,GP-14740,一级,西南,重庆,家具,书架,宜家,"宜家 搁架,0,7.00
A1000991,2019/3/19,SN-20560,标准级,东北,吉林,技术,配件,贝尔金,"贝尔金 记忆卡,0,7.00
A1000999,2019/3/22,TP-21130,二级,西北,甘肃,技术,复印机,惠普,"惠普 传真复印机,0,7.00
A1001004,2019/3/23,GG-14650,标准级,华北,内蒙古,办公用品,纸张,SanDisk,"SanDisk 信纸,0,7.00
A1001011,2019/3/27,MS-17365,标准级,华东,山东,办公用品,系固件,Stockwell,"Stockwell 按钉,0,7.00
A1001016,2019/3/31,MM-17260,标准级,华北,天津,办公用品,信封,Jiffy,"Jiffy 马尼拉纸信封,0,7.00
A1001016,2019/3/31,AW-10840,标准级,华北,天津,家具,用具,Advantus,"Advantus 框架,0,7.00
A1001018,2019/4/1,SN-20710,标准级,华东,安徽,技术,设备,冲电器,"冲电器 喷墨打印机,0,7.00
A1001025,2019/4/4,SG-20080,标准级,中南,广东,家具,用具,Advantus,"Advantus 门挡,0,7.00
A1001042,2019/4/13,WB-21850,标准级,东北,黑龙江,家具,椅子,Office Star,"Office Star 凳子,0,7.00
A1001049,2019/4/19,AF-10870,二级,东北,吉林,办公用品,信封,Kraft,"Kraft 外皮和封条,0,7.00
A1001053,2019/4/20,CS-11950,当日,中南,广东,家具,书架,Dania,"Dania 柜,0,7.00
A1001053,2019/4/20,LH-17155,当日,中南,广东,家具,用具,Eldon,"Eldon 分层置放架,0,7.00
A1001050,2019/4/20,HA-14920,标准级,中南,广东,办公用品,信封,Kraft,"Kraft 局间信封,0,7.00
A1001061,2019/4/26,CJ-12010,标准级,华北,山西,办公用品,装订机,Acco,"Acco 订书机,0,7.00
A1001078,2019/5/3,AW-10930,二级,东北,黑龙江,办公用品,美术,Sanford,"Sanford 铅笔刀,0,7.00
A1001081,2019/5/4,NS-18505,标准级,东北,吉林,办公用品,装订机,Cardinal,"Cardinal 装订机盖,0,7.00
A1001102,2019/5/11,BF-11005,标准级,华北,天津,办公用品,装订机,Ibico,"Ibico 订书机,0,7.00
A1001105,2019/5/12,JK-16120,标准级,中南,广东,办公用品,纸张,Enermax,"Enermax 备忘录便条,0,7.00
A1001143,2019/5/23,KC-16255,二级,中南,广西,办公用品,美术,Boston,"Boston 画布,0,7.00
A1001140,2019/5/23,KN-16705,二级,中南,广东,办公用品,装订机,Acco,"Acco 装订机盖,0,7.00
A1001153,2019/5/24,RW-19690,一级,东北,吉林,办公用品,收纳具,Smead,"Smead 盘,0,7.00
A1001150,2019/5/24,DC-13285,标准级,华东,安徽,办公用品,用品,Elite,"Elite 大剪刀,0,7.00
A1001161,2019/5/26,KL-16555,一级,东北,吉林,办公用品,纸张,Eaton,"Eaton 计划信息表,0,7.00
A1001180,2019/5/31,BE-11335,标准级,中南,湖南,办公用品,信封,Kraft,"Kraft 搭扣信封,0,7.00
A1001180,2019/5/31,TB-21595,标准级,中南,湖南,家具,用具,Tenex,"Tenex 灯泡,0,7.00
A1001193,2019/6/4,SW-20455,一级,东北,吉林,办公用品,收纳具,Eldon,"Eldon 盘,0,7.00
A1001198,2019/6/6,DB-13405,一级,中南,广西,办公用品,器具,Breville,"Breville 咖啡研磨机,0,7.00
A1001234,2019/6/15,DC-12850,二级,华东,浙江,家具,用具,Deflect-O,"Deflect-O 灯泡,0,7.00
A1001231,2019/6/15,LS-17200,标准级,华东,山东,办公用品,用品,Kleencut,"Kleencut 修剪器,0,7.00
A1001231,2019/6/15,MY-17380,标准级,华东,山东,家具,书架,Sauder,"Sauder 柜,0,7.00
A1001241,2019/6/18,TT-21220,当日,东北,黑龙江,办公用品,用品,Stiletto,"Stiletto 尺子,0,7.00
A1001247,2019/6/18,EM-13810,标准级,东北,黑龙江,办公用品,收纳具,Rogers,"Rogers 锁柜,0,7.00
A1001247,2019/6/18,KD-16615,标准级,东北,黑龙江,办公用品,美术,Boston,"Boston 画布,0,7.00
A1001256,2019/6/20,PF-19165,一级,华东,山东,办公用品,纸张,施乐,"施乐 计划信息表,0,7.00
A1001252,2019/6/20,HR-14830,标准级,西南,云南,办公用品,美术,Boston,"Boston 铅笔刀,0,7.00
A1001251,2019/6/20,SF-20200,标准级,东北,辽宁,办公用品,标签,Smead,"Smead 有色标签,0,7.00
A1001270,2019/6/26,SK-19990,二级,华东,山东,办公用品,器具,Hoover,"Hoover 搅拌机,0,7.00
A1001268,2019/6/26,EN-13780,一级,华北,河北,办公用品,系固件,Accos,"Accos 按钉,0,7.00
A1001272,2019/6/26,AG-10300,标准级,中南,广东,技术,配件,罗技,"罗技 记忆卡,0,7.00
A1001283,2019/6/28,MC-17635,标准级,华东,安徽,办公用品,装订机,Avery,"Avery 装订机,0,7.00
A1001298,2019/7/3,HG-15025,二级,西南,云南,办公用品,用品,Acme,"Acme 修剪器,0,7.00
A1001313,2019/7/9,AJ-10795,标准级,华东,安徽,家具,椅子,Safco,"SAFCO 折叠椅,0,7.00
A1001327,2019/7/17,DF-13135,标准级,东北,黑龙江,技术,设备,StarTech,"StarTech 喷墨打印机,0,7.00
A1001328,2019/7/18,EP-13915,标准级,东北,辽宁,办公用品,用品,Fiskars,"Fiskars 剪刀,0,7.00
A1001331,2019/7/19,EH-13945,二级,中南,广东,办公用品,收纳具,Tenex,"Tenex 盒,0,7.00
A1001335,2019/7/20,AP-10720,二级,西南,云南,办公用品,信封,Kraft,"Kraft 外皮和封条,0,7.00
A1001342,2019/7/26,NK-18490,二级,华东,江苏,家具,用具,Eldon,"Eldon 闹钟,0,7.00
A1001368,2019/8/6,IG-15085,二级,华东,安徽,办公用品,收纳具,Rogers,"Rogers 锁柜,0,7.00
A1001367,2019/8/6,GA-14725,标准级,中南,海南,技术,复印机,Hewlett,"Hewlett 传真机,0,7.00
A1001378,2019/8/8,BD-11620,标准级,西南,云南,办公用品,装订机,Wilson Jones,"Wilson Jones 标签,0,7.00
A1001393,2019/8/11,EM-13810,标准级,东北,辽宁,办公用品,标签,Hon,"Hon 有色标签,0,7.00
A1001392,2019/8/11,DJ-13510,标准级,中南,湖南,家具,椅子,Harbour Creations,"Harbour Creations 椅垫,0,7.00
A1001399,2019/8/13,RH-19495,一级,中南,河南,办公用品,装订机,Wilson Jones,"Wilson Jones 装订机盖,0,7.00
A1001407,2019/8/14,SD-20485,标准级,中南,海南,办公用品,收纳具,Rogers,"Rogers 盘,0,7.00
A1001426,2019/8/16,DB-12910,标准级,中南,广东,办公用品,收纳具,Smead,"Smead 搁板,0,7.00
A1001431,2019/8/20,RW-19630,二级,华东,上海,家具,椅子,Safco,"SAFCO 凳子,0,7.00
A1001435,2019/8/20,GT-14710,标准级,东北,吉林,技术,设备,爱普生,"爱普生 喷墨打印机,0,7.00
A1001467,2019/8/29,NW-18400,标准级,华北,河北,办公用品,纸张,Eaton,"Eaton 令,0,7.00
A1001474,2019/8/30,NW-18400,二级,东北,辽宁,家具,桌子,Chromcraft,"Chromcraft 木桌,0,7.00
A1001472,2019/8/30,VP-21730,标准级,东北,黑龙江,技术,设备,柯尼卡,"柯尼卡 收据打印机,0,7.00
A1001499,2019/9/7,BD-11605,二级,华东,安徽,办公用品,纸张,施乐,"施乐 备忘录便条,0,7.00
A1001497,2019/9/7,ZD-21925,标准级,华东,安徽,办公用品,收纳具,Fellowes,"Fellowes 搁板,0,7.00
A1001500,2019/9/7,NZ-18565,二级,西北,陕西,技术,配件,贝尔金,"贝尔金 路由器,0,7.00
A1001509,2019/9/10,HH-15010,标准级,中南,广东,办公用品,装订机,Wilson Jones,"Wilson Jones 孔加固材料,0,7.00
A1001516,2019/9/12,LR-16915,一级,华北,天津,办公用品,收纳具,Rogers,"Rogers 锁柜,0,7.00
A1001514,2019/9/12,JC-15340,标准级,中南,广东,办公用品,美术,Stanley,"Stanley 画布,0,7.00
A1001526,2019/9/14,DB-12910,标准级,中南,河南,家具,用具,Advantus,"Advantus 灯泡,0,7.00
A1001536,2019/9/18,EC-14050,一级,华东,浙江,办公用品,信封,Ames,"Ames 局间信封,0,7.00
A1001545,2019/9/20,MS-17770,二级,中南,广东,办公用品,系固件,Stockwell,"Stockwell 图钉,0,7.00
A1001555,2019/9/22,CC-12100,二级,西南,重庆,技术,复印机,Brother,"Brother 传真复印机,0,7.00
A1001563,2019/9/25,NF-18385,标准级,西南,四川,办公用品,纸张,施乐,"施乐 令,0,7.00
A1001588,2019/10/1,LA-16780,标准级,华东,上海,办公用品,纸张,SanDisk,"SanDisk 信纸,0,7.00
A1001587,2019/10/1,FH-14275,标准级,东北,辽宁,家具,椅子,Novimex,"Novimex 凳子,0,7.00
A1001593,2019/10/2,JP-15460,二级,华东,福建,技术,配件,贝尔金,"贝尔金 记忆卡,0,7.00
A1001601,2019/10/3,BN-11515,一级,东北,辽宁,办公用品,美术,BIC,"BIC 钢笔,0,7.00
A1001606,2019/10/5,DW-13195,一级,中南,广东,办公用品,标签,Smead,"Smead 有色标签,0,7.00
A1001605,2019/10/5,BP-11185,标准级,中南,湖南,办公用品,器具,Cuisinart,"Cuisinart 烤面包机,0,7.00
A1001610,2019/10/6,LB-16795,标准级,华东,山东,办公用品,信封,GlobeWeis,"GlobeWeis 马尼拉纸信封,0,7.00
A1001610,2019/10/6,TS-21205,标准级,华东,山东,办公用品,美术,Boston,"Boston 画布,0,7.00
A1001626,2019/10/9,RD-19585,当日,华北,内蒙古,家具,椅子,Office Star,"Office Star 扶手椅,0,7.00
A1001652,2019/10/16,TB-21055,标准级,中南,河南,家具,椅子,Office Star,"Office Star 凳子,0,7.00
A1001668,2019/10/22,SO-20335,一级,华东,上海,家具,书架,Safco,"Safco 书架,0,7.00
A1001706,2019/10/30,JO-15145,一级,华东,浙江,技术,配件,罗技,"罗技 键盘,0,7.00
A1001705,2019/10/30,LE-16810,标准级,华北,河北,办公用品,信封,Jiffy,"Jiffy 搭扣信封,0,7.00
A1001707,2019/10/31,KN-16705,二级,华北,山西,办公用品,信封,Ames,"Ames 马尼拉纸信封,0,7.00
A1001707,2019/10/31,AS-10090,二级,华北,山西,办公用品,装订机,Ibico,"Ibico 打孔机,0,7.00
A1001716,2019/11/1,EH-13765,一级,中南,湖北,家具,椅子,Office Star,"Office Star 沙滩椅,0,7.00
A1001716,2019/11/1,MH-17455,一级,中南,湖北,技术,配件,罗技,"罗技 路由器,0,7.00
A1001725,2019/11/3,KB-16240,标准级,华东,安徽,技术,复印机,佳能,"佳能 复印机,0,7.00
A1001739,2019/11/6,SC-20020,一级,中南,广西,技术,复印机,Hewlett,"Hewlett 传真复印机,0,7.00
A1001742,2019/11/7,HA-14920,二级,东北,辽宁,办公用品,器具,Hamilton Beach,"Hamilton Beach 微波炉,0,7.00
A1001786,2019/11/20,LC-17140,二级,中南,河南,办公用品,标签,Smead,"Smead 文件夹标签,0,7.00
A1001787,2019/11/21,RB-19330,标准级,华东,山东,家具,桌子,Chromcraft,"Chromcraft 培训桌,0,7.00
A1001821,2019/11/27,BT-11680,标准级,中南,河南,家具,书架,Bush,"Bush 书架,0,7.00
A1001831,2019/12/1,AC-10615,标准级,西南,四川,家具,椅子,Hon,"Hon 沙滩椅,0,7.00
A1001838,2019/12/3,JW-15955,标准级,东北,黑龙江,办公用品,收纳具,Smead,"Smead 盘,0,7.00
A1001852,2019/12/7,RA-19915,标准级,西南,云南,家具,桌子,Barricks,"Barricks 木桌,0,7.00
A1001861,2019/12/10,JG-15310,一级,中南,广东,办公用品,装订机,Acco,"Acco 装订机盖,0,7.00
A1001867,2019/12/11,FM-14215,二级,华东,安徽,办公用品,用品,Elite,"Elite 美工刀,0,7.00
A1001864,2019/12/11,JK-15370,标准级,华东,江苏,办公用品,系固件,OIC,"OIC 订书钉,0,7.00
A1001878,2019/12/13,KL-16555,标准级,华东,江苏,办公用品,系固件,Advantus,"Advantus 订书钉,0,7.00
A1001902,2019/12/21,MS-17980,标准级,中南,河南,办公用品,装订机,Ibico,"Ibico 订书机,0,7.00
A1001904,2019/12/22,GH-14410,标准级,东北,辽宁,技术,电话,摩托罗拉,"摩托罗拉 信号增强器,0,7.00
A1001944,2020/1/4,BN-11515,标准级,华北,河北,技术,复印机,佳能,"佳能 复印机,0,7.00
A1001984,2020/1/25,Dp-13240,一级,东北,黑龙江,办公用品,收纳具,Eldon,"Eldon 搁板,0,7.00
A1002032,2020/2/20,Dp-13240,标准级,中南,广东,技术,电话,三星,"三星 充电器,0,7.00
A1002038,2020/2/25,LH-16900,一级,华东,山东,办公用品,收纳具,Rogers,"Rogers 锁柜,0,7.00
A1002057,2020/3/4,MG-18145,二级,华东,山东,办公用品,系固件,Stockwell,"Stockwell 按钉,0,7.00
A1002091,2020/3/18,HK-14890,二级,华东,山东,办公用品,器具,Breville,"Breville 搅拌机,0,7.00
A1002090,2020/3/18,CJ-12010,标准级,西北,陕西,办公用品,装订机,Acco,"Acco 标签,0,7.00
A1002107,2020/3/22,SJ-20215,二级,华北,河北,办公用品,纸张,Eaton,"Eaton 羊皮纸,0,7.00
A1002141,2020/4/8,CA-11965,标准级,中南,湖南,办公用品,标签,Hon,"Hon 有色标签,0,7.00
A1002141,2020/4/8,ON-18715,标准级,中南,湖南,家具,椅子,Novimex,"Novimex 摇椅,0,7.00
A1002159,2020/4/12,KB-16315,一级,西南,重庆,办公用品,收纳具,Smead,"Smead 锁柜,0,7.00
A1002168,2020/4/16,DK-12895,标准级,华北,天津,办公用品,收纳具,Eldon,"Eldon 盒,0,7.00
A1002236,2020/5/8,DS-13030,标准级,华东,山东,家具,书架,Safco,"Safco 搁架,0,7.00
A1002264,2020/5/15,RB-19570,标准级,东北,黑龙江,办公用品,器具,KitchenAid,"KitchenAid 炉灶,0,7.00
A1002285,2020/5/21,RL-19615,当日,中南,广东,办公用品,装订机,Ibico,"Ibico 打孔机,0,7.00
A1002302,2020/5/24,NL-18310,一级,华北,河北,技术,电话,思科,"思科 信号增强器,0,7.00
A1002307,2020/5/24,BF-11170,标准级,中南,湖南,技术,配件,Memorex,"Memorex 键区,0,7.00
A1002344,2020/5/31,KH-16330,标准级,华北,北京,家具,用具,Advantus,"Advantus 框架,0,7.00
A1002380,2020/6/10,DJ-13420,一级,东北,辽宁,办公用品,收纳具,Tenex,"Tenex 搁板,0,7.00
A1002377,2020/6/10,DE-13255,标准级,西南,重庆,办公用品,收纳具,Rogers,"Rogers 盒,0,7.00
A1002402,2020/6/14,SG-20605,标准级,西南,重庆,技术,配件,SanDisk,"SanDisk 键区,0,7.00
A1002414,2020/6/17,IM-15070,标准级,中南,湖北,家具,椅子,Safco,"SAFCO 凳子,0,7.00
A1002410,2020/6/17,IM-15070,标准级,东北,黑龙江,技术,配件,贝尔金,"贝尔金 键盘,0,7.00
A1002417,2020/6/18,MH-17455,标准级,中南,广东,家具,书架,Safco,"Safco 墙角架,0,7.00
A1002455,2020/6/25,TT-21070,当日,华东,上海,家具,书架,Bush,"Bush 搁架,0,7.00
A1002465,2020/6/28,AC-10660,二级,东北,辽宁,办公用品,收纳具,Smead,"Smead 搁板,0,7.00
A1002471,2020/6/28,MS-17530,标准级,中南,河南,办公用品,收纳具,Tenex,"Tenex 锁柜,0,7.00
A1002471,2020/6/28,BH-11710,标准级,中南,河南,技术,设备,柯尼卡,"柯尼卡 喷墨打印机,0,7.00
A1002488,2020/7/5,LP-17095,二级,华东,安徽,办公用品,标签,Harbour Creations,"Harbour Creations 文件夹标签,0,7.00
A1002501,2020/7/12,BE-11455,二级,中南,广东,办公用品,信封,Ames,"Ames 搭扣信封,0,7.00
A1002504,2020/7/15,CL-12700,二级,西南,四川,办公用品,器具,Breville,"Breville 冰箱,0,7.00
A1002508,2020/7/17,AW-10930,二级,东北,辽宁,技术,复印机,惠普,"惠普 传真机,0,7.00
A1002534,2020/7/26,AI-10855,标准级,华东,山东,技术,配件,Enermax,"Enermax 闪存驱动器,0,7.00
A1002576,2020/8/7,EH-13765,一级,西北,青海,办公用品,标签,Hon,"Hon 有色标签,0,7.00
A1002571,2020/8/7,DM-13015,标准级,中南,湖南,技术,设备,松下,"松下 收据打印机,0,7.00
A1002584,2020/8/8,TS-21430,标准级,华东,福建,家具,椅子,Novimex,"Novimex 扶手椅,0,7.00
A1002623,2020/8/16,CM-12445,标准级,中南,河南,办公用品,标签,Novimex,"Novimex 有色标签,0,7.00
A1002643,2020/8/21,MH-18115,标准级,华北,山西,办公用品,信封,Jiffy,"Jiffy 局间信封,0,7.00
A1002657,2020/8/22,AG-10675,标准级,华东,山东,办公用品,系固件,Accos,"Accos 按钉,0,7.00
A1002657,2020/8/22,Dl-13600,标准级,华东,山东,技术,配件,Memorex,"Memorex 鼠标,0,7.00
A1002656,2020/8/22,BO-11350,标准级,华东,安徽,办公用品,系固件,Stockwell,"Stockwell 按钉,0,7.00
A1002672,2020/8/27,DJ-13510,二级,华北,内蒙古,家具,书架,Safco,"Safco 墙角架,0,7.00
A1002690,2020/8/30,DV-13465,标准级,西南,云南,办公用品,用品,Fiskars,"Fiskars 剪刀,0,7.00
A1002702,2020/9/3,NH-18610,二级,华东,山东,家具,椅子,Office Star,"Office Star 凳子,0,7.00
A1002756,2020/9/13,DB-13210,标准级,华东,山东,技术,电话,三星,"三星 音频基座,0,7.00
A1002785,2020/9/19,CK-12595,标准级,华东,福建,家具,书架,Bush,"Bush 墙角架,0,7.00
A1002804,2020/9/23,EA-14035,标准级,华东,山东,办公用品,器具,Hoover,"Hoover 搅拌机,0,7.00
A1002807,2020/9/24,VP-21730,标准级,中南,河南,办公用品,收纳具,Smead,"Smead 搁板,0,7.00
A1002825,2020/9/28,PP-18955,标准级,西北,甘肃,家具,书架,Dania,"Dania 搁架,0,7.00
A1002845,2020/10/2,AH-10120,二级,东北,黑龙江,办公用品,收纳具,Rogers,"Rogers 锁柜,0,7.00
A1002846,2020/10/3,TG-21640,一级,中南,广东,家具,椅子,Harbour Creations,"Harbour Creations 折叠椅,0,7.00
A1002874,2020/10/8,BM-11650,标准级,华东,福建,办公用品,信封,Cameo,"Cameo 搭扣信封,0,7.00
A1002891,2020/10/11,SS-20410,标准级,中南,湖南,技术,配件,贝尔金,"贝尔金 闪存驱动器,0,7.00
A1002943,2020/10/23,CM-12235,标准级,中南,广东,技术,电话,三星,"三星 信号增强器,0,7.00
A1002948,2020/10/24,EH-14005,标准级,东北,吉林,办公用品,收纳具,Eldon,"Eldon 锁柜,0,7.00
A1002967,2020/10/29,KD-16495,标准级,华东,上海,办公用品,纸张,Eaton,"Eaton 计划信息表,0,7.00
A1002974,2020/10/30,GD-14590,二级,华东,山东,办公用品,美术,BIC,"BIC 画布,0,7.00
A1002976,2020/10/30,DB-13555,标准级,东北,黑龙江,办公用品,美术,Boston,"Boston 记号笔,0,7.00
A1002972,2020/10/30,RL-19615,标准级,东北,吉林,办公用品,美术,Stanley,"Stanley 记号笔,0,7.00
A1002986,2020/11/1,DK-13225,标准级,华东,山东,办公用品,美术,Binney & Smith,"Binney & Smith 速写本,0,7.00
A1002995,2020/11/4,JS-16030,标准级,西南,重庆,技术,电话,三星,"三星 充电器,0,7.00
A1003005,2020/11/7,SH-19975,标准级,中南,河南,技术,设备,松下,"松下 打印机,0,7.00
A1003034,2020/11/13,NZ-18565,标准级,华东,山东,家具,桌子,Chromcraft,"Chromcraft 会议桌,0,7.00
A1003043,2020/11/14,SV-20365,标准级,中南,广东,技术,设备,StarTech,"StarTech 收据打印机,0,7.00
A1003056,2020/11/16,Dp-13240,一级,东北,吉林,办公用品,系固件,OIC,"OIC 图钉,0,7.00
A1003060,2020/11/18,CM-12655,标准级,中南,广东,办公用品,收纳具,Eldon,"Eldon 锁柜,0,7.00
A1003067,2020/11/19,AH-10030,二级,中南,湖南,办公用品,用品,Fiskars,"Fiskars 尺子,0,7.00
A1003070,2020/11/19,JF-15190,标准级,中南,河南,家具,用具,Advantus,"Advantus 分层置放架,0,7.00
A1003075,2020/11/20,RD-19585,标准级,中南,湖南,技术,电话,摩托罗拉,"摩托罗拉 音频基座,0,7.00
A1003084,2020/11/21,MC-17605,标准级,华北,内蒙古,办公用品,器具,KitchenAid,"KitchenAid 炉灶,0,7.00
A1003091,2020/11/22,GB-14575,一级,中南,湖南,办公用品,标签,Novimex,"Novimex 圆形标签,0,7.00
A1003094,2020/11/22,MH-17785,标准级,华东,山东,办公用品,收纳具,Eldon,"Eldon 盘,0,7.00
A1003104,2020/11/25,JF-15490,标准级,西南,四川,技术,复印机,惠普,"惠普 个人复印机,0,7.00
A1003168,2020/12/6,DS-13030,标准级,东北,吉林,技术,复印机,Hewlett,"Hewlett 传真复印机,0,7.00
A1003192,2020/12/16,HW-14935,二级,华东,福建,家具,椅子,Safco,"SAFCO 折叠椅,0,7.00
A1003245,2020/12/30,RD-19480,标准级,西北,甘肃,办公用品,信封,Kraft,"Kraft 搭扣信封,0,7.00
A1003286,2021/1/13,RA-19945,标准级,华北,河北,技术,电话,诺基亚,"诺基亚 智能手机,0,7.00
A1003379,2021/2/12,IM-15055,二级,中南,湖南,家具,书架,Bush,"Bush 书库,0,7.00
A1003384,2021/2/14,LW-16825,标准级,中南,湖南,家具,用具,Tenex,"Tenex 框架,0,7.00
A1003405,2021/2/22,FC-14335,标准级,中南,广东,办公用品,信封,Ames,"Ames 商业信封,0,7.00
A1003406,2021/2/24,JO-15145,一级,西北,陕西,家具,书架,Bush,"Bush 柜,0,7.00
A1003415,2021/2/26,SG-20080,标准级,中南,湖南,办公用品,纸张,Green Bar,"Green Bar 羊皮纸,0,7.00
A1003426,2021/3/2,BN-11470,标准级,中南,广东,办公用品,信封,Cameo,"Cameo 邮寄品,0,7.00
A1003470,2021/3/16,KN-16390,标准级,华东,安徽,家具,桌子,Hon,"Hon 木桌,0,7.00
A1003488,2021/3/21,NM-18445,标准级,华东,安徽,家具,书架,Dania,"Dania 书架,0,7.00
A1003507,2021/3/27,AR-10825,标准级,华东,江苏,办公用品,装订机,Ibico,"Ibico 标签,0,7.00
A1003526,2021/4/1,TT-21460,标准级,中南,湖南,办公用品,装订机,Acco,"Acco 订书机,0,7.00
A1003534,2021/4/3,CB-12415,标准级,华北,内蒙古,办公用品,用品,Acme,"Acme 尺子,0,7.00
A1003546,2021/4/7,MS-17770,标准级,东北,黑龙江,办公用品,装订机,Cardinal,"Cardinal 孔加固材料,0,7.00
A1003556,2021/4/10,ED-13885,标准级,中南,湖南,办公用品,器具,Cuisinart,"Cuisinart 烤面包机,0,7.00
A1003558,2021/4/11,DW-13480,一级,华东,山东,办公用品,美术,BIC,"BIC 钢笔,0,7.00
A1003560,2021/4/13,MG-17890,标准级,中南,广西,办公用品,收纳具,Tenex,"Tenex 文件夹,0,7.00
A1003590,2021/4/25,AW-10930,标准级,东北,辽宁,家具,书架,Safco,"Safco 墙角架,0,7.00
A1003607,2021/4/29,CB-12415,标准级,中南,广东,办公用品,用品,Kleencut,"Kleencut 剪刀,0,7.00
A1003636,2021/5/6,AR-10345,二级,华东,安徽,办公用品,标签,Smead,"Smead 可去除的标签,0,7.00
A1003638,2021/5/6,JF-15295,标准级,中南,广东,办公用品,纸张,SanDisk,"SanDisk 计划信息表,0,7.00
A1003650,2021/5/7,LT-16765,标准级,东北,黑龙江,办公用品,收纳具,Tenex,"Tenex 盒,0,7.00
A1003663,2021/5/11,MH-17440,一级,西南,重庆,技术,复印机,夏普,"夏普 传真复印机,0,7.00
A1003669,2021/5/11,VP-21760,标准级,中南,广东,办公用品,纸张,Green Bar,"Green Bar 信纸,0,7.00
A1003681,2021/5/12,SJ-20125,标准级,东北,黑龙江,办公用品,装订机,Ibico,"Ibico 孔加固材料,0,7.00
A1003677,2021/5/12,KH-16360,标准级,华东,山东,技术,设备,松下,"松下 电话,0,7.00
A1003674,2021/5/12,LL-16840,标准级,中南,广东,家具,椅子,Harbour Creations,"Harbour Creations 扶手椅,0,7.00
A1003682,2021/5/12,LP-17095,标准级,华东,上海,技术,电话,三星,"三星 充电器,0,7.00
A1003691,2021/5/13,AA-10315,标准级,华东,山东,办公用品,标签,Hon,"Hon 合法证物标签,0,7.00
A1003688,2021/5/13,ME-17320,标准级,华东,福建,技术,配件,Enermax,"Enermax 记忆卡,0,7.00
A1003701,2021/5/14,PM-19135,标准级,西南,云南,技术,复印机,佳能,"佳能 墨水,0,7.00
A1003711,2021/5/15,TC-21295,二级,华东,福建,办公用品,用品,Fiskars,"Fiskars 尺子,0,7.00
A1003712,2021/5/16,CL-12565,二级,中南,广东,技术,设备,爱普生,"爱普生 卡片打印机,0,7.00
A1003729,2021/5/19,CM-12715,二级,东北,黑龙江,办公用品,用品,Kleencut,"Kleencut 美工刀,0,7.00
A1003724,2021/5/19,KH-16330,标准级,中南,湖南,办公用品,美术,Stanley,"Stanley 钢笔,0,7.00
A1003727,2021/5/19,AF-10885,标准级,华北,河北,技术,设备,StarTech,"StarTech 喷墨打印机,0,7.00
A1003745,2021/5/21,AT-10735,二级,中南,广西,家具,书架,Safco,"Safco 古典书架,0,7.00
A1003749,2021/5/21,DB-13210,标准级,中南,广东,办公用品,用品,Acme,"Acme 尺子,0,7.00
A1003759,2021/5/23,CM-12235,标准级,中南,广东,办公用品,系固件,OIC,"OIC 图钉,0,7.00
A1003765,2021/5/25,MP-17470,标准级,中南,湖北,家具,书架,Bush,"Bush 古典书架,0,7.00
A1003802,2021/5/30,BF-11170,一级,华北,天津,办公用品,装订机,Ibico,"Ibico 订书机,0,7.00
A1003813,2021/6/2,JM-15250,标准级,中南,广东,办公用品,收纳具,Fellowes,"Fellowes 锁柜,0,7.00
A1003841,2021/6/6,BB-11545,一级,东北,辽宁,家具,椅子,Office Star,"Office Star 折叠椅,0,7.00
A1003858,2021/6/9,BW-11065,标准级,中南,海南,办公用品,美术,BIC,"BIC 速写本,0,7.00
A1003861,2021/6/10,DK-13090,二级,华北,北京,办公用品,装订机,Cardinal,"Cardinal 装订机,0,7.00
A1003859,2021/6/10,GW-14605,标准级,西南,重庆,技术,配件,SanDisk,"SanDisk 键区,0,7.00
A1003878,2021/6/13,TS-21205,标准级,华北,北京,办公用品,标签,Novimex,"Novimex 可去除的标签,0,7.00
A1003929,2021/6/20,JS-15685,二级,华北,山西,办公用品,器具,KitchenAid,"KitchenAid 烤面包机,0,7.00
A1003972,2021/6/27,CM-11815,一级,华东,山东,家具,椅子,Office Star,"Office Star 折叠椅,0,7.00
A1003977,2021/6/29,CB-12025,二级,东北,黑龙江,技术,复印机,Brother,"Brother 传真复印机,0,7.00
A1003978,2021/6/29,CB-12025,标准级,中南,河南,办公用品,器具,Hoover,"Hoover 炉灶,0,7.00
A1003980,2021/6/30,LW-17215,一级,华东,安徽,办公用品,纸张,施乐,"施乐 计划信息表,0,7.00
A1003981,2021/6/30,JM-15250,标准级,西北,青海,办公用品,标签,Smead,"Smead 可去除的标签,0,7.00
A1003986,2021/7/1,JM-15250,一级,华北,河北,办公用品,纸张,Green Bar,"Green Bar 令,0,7.00
A1004024,2021/7/15,AZ-10750,标准级,华北,内蒙古,技术,电话,思科,"思科 充电器,0,7.00
A1004063,2021/7/26,BG-11035,二级,东北,黑龙江,家具,椅子,Office Star,"Office Star 凳子,0,7.00
A1004065,2021/7/27,ML-17395,标准级,华北,天津,办公用品,装订机,Cardinal,"Cardinal 装订机,0,7.00
A1004077,2021/7/31,CJ-12010,二级,东北,吉林,办公用品,信封,Kraft,"Kraft 搭扣信封,0,7.00
A1004105,2021/8/4,DB-13360,二级,华东,山东,办公用品,美术,Sanford,"Sanford 钢笔,0,7.00
A1004107,2021/8/4,LC-16885,标准级,华东,浙江,办公用品,标签,Avery,"Avery 文件夹标签,0,7.00
A1004117,2021/8/5,RS-19765,当日,中南,湖南,办公用品,装订机,Acco,"Acco 装订机盖,0,7.00
A1004133,2021/8/8,XP-21865,标准级,东北,黑龙江,办公用品,装订机,Cardinal,"Cardinal 打孔机,0,7.00
A1004136,2021/8/10,SZ-20035,二级,中南,河南,办公用品,信封,Cameo,"Cameo 外皮和封条,0,7.00
A1004141,2021/8/10,LR-17035,标准级,西北,陕西,办公用品,标签,Harbour Creations,"Harbour Creations 合法证物标签,0,7.00
A1004142,2021/8/10,SV-20365,标准级,华东,上海,办公用品,纸张,Green Bar,"Green Bar 羊皮纸,0,7.00
A1004242,2021/8/29,MC-17425,标准级,华东,山东,办公用品,纸张,SanDisk,"SanDisk 备忘录便条,0,7.00
A1004266,2021/9/4,CA-12310,一级,西南,贵州,家具,书架,宜家,"宜家 柜,0,7.00
A1004285,2021/9/8,FM-14380,一级,华东,江西,办公用品,器具,Hamilton Beach,"Hamilton Beach 冰箱,0,7.00
A1004284,2021/9/8,SV-20935,标准级,西南,贵州,家具,椅子,Office Star,"Office Star 摇椅,0,7.00
A1004278,2021/9/8,NS-18640,标准级,华北,天津,家具,用具,Eldon,"Eldon 框架,0,7.00
A1004296,2021/9/10,ED-13885,当日,华北,河北,家具,书架,Safco,"Safco 书库,0,7.00
A1004299,2021/9/11,JD-15895,二级,中南,广东,办公用品,系固件,Accos,"Accos 回形针,0,7.00
A1004310,2021/9/14,TS-21430,二级,中南,广西,办公用品,标签,Harbour Creations,"Harbour Creations 圆形标签,0,7.00
A1004310,2021/9/14,BM-11650,二级,中南,广西,技术,设备,松下,"松下 打印机,0,7.00
A1004360,2021/9/19,DO-13435,二级,东北,吉林,技术,配件,SanDisk,"SanDisk 键盘,0,7.00
A1004362,2021/9/19,MC-17590,标准级,中南,湖南,家具,椅子,Office Star,"Office Star 椅垫,0,7.00
A1004371,2021/9/22,DK-13090,标准级,中南,河南,家具,用具,Advantus,"Advantus 灯泡,0,7.00
A1004377,2021/9/24,VP-21760,标准级,华北,河北,技术,设备,松下,"松下 收据打印机,0,7.00
A1004391,2021/9/26,FO-14305,标准级,华北,河北,家具,椅子,Hon,"Hon 摇椅,0,7.00
A1004443,2021/10/6,RO-19780,二级,中南,广东,技术,配件,SanDisk,"SanDisk 闪存驱动器,0,7.00
A1004447,2021/10/7,MV-17485,标准级,华东,山东,技术,电话,诺基亚,"诺基亚 耳机,0,7.00
A1004458,2021/10/9,NB-18655,标准级,华北,河北,家具,桌子,Barricks,"Barricks 会议桌,0,7.00
A1004470,2021/10/12,JL-15130,标准级,中南,河南,办公用品,信封,Kraft,"Kraft 马尼拉纸信封,0,7.00
A1004490,2021/10/14,CS-12250,标准级,华东,福建,办公用品,用品,Kleencut,"Kleencut 大剪刀,0,7.00
A1004500,2021/10/16,LR-17035,标准级,华东,江西,办公用品,用品,Stiletto,"Stiletto 剪刀,0,7.00
A1004508,2021/10/17,AB-10105,标准级,中南,广东,家具,书架,Dania,"Dania 搁架,0,7.00
A1004579,2021/10/29,LR-16915,标准级,东北,吉林,技术,电话,诺基亚,"诺基亚 充电器,0,7.00
A1004604,2021/11/3,FC-14335,标准级,东北,辽宁,办公用品,用品,Fiskars,"Fiskars 大剪刀,0,7.00
A1004643,2021/11/10,JD-15895,标准级,华东,山东,家具,桌子,Hon,"Hon 圆桌,0,7.00
A1004779,2021/12/4,EB-13705,标准级,中南,湖南,办公用品,系固件,Stockwell,"Stockwell 图钉,0,7.00
A1004923,2021/12/30,AG-10525,二级,中南,广东,家具,用具,Tenex,"Tenex 门挡,0,7.00
A1000350,2018/7/2,RS-19765,一级,华北,山西,技术,配件,SanDisk,"SanDisk 记忆卡,0,6.00
A1000366,2018/7/12,SS-20875,一级,华东,山东,办公用品,纸张,Eaton,"Eaton 计划信息表,0,6.00
A1000371,2018/7/18,LH-17020,标准级,华北,北京,家具,椅子,Novimex,"Novimex 沙滩椅,0,6.00
A1000391,2018/8/1,MC-18130,二级,东北,辽宁,技术,复印机,夏普,"夏普 复印机,0,6.00
A1000413,2018/8/9,EM-14095,标准级,西南,云南,技术,设备,冲电器,"冲电器 收据打印机,0,6.00
A1000416,2018/8/9,EM-14095,标准级,东北,黑龙江,办公用品,装订机,Avery,"Avery 装订机盖,0,6.00
A1000442,2018/8/17,EL-13735,二级,东北,辽宁,技术,配件,罗技,"罗技 鼠标,0,6.00
A1000445,2018/8/18,TH-21550,二级,中南,广东,办公用品,系固件,Accos,"Accos 夹子,0,6.00
A1000513,2018/9/14,LA-16780,当日,华东,山东,办公用品,收纳具,Tenex,"Tenex 文件车,0,6.00
A1000513,2018/9/14,LA-16780,当日,华东,山东,办公用品,系固件,Stockwell,"Stockwell 图钉,0,6.00
A1000510,2018/9/14,AG-10390,二级,西南,重庆,家具,用具,Rubbermaid,"Rubvermaid 门挡,0,6.00
A1000511,2018/9/14,JJ-15445,标准级,华东,上海,技术,复印机,夏普,"夏普 传真复印机,0,6.00
A1000518,2018/9/15,DG-13300,标准级,东北,吉林,办公用品,用品,Kleencut,"Kleencut 剪刀,0,6.00
A1000525,2018/9/20,FO-14305,标准级,中南,广东,办公用品,收纳具,Tenex,"Tenex 盘,0,6.00
A1000533,2018/9/21,DW-13540,一级,华东,浙江,家具,椅子,Novimex,"Novimex 凳子,0,6.00
A1000541,2018/9/23,PS-19045,标准级,中南,广东,办公用品,收纳具,Eldon,"Eldon 锁柜,0,6.00
A1000556,2018/9/27,FH-14275,标准级,华东,安徽,办公用品,系固件,Stockwell,"Stockwell 按钉,0,6.00
A1000553,2018/9/27,FH-14275,二级,华东,江西,家具,椅子,Harbour Creations,"Harbour Creations 折叠椅,0,6.00
A1000572,2018/10/3,AP-10720,二级,中南,海南,办公用品,收纳具,Rogers,"Rogers 搁板,0,6.00
A1000583,2018/10/6,LH-16750,标准级,华北,天津,办公用品,纸张,Green Bar,"Green Bar 备忘录便条,0,6.00
A1000594,2018/10/8,SP-20620,标准级,东北,辽宁,办公用品,标签,Avery,"Avery 合法证物标签,0,6.00
A1000596,2018/10/10,BM-11140,一级,东北,辽宁,技术,复印机,夏普,"夏普 传真机,0,6.00
A1000610,2018/10/14,MH-18115,标准级,中南,河南,办公用品,收纳具,Fellowes,"Fellowes 盘,0,6.00
A1000620,2018/10/18,PF-19225,标准级,华东,山东,办公用品,器具,Breville,"Breville 炉灶,0,6.00
A1000623,2018/10/19,MS-17710,标准级,华东,安徽,技术,配件,Memorex,"Memorex 路由器,0,6.00
A1000629,2018/10/21,TB-21355,标准级,华北,河北,办公用品,器具,Breville,"Breville 搅拌机,0,6.00
A1000636,2018/10/24,EB-13975,标准级,中南,湖北,办公用品,收纳具,Tenex,"Tenex 锁柜,0,6.00
A1000638,2018/10/24,LC-17140,标准级,华北,内蒙古,家具,用具,Rubbermaid,"Rubvermaid 相框,0,6.00
A1000644,2018/10/26,RC-19825,标准级,东北,辽宁,家具,椅子,Hon,"Hon 凳子,0,6.00
A1000657,2018/11/1,BN-11515,标准级,华北,河北,办公用品,美术,Sanford,"Sanford 速写本,0,6.00
A1000659,2018/11/1,BN-11515,标准级,中南,广东,技术,电话,三星,"三星 智能手机,0,6.00
A1000668,2018/11/4,KT-16465,当日,东北,吉林,技术,配件,Memorex,"Memorex 鼠标,0,6.00
A1000673,2018/11/7,MG-17890,一级,中南,广东,办公用品,系固件,OIC,"OIC 图钉,0,6.00
A1000674,2018/11/7,VD-21670,标准级,华东,山东,办公用品,标签,Harbour Creations,"Harbour Creations 文件夹标签,0,6.00
A1000672,2018/11/7,JK-16120,标准级,华北,内蒙古,办公用品,美术,Stanley,"Stanley 荧光笔,0,6.00
A1000682,2018/11/9,CK-12760,二级,西北,新疆,办公用品,用品,Fiskars,"Fiskars 剪刀,0,6.00
A1000681,2018/11/9,NC-18340,标准级,华东,浙江,办公用品,器具,Cuisinart,"Cuisinart 炉灶,0,6.00
A1000686,2018/11/10,NC-18340,一级,中南,湖北,办公用品,信封,Jiffy,"Jiffy 商业信封,0,6.00
A1000685,2018/11/10,SD-20485,一级,中南,河南,办公用品,标签,Novimex,"Novimex 有色标签,0,6.00
A1000690,2018/11/11,SD-20485,当日,华北,河北,办公用品,标签,Hon,"Hon 运输标签,0,6.00
A1000703,2018/11/16,MM-17920,标准级,华东,江苏,办公用品,收纳具,Tenex,"Tenex 文件夹,0,6.00
A1000707,2018/11/17,TS-21160,标准级,西南,四川,办公用品,收纳具,Eldon,"Eldon 搁板,0,6.00
A1000707,2018/11/17,TS-21085,标准级,西南,四川,办公用品,收纳具,Rogers,"Rogers 盘,0,6.00
A1000706,2018/11/17,MC-17425,标准级,中南,湖南,办公用品,标签,Hon,"Hon 有色标签,0,6.00
A1000719,2018/11/21,DK-12835,标准级,中南,广西,家具,椅子,Safco,"SAFCO 摇椅,0,6.00
A1000737,2018/11/25,NG-18430,当日,中南,广东,技术,复印机,夏普,"夏普 墨水,0,6.00
A1000737,2018/11/25,NG-18430,当日,中南,广东,技术,复印机,夏普,"夏普 复印机,0,6.00
A1000741,2018/11/28,RA-19915,一级,华东,安徽,办公用品,信封,Jiffy,"Jiffy 马尼拉纸信封,0,6.00
A1000757,2018/12/1,ME-17320,标准级,西南,云南,办公用品,美术,Binney & Smith,"Binney & Smith 记号笔,0,6.00
A1000790,2018/12/13,YS-21880,当日,东北,吉林,技术,复印机,夏普,"夏普 个人复印机,0,6.00
A1000792,2018/12/14,JC-15385,标准级,中南,湖南,办公用品,美术,Stanley,"Stanley 速写本,0,6.00
A1000801,2018/12/16,TB-21280,当日,东北,辽宁,办公用品,标签,Avery,"Avery 文件夹标签,0,6.00
A1000834,2018/12/27,JK-15370,标准级,华东,山东,办公用品,信封,Cameo,"Cameo 马尼拉纸信封,0,6.00
A1000842,2018/12/30,MC-18100,二级,华北,河北,办公用品,收纳具,Tenex,"Tenex 锁柜,0,6.00
A1000844,2018/12/30,MC-18100,一级,华东,福建,办公用品,装订机,Ibico,"Ibico 孔加固材料,0,6.00
A1000872,2019/1/14,JF-15565,标准级,中南,河南,办公用品,美术,Binney & Smith,"Binney & Smith 速写本,0,6.00
A1000887,2019/1/23,SA-20830,标准级,西南,重庆,办公用品,标签,Avery,"Avery 圆形标签,0,6.00
A1000900,2019/1/27,GM-14440,当日,华东,山东,技术,复印机,夏普,"夏普 复印机,0,6.00
A1000904,2019/1/30,CC-12145,二级,东北,辽宁,办公用品,装订机,Wilson Jones,"Wilson Jones 孔加固材料,0,6.00
A1000911,2019/2/2,LF-17185,标准级,东北,吉林,办公用品,收纳具,Fellowes,"Fellowes 盘,0,6.00
A1000908,2019/2/2,EH-14005,标准级,中南,广东,技术,复印机,夏普,"夏普 复印机,0,6.00
A1000912,2019/2/3,TB-21520,标准级,华东,山东,技术,配件,Memorex,"Memorex 鼠标,0,6.00
A1000913,2019/2/4,DK-13225,标准级,中南,广西,家具,椅子,Hon,"Hon 扶手椅,0,6.00
A1000915,2019/2/7,JP-15520,二级,华东,福建,家具,用具,Advantus,"Advantus 灯泡,0,6.00
A1000933,2019/2/21,SC-20230,标准级,中南,广东,技术,复印机,Hewlett,"Hewlett 复印机,0,6.00
A1000939,2019/2/22,VM-21685,一级,华东,江苏,家具,桌子,Chromcraft,"Chromcraft 电脑桌,0,6.00
A1000937,2019/2/22,LW-16990,标准级,华北,天津,家具,椅子,Safco,"SAFCO 椅垫,0,6.00
A1000938,2019/2/22,JE-15715,标准级,华北,河北,技术,电话,苹果,"苹果 音频基座,0,6.00
A1000943,2019/2/24,AC-10615,标准级,东北,黑龙江,办公用品,纸张,SanDisk,"SanDisk 笔记本,0,6.00
A1000946,2019/2/28,RW-19690,二级,中南,广东,技术,复印机,夏普,"夏普 传真机,0,6.00
A1000955,2019/3/1,RW-19690,当日,中南,河南,办公用品,收纳具,Eldon,"Eldon 文件车,0,6.00
A1000958,2019/3/2,AS-10225,一级,华北,内蒙古,办公用品,系固件,Stockwell,"Stockwell 回形针,0,6.00
A1000980,2019/3/13,BK-11260,标准级,中南,湖南,家具,用具,Advantus,"Advantus 闹钟,0,6.00
A1001002,2019/3/22,GG-14650,标准级,东北,吉林,办公用品,器具,KitchenAid,"KitchenAid 微波炉,0,6.00
A1001008,2019/3/26,BF-11080,标准级,华北,河北,办公用品,用品,Kleencut,"Kleencut 开信刀,0,6.00
A1001012,2019/3/28,IM-15070,标准级,华东,安徽,办公用品,系固件,Advantus,"Advantus 订书钉,0,6.00
A1001018,2019/4/1,SF-20065,标准级,华东,安徽,办公用品,系固件,Stockwell,"Stockwell 图钉,0,6.00
A1001030,2019/4/7,SG-20080,二级,华东,上海,办公用品,美术,Stanley,"Stanley 荧光笔,0,6.00
A1001032,2019/4/9,SW-20245,一级,中南,广西,办公用品,器具,Cuisinart,"Cuisinart 冰箱,0,6.00
A1001035,2019/4/10,EH-14005,一级,华北,天津,技术,配件,罗技,"罗技 键盘,0,6.00
A1001046,2019/4/17,CB-12415,二级,中南,湖北,家具,书架,Bush,"Bush 书库,0,6.00
A1001049,2019/4/19,LB-16735,二级,东北,吉林,技术,电话,诺基亚,"诺基亚 信号增强器,0,6.00
A1001053,2019/4/20,DV-13465,当日,中南,广东,办公用品,纸张,Enermax,"Enermax 计划信息表,0,6.00
A1001051,2019/4/20,HA-14920,一级,中南,湖北,家具,用具,Tenex,"Tenex 门挡,0,6.00
A1001060,2019/4/25,PB-18805,一级,西南,重庆,办公用品,器具,Hamilton Beach,"Hamilton Beach 搅拌机,0,6.00
A1001068,2019/5/1,AP-10915,一级,华东,山东,技术,设备,StarTech,"StarTech 喷墨打印机,0,6.00
A1001067,2019/5/1,AP-10915,标准级,东北,黑龙江,办公用品,标签,Smead,"Smead 可去除的标签,0,6.00
A1001077,2019/5/3,AW-10930,标准级,华东,上海,家具,椅子,Safco,"SAFCO 折叠椅,0,6.00
A1001097,2019/5/10,BF-11005,标准级,西南,四川,办公用品,标签,Hon,"Hon 有色标签,0,6.00
A1001101,2019/5/11,JM-16195,标准级,华北,内蒙古,家具,书架,Sauder,"Sauder 书库,0,6.00
A1001113,2019/5/15,TS-21610,标准级,东北,黑龙江,办公用品,收纳具,Tenex,"Tenex 盒,0,6.00
A1001117,2019/5/16,JL-15850,标准级,华东,江苏,办公用品,标签,Hon,"Hon 可去除的标签,0,6.00
A1001124,2019/5/17,SF-20200,标准级,西北,陕西,办公用品,器具,Breville,"Breville 炉灶,0,6.00
A1001125,2019/5/17,FM-14215,标准级,华东,山东,办公用品,装订机,Acco,"Acco 装订机,0,6.00
A1001133,2019/5/21,BC-11125,标准级,东北,吉林,家具,用具,Eldon,"Eldon 灯泡,0,6.00
A1001157,2019/5/25,CP-12340,二级,华东,上海,家具,用具,Tenex,"Tenex 闹钟,0,6.00
A1001161,2019/5/26,BF-11020,一级,东北,吉林,家具,用具,Rubbermaid,"Rubvermaid 闹钟,0,6.00
A1001165,2019/5/28,BE-11455,二级,中南,河南,办公用品,标签,Hon,"Hon 有色标签,0,6.00
A1001174,2019/5/30,SB-20290,当日,中南,广西,办公用品,用品,Kleencut,"Kleencut 修剪器,0,6.00
A1001179,2019/5/31,MG-18145,一级,中南,湖南,技术,配件,Memorex,"Memorex 鼠标,0,6.00
A1001182,2019/6/1,MZ-17515,标准级,中南,广西,家具,书架,Sauder,"Sauder 古典书架,0,6.00
A1001184,2019/6/1,JH-15910,标准级,华北,天津,办公用品,美术,BIC,"BIC 记号笔,0,6.00
A1001190,2019/6/2,PW-19240,二级,西北,甘肃,技术,复印机,佳能,"佳能 无线传真机,0,6.00
A1001215,2019/6/11,MK-18160,标准级,东北,黑龙江,办公用品,器具,Breville,"Breville 炉灶,0,6.00
A1001218,2019/6/12,KN-16705,标准级,中南,广东,技术,复印机,佳能,"佳能 复印机,0,6.00
A1001223,2019/6/13,KN-16705,标准级,东北,吉林,技术,电话,苹果,"苹果 信号增强器,0,6.00
A1001226,2019/6/14,TB-21250,当日,中南,湖北,办公用品,信封,Kraft,"Kraft 马尼拉纸信封,0,6.00
A1001233,2019/6/15,DB-12910,标准级,中南,河南,办公用品,收纳具,Fellowes,"Fellowes 盘,0,6.00
A1001245,2019/6/18,JM-15865,标准级,华东,安徽,办公用品,装订机,Ibico,"Ibico 标签,0,6.00
A1001251,2019/6/20,CM-12235,标准级,东北,辽宁,技术,复印机,夏普,"夏普 个人复印机,0,6.00
A1001261,2019/6/22,SD-20485,标准级,中南,湖北,家具,书架,Dania,"Dania 搁架,0,6.00
A1001287,2019/6/29,JF-15295,一级,中南,广东,办公用品,系固件,Advantus,"Advantus 橡皮筋,0,6.00
A1001287,2019/6/29,JF-15295,一级,中南,广东,技术,复印机,夏普,"夏普 墨水,0,6.00
A1001288,2019/6/29,BF-10975,一级,华北,天津,家具,椅子,Office Star,"Office Star 扶手椅,0,6.00
A1001291,2019/6/29,BF-11170,二级,中南,河南,家具,椅子,Harbour Creations,"Harbour Creations 凳子,0,6.00
A1001292,2019/6/29,TB-21400,标准级,中南,河南,技术,复印机,夏普,"夏普 复印机,0,6.00
A1001296,2019/7/2,PK-19075,二级,中南,广东,办公用品,标签,Novimex,"Novimex 运输标签,0,6.00
A1001297,2019/7/2,HF-14995,标准级,华东,山东,家具,用具,Eldon,"Eldon 闹钟,0,6.00
A1001312,2019/7/7,CM-12160,二级,西北,新疆,技术,设备,StarTech,"StarTech 卡片打印机,0,6.00
A1001324,2019/7/17,DF-13135,标准级,华东,山东,家具,用具,Rubbermaid,"Rubvermaid 框架,0,6.00
A1001328,2019/7/18,EP-13915,标准级,东北,辽宁,办公用品,信封,Cameo,"Cameo 邮寄品,0,6.00
A1001334,2019/7/20,KT-16480,标准级,东北,辽宁,家具,椅子,Novimex,"Novimex 凳子,0,6.00
A1001340,2019/7/25,GA-14515,标准级,西北,甘肃,办公用品,器具,KitchenAid,"KitchenAid 咖啡研磨机,0,6.00
A1001344,2019/7/28,MO-17950,标准级,华北,山西,技术,复印机,Brother,"Brother 个人复印机,0,6.00
A1001353,2019/8/2,HG-15025,二级,华北,河北,技术,电话,三星,"三星 办公室电话机,0,6.00
A1001362,2019/8/4,BM-11650,标准级,西南,云南,办公用品,信封,Kraft,"Kraft 马尼拉纸信封,0,6.00
A1001369,2019/8/7,MH-18025,标准级,华北,天津,技术,电话,三星,"三星 充电器,0,6.00
A1001374,2019/8/8,MP-18175,当日,东北,吉林,办公用品,装订机,Avery,"Avery 装订机,0,6.00
A1001388,2019/8/10,GA-14725,二级,华东,山东,办公用品,纸张,Enermax,"Enermax 羊皮纸,0,6.00
A1001399,2019/8/13,SC-20380,一级,中南,河南,办公用品,用品,Stiletto,"Stiletto 修剪器,0,6.00
A1001410,2019/8/14,JF-15490,标准级,华东,福建,技术,配件,Memorex,"Memorex 路由器,0,6.00
A1001425,2019/8/16,DL-12925,标准级,华东,安徽,技术,电话,诺基亚,"诺基亚 耳机,0,6.00
A1001434,2019/8/20,JM-16195,标准级,华北,内蒙古,办公用品,信封,GlobeWeis,"GlobeWeis 邮寄品,0,6.00
A1001434,2019/8/20,BP-11155,标准级,华北,内蒙古,办公用品,系固件,Advantus,"Advantus 按钉,0,6.00
A1001432,2019/8/20,TH-21550,标准级,东北,黑龙江,办公用品,收纳具,Rogers,"Rogers 搁板,0,6.00
A1001432,2019/8/20,ME-17320,标准级,东北,黑龙江,办公用品,标签,Harbour Creations,"Harbour Creations 运输标签,0,6.00
A1001443,2019/8/22,MP-18175,二级,中南,湖南,家具,椅子,Hon,"Hon 凳子,0,6.00
A1001442,2019/8/22,MP-18175,二级,东北,辽宁,技术,复印机,夏普,"夏普 墨水,0,6.00
A1001441,2019/8/22,EM-14140,标准级,东北,辽宁,办公用品,用品,Fiskars,"Fiskars 尺子,0,6.00
A1001449,2019/8/24,SH-20395,标准级,华东,山东,办公用品,美术,Binney & Smith,"Binney & Smith 钢笔,0,6.00
A1001450,2019/8/24,KT-16465,标准级,中南,广东,办公用品,收纳具,Smead,"Smead 盘,0,6.00
A1001451,2019/8/25,JF-15565,二级,华东,上海,家具,书架,宜家,"宜家 搁架,0,6.00
A1001464,2019/8/28,CL-12565,标准级,华东,上海,家具,书架,宜家,"宜家 搁架,0,6.00
A1001473,2019/8/30,NW-18400,标准级,华北,内蒙古,办公用品,装订机,Wilson Jones,"Wilson Jones 订书机,0,6.00
A1001492,2019/9/5,RB-19645,二级,中南,湖南,办公用品,用品,Acme,"Acme 大剪刀,0,6.00
A1001497,2019/9/7,AS-10045,标准级,华东,安徽,办公用品,信封,GlobeWeis,"GlobeWeis 外皮和封条,0,6.00
A1001500,2019/9/7,CC-12430,二级,西北,陕西,办公用品,收纳具,Tenex,"Tenex 盒,0,6.00
A1001506,2019/9/10,HH-15010,标准级,华东,山东,办公用品,纸张,Eaton,"Eaton 令,0,6.00
A1001512,2019/9/11,JD-16150,二级,中南,海南,办公用品,标签,Avery,"Avery 运输标签,0,6.00
A1001512,2019/9/11,BF-11215,二级,中南,海南,办公用品,系固件,Stockwell,"Stockwell 按钉,0,6.00
A1001510,2019/9/11,BF-11215,标准级,华东,福建,办公用品,用品,Stiletto,"Stiletto 开信刀,0,6.00
A1001529,2019/9/15,TD-20995,标准级,东北,辽宁,技术,电话,苹果,"苹果 充电器,0,6.00
A1001534,2019/9/17,JG-15310,一级,华北,天津,办公用品,用品,Elite,"Elite 剪刀,0,6.00
A1001550,2019/9/21,JE-15610,标准级,华北,山西,家具,书架,Sauder,"Sauder 柜,0,6.00
A1001558,2019/9/24,LS-16975,一级,华东,山东,家具,椅子,Hon,"Hon 摇椅,0,6.00
A1001561,2019/9/25,RB-19360,一级,东北,辽宁,办公用品,装订机,Acco,"Acco 订书机,0,6.00
A1001560,2019/9/25,KH-16510,标准级,中南,广东,家具,书架,Sauder,"Sauder 柜,0,6.00
A1001568,2019/9/26,PT-19090,当日,西南,四川,办公用品,装订机,Avery,"Avery 打孔机,0,6.00
A1001598,2019/10/2,ES-14080,标准级,中南,广东,办公用品,系固件,Stockwell,"Stockwell 订书钉,0,6.00
A1001601,2019/10/3,ND-18370,一级,东北,辽宁,家具,书架,Dania,"Dania 搁架,0,6.00
A1001606,2019/10/5,BP-11185,一级,中南,广东,技术,复印机,夏普,"夏普 复印机,0,6.00
A1001612,2019/10/6,CC-12220,一级,西北,陕西,家具,桌子,Hon,"Hon 圆桌,0,6.00
A1001609,2019/10/6,DK-12835,二级,东北,吉林,办公用品,标签,Harbour Creations,"Harbour Creations 有色标签,0,6.00
A1001623,2019/10/8,GM-14695,二级,华北,山西,办公用品,器具,Cuisinart,"Cuisinart 搅拌机,0,6.00
A1001618,2019/10/8,RD-19585,标准级,西南,重庆,家具,用具,Deflect-O,"Deflect-O 框架,0,6.00
A1001631,2019/10/9,CM-12655,一级,中南,广西,办公用品,收纳具,Eldon,"Eldon 文件夹,0,6.00
A1001631,2019/10/9,CS-11950,一级,中南,广西,技术,复印机,Hewlett,"Hewlett 传真复印机,0,6.00
A1001641,2019/10/12,SC-20725,当日,西北,陕西,家具,椅子,Harbour Creations,"Harbour Creations 扶手椅,0,6.00
A1001650,2019/10/16,PR-18880,二级,中南,河南,办公用品,系固件,Stockwell,"Stockwell 按钉,0,6.00
A1001653,2019/10/17,BM-11650,标准级,东北,吉林,办公用品,标签,Avery,"Avery 有色标签,0,6.00
A1001658,2019/10/18,AF-10870,标准级,东北,辽宁,办公用品,用品,Kleencut,"Kleencut 美工刀,0,6.00
A1001679,2019/10/23,SP-20620,当日,东北,吉林,办公用品,信封,GlobeWeis,"GlobeWeis 商业信封,0,6.00
A1001678,2019/10/23,MG-17650,标准级,中南,湖北,办公用品,标签,Avery,"Avery 合法证物标签,0,6.00
A1001678,2019/10/23,KF-16285,标准级,中南,湖北,技术,电话,诺基亚,"诺基亚 耳机,0,6.00
A1001683,2019/10/24,JF-15490,标准级,华北,山西,技术,设备,StarTech,"StarTech 卡片打印机,0,6.00
A1001684,2019/10/25,GM-14695,标准级,华东,山东,办公用品,器具,KitchenAid,"KitchenAid 咖啡研磨机,0,6.00
A1001687,2019/10/26,CC-12430,标准级,东北,吉林,家具,用具,Advantus,"Advantus 框架,0,6.00
A1001698,2019/10/27,LF-17185,标准级,华东,江西,办公用品,装订机,Ibico,"Ibico 订书机,0,6.00
A1001693,2019/10/27,RA-19945,二级,华东,江苏,办公用品,用品,Fiskars,"Fiskars 大剪刀,0,6.00
A1001707,2019/10/31,EB-13870,二级,华北,山西,办公用品,纸张,施乐,"施乐 计划信息表,0,6.00
A1001718,2019/11/1,CL-11890,标准级,华东,安徽,办公用品,收纳具,Eldon,"Eldon 文件车,0,6.00
A1001713,2019/11/1,SF-20965,标准级,华北,河北,办公用品,信封,Cameo,"Cameo 搭扣信封,0,6.00
A1001730,2019/11/5,JK-15730,标准级,西北,陕西,家具,椅子,Office Star,"Office Star 沙滩椅,0,6.00
A1001736,2019/11/6,SC-20020,当日,东北,辽宁,技术,电话,思科,"思科 耳机,0,6.00
A1001748,2019/11/8,RP-19855,标准级,中南,广东,办公用品,用品,Stiletto,"Stiletto 美工刀,0,6.00
A1001756,2019/11/12,SB-20290,一级,西北,甘肃,办公用品,器具,Cuisinart,"Cuisinart 烤面包机,0,6.00
A1001755,2019/11/12,SV-20365,标准级,西南,四川,办公用品,信封,Ames,"Ames 外皮和封条,0,6.00
A1001763,2019/11/13,MM-17920,当日,华东,山东,技术,电话,摩托罗拉,"摩托罗拉 智能手机,0,6.00
A1001758,2019/11/13,CC-12550,二级,华北,内蒙古,办公用品,装订机,Wilson Jones,"Wilson Jones 装订机盖,0,6.00
A1001769,2019/11/15,GT-14755,标准级,华东,山东,办公用品,标签,Smead,"Smead 文件夹标签,0,6.00
A1001790,2019/11/22,JC-15340,标准级,华东,安徽,办公用品,标签,Novimex,"Novimex 有色标签,0,6.00
A1001797,2019/11/22,RA-19285,标准级,华东,浙江,办公用品,收纳具,Tenex,"Tenex 搁板,0,6.00
A1001805,2019/11/24,PP-18955,二级,西南,四川,办公用品,信封,Kraft,"Kraft 商业信封,0,6.00
A1001814,2019/11/26,ML-17410,标准级,东北,辽宁,办公用品,美术,Boston,"Boston 记号笔,0,6.00
A1001840,2019/12/4,SA-20830,标准级,东北,辽宁,办公用品,信封,Kraft,"Kraft 搭扣信封,0,6.00
A1001869,2019/12/12,JE-15475,标准级,东北,黑龙江,办公用品,装订机,Wilson Jones,"Wilson Jones 装订机,0,6.00
A1001880,2019/12/14,NC-18415,标准级,华东,安徽,办公用品,标签,Harbour Creations,"Harbour Creations 运输标签,0,6.00
A1001888,2019/12/18,CC-12685,当日,华北,河北,办公用品,美术,Boston,"Boston 记号笔,0,6.00
A1001914,2019/12/26,SC-20305,二级,中南,广东,家具,椅子,Safco,"SAFCO 扶手椅,0,6.00
A1002020,2020/2/13,DL-13330,二级,东北,黑龙江,技术,复印机,夏普,"夏普 传真复印机,0,6.00
A1002074,2020/3/9,SW-20245,一级,西南,重庆,办公用品,标签,Smead,"Smead 运输标签,0,6.00
A1002117,2020/3/27,JD-15895,标准级,华北,河北,办公用品,装订机,Avery,"Avery 装订机,0,6.00
A1002119,2020/3/29,SJ-20500,标准级,中南,广东,办公用品,装订机,Wilson Jones,"Wilson Jones 孔加固材料,0,6.00
A1002141,2020/4/8,EH-14005,标准级,中南,湖南,办公用品,装订机,Ibico,"Ibico 标签,0,6.00
A1002215,2020/5/2,SN-20710,二级,华北,天津,家具,桌子,Bevis,"Bevis 培训桌,0,6.00
A1002226,2020/5/6,CB-12415,标准级,华北,内蒙古,技术,设备,StarTech,"StarTech 打印机,0,6.00
A1002235,2020/5/7,LH-17155,标准级,中南,河南,办公用品,纸张,Green Bar,"Green Bar 备忘录便条,0,6.00
A1002235,2020/5/7,LH-17155,标准级,中南,河南,家具,椅子,Harbour Creations,"Harbour Creations 摇椅,0,6.00
A1002233,2020/5/7,AA-10645,标准级,西北,陕西,办公用品,纸张,Enermax,"Enermax 信纸,0,6.00
A1002248,2020/5/11,XP-21865,标准级,华东,江苏,技术,设备,松下,"松下 收据打印机,0,6.00
A1002257,2020/5/14,CC-12670,标准级,西南,四川,办公用品,收纳具,Eldon,"Eldon 盘,0,6.00
A1002308,2020/5/24,MG-17650,标准级,东北,黑龙江,办公用品,标签,Novimex,"Novimex 可去除的标签,0,6.00
A1002303,2020/5/24,BF-11170,标准级,华北,内蒙古,技术,电话,摩托罗拉,"摩托罗拉 音频基座,0,6.00
A1002313,2020/5/25,MS-17770,二级,华东,山东,办公用品,系固件,OIC,"OIC 橡皮筋,0,6.00
A1002341,2020/5/31,KT-16480,标准级,华东,山东,技术,电话,摩托罗拉,"摩托罗拉 耳机,0,6.00
A1002353,2020/6/4,KL-16645,标准级,中南,河南,办公用品,装订机,Ibico,"Ibico 装订机,0,6.00
A1002360,2020/6/5,RE-19450,标准级,东北,吉林,办公用品,器具,Breville,"Breville 咖啡研磨机,0,6.00
A1002366,2020/6/6,JL-15835,标准级,华东,安徽,家具,用具,Advantus,"Advantus 框架,0,6.00
A1002389,2020/6/13,CS-12355,标准级,中南,广东,办公用品,系固件,Stockwell,"Stockwell 按钉,0,6.00
A1002409,2020/6/16,CM-12385,二级,东北,吉林,技术,电话,诺基亚,"诺基亚 充电器,0,6.00
A1002426,2020/6/20,MG-17695,标准级,西南,四川,家具,椅子,Hon,"Hon 摇椅,0,6.00
A1002439,2020/6/21,MP-18175,标准级,西南,四川,办公用品,纸张,SanDisk,"SanDisk 计划信息表,0,6.00
A1002439,2020/6/21,MP-18175,标准级,西南,四川,家具,桌子,Barricks,"Barricks 咖啡桌,0,6.00
A1002442,2020/6/22,SC-20050,当日,华东,山东,办公用品,用品,Fiskars,"Fiskars 大剪刀,0,6.00
A1002448,2020/6/24,GK-14620,标准级,华东,山东,办公用品,标签,Smead,"Smead 文件夹标签,0,6.00
A1002455,2020/6/25,SC-20725,当日,华东,上海,办公用品,器具,Hoover,"Hoover 炉灶,0,6.00
A1002460,2020/6/27,EH-13765,标准级,中南,湖南,办公用品,标签,Harbour Creations,"Harbour Creations 可去除的标签,0,6.00
A1002472,2020/6/29,MH-18115,一级,西南,云南,技术,复印机,夏普,"夏普 无线传真机,0,6.00
A1002484,2020/7/3,ZC-21910,一级,西南,重庆,办公用品,系固件,Advantus,"Advantus 夹子,0,6.00
A1002488,2020/7/5,JH-15985,二级,华东,安徽,办公用品,纸张,Enermax,"Enermax 令,0,6.00
A1002493,2020/7/8,BD-11320,一级,华北,河北,家具,椅子,Novimex,"Novimex 扶手椅,0,6.00
A1002493,2020/7/8,DL-13330,一级,华北,河北,技术,复印机,Hewlett,"Hewlett 无线传真机,0,6.00
A1002501,2020/7/12,KL-16555,二级,中南,广东,家具,椅子,Novimex,"Novimex 摇椅,0,6.00
A1002499,2020/7/12,AH-10210,标准级,东北,吉林,办公用品,美术,BIC,"BIC 钢笔,0,6.00
A1002503,2020/7/13,RW-19630,标准级,华东,福建,办公用品,系固件,Stockwell,"Stockwell 夹子,0,6.00
A1002503,2020/7/13,RW-19630,标准级,华东,福建,家具,椅子,Harbour Creations,"Harbour Creations 扶手椅,0,6.00
A1002525,2020/7/23,RF-19735,标准级,华东,上海,办公用品,器具,Hamilton Beach,"Hamilton Beach 冰箱,0,6.00
A1002527,2020/7/24,HR-14770,标准级,中南,湖北,办公用品,纸张,施乐,"施乐 信纸,0,6.00
A1002530,2020/7/25,TS-21370,标准级,西南,云南,办公用品,装订机,Wilson Jones,"Wilson Jones 装订机,0,6.00
A1002536,2020/7/26,DD-13570,标准级,华东,山东,办公用品,器具,Breville,"Breville 炉灶,0,6.00
A1002556,2020/8/2,TT-21460,二级,华东,山东,办公用品,标签,Harbour Creations,"Harbour Creations 文件夹标签,0,6.00
A1002564,2020/8/5,KN-16390,二级,中南,湖南,办公用品,美术,Stanley,"Stanley 荧光笔,0,6.00
A1002588,2020/8/9,JL-15175,标准级,华东,上海,办公用品,标签,Harbour Creations,"Harbour Creations 圆形标签,0,6.00
A1002597,2020/8/12,SJ-20215,一级,中南,湖南,家具,用具,Rubbermaid,"Rubvermaid 分层置放架,0,6.00
A1002611,2020/8/15,AA-10315,标准级,华东,山东,家具,书架,Bush,"Bush 柜,0,6.00
A1002619,2020/8/16,TM-21010,一级,中南,广东,办公用品,收纳具,Fellowes,"Fellowes 搁板,0,6.00
A1002646,2020/8/21,CC-12145,一级,华东,山东,办公用品,标签,Smead,"Smead 圆形标签,0,6.00
A1002662,2020/8/23,AH-10690,标准级,华北,河北,办公用品,纸张,Enermax,"Enermax 备忘录便条,0,6.00
A1002669,2020/8/26,NC-18415,标准级,华东,安徽,办公用品,收纳具,Tenex,"Tenex 文件夹,0,6.00
A1002670,2020/8/27,SU-20665,当日,东北,黑龙江,办公用品,用品,Acme,"Acme 开信刀,0,6.00
A1002673,2020/8/27,Dp-13240,标准级,东北,黑龙江,家具,椅子,Hon,"Hon 扶手椅,0,6.00
A1002690,2020/8/30,JK-15325,标准级,西南,云南,办公用品,系固件,Stockwell,"Stockwell 图钉,0,6.00
A1002699,2020/9/2,CS-12250,二级,西北,新疆,办公用品,系固件,OIC,"OIC 图钉,0,6.00
A1002734,2020/9/10,NM-18520,一级,东北,黑龙江,家具,椅子,Office Star,"Office Star 凳子,0,6.00
A1002738,2020/9/10,SZ-20035,一级,中南,湖南,家具,椅子,Harbour Creations,"Harbour Creations 摇椅,0,6.00
A1002733,2020/9/10,LH-16750,标准级,西南,贵州,办公用品,信封,Kraft,"Kraft 局间信封,0,6.00
A1002776,2020/9/18,JD-16015,二级,华东,山东,技术,电话,摩托罗拉,"摩托罗拉 耳机,0,6.00
A1002773,2020/9/18,MS-17980,标准级,东北,吉林,技术,电话,思科,"思科 充电器,0,6.00
A1002782,2020/9/19,MG-17890,标准级,中南,广东,技术,复印机,夏普,"夏普 个人复印机,0,6.00
A1002798,2020/9/21,JE-15610,标准级,西南,云南,办公用品,用品,Fiskars,"Fiskars 修剪器,0,6.00
A1002818,2020/9/26,DO-13435,当日,华东,江苏,家具,椅子,Harbour Creations,"Harbour Creations 凳子,0,6.00
A1002826,2020/9/28,VW-21775,二级,中南,河南,办公用品,系固件,Stockwell,"Stockwell 订书钉,0,6.00
A1002830,2020/9/30,SU-20665,标准级,华北,山西,办公用品,装订机,Acco,"Acco 装订机,0,6.00
A1002841,2020/10/1,MM-18280,标准级,华东,福建,家具,书架,宜家,"宜家 书架,0,6.00
A1002863,2020/10/5,EB-14170,二级,华东,上海,技术,配件,Memorex,"Memorex 键盘,0,6.00
A1002884,2020/10/10,BP-11155,标准级,中南,广西,技术,复印机,Brother,"Brother 传真复印机,0,6.00
A1002897,2020/10/12,FH-14365,标准级,东北,黑龙江,技术,复印机,佳能,"佳能 墨水,0,6.00
A1002921,2020/10/18,DL-13315,二级,中南,广东,办公用品,装订机,Avery,"Avery 打孔机,0,6.00
A1002920,2020/10/18,SR-20740,标准级,华东,山东,家具,书架,宜家,"宜家 书库,0,6.00
A1002925,2020/10/19,LS-17245,标准级,中南,湖北,办公用品,装订机,Wilson Jones,"Wilson Jones 装订机盖,0,6.00
A1002940,2020/10/23,AH-10690,标准级,西北,甘肃,办公用品,器具,Hamilton Beach,"Hamilton Beach 咖啡研磨机,0,6.00
A1002959,2020/10/28,LS-16945,标准级,东北,辽宁,技术,复印机,惠普,"惠普 传真复印机,0,6.00
A1002971,2020/10/30,PF-19120,二级,华东,浙江,办公用品,纸张,SanDisk,"SanDisk 计划信息表,0,6.00
A1002973,2020/10/30,RL-19615,标准级,华东,上海,办公用品,收纳具,Rogers,"Rogers 盒,0,6.00
A1002980,2020/10/31,JM-15265,一级,中南,河南,家具,书架,宜家,"宜家 墙角架,0,6.00
A1002982,2020/11/1,ML-17395,标准级,西南,重庆,办公用品,标签,Hon,"Hon 可去除的标签,0,6.00
A1002988,2020/11/2,CC-12145,标准级,西北,甘肃,办公用品,装订机,Wilson Jones,"Wilson Jones 装订机,0,6.00
A1003003,2020/11/6,ES-14020,标准级,华北,河北,办公用品,标签,Harbour Creations,"Harbour Creations 圆形标签,0,6.00
A1003037,2020/11/13,CC-12430,标准级,东北,吉林,办公用品,标签,Novimex,"Novimex 运输标签,0,6.00
A1003038,2020/11/13,TB-21595,标准级,中南,湖南,家具,椅子,Harbour Creations,"Harbour Creations 凳子,0,6.00
A1003049,2020/11/15,SV-20365,当日,华北,天津,办公用品,标签,Avery,"Avery 文件夹标签,0,6.00
A1003056,2020/11/16,HR-14830,一级,东北,吉林,家具,书架,Safco,"Safco 搁架,0,6.00
A1003063,2020/11/18,CM-12655,标准级,华北,山西,技术,配件,贝尔金,"贝尔金 键区,0,6.00
A1003067,2020/11/19,EM-14200,二级,中南,湖南,办公用品,装订机,Avery,"Avery 装订机盖,0,6.00
A1003068,2020/11/19,JF-15190,标准级,西北,甘肃,家具,书架,Dania,"Dania 书架,0,6.00
A1003076,2020/11/20,CV-12805,标准级,华北,河北,家具,用具,Deflect-O,"Deflect-O 闹钟,0,6.00
A1003084,2020/11/21,MC-17605,标准级,华北,内蒙古,办公用品,装订机,Avery,"Avery 装订机,0,6.00
A1003089,2020/11/22,GB-14575,一级,东北,辽宁,办公用品,美术,Stanley,"Stanley 荧光笔,0,6.00
A1003102,2020/11/25,YS-21880,标准级,西北,陕西,办公用品,系固件,OIC,"OIC 按钉,0,6.00
A1003108,2020/11/25,MC-17425,标准级,华东,浙江,办公用品,用品,Elite,"Elite 尺子,0,6.00
A1003138,2020/12/2,SB-20170,二级,华东,山东,办公用品,美术,Sanford,"Sanford 荧光笔,0,6.00
A1003295,2021/1/15,JK-16090,一级,华北,内蒙古,办公用品,标签,Smead,"Smead 合法证物标签,0,6.00
A1003305,2021/1/20,WB-21850,二级,中南,广东,办公用品,纸张,Green Bar,"Green Bar 羊皮纸,0,6.00
A1003317,2021/1/24,TW-21025,标准级,华东,山东,办公用品,系固件,Stockwell,"Stockwell 回形针,0,6.00
A1003379,2021/2/12,BF-11170,二级,中南,湖南,技术,电话,摩托罗拉,"摩托罗拉 音频基座,0,6.00
A1003385,2021/2/14,LW-16825,标准级,东北,黑龙江,办公用品,信封,Kraft,"Kraft 外皮和封条,0,6.00
A1003405,2021/2/22,MP-18175,标准级,中南,广东,办公用品,信封,Cameo,"Cameo 商业信封,0,6.00
A1003408,2021/2/24,MF-18250,标准级,中南,海南,家具,书架,宜家,"宜家 古典书架,0,6.00
A1003468,2021/3/16,DR-12940,标准级,华东,安徽,家具,椅子,Novimex,"Novimex 扶手椅,0,6.00
A1003473,2021/3/16,DW-13195,标准级,华北,北京,办公用品,器具,Hoover,"Hoover 冰箱,0,6.00
A1003478,2021/3/19,AP-10915,标准级,东北,黑龙江,家具,用具,Eldon,"Eldon 分层置放架,0,6.00
A1003483,2021/3/20,CS-11860,标准级,东北,辽宁,技术,电话,摩托罗拉,"摩托罗拉 充电器,0,6.00
A1003490,2021/3/21,SV-20365,标准级,华北,北京,技术,设备,冲电器,"冲电器 计算器,0,6.00
A1003489,2021/3/21,PJ-18835,标准级,华东,山东,技术,电话,思科,"思科 音频基座,0,6.00
A1003491,2021/3/23,NM-18445,二级,华东,山东,办公用品,信封,Jiffy,"Jiffy 外皮和封条,0,6.00
A1003495,2021/3/24,WB-21850,二级,东北,吉林,家具,用具,Eldon,"Eldon 闹钟,0,6.00
A1003496,2021/3/24,NL-18310,标准级,西北,新疆,技术,复印机,惠普,"惠普 个人复印机,0,6.00
A1003514,2021/3/30,SM-20005,二级,西北,甘肃,办公用品,器具,KitchenAid,"KitchenAid 搅拌机,0,6.00
A1003519,2021/3/31,KM-16720,标准级,东北,辽宁,家具,用具,Tenex,"Tenex 相框,0,6.00
A1003523,2021/4/1,SS-20875,标准级,西南,重庆,家具,用具,Tenex,"Tenex 灯泡,0,6.00
A1003535,2021/4/3,MH-17290,一级,西南,四川,技术,电话,摩托罗拉,"摩托罗拉 信号增强器,0,6.00
A1003551,2021/4/9,HK-14890,一级,中南,河南,办公用品,信封,Cameo,"Cameo 搭扣信封,0,6.00
A1003565,2021/4/14,EH-13765,二级,东北,黑龙江,办公用品,用品,Kleencut,"Kleencut 尺子,0,6.00
A1003578,2021/4/21,EA-14035,标准级,华北,山西,技术,设备,柯尼卡,"柯尼卡 计算器,0,6.00
A1003609,2021/4/30,MM-18280,标准级,华北,天津,办公用品,美术,BIC,"BIC 记号笔,0,6.00
A1003654,2021/5/8,ME-17725,一级,中南,湖南,技术,配件,贝尔金,"贝尔金 记忆卡,0,6.00
A1003674,2021/5/12,LL-16840,标准级,中南,广东,办公用品,纸张,SanDisk,"SanDisk 信纸,0,6.00
A1003701,2021/5/14,CS-12400,标准级,西南,云南,办公用品,纸张,Eaton,"Eaton 计划信息表,0,6.00
A1003705,2021/5/15,TC-21295,一级,东北,辽宁,技术,配件,Enermax,"Enermax 路由器,0,6.00
A1003711,2021/5/15,TC-21295,二级,华东,福建,家具,椅子,Harbour Creations,"Harbour Creations 凳子,0,6.00
A1003707,2021/5/15,BW-11200,标准级,华东,山东,技术,配件,贝尔金,"贝尔金 鼠标,0,6.00
A1003702,2021/5/15,JL-15835,标准级,东北,黑龙江,家具,用具,Eldon,"Eldon 灯泡,0,6.00
A1003726,2021/5/19,KH-16330,二级,中南,广东,办公用品,装订机,Acco,"Acco 孔加固材料,0,6.00
A1003737,2021/5/20,SW-20755,标准级,东北,辽宁,家具,书架,Dania,"Dania 书库,0,6.00
A1003794,2021/5/28,KM-16375,标准级,中南,湖北,办公用品,美术,BIC,"BIC 钢笔,0,6.00
A1003826,2021/6/3,TS-21505,当日,东北,黑龙江,办公用品,标签,Smead,"Smead 运输标签,0,6.00
A1003819,2021/6/3,AG-10330,标准级,华东,上海,办公用品,标签,Hon,"Hon 可去除的标签,0,6.00
A1003833,2021/6/5,CC-12550,标准级,华东,安徽,家具,书架,Bush,"Bush 书架,0,6.00
A1003862,2021/6/10,SJ-20125,一级,华东,上海,家具,椅子,Hon,"Hon 摇椅,0,6.00
A1003859,2021/6/10,DP-13390,标准级,西南,重庆,家具,书架,Bush,"Bush 古典书架,0,6.00
A1003867,2021/6/11,CY-12745,标准级,中南,广东,技术,复印机,Brother,"Brother 无线传真机,0,6.00
A1003875,2021/6/12,SH-19975,二级,西南,四川,技术,配件,Memorex,"Memorex 记忆卡,0,6.00
A1003879,2021/6/13,JA-15970,标准级,东北,辽宁,技术,配件,Memorex,"Memorex 闪存驱动器,0,6.00
A1003890,2021/6/15,LC-16870,一级,中南,湖南,技术,设备,StarTech,"StarTech 计算器,0,6.00
A1003897,2021/6/15,LC-16870,标准级,中南,河南,办公用品,信封,Cameo,"Cameo 搭扣信封,0,6.00
A1003905,2021/6/17,RD-19720,二级,华东,安徽,办公用品,系固件,Stockwell,"Stockwell 橡皮筋,0,6.00
A1003924,2021/6/19,KD-16345,二级,东北,吉林,技术,电话,思科,"思科 充电器,0,6.00
A1003926,2021/6/20,JS-15685,标准级,西北,甘肃,办公用品,器具,Cuisinart,"Cuisinart 冰箱,0,6.00
A1003938,2021/6/22,CC-12100,一级,华北,河北,家具,桌子,Barricks,"Barricks 圆桌,0,6.00
A1003956,2021/6/25,HM-14860,标准级,中南,广东,家具,书架,Bush,"Bush 书架,0,6.00
A1003980,2021/6/30,LW-17215,一级,华东,安徽,办公用品,用品,Kleencut,"Kleencut 美工刀,0,6.00
A1004009,2021/7/9,LW-16825,标准级,华东,江西,技术,复印机,Hewlett,"Hewlett 个人复印机,0,6.00
A1004023,2021/7/14,JD-15895,一级,中南,广西,办公用品,系固件,Stockwell,"Stockwell 图钉,0,6.00
A1004047,2021/7/20,LT-17110,二级,华东,福建,办公用品,美术,Binney & Smith,"Binney & Smith 记号笔,0,6.00
A1004042,2021/7/20,AB-10060,标准级,东北,辽宁,家具,椅子,Novimex,"Novimex 椅垫,0,6.00
A1004052,2021/7/21,GH-14410,当日,华东,山东,办公用品,系固件,OIC,"OIC 橡皮筋,0,6.00
A1004075,2021/7/30,SF-20065,一级,东北,吉林,家具,椅子,Harbour Creations,"Harbour Creations 摇椅,0,6.00
A1004078,2021/7/31,PT-19090,二级,华北,河北,家具,书架,Sauder,"Sauder 书架,0,6.00
A1004101,2021/8/4,DH-13675,标准级,中南,广西,办公用品,器具,Breville,"Breville 微波炉,0,6.00
A1004111,2021/8/5,KL-16555,标准级,华东,江西,家具,桌子,Hon,"Hon 会议桌,0,6.00
A1004116,2021/8/5,XP-21865,标准级,华东,江苏,办公用品,用品,Elite,"Elite 美工刀,0,6.00
A1004120,2021/8/6,KH-16360,二级,中南,广东,办公用品,装订机,Wilson Jones,"Wilson Jones 打孔机,0,6.00
A1004162,2021/8/15,JK-15640,一级,东北,吉林,技术,电话,思科,"思科 办公室电话机,0,6.00
A1004187,2021/8/20,JB-16045,当日,华东,山东,办公用品,装订机,Ibico,"Ibico 孔加固材料,0,6.00
A1004240,2021/8/28,TB-21625,标准级,华东,上海,办公用品,标签,Harbour Creations,"Harbour Creations 合法证物标签,0,6.00
A1004256,2021/8/31,DP-13105,二级,华东,上海,家具,书架,Sauder,"Sauder 柜,0,6.00
A1004246,2021/8/31,MC-17590,标准级,华北,河北,家具,用具,Advantus,"Advantus 框架,0,6.00
A1004261,2021/9/2,SO-20335,二级,中南,广西,技术,配件,SanDisk,"SanDisk 闪存驱动器,0,6.00
A1004271,2021/9/4,CA-12310,一级,西南,重庆,办公用品,信封,Jiffy,"Jiffy 局间信封,0,6.00
A1004267,2021/9/4,BT-11440,标准级,华东,安徽,家具,书架,Bush,"Bush 柜,0,6.00
A1004267,2021/9/4,HG-14965,标准级,华东,安徽,技术,复印机,Hewlett,"Hewlett 传真复印机,0,6.00
A1004303,2021/9/11,SP-20650,标准级,华东,安徽,办公用品,器具,KitchenAid,"KitchenAid 搅拌机,0,6.00
A1004307,2021/9/12,JD-16150,标准级,西南,贵州,家具,书架,Dania,"Dania 搁架,0,6.00
A1004347,2021/9/17,CM-12715,标准级,华东,安徽,办公用品,纸张,Enermax,"Enermax 备忘录便条,0,6.00
A1004387,2021/9/26,BP-11290,二级,华东,山东,家具,椅子,Hon,"Hon 沙滩椅,0,6.00
A1004393,2021/9/28,SN-20560,二级,东北,吉林,办公用品,收纳具,Fellowes,"Fellowes 文件夹,0,6.00
A1004396,2021/9/28,AM-10360,标准级,华东,山东,技术,复印机,佳能,"佳能 传真复印机,0,6.00
A1004408,2021/9/30,FC-14245,标准级,华东,山东,办公用品,标签,Novimex,"Novimex 文件夹标签,0,6.00
A1004412,2021/10/1,EM-13825,标准级,东北,辽宁,技术,配件,SanDisk,"SanDisk 闪存驱动器,0,6.00
A1004429,2021/10/3,HE-14800,标准级,中南,河南,技术,复印机,Hewlett,"Hewlett 无线传真机,0,6.00
A1004450,2021/10/7,ES-14080,二级,东北,吉林,办公用品,美术,Boston,"Boston 钢笔,0,6.00
A1004464,2021/10/9,JG-15115,当日,西南,四川,家具,用具,Rubbermaid,"Rubvermaid 相框,0,6.00
A1004921,2021/12/30,CR-12625,一级,华北,河北,办公用品,纸张,Green Bar,"Green Bar 备忘录便条,0,6.00
A1000005,2018/1/4,AG-10270,标准级,中南,广西,办公用品,标签,Avery,"Avery 文件夹标签,0,5.00
A1000339,2018/6/27,MC-17845,二级,华东,福建,家具,桌子,Chromcraft,"Chromcraft 咖啡桌,0,5.00
A1000336,2018/6/27,NP-18325,标准级,东北,黑龙江,技术,复印机,夏普,"夏普 无线传真机,0,5.00
A1000335,2018/6/27,NP-18325,标准级,华东,安徽,家具,椅子,Office Star,"Office Star 凳子,0,5.00
A1000350,2018/7/2,AP-10915,一级,华北,山西,办公用品,器具,Breville,"Breville 炉灶,0,5.00
A1000352,2018/7/4,Dl-13600,标准级,东北,黑龙江,家具,用具,Advantus,"Advantus 框架,0,5.00
A1000356,2018/7/6,CK-12325,二级,东北,黑龙江,办公用品,纸张,Green Bar,"Green Bar 笔记本,0,5.00
A1000357,2018/7/6,JF-15355,标准级,中南,广东,技术,电话,苹果,"苹果 信号增强器,0,5.00
A1000361,2018/7/7,EG-13900,标准级,东北,吉林,办公用品,信封,Jiffy,"Jiffy 搭扣信封,0,5.00
A1000363,2018/7/11,DS-13030,标准级,华东,江西,家具,书架,Bush,"Bush 柜,0,5.00
A1000364,2018/7/12,PO-19195,一级,中南,湖北,办公用品,收纳具,Smead,"Smead 文件夹,0,5.00
A1000368,2018/7/14,RF-19735,标准级,华东,江苏,办公用品,信封,Jiffy,"Jiffy 局间信封,0,5.00
A1000368,2018/7/14,YC-21895,标准级,华东,江苏,办公用品,系固件,Advantus,"Advantus 夹子,0,5.00
A1000368,2018/7/14,MS-17830,标准级,华东,江苏,办公用品,纸张,SanDisk,"SanDisk 信纸,0,5.00
A1000368,2018/7/14,NB-18655,标准级,华东,江苏,办公用品,装订机,Cardinal,"Cardinal 孔加固材料,0,5.00
A1000372,2018/7/18,AR-10510,一级,中南,广东,家具,椅子,Novimex,"Novimex 沙滩椅,0,5.00
A1000373,2018/7/20,CS-12250,一级,华东,安徽,办公用品,信封,Kraft,"Kraft 搭扣信封,0,5.00
A1000378,2018/7/25,DL-12865,标准级,中南,湖南,办公用品,美术,Boston,"Boston 铅笔刀,0,5.00
A1000382,2018/7/27,LT-17110,标准级,中南,广东,技术,复印机,惠普,"惠普 无线传真机,0,5.00
A1000390,2018/7/30,DB-13120,标准级,华东,福建,办公用品,装订机,Avery,"Avery 装订机盖,0,5.00
A1000392,2018/8/1,DB-13120,标准级,华北,河北,办公用品,信封,Ames,"Ames 马尼拉纸信封,0,5.00
A1000391,2018/8/1,HW-14935,二级,东北,辽宁,办公用品,收纳具,Tenex,"Tenex 文件夹,0,5.00
A1000400,2018/8/5,DB-13210,标准级,东北,吉林,技术,电话,三星,"三星 耳机,0,5.00
A1000404,2018/8/6,PG-18820,二级,中南,广西,技术,配件,贝尔金,"贝尔金 闪存驱动器,0,5.00
A1000408,2018/8/8,JE-15745,标准级,华东,安徽,技术,复印机,Brother,"Brother 传真复印机,0,5.00
A1000407,2018/8/8,JE-15745,标准级,华北,山西,办公用品,收纳具,Smead,"Smead 文件夹,0,5.00
A1000418,2018/8/9,BM-11650,标准级,中南,海南,家具,书架,Sauder,"Sauder 书库,0,5.00
A1000424,2018/8/11,GA-14725,当日,华北,内蒙古,办公用品,信封,Cameo,"Cameo 外皮和封条,0,5.00
A1000423,2018/8/11,DP-13105,一级,西北,陕西,办公用品,美术,Sanford,"Sanford 画布,0,5.00
A1000422,2018/8/11,GT-14710,标准级,东北,黑龙江,办公用品,收纳具,Rogers,"Rogers 搁板,0,5.00
A1000422,2018/8/11,BK-11260,标准级,东北,黑龙江,技术,复印机,惠普,"惠普 个人复印机,0,5.00
A1000435,2018/8/15,SM-20005,标准级,西北,陕西,办公用品,装订机,Avery,"Avery 订书机,0,5.00
A1000435,2018/8/15,GA-14725,标准级,西北,陕西,办公用品,装订机,Wilson Jones,"Wilson Jones 订书机,0,5.00
A1000439,2018/8/16,LL-16840,标准级,中南,广西,技术,复印机,惠普,"惠普 无线传真机,0,5.00
A1000501,2018/9/9,RA-19945,一级,华东,山东,办公用品,纸张,SanDisk,"SanDisk 羊皮纸,0,5.00
A1000503,2018/9/10,JS-15880,一级,东北,吉林,技术,复印机,夏普,"夏普 墨水,0,5.00
A1000504,2018/9/10,KM-16225,标准级,华东,浙江,办公用品,美术,Binney & Smith,"Binney & Smith 荧光笔,0,5.00
A1000504,2018/9/10,KM-16225,标准级,华东,浙江,技术,配件,贝尔金,"贝尔金 路由器,0,5.00
A1000519,2018/9/15,MO-17500,当日,东北,吉林,家具,桌子,Barricks,"Barricks 电脑桌,0,5.00
A1000515,2018/9/15,LC-16885,标准级,华东,江苏,家具,桌子,Lesro,"Lesro 培训桌,0,5.00
A1000516,2018/9/15,NF-18595,标准级,东北,黑龙江,技术,电话,诺基亚,"诺基亚 耳机,0,5.00
A1000520,2018/9/17,BP-11185,标准级,华东,浙江,办公用品,收纳具,Tenex,"Tenex 盒,0,5.00
A1000521,2018/9/19,TS-21160,标准级,华北,北京,家具,椅子,Novimex,"Novimex 折叠椅,0,5.00
A1000524,2018/9/19,TS-21160,二级,西北,陕西,办公用品,标签,Smead,"Smead 有色标签,0,5.00
A1000523,2018/9/19,BD-11620,标准级,东北,黑龙江,办公用品,器具,KitchenAid,"KitchenAid 冰箱,0,5.00
A1000529,2018/9/21,BT-11395,一级,华东,江苏,家具,椅子,Novimex,"Novimex 凳子,0,5.00
A1000534,2018/9/22,CY-12745,标准级,华东,上海,办公用品,信封,Jiffy,"Jiffy 局间信封,0,5.00
A1000542,2018/9/23,LW-16990,标准级,东北,辽宁,办公用品,装订机,Ibico,"Ibico 孔加固材料,0,5.00
A1000541,2018/9/23,PV-18985,标准级,中南,广东,办公用品,装订机,Wilson Jones,"Wilson Jones 装订机,0,5.00
A1000546,2018/9/25,RA-19915,标准级,华东,福建,办公用品,器具,KitchenAid,"KitchenAid 炉灶,0,5.00
A1000546,2018/9/25,RA-19915,标准级,华东,福建,办公用品,收纳具,Rogers,"Rogers 文件车,0,5.00
A1000546,2018/9/25,CS-12355,标准级,华东,福建,技术,复印机,Brother,"Brother 墨水,0,5.00
A1000549,2018/9/26,HL-15040,当日,华北,山西,技术,复印机,佳能,"佳能 个人复印机,0,5.00
A1000559,2018/9/28,AP-10915,二级,东北,吉林,技术,电话,三星,"三星 智能手机,0,5.00
A1000566,2018/9/30,PS-19045,标准级,华东,江苏,技术,复印机,Brother,"Brother 传真复印机,0,5.00
A1000575,2018/10/4,DL-13315,标准级,东北,黑龙江,办公用品,信封,Jiffy,"Jiffy 商业信封,0,5.00
A1000574,2018/10/4,SW-20275,标准级,华东,上海,家具,用具,Rubbermaid,"Rubvermaid 框架,0,5.00
A1000579,2018/10/5,JE-15745,二级,东北,辽宁,技术,配件,Enermax,"Enermax 路由器,0,5.00
A1000579,2018/10/5,CA-12055,二级,东北,辽宁,技术,配件,Memorex,"Memorex 闪存驱动器,0,5.00
A1000578,2018/10/5,RB-19570,标准级,中南,湖南,办公用品,装订机,Avery,"Avery 打孔机,0,5.00
A1000584,2018/10/6,ZC-21910,标准级,华东,安徽,技术,复印机,Brother,"Brother 墨水,0,5.00
A1000588,2018/10/6,ZC-21910,标准级,中南,广东,办公用品,用品,Elite,"Elite 尺子,0,5.00
A1000591,2018/10/7,SP-20620,一级,华北,河北,家具,用具,Rubbermaid,"Rubvermaid 灯泡,0,5.00
A1000590,2018/10/7,SP-20620,标准级,东北,黑龙江,办公用品,纸张,Eaton,"Eaton 备忘录便条,0,5.00
A1000602,2018/10/11,ZC-21910,标准级,东北,吉林,办公用品,信封,GlobeWeis,"GlobeWeis 外皮和封条,0,5.00
A1000603,2018/10/11,PG-18820,标准级,东北,吉林,办公用品,收纳具,Fellowes,"Fellowes 盘,0,5.00
A1000608,2018/10/13,NP-18700,一级,东北,辽宁,办公用品,系固件,Accos,"Accos 夹子,0,5.00
A1000619,2018/10/18,CC-12220,一级,西北,陕西,办公用品,器具,Breville,"Breville 搅拌机,0,5.00
A1000626,2018/10/20,BD-11770,一级,西南,贵州,办公用品,器具,KitchenAid,"KitchenAid 搅拌机,0,5.00
A1000627,2018/10/21,KW-16435,标准级,华东,山东,办公用品,系固件,Stockwell,"Stockwell 回形针,0,5.00
A1000627,2018/10/21,CC-12430,标准级,华东,山东,家具,用具,Rubbermaid,"Rubvermaid 灯泡,0,5.00
A1000632,2018/10/22,PF-19165,当日,中南,湖南,办公用品,信封,Cameo,"Cameo 外皮和封条,0,5.00
A1000633,2018/10/22,PF-19165,当日,华北,河北,技术,设备,冲电器,"冲电器 打印机,0,5.00
A1000634,2018/10/24,AA-10315,标准级,华东,福建,办公用品,装订机,Acco,"Acco 装订机盖,0,5.00
A1000640,2018/10/25,CS-12460,标准级,中南,湖南,办公用品,收纳具,Smead,"Smead 锁柜,0,5.00
A1000644,2018/10/26,RC-19825,标准级,东北,辽宁,家具,椅子,Novimex,"Novimex 扶手椅,0,5.00
A1000643,2018/10/26,HG-14965,标准级,华北,河北,办公用品,用品,Kleencut,"Kleencut 美工刀,0,5.00
A1000648,2018/10/27,LW-16825,二级,西南,云南,家具,椅子,Safco,"SAFCO 扶手椅,0,5.00
A1000646,2018/10/27,MC-17575,标准级,华东,山东,办公用品,纸张,施乐,"施乐 备忘录便条,0,5.00
A1000647,2018/10/27,LP-17095,标准级,华北,河北,办公用品,器具,Hamilton Beach,"Hamilton Beach 微波炉,0,5.00
A1000647,2018/10/27,GZ-14545,标准级,华北,河北,办公用品,美术,Binney & Smith,"Binney & Smith 荧光笔,0,5.00
A1000651,2018/10/29,FG-14260,二级,华东,福建,技术,复印机,Hewlett,"Hewlett 复印机,0,5.00
A1000654,2018/10/31,AS-10045,标准级,东北,黑龙江,办公用品,系固件,Accos,"Accos 橡皮筋,0,5.00
A1000657,2018/11/1,BN-11515,标准级,华北,河北,办公用品,信封,GlobeWeis,"GlobeWeis 商业信封,0,5.00
A1000661,2018/11/2,BN-11515,标准级,中南,河南,家具,椅子,Novimex,"Novimex 椅垫,0,5.00
A1000661,2018/11/2,BN-11515,标准级,中南,河南,技术,复印机,佳能,"佳能 复印机,0,5.00
A1000665,2018/11/4,HM-14860,标准级,华东,安徽,技术,复印机,Brother,"Brother 传真机,0,5.00
A1000669,2018/11/5,AB-10600,二级,东北,吉林,办公用品,收纳具,Tenex,"Tenex 搁板,0,5.00
A1000677,2018/11/7,VD-21670,标准级,东北,辽宁,办公用品,收纳具,Tenex,"Tenex 文件夹,0,5.00
A1000677,2018/11/7,VD-21670,标准级,东北,辽宁,办公用品,用品,Elite,"Elite 尺子,0,5.00
A1000672,2018/11/7,PP-18955,标准级,华北,内蒙古,办公用品,装订机,Ibico,"Ibico 孔加固材料,0,5.00
A1000672,2018/11/7,PP-18955,标准级,华北,内蒙古,办公用品,装订机,Ibico,"Ibico 打孔机,0,5.00
A1000682,2018/11/9,CK-12760,二级,西北,新疆,技术,设备,松下,"松下 收据打印机,0,5.00
A1000698,2018/11/15,RW-19540,二级,华东,福建,办公用品,装订机,Avery,"Avery 订书机,0,5.00
A1000701,2018/11/16,ST-20530,标准级,中南,湖南,技术,复印机,惠普,"惠普 传真机,0,5.00
A1000703,2018/11/16,BD-11320,标准级,华东,江苏,办公用品,器具,KitchenAid,"KitchenAid 搅拌机,0,5.00
A1000703,2018/11/16,PW-19030,标准级,华东,江苏,办公用品,收纳具,Tenex,"Tenex 盘,0,5.00
A1000709,2018/11/17,SD-20485,标准级,西南,云南,技术,复印机,Brother,"Brother 传真复印机,0,5.00
A1000714,2018/11/18,NH-18610,二级,东北,吉林,办公用品,系固件,Stockwell,"Stockwell 夹子,0,5.00
A1000721,2018/11/22,KN-16390,当日,华北,河北,技术,复印机,佳能,"佳能 无线传真机,0,5.00
A1000720,2018/11/22,CS-12505,二级,华东,安徽,办公用品,装订机,Avery,"Avery 标签,0,5.00
A1000728,2018/11/23,MS-17770,标准级,华北,河北,技术,复印机,佳能,"佳能 无线传真机,0,5.00
A1000737,2018/11/25,AT-10435,当日,中南,广东,技术,配件,Enermax,"Enermax 键区,0,5.00
A1000741,2018/11/28,RA-19915,一级,华东,安徽,办公用品,美术,Binney & Smith,"Binney & Smith 荧光笔,0,5.00
A1000742,2018/11/28,MC-17845,标准级,中南,湖南,办公用品,收纳具,Tenex,"Tenex 文件夹,0,5.00
A1000749,2018/11/29,TB-21400,一级,华北,河北,办公用品,收纳具,Fellowes,"Fellowes 锁柜,0,5.00
A1000746,2018/11/29,GH-14425,一级,华东,浙江,家具,用具,Advantus,"Advantus 框架,0,5.00
A1000749,2018/11/29,GH-14425,一级,华北,河北,技术,配件,SanDisk,"SanDisk 路由器,0,5.00
A1000751,2018/11/30,JF-15490,二级,华东,山东,办公用品,美术,Stanley,"Stanley 钢笔,0,5.00
A1000754,2018/11/30,EB-13840,二级,华东,安徽,办公用品,器具,Breville,"Breville 冰箱,0,5.00
A1000756,2018/11/30,CL-11890,标准级,华东,山东,办公用品,装订机,Acco,"Acco 订书机,0,5.00
A1000756,2018/11/30,CL-11890,标准级,华东,山东,家具,桌子,Hon,"Hon 圆桌,0,5.00
A1000757,2018/12/1,EP-13915,标准级,西南,云南,办公用品,系固件,OIC,"OIC 回形针,0,5.00
A1000759,2018/12/2,AB-10150,标准级,华东,浙江,办公用品,器具,Breville,"Breville 冰箱,0,5.00
A1000768,2018/12/7,DV-13465,标准级,东北,辽宁,办公用品,装订机,Cardinal,"Cardinal 订书机,0,5.00
A1000769,2018/12/7,SC-20095,标准级,中南,河南,家具,桌子,Hon,"Hon 圆桌,0,5.00
A1000777,2018/12/8,MC-18100,二级,华东,山东,办公用品,器具,Hamilton Beach,"Hamilton Beach 烤面包机,0,5.00
A1000778,2018/12/9,NP-18325,二级,华东,江西,办公用品,收纳具,Eldon,"Eldon 搁板,0,5.00
A1000780,2018/12/9,DP-13390,标准级,华北,山西,办公用品,器具,Cuisinart,"Cuisinart 搅拌机,0,5.00
A1000779,2018/12/9,AB-10150,标准级,华东,浙江,技术,设备,爱普生,"爱普生 卡片打印机,0,5.00
A1000786,2018/12/12,JO-15280,标准级,中南,河南,家具,用具,Advantus,"Advantus 门挡,0,5.00
A1000799,2018/12/15,JC-15385,一级,中南,湖南,办公用品,系固件,Stockwell,"Stockwell 夹子,0,5.00
A1000798,2018/12/15,PO-19180,标准级,华东,安徽,家具,用具,Rubbermaid,"Rubvermaid 分层置放架,0,5.00
A1000798,2018/12/15,AS-10240,标准级,华东,安徽,技术,电话,思科,"思科 智能手机,0,5.00
A1000800,2018/12/15,NW-18400,标准级,中南,河南,办公用品,装订机,Avery,"Avery 标签,0,5.00
A1000801,2018/12/16,TB-21280,当日,东北,辽宁,办公用品,用品,Elite,"Elite 大剪刀,0,5.00
A1000807,2018/12/19,CD-12280,标准级,华北,河北,办公用品,器具,Hoover,"Hoover 微波炉,0,5.00
A1000821,2018/12/23,PS-18760,标准级,东北,吉林,办公用品,标签,Novimex,"Novimex 合法证物标签,0,5.00
A1000822,2018/12/23,AW-10840,标准级,东北,辽宁,技术,配件,Memorex,"Memorex 键区,0,5.00
A1000820,2018/12/23,TS-21610,标准级,华北,山西,办公用品,信封,Cameo,"Cameo 商业信封,0,5.00
A1000827,2018/12/24,AG-10900,标准级,东北,黑龙江,办公用品,装订机,Avery,"Avery 装订机,0,5.00
A1000828,2018/12/24,ND-18370,标准级,华东,山东,家具,书架,宜家,"宜家 书架,0,5.00
A1000831,2018/12/26,JK-15205,标准级,华北,内蒙古,办公用品,收纳具,Rogers,"Rogers 文件夹,0,5.00
A1000830,2018/12/26,BN-11515,标准级,华东,上海,技术,电话,摩托罗拉,"摩托罗拉 办公室电话机,0,5.00
A1000835,2018/12/27,BN-11515,二级,西北,宁夏,办公用品,信封,Ames,"Ames 马尼拉纸信封,0,5.00
A1000839,2018/12/28,DB-13120,标准级,中南,广东,家具,书架,Sauder,"Sauder 柜,0,5.00
A1000838,2018/12/28,DB-13120,标准级,华东,上海,技术,设备,冲电器,"冲电器 喷墨打印机,0,5.00
A1000846,2018/12/30,MC-18100,二级,东北,辽宁,办公用品,装订机,Acco,"Acco 装订机盖,0,5.00
A1000864,2019/1/10,RP-19855,标准级,中南,湖北,办公用品,装订机,Cardinal,"Cardinal 装订机,0,5.00
A1000863,2019/1/10,TB-21175,标准级,西南,重庆,办公用品,装订机,Wilson Jones,"Wilson Jones 装订机盖,0,5.00
A1000878,2019/1/18,BT-11680,标准级,华北,天津,办公用品,装订机,Acco,"Acco 标签,0,5.00
A1000881,2019/1/20,JL-15235,标准级,西南,云南,技术,设备,柯尼卡,"柯尼卡 电话,0,5.00
A1000884,2019/1/21,EA-14035,标准级,中南,湖南,办公用品,标签,Avery,"Avery 运输标签,0,5.00
A1000901,2019/1/27,RF-19840,标准级,中南,河南,办公用品,收纳具,Eldon,"Eldon 搁板,0,5.00
A1000902,2019/1/29,NC-18625,一级,东北,辽宁,办公用品,标签,Smead,"Smead 可去除的标签,0,5.00
A1000904,2019/1/30,ME-18010,二级,东北,辽宁,技术,电话,三星,"三星 音频基座,0,5.00
A1000905,2019/1/31,ME-18010,标准级,华东,江苏,办公用品,收纳具,Rogers,"Rogers 文件车,0,5.00
A1000905,2019/1/31,JG-15160,标准级,华东,江苏,技术,配件,SanDisk,"SanDisk 闪存驱动器,0,5.00
A1000906,2019/2/1,LF-17185,二级,华东,山东,办公用品,器具,Hamilton Beach,"Hamilton Beach 冰箱,0,5.00
A1000933,2019/2/21,SC-20230,标准级,中南,广东,技术,复印机,佳能,"佳能 个人复印机,0,5.00
A1000934,2019/2/21,LW-16990,二级,中南,海南,办公用品,用品,Fiskars,"Fiskars 美工刀,0,5.00
A1000939,2019/2/22,VM-21685,一级,华东,江苏,办公用品,美术,BIC,"BIC 荧光笔,0,5.00
A1000938,2019/2/22,JE-15715,标准级,华北,河北,办公用品,收纳具,Eldon,"Eldon 锁柜,0,5.00
A1000943,2019/2/24,AC-10615,标准级,东北,黑龙江,技术,电话,诺基亚,"诺基亚 信号增强器,0,5.00
A1000944,2019/2/27,RW-19690,标准级,西北,陕西,办公用品,装订机,Ibico,"Ibico 打孔机,0,5.00
A1000952,2019/3/1,BD-11320,标准级,华东,安徽,技术,电话,诺基亚,"诺基亚 信号增强器,0,5.00
A1000956,2019/3/1,ML-17755,标准级,中南,广东,办公用品,美术,BIC,"BIC 记号笔,0,5.00
A1000950,2019/3/1,JD-16015,标准级,华东,山东,办公用品,器具,Breville,"Breville 烤面包机,0,5.00
A1000964,2019/3/5,LW-16825,标准级,中南,广东,家具,用具,Eldon,"Eldon 框架,0,5.00
A1000965,2019/3/6,CB-12415,二级,西南,云南,办公用品,美术,Stanley,"Stanley 铅笔刀,0,5.00
A1000974,2019/3/10,LW-17215,标准级,西北,陕西,技术,复印机,夏普,"夏普 墨水,0,5.00
A1000976,2019/3/12,SC-20050,一级,中南,广西,办公用品,用品,Stiletto,"Stiletto 尺子,0,5.00
A1000979,2019/3/12,RW-19630,标准级,中南,广东,办公用品,系固件,Accos,"Accos 按钉,0,5.00
A1000975,2019/3/12,SC-20800,标准级,华东,江苏,办公用品,美术,Stanley,"Stanley 荧光笔,0,5.00
A1000980,2019/3/13,BK-11260,标准级,中南,湖南,家具,椅子,Novimex,"Novimex 椅垫,0,5.00
A1000985,2019/3/15,RH-19510,当日,华东,江苏,家具,用具,Eldon,"Eldon 框架,0,5.00
A1000984,2019/3/15,VM-21685,标准级,中南,河南,办公用品,纸张,Enermax,"Enermax 令,0,5.00
A1000989,2019/3/16,GB-14530,标准级,华东,浙江,办公用品,系固件,Stockwell,"Stockwell 回形针,0,5.00
A1000992,2019/3/19,CW-11905,当日,中南,湖南,家具,椅子,Novimex,"Novimex 折叠椅,0,5.00
A1000997,2019/3/21,MC-17590,一级,华东,安徽,办公用品,收纳具,Smead,"Smead 文件夹,0,5.00
A1001000,2019/3/22,CK-12595,一级,华北,天津,家具,椅子,Hon,"Hon 折叠椅,0,5.00
A1000998,2019/3/22,RD-19480,二级,西南,四川,家具,用具,Tenex,"Tenex 灯泡,0,5.00
A1001004,2019/3/23,GG-14650,标准级,华北,内蒙古,办公用品,纸张,Enermax,"Enermax 信纸,0,5.00
A1001005,2019/3/25,GG-14650,标准级,华东,山东,家具,椅子,Office Star,"Office Star 椅垫,0,5.00
A1001005,2019/3/25,ZC-21910,标准级,华东,山东,技术,复印机,Hewlett,"Hewlett 复印机,0,5.00
A1001007,2019/3/26,TC-20980,二级,华东,福建,办公用品,纸张,Enermax,"Enermax 备忘录便条,0,5.00
A1001010,2019/3/27,BF-11080,当日,西北,陕西,家具,用具,Advantus,"Advantus 相框,0,5.00
A1001011,2019/3/27,MS-17365,标准级,华东,山东,办公用品,用品,Stiletto,"Stiletto 剪刀,0,5.00
A1001011,2019/3/27,MS-17365,标准级,华东,山东,办公用品,系固件,Accos,"Accos 橡皮筋,0,5.00
A1001015,2019/3/30,MM-17260,二级,华东,安徽,办公用品,装订机,Avery,"Avery 装订机,0,5.00
A1001019,2019/4/1,SN-20710,标准级,华北,山西,办公用品,装订机,Ibico,"Ibico 打孔机,0,5.00
A1001027,2019/4/4,HG-14965,一级,东北,黑龙江,办公用品,用品,Kleencut,"Kleencut 美工刀,0,5.00
A1001029,2019/4/6,SG-20080,二级,东北,辽宁,办公用品,标签,Hon,"Hon 合法证物标签,0,5.00
A1001030,2019/4/7,SG-20080,二级,华东,上海,办公用品,纸张,Eaton,"Eaton 笔记本,0,5.00
A1001031,2019/4/9,RW-19630,二级,华东,上海,办公用品,收纳具,Eldon,"Eldon 文件车,0,5.00
A1001037,2019/4/11,EH-14005,标准级,西南,云南,办公用品,系固件,OIC,"OIC 图钉,0,5.00
A1001042,2019/4/13,TB-21625,标准级,东北,黑龙江,技术,电话,摩托罗拉,"摩托罗拉 信号增强器,0,5.00
A1001046,2019/4/17,TB-21625,二级,中南,湖北,办公用品,装订机,Ibico,"Ibico 装订机盖,0,5.00
A1001044,2019/4/17,GT-14635,一级,中南,广东,办公用品,装订机,Avery,"Avery 装订机,0,5.00
A1001045,2019/4/17,DK-13225,标准级,华东,山东,办公用品,器具,Breville,"Breville 烤面包机,0,5.00
A1001049,2019/4/19,AR-10540,二级,东北,吉林,办公用品,标签,Smead,"Smead 可去除的标签,0,5.00
A1001049,2019/4/19,DR-12880,二级,东北,吉林,办公用品,用品,Fiskars,"Fiskars 大剪刀,0,5.00
A1001054,2019/4/21,HA-14920,二级,华东,安徽,办公用品,纸张,SanDisk,"SanDisk 令,0,5.00
A1001057,2019/4/24,PB-18805,标准级,东北,黑龙江,家具,书架,宜家,"宜家 墙角架,0,5.00
A1001061,2019/4/26,CJ-12010,标准级,华北,山西,办公用品,器具,Breville,"Breville 搅拌机,0,5.00
A1001064,2019/4/27,CJ-12010,标准级,华东,上海,技术,设备,StarTech,"StarTech 电话,0,5.00
A1001066,2019/4/30,IL-15100,标准级,西北,甘肃,家具,椅子,Novimex,"Novimex 折叠椅,0,5.00
A1001070,2019/5/2,SC-20725,标准级,中南,广东,技术,配件,Memorex,"Memorex 记忆卡,0,5.00
A1001076,2019/5/3,ML-17410,标准级,东北,辽宁,家具,椅子,Harbour Creations,"Harbour Creations 折叠椅,0,5.00
A1001079,2019/5/4,MH-17620,标准级,中南,广东,办公用品,用品,Kleencut,"Kleencut 剪刀,0,5.00
A1001082,2019/5/4,DK-13375,标准级,中南,广东,技术,配件,贝尔金,"贝尔金 记忆卡,0,5.00
A1001094,2019/5/9,CT-11995,标准级,华东,山东,办公用品,收纳具,Rogers,"Rogers 盘,0,5.00
A1001104,2019/5/11,JM-16195,二级,华东,安徽,家具,书架,宜家,"宜家 书架,0,5.00
A1001114,2019/5/15,SM-20320,标准级,华东,安徽,家具,用具,Deflect-O,"Deflect-O 灯泡,0,5.00
A1001112,2019/5/15,DK-13225,标准级,东北,辽宁,家具,用具,Eldon,"Eldon 相框,0,5.00
A1001124,2019/5/17,SF-20200,标准级,西北,陕西,办公用品,标签,Hon,"Hon 可去除的标签,0,5.00
A1001124,2019/5/17,BB-10990,标准级,西北,陕西,办公用品,用品,Stiletto,"Stiletto 大剪刀,0,5.00
A1001128,2019/5/19,JL-15505,标准级,华东,山东,办公用品,信封,Ames,"Ames 马尼拉纸信封,0,5.00
A1001133,2019/5/21,BC-11125,标准级,东北,吉林,办公用品,纸张,Eaton,"Eaton 羊皮纸,0,5.00
A1001132,2019/5/21,BC-11125,标准级,华北,河北,技术,复印机,Hewlett,"Hewlett 传真机,0,5.00
A1001137,2019/5/22,EM-13825,二级,中南,广东,办公用品,信封,Ames,"Ames 商业信封,0,5.00
A1001153,2019/5/24,CC-12220,一级,东北,吉林,家具,椅子,Office Star,"Office Star 折叠椅,0,5.00
A1001148,2019/5/24,RH-19495,二级,东北,黑龙江,家具,椅子,Hon,"Hon 折叠椅,0,5.00
A1001147,2019/5/24,AM-10360,标准级,东北,辽宁,技术,复印机,惠普,"惠普 复印机,0,5.00
A1001151,2019/5/24,SC-20260,标准级,西北,新疆,办公用品,收纳具,Fellowes,"Fellowes 文件车,0,5.00
A1001160,2019/5/25,CP-12340,当日,东北,辽宁,技术,复印机,夏普,"夏普 个人复印机,0,5.00
A1001159,2019/5/25,AB-10060,二级,东北,辽宁,办公用品,器具,Hamilton Beach,"Hamilton Beach 烤面包机,0,5.00
A1001163,2019/5/26,BF-11020,一级,华东,江苏,技术,电话,三星,"三星 信号增强器,0,5.00
A1001164,2019/5/27,MS-17770,二级,华东,山东,技术,复印机,夏普,"夏普 墨水,0,5.00
A1001167,2019/5/28,CV-12295,标准级,西北,宁夏,家具,用具,Eldon,"Eldon 闹钟,0,5.00
A1001165,2019/5/28,DK-13375,二级,中南,河南,技术,配件,Memorex,"Memorex 记忆卡,0,5.00
A1001172,2019/5/29,PJ-18835,标准级,华北,北京,办公用品,器具,Hamilton Beach,"Hamilton Beach 烤面包机,0,5.00
A1001172,2019/5/29,NP-18700,标准级,华北,北京,办公用品,收纳具,Eldon,"Eldon 文件车,0,5.00
A1001172,2019/5/29,SB-20290,标准级,华北,北京,办公用品,美术,Boston,"Boston 钢笔,0,5.00
A1001180,2019/5/31,EM-13810,标准级,中南,湖南,办公用品,标签,Novimex,"Novimex 运输标签,0,5.00
A1001181,2019/5/31,LC-16930,标准级,西南,云南,办公用品,器具,Hamilton Beach,"Hamilton Beach 冰箱,0,5.00
A1001178,2019/5/31,CR-12580,标准级,东北,黑龙江,家具,书架,Safco,"Safco 书架,0,5.00
A1001195,2019/6/5,AM-10705,二级,华东,山东,家具,椅子,Hon,"Hon 凳子,0,5.00
A1001215,2019/6/11,MK-18160,标准级,东北,黑龙江,办公用品,系固件,Stockwell,"Stockwell 图钉,0,5.00
A1001221,2019/6/12,FO-14305,标准级,中南,广西,办公用品,美术,Boston,"Boston 荧光笔,0,5.00
A1001224,2019/6/13,CB-12535,标准级,华北,河北,家具,椅子,Harbour Creations,"Harbour Creations 扶手椅,0,5.00
A1001234,2019/6/15,LS-17200,二级,华东,浙江,技术,复印机,佳能,"佳能 墨水,0,5.00
A1001232,2019/6/15,BB-11545,标准级,华东,山东,办公用品,信封,Cameo,"Cameo 商业信封,0,5.00
A1001232,2019/6/15,BB-11545,标准级,华东,山东,家具,椅子,Hon,"Hon 椅垫,0,5.00
A1001229,2019/6/15,PB-19105,标准级,中南,湖北,办公用品,装订机,Avery,"Avery 标签,0,5.00
A1001248,2019/6/18,TT-21220,一级,华东,江苏,办公用品,装订机,Acco,"Acco 标签,0,5.00
A1001242,2019/6/18,DJ-13510,二级,华东,山东,办公用品,美术,Stanley,"Stanley 速写本,0,5.00
A1001242,2019/6/18,DJ-13510,二级,华东,山东,技术,配件,Enermax,"Enermax 键盘,0,5.00
A1001245,2019/6/18,LO-17170,标准级,华东,安徽,技术,电话,摩托罗拉,"摩托罗拉 耳机,0,5.00
A1001250,2019/6/20,BP-11185,二级,中南,湖北,技术,复印机,Hewlett,"Hewlett 传真机,0,5.00
A1001250,2019/6/20,TM-21010,二级,中南,湖北,技术,配件,SanDisk,"SanDisk 键盘,0,5.00
A1001256,2019/6/20,TM-21010,一级,华东,山东,技术,复印机,夏普,"夏普 无线传真机,0,5.00
A1001257,2019/6/20,MB-17305,二级,东北,吉林,办公用品,装订机,Ibico,"Ibico 装订机盖,0,5.00
A1001260,2019/6/21,RA-19885,标准级,中南,广东,家具,椅子,Harbour Creations,"Harbour Creations 扶手椅,0,5.00
A1001270,2019/6/26,BM-11650,二级,华东,山东,办公用品,信封,GlobeWeis,"GlobeWeis 外皮和封条,0,5.00
A1001283,2019/6/28,TA-21385,标准级,华东,安徽,技术,配件,贝尔金,"贝尔金 路由器,0,5.00
A1001277,2019/6/28,TA-21385,标准级,华东,福建,办公用品,标签,Novimex,"Novimex 文件夹标签,0,5.00
A1001279,2019/6/28,SB-20290,标准级,东北,黑龙江,技术,电话,诺基亚,"诺基亚 办公室电话机,0,5.00
A1001290,2019/6/29,SB-20170,标准级,华北,山西,办公用品,系固件,OIC,"OIC 订书钉,0,5.00
A1001291,2019/6/29,TB-21400,二级,中南,河南,家具,椅子,Safco,"SAFCO 折叠椅,0,5.00
A1001293,2019/6/30,SH-19975,一级,东北,辽宁,办公用品,装订机,Acco,"Acco 打孔机,0,5.00
A1001294,2019/6/30,AS-10225,标准级,中南,广西,办公用品,纸张,Eaton,"Eaton 计划信息表,0,5.00
A1001294,2019/6/30,AS-10225,标准级,中南,广西,技术,电话,摩托罗拉,"摩托罗拉 音频基座,0,5.00
A1001301,2019/7/4,NL-18310,二级,华东,安徽,办公用品,用品,Stiletto,"Stiletto 开信刀,0,5.00
A1001309,2019/7/6,MH-18115,一级,华东,江苏,办公用品,系固件,Accos,"Accos 按钉,0,5.00
A1001307,2019/7/6,CT-11995,二级,中南,广东,技术,设备,StarTech,"StarTech 打印机,0,5.00
A1001314,2019/7/11,SM-20320,当日,华东,山东,家具,椅子,Harbour Creations,"Harbour Creations 摇椅,0,5.00
A1001321,2019/7/14,SC-20680,标准级,中南,河南,办公用品,器具,Breville,"Breville 烤面包机,0,5.00
A1001327,2019/7/17,ON-18715,标准级,东北,黑龙江,办公用品,用品,Fiskars,"Fiskars 美工刀,0,5.00
A1001324,2019/7/17,TB-21400,标准级,华东,山东,办公用品,标签,Hon,"Hon 文件夹标签,0,5.00
A1001328,2019/7/18,SK-19990,标准级,东北,辽宁,技术,电话,三星,"三星 办公室电话机,0,5.00
A1001332,2019/7/19,FH-14350,二级,东北,黑龙江,办公用品,收纳具,Rogers,"Rogers 文件车,0,5.00
A1001331,2019/7/19,FH-14350,二级,中南,广东,办公用品,器具,KitchenAid,"KitchenAid 咖啡研磨机,0,5.00
A1001331,2019/7/19,KL-16645,二级,中南,广东,技术,电话,思科,"思科 充电器,0,5.00
A1001335,2019/7/20,RH-19555,二级,西南,云南,家具,椅子,Hon,"Hon 椅垫,0,5.00
A1001338,2019/7/23,CS-11950,标准级,中南,广西,办公用品,美术,Boston,"Boston 记号笔,0,5.00
A1001339,2019/7/25,GA-14515,二级,华北,内蒙古,办公用品,美术,Sanford,"Sanford 铅笔刀,0,5.00
A1001342,2019/7/26,NK-18490,二级,华东,江苏,家具,用具,Advantus,"Advantus 灯泡,0,5.00
A1001342,2019/7/26,PL-18925,二级,华东,江苏,技术,复印机,Hewlett,"Hewlett 墨水,0,5.00
A1001343,2019/7/27,PL-18925,标准级,西北,陕西,家具,椅子,Office Star,"Office Star 沙滩椅,0,5.00
A1001349,2019/7/31,MO-17950,当日,西南,云南,办公用品,收纳具,Tenex,"Tenex 文件车,0,5.00
A1001347,2019/7/31,ML-17755,标准级,华东,江苏,办公用品,纸张,Eaton,"Eaton 计划信息表,0,5.00
A1001351,2019/8/1,SS-20140,标准级,中南,广东,技术,复印机,Hewlett,"Hewlett 传真机,0,5.00
A1001357,2019/8/3,MP-17965,一级,西北,甘肃,家具,椅子,Harbour Creations,"Harbour Creations 椅垫,0,5.00
A1001366,2019/8/6,KN-16450,当日,中南,湖南,办公用品,器具,KitchenAid,"KitchenAid 烤面包机,0,5.00
A1001377,2019/8/8,MP-18175,一级,华东,上海,办公用品,标签,Smead,"Smead 运输标签,0,5.00
A1001388,2019/8/10,JB-15400,二级,华东,山东,家具,桌子,Hon,"Hon 电脑桌,0,5.00
A1001390,2019/8/11,RB-19360,标准级,中南,湖南,家具,书架,Sauder,"Sauder 书库,0,5.00
A1001399,2019/8/13,SC-20380,一级,中南,河南,办公用品,纸张,施乐,"施乐 令,0,5.00
A1001404,2019/8/13,JK-15370,一级,中南,湖南,办公用品,器具,Breville,"Breville 烤面包机,0,5.00
A1001398,2019/8/13,MC-17845,标准级,东北,辽宁,家具,椅子,Hon,"Hon 椅垫,0,5.00
A1001406,2019/8/14,Dp-13240,二级,华东,江苏,办公用品,用品,Fiskars,"Fiskars 剪刀,0,5.00
A1001414,2019/8/14,EP-13915,标准级,东北,黑龙江,办公用品,信封,Jiffy,"Jiffy 局间信封,0,5.00
A1001419,2019/8/15,JC-16105,二级,华东,山东,办公用品,系固件,OIC,"OIC 订书钉,0,5.00
A1001425,2019/8/16,DL-12925,标准级,华东,安徽,技术,复印机,夏普,"夏普 传真机,0,5.00
A1001422,2019/8/16,VD-21670,标准级,中南,广东,办公用品,用品,Elite,"Elite 开信刀,0,5.00
A1001422,2019/8/16,CK-12205,标准级,中南,广东,家具,桌子,Hon,"Hon 圆桌,0,5.00
A1001423,2019/8/16,CK-12205,标准级,华北,河北,办公用品,装订机,Acco,"Acco 装订机,0,5.00
A1001427,2019/8/18,DL-12925,二级,华东,江西,技术,复印机,佳能,"佳能 复印机,0,5.00
A1001430,2019/8/19,LS-17200,当日,东北,黑龙江,办公用品,装订机,Acco,"Acco 订书机,0,5.00
A1001434,2019/8/20,CT-11995,标准级,华北,内蒙古,办公用品,装订机,Ibico,"Ibico 孔加固材料,0,5.00
A1001432,2019/8/20,TT-21220,标准级,东北,黑龙江,办公用品,用品,Acme,"Acme 修剪器,0,5.00
A1001433,2019/8/20,GT-14710,标准级,中南,广东,家具,用具,Tenex,"Tenex 门挡,0,5.00
A1001436,2019/8/21,GT-14710,二级,西北,甘肃,家具,用具,Advantus,"Advantus 闹钟,0,5.00
A1001440,2019/8/21,GT-14710,二级,中南,湖南,家具,书架,Bush,"Bush 搁架,0,5.00
A1001438,2019/8/21,MC-18100,标准级,华东,山东,家具,椅子,Office Star,"Office Star 折叠椅,0,5.00
A1001437,2019/8/21,LH-17020,标准级,中南,广东,办公用品,纸张,Green Bar,"Green Bar 计划信息表,0,5.00
A1001454,2019/8/25,AY-10555,一级,华东,安徽,办公用品,装订机,Cardinal,"Cardinal 装订机,0,5.00
A1001454,2019/8/25,AY-10555,一级,华东,安徽,办公用品,装订机,Cardinal,"Cardinal 装订机,0,5.00
A1001457,2019/8/27,AG-10675,标准级,西北,陕西,办公用品,信封,Cameo,"Cameo 邮寄品,0,5.00
A1001459,2019/8/28,ND-18370,标准级,东北,黑龙江,办公用品,收纳具,Eldon,"Eldon 搁板,0,5.00
A1001459,2019/8/28,CL-12565,标准级,东北,黑龙江,家具,椅子,Safco,"SAFCO 椅垫,0,5.00
A1001465,2019/8/29,MC-17635,二级,华北,河北,技术,复印机,夏普,"夏普 复印机,0,5.00
A1001468,2019/8/29,TT-21265,标准级,东北,吉林,办公用品,纸张,SanDisk,"SanDisk 信纸,0,5.00
A1001467,2019/8/29,NW-18400,标准级,华北,河北,家具,书架,宜家,"宜家 古典书架,0,5.00
A1001478,2019/8/31,CR-12730,标准级,中南,广东,技术,设备,柯尼卡,"柯尼卡 收据打印机,0,5.00
A1001480,2019/9/1,RR-19525,二级,华北,内蒙古,办公用品,装订机,Cardinal,"Cardinal 装订机盖,0,5.00
A1001483,2019/9/1,SR-20425,二级,东北,黑龙江,家具,书架,Bush,"Bush 书架,0,5.00
A1001481,2019/9/1,SR-20425,标准级,中南,湖南,办公用品,装订机,Cardinal,"Cardinal 装订机盖,0,5.00
A1001487,2019/9/3,MH-18115,标准级,中南,广西,技术,电话,摩托罗拉,"摩托罗拉 办公室电话机,0,5.00
A1001488,2019/9/4,MH-18115,标准级,西南,云南,办公用品,标签,Hon,"Hon 运输标签,0,5.00
A1001495,2019/9/6,BD-11605,二级,华东,山东,办公用品,美术,Binney & Smith,"Binney & Smith 画布,0,5.00
A1001496,2019/9/6,BD-11605,标准级,西南,云南,办公用品,信封,Ames,"Ames 邮寄品,0,5.00
A1001504,2019/9/8,SW-20350,一级,华北,内蒙古,家具,桌子,Bevis,"Bevis 咖啡桌,0,5.00
A1001508,2019/9/10,RE-19450,标准级,东北,吉林,办公用品,装订机,Wilson Jones,"Wilson Jones 打孔机,0,5.00
A1001517,2019/9/12,YC-21895,当日,华东,浙江,办公用品,收纳具,Eldon,"Eldon 锁柜,0,5.00
A1001530,2019/9/15,BH-11710,一级,华东,江苏,办公用品,信封,Kraft,"Kraft 搭扣信封,0,5.00
A1001527,2019/9/15,TD-20995,一级,华东,福建,办公用品,纸张,Green Bar,"Green Bar 备忘录便条,0,5.00
A1001533,2019/9/17,CS-12355,一级,华东,山东,办公用品,标签,Novimex,"Novimex 有色标签,0,5.00
A1001541,2019/9/19,AA-10480,标准级,东北,吉林,技术,电话,苹果,"苹果 音频基座,0,5.00
A1001546,2019/9/20,MS-17770,标准级,华东,安徽,办公用品,系固件,Stockwell,"Stockwell 回形针,0,5.00
A1001542,2019/9/20,MS-17770,标准级,中南,湖南,技术,配件,SanDisk,"SanDisk 路由器,0,5.00
A1001556,2019/9/22,LS-16975,二级,东北,黑龙江,办公用品,标签,Smead,"Smead 合法证物标签,0,5.00
A1001561,2019/9/25,JL-15850,一级,东北,辽宁,办公用品,系固件,OIC,"OIC 订书钉,0,5.00
A1001561,2019/9/25,AR-10825,一级,东北,辽宁,家具,椅子,Hon,"Hon 沙滩椅,0,5.00
A1001563,2019/9/25,NF-18385,标准级,西南,四川,家具,桌子,Bevis,"Bevis 培训桌,0,5.00
A1001563,2019/9/25,GH-14410,标准级,西南,四川,家具,椅子,Novimex,"Novimex 折叠椅,0,5.00
A1001559,2019/9/25,EM-13810,标准级,华北,天津,技术,电话,诺基亚,"诺基亚 耳机,0,5.00
A1001568,2019/9/26,DB-13210,当日,西南,四川,办公用品,用品,Acme,"Acme 修剪器,0,5.00
A1001568,2019/9/26,HF-14995,当日,西南,四川,家具,书架,Sauder,"Sauder 搁架,0,5.00
A1001564,2019/9/26,KW-16435,二级,华东,福建,办公用品,器具,Cuisinart,"Cuisinart 咖啡研磨机,0,5.00
A1001567,2019/9/26,EP-13915,标准级,中南,广东,家具,桌子,Chromcraft,"Chromcraft 培训桌,0,5.00
A1001576,2019/9/27,SH-20395,一级,华东,安徽,办公用品,装订机,Acco,"Acco 打孔机,0,5.00
A1001576,2019/9/27,BM-11650,二级,华东,安徽,家具,书架,Bush,"Bush 书库,0,5.00
A1001584,2019/9/28,DR-12940,二级,中南,广东,家具,书架,Dania,"Dania 书库,0,5.00
A1001582,2019/9/28,AH-10030,标准级,中南,广西,办公用品,用品,Stiletto,"Stiletto 美工刀,0,5.00
A1001590,2019/10/1,RD-19900,一级,中南,广东,办公用品,标签,Harbour Creations,"Harbour Creations 运输标签,0,5.00
A1001588,2019/10/1,RD-19900,标准级,华东,上海,办公用品,信封,Ames,"Ames 邮寄品,0,5.00
A1001588,2019/10/1,SH-19975,标准级,华东,上海,办公用品,美术,Binney & Smith,"Binney & Smith 荧光笔,0,5.00
A1001588,2019/10/1,SH-19975,标准级,华东,上海,家具,椅子,Novimex,"Novimex 折叠椅,0,5.00
A1001589,2019/10/1,VG-21790,标准级,华东,江西,办公用品,美术,Boston,"Boston 钢笔,0,5.00
A1001587,2019/10/1,FH-14275,标准级,东北,辽宁,家具,书架,Safco,"Safco 柜,0,5.00
A1001596,2019/10/2,ES-14080,标准级,中南,广东,家具,书架,宜家,"宜家 搁架,0,5.00
A1001602,2019/10/3,ES-14080,一级,华东,山东,办公用品,收纳具,Eldon,"Eldon 盒,0,5.00
A1001602,2019/10/3,KL-16645,一级,华东,山东,办公用品,系固件,Advantus,"Advantus 橡皮筋,0,5.00
A1001607,2019/10/5,BG-11740,标准级,中南,海南,家具,用具,Advantus,"Advantus 门挡,0,5.00
A1001612,2019/10/6,MA-17560,一级,西北,陕西,办公用品,装订机,Cardinal,"Cardinal 装订机,0,5.00
A1001614,2019/10/7,JF-15565,标准级,华东,江苏,办公用品,收纳具,Eldon,"Eldon 盒,0,5.00
A1001616,2019/10/8,SJ-20215,当日,中南,广东,办公用品,信封,GlobeWeis,"GlobeWeis 马尼拉纸信封,0,5.00
A1001616,2019/10/8,KM-16225,当日,中南,广东,办公用品,收纳具,Smead,"Smead 锁柜,0,5.00
A1001616,2019/10/8,KM-16225,当日,中南,广东,办公用品,用品,Elite,"Elite 美工刀,0,5.00
A1001616,2019/10/8,GM-14695,当日,中南,广东,技术,设备,StarTech,"StarTech 收据打印机,0,5.00
A1001620,2019/10/8,MH-17785,标准级,华东,浙江,办公用品,装订机,Acco,"Acco 打孔机,0,5.00
A1001622,2019/10/8,RD-19585,标准级,中南,河南,办公用品,信封,Kraft,"Kraft 商业信封,0,5.00
A1001630,2019/10/9,JF-15295,二级,中南,湖南,办公用品,收纳具,Tenex,"Tenex 盘,0,5.00
A1001627,2019/10/9,KH-16510,二级,中南,广东,家具,桌子,Lesro,"Lesro 电脑桌,0,5.00
A1001633,2019/10/10,HG-15025,标准级,中南,广东,家具,椅子,Office Star,"Office Star 折叠椅,0,5.00
A1001637,2019/10/11,HG-15025,一级,东北,辽宁,办公用品,装订机,Cardinal,"Cardinal 标签,0,5.00
A1001639,2019/10/12,SC-20725,一级,中南,河南,办公用品,收纳具,Fellowes,"Fellowes 搁板,0,5.00
A1001643,2019/10/15,GM-14455,二级,西北,陕西,办公用品,装订机,Wilson Jones,"Wilson Jones 装订机,0,5.00
A1001643,2019/10/15,PR-18880,二级,西北,陕西,家具,椅子,Office Star,"Office Star 扶手椅,0,5.00
A1001647,2019/10/15,PR-18880,标准级,中南,湖南,办公用品,系固件,Advantus,"Advantus 橡皮筋,0,5.00
A1001654,2019/10/17,TB-21055,一级,中南,湖南,办公用品,系固件,Stockwell,"Stockwell 夹子,0,5.00
A1001658,2019/10/18,NF-18595,标准级,东北,辽宁,办公用品,用品,Kleencut,"Kleencut 剪刀,0,5.00
A1001661,2019/10/19,Dp-13240,一级,华东,上海,家具,用具,Tenex,"Tenex 相框,0,5.00
A1001662,2019/10/19,LC-17050,标准级,中南,广东,办公用品,装订机,Wilson Jones,"Wilson Jones 孔加固材料,0,5.00
A1001659,2019/10/19,BM-11650,标准级,华北,天津,办公用品,收纳具,Tenex,"Tenex 文件夹,0,5.00
A1001664,2019/10/20,TB-21280,二级,华北,天津,办公用品,用品,Elite,"Elite 大剪刀,0,5.00
A1001664,2019/10/20,SO-20335,二级,华北,天津,技术,设备,StarTech,"StarTech 打印机,0,5.00
A1001667,2019/10/22,PO-19180,二级,华北,北京,办公用品,装订机,Avery,"Avery 打孔机,0,5.00
A1001676,2019/10/23,MS-17365,二级,华东,浙江,办公用品,用品,Stiletto,"Stiletto 开信刀,0,5.00
A1001671,2019/10/23,Dp-13240,标准级,中南,广东,办公用品,美术,Stanley,"Stanley 铅笔刀,0,5.00
A1001673,2019/10/23,Dp-13240,二级,华东,山东,技术,电话,苹果,"苹果 智能手机,0,5.00
A1001675,2019/10/23,KF-16285,标准级,华东,安徽,技术,电话,摩托罗拉,"摩托罗拉 音频基座,0,5.00
A1001680,2019/10/24,DH-13075,一级,华北,北京,办公用品,信封,Jiffy,"Jiffy 搭扣信封,0,5.00
A1001687,2019/10/26,CL-12565,标准级,东北,吉林,技术,配件,Enermax,"Enermax 路由器,0,5.00
A1001697,2019/10/27,SZ-20035,标准级,中南,湖南,办公用品,收纳具,Fellowes,"Fellowes 盘,0,5.00
A1001699,2019/10/29,RA-19945,标准级,华北,山西,办公用品,装订机,Wilson Jones,"Wilson Jones 订书机,0,5.00
A1001707,2019/10/31,AS-10090,二级,华北,山西,技术,电话,诺基亚,"诺基亚 办公室电话机,0,5.00
A1001709,2019/10/31,EM-13825,标准级,东北,黑龙江,办公用品,标签,Smead,"Smead 圆形标签,0,5.00
A1001716,2019/11/1,EH-13765,一级,中南,湖北,技术,复印机,Brother,"Brother 无线传真机,0,5.00
A1001723,2019/11/2,CC-12610,二级,华东,福建,办公用品,用品,Elite,"Elite 大剪刀,0,5.00
A1001721,2019/11/2,DB-13210,标准级,华东,江苏,家具,用具,Deflect-O,"Deflect-O 相框,0,5.00
A1001720,2019/11/2,RH-19600,标准级,华北,河北,办公用品,器具,Hoover,"Hoover 冰箱,0,5.00
A1001733,2019/11/5,CA-12055,二级,东北,黑龙江,办公用品,美术,Binney & Smith,"Binney & Smith 荧光笔,0,5.00
A1001730,2019/11/5,JK-15730,标准级,西北,陕西,办公用品,装订机,Avery,"Avery 装订机,0,5.00
A1001735,2019/11/6,SC-20020,一级,华东,安徽,家具,书架,Safco,"Safco 墙角架,0,5.00
A1001735,2019/11/6,SC-20020,一级,华东,安徽,家具,用具,Advantus,"Advantus 门挡,0,5.00
A1001734,2019/11/6,HW-14935,标准级,西南,云南,办公用品,美术,Stanley,"Stanley 钢笔,0,5.00
A1001753,2019/11/10,JL-15835,标准级,华北,山西,办公用品,收纳具,Rogers,"Rogers 搁板,0,5.00
A1001760,2019/11/13,RD-19810,标准级,华东,安徽,办公用品,器具,Hamilton Beach,"Hamilton Beach 搅拌机,0,5.00
A1001771,2019/11/15,FC-14335,标准级,华东,山东,家具,椅子,Hon,"Hon 椅垫,0,5.00
A1001773,2019/11/16,JW-15955,标准级,中南,广西,办公用品,信封,Cameo,"Cameo 局间信封,0,5.00
A1001774,2019/11/16,DC-12850,标准级,东北,辽宁,办公用品,美术,Sanford,"Sanford 荧光笔,0,5.00
A1001774,2019/11/16,FM-14290,标准级,东北,辽宁,家具,椅子,Hon,"Hon 椅垫,0,5.00
A1001774,2019/11/16,FM-14290,标准级,东北,辽宁,技术,复印机,Brother,"Brother 墨水,0,5.00
A1001777,2019/11/17,MT-17815,当日,华北,北京,办公用品,信封,GlobeWeis,"GlobeWeis 搭扣信封,0,5.00
A1001786,2019/11/20,LC-17140,二级,中南,河南,办公用品,用品,Fiskars,"Fiskars 尺子,0,5.00
A1001786,2019/11/20,LC-17140,二级,中南,河南,办公用品,纸张,施乐,"施乐 令,0,5.00
A1001787,2019/11/21,TH-21550,标准级,华东,山东,技术,复印机,佳能,"佳能 传真机,0,5.00
A1001788,2019/11/21,TH-21550,标准级,华东,上海,办公用品,信封,Cameo,"Cameo 马尼拉纸信封,0,5.00
A1001788,2019/11/21,CK-12595,标准级,华东,上海,家具,书架,Bush,"Bush 柜,0,5.00
A1001791,2019/11/22,GB-14530,标准级,华东,江苏,办公用品,美术,Sanford,"Sanford 画布,0,5.00
A1001793,2019/11/22,NC-18535,标准级,华东,山东,家具,椅子,Harbour Creations,"Harbour Creations 折叠椅,0,5.00
A1001792,2019/11/22,AB-10255,标准级,西南,四川,办公用品,标签,Hon,"Hon 文件夹标签,0,5.00
A1001795,2019/11/22,SH-19975,标准级,华北,天津,办公用品,器具,KitchenAid,"KitchenAid 炉灶,0,5.00
A1001795,2019/11/22,SH-19975,标准级,华北,天津,办公用品,收纳具,Fellowes,"Fellowes 盒,0,5.00
A1001795,2019/11/22,BC-11125,标准级,华北,天津,办公用品,美术,BIC,"BIC 画布,0,5.00
A1001795,2019/11/22,BC-11125,标准级,华北,天津,办公用品,美术,Binney & Smith,"Binney & Smith 铅笔刀,0,5.00
A1001804,2019/11/23,CC-12610,当日,中南,河南,办公用品,信封,Kraft,"Kraft 外皮和封条,0,5.00
A1001814,2019/11/26,TB-21250,标准级,东北,辽宁,办公用品,信封,Kraft,"Kraft 外皮和封条,0,5.00
A1001828,2019/11/30,ON-18715,标准级,华东,山东,家具,用具,Rubbermaid,"Rubvermaid 灯泡,0,5.00
A1001861,2019/12/10,DR-12880,一级,中南,广东,办公用品,系固件,Advantus,"Advantus 图钉,0,5.00
A1001861,2019/12/10,CK-12205,一级,中南,广东,技术,设备,爱普生,"爱普生 卡片打印机,0,5.00
A1001881,2019/12/15,AH-10690,当日,中南,广东,办公用品,美术,Sanford,"Sanford 铅笔刀,0,5.00
A1001891,2019/12/18,LS-17230,二级,西北,新疆,办公用品,收纳具,Rogers,"Rogers 盘,0,5.00
A1001940,2020/1/1,ML-17410,一级,中南,广东,技术,复印机,佳能,"佳能 传真机,0,5.00
A1001980,2020/1/24,MS-17770,二级,中南,湖南,办公用品,用品,Stiletto,"Stiletto 开信刀,0,5.00
A1002003,2020/2/5,CS-12355,二级,华东,山东,技术,电话,三星,"三星 智能手机,0,5.00
A1002012,2020/2/8,JF-15565,标准级,东北,黑龙江,办公用品,系固件,Advantus,"Advantus 按钉,0,5.00
A1002061,2020/3/4,TT-21070,标准级,中南,河南,家具,用具,Tenex,"Tenex 门挡,0,5.00
A1002069,2020/3/7,RB-19330,标准级,东北,黑龙江,办公用品,用品,Fiskars,"Fiskars 剪刀,0,5.00
A1002090,2020/3/18,BG-11740,标准级,西北,陕西,办公用品,信封,GlobeWeis,"GlobeWeis 邮寄品,0,5.00
A1002100,2020/3/20,AH-10585,标准级,东北,吉林,办公用品,收纳具,Tenex,"Tenex 搁板,0,5.00
A1002104,2020/3/21,AB-10600,一级,华东,山东,办公用品,装订机,Cardinal,"Cardinal 孔加固材料,0,5.00
A1002113,2020/3/25,MA-17560,标准级,东北,吉林,家具,椅子,Safco,"SAFCO 扶手椅,0,5.00
A1002115,2020/3/27,LS-16975,标准级,东北,黑龙江,家具,椅子,Harbour Creations,"Harbour Creations 折叠椅,0,5.00
A1002132,2020/4/4,LA-16780,一级,华东,山东,家具,用具,Deflect-O,"Deflect-O 闹钟,0,5.00
A1002151,2020/4/10,PO-18850,标准级,东北,辽宁,办公用品,纸张,Eaton,"Eaton 信纸,0,5.00
A1002153,2020/4/11,WB-21850,标准级,华北,山西,办公用品,美术,BIC,"BIC 荧光笔,0,5.00
A1002170,2020/4/16,GZ-14470,二级,中南,广东,办公用品,信封,Cameo,"Cameo 搭扣信封,0,5.00
A1002172,2020/4/18,MV-17485,标准级,中南,河南,办公用品,系固件,OIC,"OIC 按钉,0,5.00
A1002184,2020/4/23,RR-19315,标准级,华北,山西,办公用品,用品,Kleencut,"Kleencut 尺子,0,5.00
A1002198,2020/4/30,RA-19915,二级,华北,天津,办公用品,收纳具,Tenex,"Tenex 搁板,0,5.00
A1002211,2020/5/1,MW-18220,标准级,西北,甘肃,办公用品,系固件,Stockwell,"Stockwell 橡皮筋,0,5.00
A1002213,2020/5/2,BF-10975,一级,中南,河南,办公用品,装订机,Cardinal,"Cardinal 订书机,0,5.00
A1002216,2020/5/2,AH-10210,一级,东北,黑龙江,办公用品,系固件,Accos,"Accos 橡皮筋,0,5.00
A1002214,2020/5/2,KL-16645,二级,华北,北京,办公用品,信封,Cameo,"Cameo 商业信封,0,5.00
A1002240,2020/5/9,KA-16525,标准级,华东,浙江,技术,复印机,Hewlett,"Hewlett 墨水,0,5.00
A1002248,2020/5/11,BD-11620,标准级,华东,江苏,办公用品,用品,Acme,"Acme 修剪器,0,5.00
A1002250,2020/5/13,XP-21865,当日,西南,重庆,办公用品,纸张,Green Bar,"Green Bar 备忘录便条,0,5.00
A1002257,2020/5/14,GR-14560,标准级,西南,四川,办公用品,装订机,Acco,"Acco 订书机,0,5.00
A1002257,2020/5/14,BF-11170,标准级,西南,四川,技术,配件,Enermax,"Enermax 路由器,0,5.00
A1002291,2020/5/22,HM-14860,标准级,华东,山东,办公用品,器具,Hamilton Beach,"Hamilton Beach 炉灶,0,5.00
A1002296,2020/5/23,AG-10765,标准级,东北,黑龙江,办公用品,用品,Elite,"Elite 修剪器,0,5.00
A1002315,2020/5/27,GH-14410,二级,中南,广东,办公用品,系固件,Stockwell,"Stockwell 图钉,0,5.00
A1002341,2020/5/31,GH-14410,标准级,华东,山东,办公用品,美术,BIC,"BIC 钢笔,0,5.00
A1002345,2020/6/3,SV-20785,一级,中南,广东,办公用品,器具,KitchenAid,"KitchenAid 烤面包机,0,5.00
A1002351,2020/6/4,AC-10450,二级,中南,河南,办公用品,收纳具,Rogers,"Rogers 盘,0,5.00
A1002394,2020/6/14,ES-14020,二级,华东,山东,技术,配件,贝尔金,"贝尔金 闪存驱动器,0,5.00
A1002406,2020/6/15,NS-18640,标准级,华东,山东,办公用品,信封,Kraft,"Kraft 商业信封,0,5.00
A1002439,2020/6/21,MP-18175,标准级,西南,四川,办公用品,装订机,Cardinal,"Cardinal 标签,0,5.00
A1002473,2020/7/1,MH-18115,标准级,中南,湖南,办公用品,标签,Harbour Creations,"Harbour Creations 可去除的标签,0,5.00
A1002479,2020/7/2,FM-14215,二级,中南,湖南,技术,配件,Memorex,"Memorex 闪存驱动器,0,5.00
A1002483,2020/7/3,BD-11605,标准级,华东,江苏,办公用品,用品,Acme,"Acme 修剪器,0,5.00
A1002500,2020/7/12,PS-19045,标准级,东北,辽宁,办公用品,系固件,Stockwell,"Stockwell 订书钉,0,5.00
A1002500,2020/7/12,JR-16210,标准级,东北,辽宁,办公用品,纸张,施乐,"施乐 信纸,0,5.00
A1002522,2020/7/23,CV-12295,标准级,东北,黑龙江,家具,用具,Deflect-O,"Deflect-O 相框,0,5.00
A1002561,2020/8/5,KN-16390,二级,华东,山东,办公用品,装订机,Acco,"Acco 标签,0,5.00
A1002569,2020/8/6,BM-11785,标准级,华北,内蒙古,办公用品,器具,KitchenAid,"KitchenAid 冰箱,0,5.00
A1002569,2020/8/6,EH-13765,标准级,华北,内蒙古,办公用品,装订机,Ibico,"Ibico 标签,0,5.00
A1002582,2020/8/8,DM-13015,二级,华东,山东,办公用品,器具,Hamilton Beach,"Hamilton Beach 搅拌机,0,5.00
A1002586,2020/8/9,CS-11860,标准级,华北,山西,技术,复印机,佳能,"佳能 无线传真机,0,5.00
A1002624,2020/8/17,AS-10090,标准级,华北,天津,办公用品,标签,Hon,"Hon 合法证物标签,0,5.00
A1002654,2020/8/22,Dl-13600,标准级,华北,内蒙古,办公用品,收纳具,Fellowes,"Fellowes 盘,0,5.00
A1002650,2020/8/22,KT-16465,二级,西南,重庆,家具,椅子,Harbour Creations,"Harbour Creations 折叠椅,0,5.00
A1002668,2020/8/26,BV-11245,一级,东北,黑龙江,办公用品,装订机,Wilson Jones,"Wilson Jones 装订机,0,5.00
A1002668,2020/8/26,BV-11245,一级,东北,黑龙江,家具,椅子,Office Star,"Office Star 椅垫,0,5.00
A1002673,2020/8/27,Dp-13240,标准级,东北,黑龙江,家具,椅子,Harbour Creations,"Harbour Creations 摇椅,0,5.00
A1002712,2020/9/4,JM-15580,当日,华北,山西,办公用品,装订机,Wilson Jones,"Wilson Jones 装订机盖,0,5.00
A1002748,2020/9/12,TA-21385,二级,西南,云南,技术,配件,Enermax,"Enermax 记忆卡,0,5.00
A1002747,2020/9/12,MC-17605,标准级,中南,湖南,办公用品,器具,Breville,"Breville 搅拌机,0,5.00
A1002777,2020/9/18,PG-18820,一级,中南,湖北,家具,用具,Deflect-O,"Deflect-O 闹钟,0,5.00
A1002784,2020/9/19,LE-16810,标准级,中南,湖南,办公用品,装订机,Cardinal,"Cardinal 订书机,0,5.00
A1002831,2020/9/30,NF-18385,一级,华北,河北,办公用品,用品,Kleencut,"Kleencut 剪刀,0,5.00
A1002863,2020/10/5,AG-10765,二级,华东,上海,办公用品,装订机,Avery,"Avery 打孔机,0,5.00
A1002864,2020/10/7,SS-20875,一级,中南,湖北,办公用品,标签,Novimex,"Novimex 运输标签,0,5.00
A1002920,2020/10/18,AC-10450,标准级,华东,山东,技术,配件,Enermax,"Enermax 鼠标,0,5.00
A1002928,2020/10/21,MM-17920,标准级,东北,黑龙江,技术,电话,思科,"思科 信号增强器,0,5.00
A1002942,2020/10/23,AH-10690,标准级,西南,云南,办公用品,装订机,Wilson Jones,"Wilson Jones 孔加固材料,0,5.00
A1002945,2020/10/24,MA-17995,标准级,华东,江苏,家具,桌子,Bevis,"Bevis 圆桌,0,5.00
A1002975,2020/10/30,RA-19885,标准级,中南,河南,家具,用具,Eldon,"Eldon 闹钟,0,5.00
A1002981,2020/10/31,RB-19465,一级,华北,内蒙古,办公用品,装订机,Avery,"Avery 标签,0,5.00
A1002981,2020/10/31,BE-11455,一级,华北,内蒙古,技术,电话,摩托罗拉,"摩托罗拉 音频基座,0,5.00
A1002990,2020/11/2,BE-11335,二级,中南,河南,办公用品,信封,Ames,"Ames 邮寄品,0,5.00
A1003001,2020/11/6,NS-18640,标准级,中南,广东,办公用品,收纳具,Rogers,"Rogers 盘,0,5.00
A1003137,2020/12/2,AJ-10780,二级,华东,福建,家具,书架,Dania,"Dania 墙角架,0,5.00
A1003290,2021/1/14,JK-16090,标准级,华东,上海,家具,椅子,Hon,"Hon 椅垫,0,5.00
A1003306,2021/1/20,PO-18865,标准级,华东,上海,家具,书架,Dania,"Dania 搁架,0,5.00
A1003319,2021/1/24,RB-19645,一级,东北,黑龙江,技术,电话,诺基亚,"诺基亚 办公室电话机,0,5.00
A1003491,2021/3/23,TR-21325,二级,华东,山东,办公用品,收纳具,Tenex,"Tenex 盒,0,5.00
A1003495,2021/3/24,WB-21850,二级,东北,吉林,办公用品,用品,Fiskars,"Fiskars 剪刀,0,5.00
A1003496,2021/3/24,WB-21850,标准级,西北,新疆,办公用品,装订机,Wilson Jones,"Wilson Jones 打孔机,0,5.00
A1003502,2021/3/26,CK-12205,当日,中南,湖南,办公用品,用品,Fiskars,"Fiskars 美工刀,0,5.00
A1003515,2021/3/30,LH-16750,二级,华东,上海,办公用品,系固件,Accos,"Accos 橡皮筋,0,5.00
A1003521,2021/3/31,LW-16990,标准级,华北,天津,办公用品,收纳具,Smead,"Smead 锁柜,0,5.00
A1003521,2021/3/31,IG-15085,标准级,华北,天津,家具,用具,Rubbermaid,"Rubvermaid 门挡,0,5.00
A1003520,2021/3/31,GG-14650,标准级,中南,广东,办公用品,信封,Ames,"Ames 商业信封,0,5.00
A1003527,2021/4/1,PK-19075,二级,中南,湖南,办公用品,装订机,Ibico,"Ibico 打孔机,0,5.00
A1003524,2021/4/1,TT-21460,二级,中南,湖北,家具,用具,Rubbermaid,"Rubvermaid 框架,0,5.00
A1003577,2021/4/21,JF-15355,标准级,中南,河南,办公用品,美术,Binney & Smith,"Binney & Smith 记号笔,0,5.00
A1003577,2021/4/21,JF-15355,标准级,中南,河南,办公用品,装订机,Avery,"Avery 装订机盖,0,5.00
A1003583,2021/4/23,RL-19615,二级,东北,辽宁,办公用品,收纳具,Tenex,"Tenex 搁板,0,5.00
A1003582,2021/4/23,EM-14140,标准级,华北,内蒙古,技术,复印机,Hewlett,"Hewlett 个人复印机,0,5.00
A1003588,2021/4/24,SJ-20215,一级,中南,广东,技术,设备,松下,"松下 电话,0,5.00
A1003614,2021/4/30,DO-13645,一级,华东,福建,家具,椅子,Novimex,"Novimex 扶手椅,0,5.00
A1003616,2021/5/1,MN-17935,二级,华东,山东,办公用品,标签,Harbour Creations,"Harbour Creations 有色标签,0,5.00
A1003635,2021/5/6,DS-13180,标准级,华东,山东,技术,复印机,Brother,"Brother 复印机,0,5.00
A1003661,2021/5/8,SC-20770,标准级,中南,河南,办公用品,装订机,Wilson Jones,"Wilson Jones 装订机,0,5.00
A1003716,2021/5/18,BS-11380,标准级,东北,黑龙江,技术,配件,Enermax,"Enermax 鼠标,0,5.00
A1003786,2021/5/28,DR-12940,二级,华东,安徽,办公用品,标签,Novimex,"Novimex 可去除的标签,0,5.00
A1003823,2021/6/3,JD-15790,二级,中南,河南,家具,椅子,Office Star,"Office Star 摇椅,0,5.00
A1003829,2021/6/4,KT-16480,二级,华北,天津,办公用品,系固件,Accos,"Accos 夹子,0,5.00
A1003858,2021/6/9,SJ-20125,标准级,中南,海南,技术,配件,Memorex,"Memorex 路由器,0,5.00
A1003871,2021/6/12,CV-12295,标准级,华东,上海,办公用品,器具,Hoover,"Hoover 搅拌机,0,5.00
A1003897,2021/6/15,LC-16870,标准级,中南,河南,办公用品,信封,Cameo,"Cameo 外皮和封条,0,5.00
A1003896,2021/6/15,LC-16870,标准级,华东,山东,办公用品,用品,Elite,"Elite 大剪刀,0,5.00
A1003898,2021/6/16,DO-13645,标准级,东北,吉林,办公用品,美术,Boston,"Boston 荧光笔,0,5.00
A1003917,2021/6/19,DS-13180,一级,东北,吉林,办公用品,装订机,Cardinal,"Cardinal 标签,0,5.00
A1003927,2021/6/20,JS-15685,二级,华北,山西,办公用品,用品,Stiletto,"Stiletto 开信刀,0,5.00
A1003960,2021/6/26,MV-17485,标准级,华东,江苏,办公用品,纸张,SanDisk,"SanDisk 计划信息表,0,5.00
A1004031,2021/7/16,AZ-10750,一级,东北,黑龙江,办公用品,系固件,Stockwell,"Stockwell 图钉,0,5.00
A1004028,2021/7/16,Co-12640,标准级,华东,山东,办公用品,纸张,施乐,"施乐 计划信息表,0,5.00
A1004056,2021/7/22,CC-12370,标准级,中南,河南,办公用品,系固件,Advantus,"Advantus 夹子,0,5.00
A1004056,2021/7/22,LR-16915,标准级,中南,河南,技术,设备,爱普生,"爱普生 喷墨打印机,0,5.00
A1004069,2021/7/28,RD-19930,二级,中南,湖北,办公用品,器具,KitchenAid,"KitchenAid 微波炉,0,5.00
A1004070,2021/7/29,EA-14035,二级,华北,山西,办公用品,用品,Elite,"Elite 开信刀,0,5.00
A1004073,2021/7/30,BC-11125,标准级,华北,内蒙古,办公用品,标签,Avery,"Avery 文件夹标签,0,5.00
A1004080,2021/8/1,DP-13390,标准级,中南,广东,家具,用具,Rubbermaid,"Rubvermaid 灯泡,0,5.00
A1004083,2021/8/3,DK-12895,二级,中南,广东,技术,配件,贝尔金,"贝尔金 键盘,0,5.00
A1004088,2021/8/3,DK-12895,二级,华北,山西,技术,电话,摩托罗拉,"摩托罗拉 办公室电话机,0,5.00
A1004097,2021/8/4,JE-15715,一级,华东,福建,办公用品,收纳具,Fellowes,"Fellowes 搁板,0,5.00
A1004099,2021/8/4,DH-13675,标准级,东北,黑龙江,家具,桌子,Barricks,"Barricks 木桌,0,5.00
A1004122,2021/8/6,PS-18760,一级,华北,河北,办公用品,系固件,OIC,"OIC 回形针,0,5.00
A1004131,2021/8/8,TS-21655,标准级,华东,上海,家具,椅子,Harbour Creations,"Harbour Creations 折叠椅,0,5.00
A1004171,2021/8/17,RP-19390,标准级,华东,江西,技术,配件,SanDisk,"SanDisk 键区,0,5.00
A1004182,2021/8/19,JB-16045,当日,中南,河南,办公用品,美术,Stanley,"Stanley 画布,0,5.00
A1004218,2021/8/25,SJ-20125,二级,华东,上海,技术,复印机,夏普,"夏普 传真复印机,0,5.00
A1004216,2021/8/25,NS-18640,标准级,华北,河北,家具,书架,Bush,"Bush 古典书架,0,5.00
A1004224,2021/8/27,DB-13615,标准级,华东,江苏,办公用品,装订机,Wilson Jones,"Wilson Jones 订书机,0,5.00
A1004265,2021/9/3,GD-14590,标准级,华东,浙江,办公用品,器具,Hamilton Beach,"Hamilton Beach 炉灶,0,5.00
A1004283,2021/9/8,AG-10525,标准级,中南,河南,办公用品,标签,Smead,"Smead 合法证物标签,0,5.00
A1004283,2021/9/8,OT-18730,标准级,中南,河南,办公用品,系固件,Stockwell,"Stockwell 橡皮筋,0,5.00
A1004304,2021/9/11,TN-21040,标准级,华北,北京,办公用品,系固件,OIC,"OIC 橡皮筋,0,5.00
A1004309,2021/9/12,JD-16150,标准级,中南,广东,家具,椅子,Office Star,"Office Star 椅垫,0,5.00
A1004314,2021/9/14,AW-10930,标准级,西北,陕西,办公用品,装订机,Ibico,"Ibico 装订机,0,5.00
A1004321,2021/9/15,PW-19030,标准级,东北,黑龙江,家具,椅子,Office Star,"Office Star 扶手椅,0,5.00
A1004321,2021/9/15,CS-12250,标准级,东北,黑龙江,技术,复印机,惠普,"惠普 传真复印机,0,5.00
A1004336,2021/9/16,BO-11350,二级,华东,山东,家具,椅子,Safco,"SAFCO 凳子,0,5.00
A1004345,2021/9/17,AS-10630,标准级,华北,内蒙古,技术,电话,三星,"三星 耳机,0,5.00
A1004386,2021/9/26,JC-16105,一级,东北,吉林,技术,设备,StarTech,"StarTech 喷墨打印机,0,5.00
A1004393,2021/9/28,SN-20560,二级,东北,吉林,办公用品,收纳具,Smead,"Smead 文件车,0,5.00
A1004411,2021/10/1,SA-20830,标准级,华东,山东,办公用品,用品,Acme,"Acme 开信刀,0,5.00
A1004436,2021/10/5,AS-10090,标准级,中南,河南,家具,椅子,Safco,"SAFCO 沙滩椅,0,5.00
A1004451,2021/10/8,JG-15115,标准级,华东,山东,办公用品,收纳具,Eldon,"Eldon 盒,0,5.00
A1004463,2021/10/9,VP-21760,二级,西南,云南,办公用品,系固件,Accos,"Accos 回形针,0,5.00
A1004476,2021/10/12,MV-17485,二级,东北,黑龙江,办公用品,信封,Ames,"Ames 马尼拉纸信封,0,5.00
A1004471,2021/10/12,AB-10105,标准级,中南,湖北,办公用品,器具,Breville,"Breville 咖啡研磨机,0,5.00
A1004483,2021/10/13,CC-12670,标准级,华东,江苏,技术,配件,罗技,"罗技 路由器,0,5.00
A1004517,2021/10/19,MA-17995,一级,华东,山东,办公用品,器具,Hoover,"Hoover 搅拌机,0,5.00
A1004546,2021/10/24,LB-16795,标准级,东北,辽宁,办公用品,美术,Boston,"Boston 铅笔刀,0,5.00
A1004585,2021/10/30,DS-13030,标准级,华东,江西,办公用品,系固件,Advantus,"Advantus 回形针,0,5.00
A1004602,2021/11/3,PK-19075,一级,华北,北京,家具,椅子,Hon,"Hon 沙滩椅,0,5.00
A1004612,2021/11/4,MK-17905,标准级,东北,吉林,办公用品,用品,Acme,"Acme 开信刀,0,5.00
A1004656,2021/11/11,ES-14080,二级,华东,山东,技术,复印机,惠普,"惠普 复印机,0,5.00
A1004663,2021/11/12,RM-19375,标准级,华北,河北,家具,椅子,Hon,"Hon 摇椅,0,5.00
A1004668,2021/11/13,RM-19375,一级,西北,宁夏,家具,桌子,Lesro,"Lesro 咖啡桌,0,5.00
A1004675,2021/11/14,NP-18700,标准级,华东,山东,办公用品,用品,Elite,"Elite 开信刀,0,5.00
A1004689,2021/11/17,NC-18535,一级,中南,广东,办公用品,器具,KitchenAid,"KitchenAid 搅拌机,0,5.00
A1004686,2021/11/17,NC-18535,一级,华东,福建,技术,电话,诺基亚,"诺基亚 办公室电话机,0,5.00
A1004694,2021/11/18,VW-21775,当日,华北,河北,家具,用具,Eldon,"Eldon 闹钟,0,5.00
A1004718,2021/11/23,CD-12280,二级,东北,吉林,办公用品,收纳具,Smead,"Smead 锁柜,0,5.00
A1004716,2021/11/23,CD-12280,标准级,华东,山东,技术,设备,柯尼卡,"柯尼卡 计算器,0,5.00
A1004746,2021/11/27,SG-20605,标准级,东北,吉林,家具,书架,宜家,"宜家 古典书架,0,5.00
A1004741,2021/11/27,PB-18805,二级,华东,山东,技术,复印机,佳能,"佳能 传真机,0,5.00
A1004759,2021/12/1,SM-20905,标准级,西南,四川,办公用品,装订机,Avery,"Avery 打孔机,0,5.00
A1004775,2021/12/4,SC-20095,标准级,华东,安徽,技术,电话,苹果,"苹果 信号增强器,0,5.00
A1004820,2021/12/11,EP-13915,标准级,东北,吉林,办公用品,用品,Stiletto,"Stiletto 大剪刀,0,5.00
A1004824,2021/12/12,PG-18895,标准级,中南,广东,办公用品,收纳具,Smead,"Smead 文件车,0,5.00
A1004827,2021/12/14,PO-18850,标准级,中南,广东,办公用品,信封,Cameo,"Cameo 搭扣信封,0,5.00
A1004837,2021/12/15,LB-16795,一级,西南,云南,办公用品,信封,Cameo,"Cameo 马尼拉纸信封,0,5.00
A1004833,2021/12/15,TB-21250,标准级,西北,陕西,办公用品,器具,Hamilton Beach,"Hamilton Beach 炉灶,0,5.00
A1004833,2021/12/15,SC-20380,标准级,西北,陕西,办公用品,收纳具,Eldon,"Eldon 搁板,0,5.00
A1004852,2021/12/17,LC-16870,二级,华东,山东,家具,用具,Deflect-O,"Deflect-O 灯泡,0,5.00
A1004860,2021/12/19,LF-17185,标准级,华北,山西,技术,电话,思科,"思科 耳机,0,5.00
A1004860,2021/12/19,LF-17185,标准级,华北,山西,技术,配件,Enermax,"Enermax 鼠标,0,5.00
A1004872,2021/12/22,BD-11560,标准级,中南,广东,办公用品,装订机,Avery,"Avery 装订机盖,0,5.00
A1004872,2021/12/22,SE-20110,标准级,中南,广东,家具,用具,Advantus,"Advantus 框架,0,5.00
A1004888,2021/12/24,SH-19975,一级,东北,吉林,办公用品,装订机,Avery,"Avery 订书机,0,5.00
A1004887,2021/12/24,SF-20200,一级,中南,广东,办公用品,信封,Cameo,"Cameo 马尼拉纸信封,0,5.00
A1004889,2021/12/24,JP-15460,标准级,华东,上海,家具,用具,Deflect-O,"Deflect-O 闹钟,0,5.00
A1004906,2021/12/28,CR-12730,标准级,中南,河南,技术,配件,SanDisk,"SanDisk 闪存驱动器,0,5.00
A1004926,2021/12/30,BH-11710,标准级,东北,辽宁,办公用品,器具,Hoover,"Hoover 微波炉,0,5.00
A1000004,2018/1/3,PK-19075,标准级,东北,辽宁,技术,电话,思科,"思科 充电器,0,4.00
A1000342,2018/6/29,AS-10285,二级,华东,江苏,办公用品,信封,Cameo,"Cameo 商业信封,0,4.00
A1000342,2018/6/29,JK-15370,二级,华东,江苏,办公用品,纸张,Enermax,"Enermax 令,0,4.00
A1000361,2018/7/7,EG-13900,标准级,东北,吉林,办公用品,标签,Hon,"Hon 有色标签,0,4.00
A1000366,2018/7/12,SS-20875,一级,华东,山东,办公用品,系固件,Advantus,"Advantus 按钉,0,4.00
A1000371,2018/7/18,JC-16105,标准级,华北,北京,家具,书架,宜家,"宜家 古典书架,0,4.00
A1000370,2018/7/18,CS-12250,标准级,西南,四川,办公用品,装订机,Avery,"Avery 打孔机,0,4.00
A1000370,2018/7/18,CS-12250,标准级,西南,四川,家具,用具,Advantus,"Advantus 灯泡,0,4.00
A1000375,2018/7/21,BV-11245,标准级,华东,安徽,家具,椅子,Office Star,"Office Star 椅垫,0,4.00
A1000376,2018/7/22,BV-11245,标准级,东北,黑龙江,技术,复印机,佳能,"佳能 无线传真机,0,4.00
A1000377,2018/7/23,BV-11245,二级,华东,安徽,办公用品,系固件,Stockwell,"Stockwell 订书钉,0,4.00
A1000382,2018/7/27,CL-12565,标准级,中南,广东,办公用品,纸张,Eaton,"Eaton 备忘录便条,0,4.00
A1000386,2018/7/28,SA-20830,标准级,中南,海南,办公用品,美术,Binney & Smith,"Binney & Smith 画布,0,4.00
A1000392,2018/8/1,HW-14935,标准级,华北,河北,技术,配件,Memorex,"Memorex 路由器,0,4.00
A1000408,2018/8/8,JE-15745,标准级,华东,安徽,技术,配件,贝尔金,"贝尔金 路由器,0,4.00
A1000424,2018/8/11,DP-13105,当日,华北,内蒙古,办公用品,装订机,Avery,"Avery 订书机,0,4.00
A1000425,2018/8/11,SJ-20125,标准级,中南,湖南,办公用品,纸张,Eaton,"Eaton 笔记本,0,4.00
A1000427,2018/8/12,AJ-10780,二级,中南,湖北,技术,电话,思科,"思科 信号增强器,0,4.00
A1000431,2018/8/13,TB-21520,标准级,华东,安徽,家具,椅子,Harbour Creations,"Harbour Creations 扶手椅,0,4.00
A1000500,2018/9/9,JK-15730,二级,中南,广东,办公用品,标签,Avery,"Avery 可去除的标签,0,4.00
A1000522,2018/9/19,MG-17650,一级,华北,河北,家具,桌子,Hon,"Hon 圆桌,0,4.00
A1000527,2018/9/20,SN-20560,当日,东北,黑龙江,家具,用具,Advantus,"Advantus 闹钟,0,4.00
A1000528,2018/9/21,MS-17710,当日,华东,江苏,家具,椅子,Safco,"SAFCO 椅垫,0,4.00
A1000537,2018/9/23,NP-18325,标准级,华东,上海,办公用品,纸张,施乐,"施乐 令,0,4.00
A1000536,2018/9/23,NP-18325,标准级,华东,福建,办公用品,收纳具,Eldon,"Eldon 文件夹,0,4.00
A1000541,2018/9/23,BT-11485,标准级,中南,广东,办公用品,器具,Hoover,"Hoover 烤面包机,0,4.00
A1000541,2018/9/23,EH-13945,标准级,中南,广东,家具,用具,Deflect-O,"Deflect-O 分层置放架,0,4.00
A1000546,2018/9/25,CS-12355,标准级,华东,福建,办公用品,系固件,Advantus,"Advantus 橡皮筋,0,4.00
A1000549,2018/9/26,HL-15040,当日,华北,山西,办公用品,收纳具,Rogers,"Rogers 搁板,0,4.00
A1000560,2018/9/29,AP-10915,标准级,中南,广东,办公用品,用品,Kleencut,"Kleencut 修剪器,0,4.00
A1000566,2018/9/30,PS-19045,标准级,华东,江苏,技术,电话,苹果,"苹果 智能手机,0,4.00
A1000570,2018/10/3,AP-10720,标准级,中南,河南,办公用品,收纳具,Tenex,"Tenex 文件夹,0,4.00
A1000577,2018/10/4,AA-10375,标准级,东北,吉林,家具,桌子,Chromcraft,"Chromcraft 培训桌,0,4.00
A1000596,2018/10/10,SP-20620,一级,东北,辽宁,家具,书架,Bush,"Bush 书架,0,4.00
A1000623,2018/10/19,MS-17710,标准级,华东,安徽,办公用品,标签,Novimex,"Novimex 有色标签,0,4.00
A1000626,2018/10/20,KC-16255,一级,西南,贵州,技术,复印机,佳能,"佳能 墨水,0,4.00
A1000648,2018/10/27,HA-14920,二级,西南,云南,办公用品,器具,Hoover,"Hoover 烤面包机,0,4.00
A1000646,2018/10/27,MC-17575,标准级,华东,山东,办公用品,系固件,Stockwell,"Stockwell 图钉,0,4.00
A1000655,2018/10/31,HP-14815,标准级,华东,浙江,办公用品,装订机,Acco,"Acco 孔加固材料,0,4.00
A1000656,2018/11/1,AS-10045,一级,华北,河北,办公用品,信封,GlobeWeis,"GlobeWeis 外皮和封条,0,4.00
A1000660,2018/11/2,LW-16990,标准级,华北,山西,技术,电话,苹果,"苹果 音频基座,0,4.00
A1000686,2018/11/10,KM-16375,一级,中南,湖北,家具,椅子,Hon,"Hon 凳子,0,4.00
A1000684,2018/11/10,SD-20485,标准级,华东,山东,家具,椅子,Novimex,"Novimex 折叠椅,0,4.00
A1000694,2018/11/12,RW-19540,标准级,东北,黑龙江,办公用品,纸张,Green Bar,"Green Bar 信纸,0,4.00
A1000698,2018/11/15,DK-12835,二级,华东,福建,家具,书架,Sauder,"Sauder 柜,0,4.00
A1000700,2018/11/16,DK-12835,一级,华东,山东,办公用品,美术,Binney & Smith,"Binney & Smith 记号笔,0,4.00
A1000717,2018/11/19,LC-16930,标准级,中南,海南,家具,书架,Safco,"Safco 搁架,0,4.00
A1000732,2018/11/25,JM-15535,标准级,华东,山东,办公用品,标签,Hon,"Hon 圆形标签,0,4.00
A1000756,2018/11/30,CK-12205,标准级,华东,山东,技术,复印机,佳能,"佳能 复印机,0,4.00
A1000758,2018/12/1,DB-13270,二级,中南,河南,家具,书架,宜家,"宜家 古典书架,0,4.00
A1000757,2018/12/1,VB-21745,标准级,西南,云南,办公用品,收纳具,Tenex,"Tenex 文件夹,0,4.00
A1000757,2018/12/1,JS-15940,标准级,西南,云南,家具,椅子,Novimex,"Novimex 摇椅,0,4.00
A1000767,2018/12/6,CL-12565,当日,东北,辽宁,技术,电话,思科,"思科 音频基座,0,4.00
A1000766,2018/12/6,JO-15550,标准级,中南,广东,办公用品,收纳具,Fellowes,"Fellowes 锁柜,0,4.00
A1000771,2018/12/8,SC-20095,当日,西南,贵州,办公用品,标签,Hon,"Hon 运输标签,0,4.00
A1000770,2018/12/8,DL-12865,标准级,东北,辽宁,办公用品,信封,Kraft,"Kraft 商业信封,0,4.00
A1000788,2018/12/12,ME-17725,一级,中南,广东,技术,电话,苹果,"苹果 智能手机,0,4.00
A1000785,2018/12/12,JO-15280,标准级,西北,宁夏,家具,用具,Eldon,"Eldon 分层置放架,0,4.00
A1000790,2018/12/13,ML-17395,当日,东北,吉林,办公用品,用品,Acme,"Acme 大剪刀,0,4.00
A1000793,2018/12/14,JC-15385,一级,华北,河北,办公用品,装订机,Cardinal,"Cardinal 孔加固材料,0,4.00
A1000797,2018/12/15,AS-10240,二级,华东,山东,办公用品,标签,Harbour Creations,"Harbour Creations 合法证物标签,0,4.00
A1000796,2018/12/15,CL-12565,标准级,华东,山东,家具,用具,Advantus,"Advantus 灯泡,0,4.00
A1000801,2018/12/16,BS-11380,当日,东北,辽宁,办公用品,装订机,Avery,"Avery 标签,0,4.00
A1000804,2018/12/17,FH-14365,标准级,中南,广东,家具,书架,Sauder,"Sauder 古典书架,0,4.00
A1000814,2018/12/21,NS-18505,二级,西南,重庆,办公用品,纸张,Green Bar,"Green Bar 令,0,4.00
A1000824,2018/12/23,EB-13930,当日,华东,山东,办公用品,信封,Jiffy,"Jiffy 商业信封,0,4.00
A1000823,2018/12/23,AW-10840,标准级,华北,北京,技术,电话,诺基亚,"诺基亚 智能手机,0,4.00
A1000831,2018/12/26,JK-15205,标准级,华北,内蒙古,办公用品,收纳具,Tenex,"Tenex 盘,0,4.00
A1000831,2018/12/26,JP-15520,标准级,华北,内蒙古,办公用品,装订机,Avery,"Avery 孔加固材料,0,4.00
A1000831,2018/12/26,MM-18055,标准级,华北,内蒙古,技术,设备,松下,"松下 收据打印机,0,4.00
A1000832,2018/12/26,JL-15835,标准级,东北,吉林,办公用品,纸张,Enermax,"Enermax 羊皮纸,0,4.00
A1000835,2018/12/27,KD-16345,二级,西北,宁夏,办公用品,器具,Breville,"Breville 微波炉,0,4.00
A1000837,2018/12/27,CA-12265,标准级,中南,广东,办公用品,信封,Cameo,"Cameo 搭扣信封,0,4.00
A1000837,2018/12/27,CA-12265,标准级,中南,广东,办公用品,收纳具,Rogers,"Rogers 文件夹,0,4.00
A1000837,2018/12/27,LH-17155,标准级,中南,广东,技术,复印机,佳能,"佳能 个人复印机,0,4.00
A1000839,2018/12/28,LH-17155,标准级,中南,广东,办公用品,收纳具,Tenex,"Tenex 搁板,0,4.00
A1000839,2018/12/28,AG-10675,标准级,中南,广东,办公用品,纸张,施乐,"施乐 笔记本,0,4.00
A1000864,2019/1/10,RP-19390,标准级,中南,湖北,家具,用具,Eldon,"Eldon 框架,0,4.00
A1000885,2019/1/23,BS-11755,标准级,西南,云南,办公用品,美术,Binney & Smith,"Binney & Smith 画布,0,4.00
A1000900,2019/1/27,JB-15400,当日,华东,山东,家具,书架,Bush,"Bush 搁架,0,4.00
A1000912,2019/2/3,TB-21520,标准级,华东,山东,办公用品,系固件,Advantus,"Advantus 回形针,0,4.00
A1000936,2019/2/22,CP-12085,标准级,华北,河北,办公用品,系固件,Stockwell,"Stockwell 订书钉,0,4.00
A1000943,2019/2/24,AC-10615,标准级,东北,黑龙江,家具,书架,Sauder,"Sauder 搁架,0,4.00
A1000955,2019/3/1,DB-13210,当日,中南,河南,家具,椅子,Novimex,"Novimex 沙滩椅,0,4.00
A1000973,2019/3/10,LW-17215,标准级,华东,山东,家具,椅子,Harbour Creations,"Harbour Creations 沙滩椅,0,4.00
A1000976,2019/3/12,JW-15955,一级,中南,广西,办公用品,收纳具,Rogers,"Rogers 文件夹,0,4.00
A1000977,2019/3/12,CM-12190,标准级,东北,黑龙江,办公用品,系固件,Advantus,"Advantus 夹子,0,4.00
A1000990,2019/3/17,GB-14530,二级,华东,福建,办公用品,器具,KitchenAid,"KitchenAid 搅拌机,0,4.00
A1000993,2019/3/20,SN-20560,当日,中南,湖北,技术,电话,三星,"三星 充电器,0,4.00
A1000994,2019/3/20,KB-16585,标准级,中南,广东,技术,复印机,惠普,"惠普 墨水,0,4.00
A1000998,2019/3/22,CK-12595,二级,西南,四川,办公用品,收纳具,Tenex,"Tenex 文件车,0,4.00
A1001019,2019/4/1,RD-19900,标准级,华北,山西,技术,复印机,佳能,"佳能 墨水,0,4.00
A1001032,2019/4/9,RW-19630,一级,中南,广西,办公用品,美术,BIC,"BIC 铅笔刀,0,4.00
A1001034,2019/4/9,TS-21085,标准级,华东,江苏,办公用品,美术,Sanford,"Sanford 画布,0,4.00
A1001037,2019/4/11,EH-14005,标准级,西南,云南,办公用品,器具,Cuisinart,"Cuisinart 烤面包机,0,4.00
A1001047,2019/4/18,WB-21850,标准级,东北,吉林,办公用品,装订机,Ibico,"Ibico 装订机盖,0,4.00
A1001053,2019/4/20,DV-13465,当日,中南,广东,办公用品,装订机,Avery,"Avery 订书机,0,4.00
A1001052,2019/4/20,KF-16285,一级,东北,吉林,办公用品,美术,Stanley,"Stanley 记号笔,0,4.00
A1001070,2019/5/2,BT-11305,标准级,中南,广东,办公用品,装订机,Wilson Jones,"Wilson Jones 标签,0,4.00
A1001111,2019/5/15,LA-16780,标准级,华东,山东,家具,书架,Safco,"Safco 搁架,0,4.00
A1001115,2019/5/15,TS-21610,二级,华北,内蒙古,家具,椅子,Harbour Creations,"Harbour Creations 沙滩椅,0,4.00
A1001110,2019/5/15,MW-18220,标准级,西北,陕西,家具,用具,Deflect-O,"Deflect-O 相框,0,4.00
A1001119,2019/5/16,JL-15850,二级,中南,湖南,办公用品,美术,Binney & Smith,"Binney & Smith 钢笔,0,4.00
A1001116,2019/5/16,AR-10405,标准级,东北,黑龙江,办公用品,收纳具,Rogers,"Rogers 文件车,0,4.00
A1001129,2019/5/19,MO-17800,标准级,华东,山东,办公用品,美术,Boston,"Boston 速写本,0,4.00
A1001143,2019/5/23,KC-16255,二级,中南,广西,技术,配件,罗技,"罗技 键区,0,4.00
A1001153,2019/5/24,CC-12220,一级,东北,吉林,家具,椅子,Harbour Creations,"Harbour Creations 折叠椅,0,4.00
A1001148,2019/5/24,JK-15625,二级,东北,黑龙江,家具,用具,Deflect-O,"Deflect-O 闹钟,0,4.00
A1001154,2019/5/24,AM-10360,标准级,东北,吉林,办公用品,收纳具,Rogers,"Rogers 盒,0,4.00
A1001161,2019/5/26,KL-16555,一级,东北,吉林,办公用品,器具,Breville,"Breville 咖啡研磨机,0,4.00
A1001169,2019/5/28,BE-11455,标准级,中南,河南,办公用品,收纳具,Eldon,"Eldon 文件车,0,4.00
A1001173,2019/5/29,CS-12355,标准级,中南,河南,办公用品,器具,Breville,"Breville 咖啡研磨机,0,4.00
A1001176,2019/5/31,TM-21010,标准级,西南,云南,办公用品,标签,Smead,"Smead 文件夹标签,0,4.00
A1001187,2019/6/1,MZ-17515,标准级,华东,山东,家具,用具,Rubbermaid,"Rubvermaid 分层置放架,0,4.00
A1001188,2019/6/2,CA-12265,二级,华东,山东,技术,复印机,Hewlett,"Hewlett 传真机,0,4.00
A1001206,2019/6/8,CS-12460,二级,西南,重庆,办公用品,用品,Kleencut,"Kleencut 修剪器,0,4.00
A1001208,2019/6/8,CS-12460,标准级,中南,广东,技术,复印机,夏普,"夏普 墨水,0,4.00
A1001214,2019/6/11,CM-11935,标准级,华北,天津,办公用品,装订机,Avery,"Avery 标签,0,4.00
A1001225,2019/6/13,CB-12535,标准级,华东,福建,办公用品,美术,Boston,"Boston 钢笔,0,4.00
A1001227,2019/6/14,KD-16345,标准级,华东,山东,技术,复印机,Brother,"Brother 墨水,0,4.00
A1001235,2019/6/15,KT-16480,一级,中南,湖南,办公用品,用品,Fiskars,"Fiskars 剪刀,0,4.00
A1001231,2019/6/15,RR-19315,标准级,华东,山东,办公用品,系固件,Advantus,"Advantus 订书钉,0,4.00
A1001231,2019/6/15,AW-10930,标准级,华东,山东,技术,电话,诺基亚,"诺基亚 办公室电话机,0,4.00
A1001244,2019/6/18,DJ-13510,二级,东北,辽宁,办公用品,收纳具,Fellowes,"Fellowes 文件车,0,4.00
A1001246,2019/6/18,AP-10720,标准级,中南,河南,家具,用具,Advantus,"Advantus 分层置放架,0,4.00
A1001256,2019/6/20,BW-11110,一级,华东,山东,家具,桌子,Lesro,"Lesro 木桌,0,4.00
A1001251,2019/6/20,SF-20200,标准级,东北,辽宁,办公用品,收纳具,Tenex,"Tenex 锁柜,0,4.00
A1001253,2019/6/20,RA-19885,标准级,华东,山东,技术,配件,Enermax,"Enermax 记忆卡,0,4.00
A1001261,2019/6/22,RA-19885,标准级,中南,湖北,办公用品,器具,Hamilton Beach,"Hamilton Beach 冰箱,0,4.00
A1001265,2019/6/23,SD-20485,标准级,中南,广东,办公用品,标签,Novimex,"Novimex 有色标签,0,4.00
A1001283,2019/6/28,JM-15655,标准级,华东,安徽,办公用品,信封,Ames,"Ames 局间信封,0,4.00
A1001284,2019/6/28,TA-21385,二级,中南,广东,技术,电话,三星,"三星 智能手机,0,4.00
A1001289,2019/6/29,SB-20170,标准级,华北,北京,办公用品,系固件,Accos,"Accos 回形针,0,4.00
A1001293,2019/6/30,AS-10225,一级,东北,辽宁,家具,用具,Rubbermaid,"Rubvermaid 闹钟,0,4.00
A1001295,2019/6/30,AS-10225,二级,华东,江西,办公用品,装订机,Wilson Jones,"Wilson Jones 订书机,0,4.00
A1001299,2019/7/3,HF-14995,标准级,东北,黑龙江,办公用品,收纳具,Eldon,"Eldon 锁柜,0,4.00
A1001302,2019/7/4,RR-19525,二级,华北,天津,办公用品,装订机,Cardinal,"Cardinal 装订机,0,4.00
A1001316,2019/7/11,SM-20320,标准级,华东,山东,家具,书架,Sauder,"Sauder 书架,0,4.00
A1001326,2019/7/17,ON-18715,一级,华东,山东,技术,复印机,惠普,"惠普 墨水,0,4.00
A1001329,2019/7/18,SK-19990,二级,华东,山东,办公用品,系固件,Advantus,"Advantus 夹子,0,4.00
A1001333,2019/7/19,BD-11725,标准级,华东,浙江,办公用品,收纳具,Fellowes,"Fellowes 盘,0,4.00
A1001336,2019/7/23,GA-14515,标准级,东北,辽宁,办公用品,美术,Stanley,"Stanley 钢笔,0,4.00
A1001342,2019/7/26,Dp-13240,二级,华东,江苏,家具,椅子,Novimex,"Novimex 扶手椅,0,4.00
A1001361,2019/8/4,KN-16450,标准级,华北,河北,技术,配件,贝尔金,"贝尔金 鼠标,0,4.00
A1001373,2019/8/8,DR-12940,标准级,东北,黑龙江,办公用品,信封,Jiffy,"Jiffy 局间信封,0,4.00
A1001375,2019/8/8,DM-13015,标准级,华北,北京,家具,书架,Sauder,"Sauder 书库,0,4.00
A1001379,2019/8/9,MT-18070,二级,东北,吉林,家具,椅子,Office Star,"Office Star 椅垫,0,4.00
A1001417,2019/8/15,HG-14845,当日,西南,四川,办公用品,装订机,Ibico,"Ibico 装订机盖,0,4.00
A1001420,2019/8/15,JC-16105,二级,东北,辽宁,家具,书架,Sauder,"Sauder 书库,0,4.00
A1001431,2019/8/20,DB-13270,二级,华东,上海,办公用品,系固件,OIC,"OIC 图钉,0,4.00
A1001455,2019/8/27,JF-15565,二级,华东,山东,办公用品,信封,Kraft,"Kraft 邮寄品,0,4.00
A1001462,2019/8/28,HL-15040,当日,华东,上海,办公用品,系固件,Accos,"Accos 按钉,0,4.00
A1001461,2019/8/28,JB-16045,标准级,华东,安徽,技术,复印机,佳能,"佳能 墨水,0,4.00
A1001469,2019/8/29,MC-17635,标准级,中南,广东,办公用品,美术,Stanley,"Stanley 铅笔刀,0,4.00
A1001492,2019/9/5,MO-17800,二级,中南,湖南,办公用品,信封,Cameo,"Cameo 邮寄品,0,4.00
A1001492,2019/9/5,AI-10855,二级,中南,湖南,家具,用具,Advantus,"Advantus 分层置放架,0,4.00
A1001498,2019/9/7,BD-11605,标准级,华北,河北,办公用品,标签,Harbour Creations,"Harbour Creations 文件夹标签,0,4.00
A1001502,2019/9/7,NZ-18565,标准级,华东,上海,办公用品,系固件,Stockwell,"Stockwell 图钉,0,4.00
A1001505,2019/9/10,SW-20350,二级,华东,安徽,办公用品,标签,Harbour Creations,"Harbour Creations 圆形标签,0,4.00
A1001507,2019/9/10,HH-15010,二级,华北,天津,办公用品,装订机,Acco,"Acco 打孔机,0,4.00
A1001516,2019/9/12,YC-21895,一级,华北,天津,办公用品,信封,GlobeWeis,"GlobeWeis 马尼拉纸信封,0,4.00
A1001524,2019/9/14,DB-12910,标准级,东北,辽宁,办公用品,标签,Smead,"Smead 合法证物标签,0,4.00
A1001550,2019/9/21,JE-15610,标准级,华北,山西,家具,椅子,Office Star,"Office Star 凳子,0,4.00
A1001557,2019/9/22,JP-15460,标准级,西南,重庆,办公用品,美术,BIC,"BIC 速写本,0,4.00
A1001557,2019/9/22,JP-15460,标准级,西南,重庆,技术,复印机,佳能,"佳能 传真复印机,0,4.00
A1001568,2019/9/26,HF-14995,当日,西南,四川,技术,设备,冲电器,"冲电器 喷墨打印机,0,4.00
A1001577,2019/9/28,JL-15130,一级,中南,河南,技术,配件,罗技,"罗技 鼠标,0,4.00
A1001592,2019/10/1,TT-21070,一级,西南,四川,办公用品,收纳具,Tenex,"Tenex 搁板,0,4.00
A1001591,2019/10/1,RD-19900,一级,华东,江苏,家具,用具,Tenex,"Tenex 分层置放架,0,4.00
A1001588,2019/10/1,RD-19900,标准级,华东,上海,办公用品,信封,GlobeWeis,"GlobeWeis 马尼拉纸信封,0,4.00
A1001603,2019/10/3,DW-13195,标准级,中南,湖北,技术,配件,Memorex,"Memorex 键盘,0,4.00
A1001606,2019/10/5,SJ-20215,一级,中南,广东,办公用品,装订机,Avery,"Avery 孔加固材料,0,4.00
A1001614,2019/10/7,JF-15565,标准级,华东,江苏,家具,书架,宜家,"宜家 古典书架,0,4.00
A1001614,2019/10/7,EH-14185,标准级,华东,江苏,家具,椅子,Safco,"SAFCO 摇椅,0,4.00
A1001631,2019/10/9,EB-13870,一级,中南,广西,办公用品,收纳具,Smead,"Smead 盒,0,4.00
A1001625,2019/10/9,SP-20620,标准级,华北,河北,技术,配件,Enermax,"Enermax 键盘,0,4.00
A1001636,2019/10/11,EB-13750,标准级,华北,河北,办公用品,系固件,OIC,"OIC 按钉,0,4.00
A1001663,2019/10/19,Dp-13240,一级,中南,湖南,办公用品,用品,Acme,"Acme 剪刀,0,4.00
A1001682,2019/10/24,LA-16780,一级,西北,甘肃,家具,椅子,Hon,"Hon 椅垫,0,4.00
A1001681,2019/10/24,LB-16795,标准级,中南,湖北,办公用品,美术,BIC,"BIC 钢笔,0,4.00
A1001688,2019/10/26,CL-12565,标准级,中南,河南,办公用品,标签,Smead,"Smead 文件夹标签,0,4.00
A1001702,2019/10/29,KA-16525,标准级,华北,河北,办公用品,装订机,Ibico,"Ibico 打孔机,0,4.00
A1001716,2019/11/1,MC-17845,一级,中南,湖北,技术,电话,苹果,"苹果 信号增强器,0,4.00
A1001717,2019/11/1,SJ-20500,标准级,华北,河北,办公用品,标签,Novimex,"Novimex 运输标签,0,4.00
A1001722,2019/11/2,RH-19600,标准级,西北,陕西,技术,配件,贝尔金,"贝尔金 键盘,0,4.00
A1001720,2019/11/2,RH-19600,标准级,华北,河北,办公用品,装订机,Wilson Jones,"Wilson Jones 打孔机,0,4.00
A1001727,2019/11/5,CA-12055,标准级,东北,吉林,办公用品,美术,Boston,"Boston 画布,0,4.00
A1001730,2019/11/5,RD-19930,标准级,西北,陕西,技术,电话,苹果,"苹果 智能手机,0,4.00
A1001737,2019/11/6,SC-20800,标准级,东北,黑龙江,办公用品,收纳具,Tenex,"Tenex 盘,0,4.00
A1001744,2019/11/7,DM-13345,二级,华东,山东,技术,复印机,夏普,"夏普 传真机,0,4.00
A1001762,2019/11/13,RD-19810,标准级,中南,河南,办公用品,装订机,Wilson Jones,"Wilson Jones 装订机盖,0,4.00
A1001758,2019/11/13,PO-18865,二级,华北,内蒙古,办公用品,系固件,OIC,"OIC 图钉,0,4.00
A1001767,2019/11/14,MD-17350,标准级,西北,陕西,家具,用具,Eldon,"Eldon 门挡,0,4.00
A1001769,2019/11/15,JK-15640,标准级,华东,山东,技术,复印机,佳能,"佳能 传真复印机,0,4.00
A1001778,2019/11/17,KD-16495,标准级,华北,天津,家具,椅子,Hon,"Hon 凳子,0,4.00
A1001784,2019/11/20,NZ-18565,二级,东北,辽宁,办公用品,用品,Stiletto,"Stiletto 美工刀,0,4.00
A1001796,2019/11/22,GB-14530,一级,华北,北京,办公用品,用品,Fiskars,"Fiskars 修剪器,0,4.00
A1001795,2019/11/22,BC-11125,标准级,华北,天津,办公用品,装订机,Avery,"Avery 孔加固材料,0,4.00
A1001795,2019/11/22,BC-11125,标准级,华北,天津,办公用品,装订机,Avery,"Avery 装订机盖,0,4.00
A1001803,2019/11/23,PP-18955,标准级,中南,海南,办公用品,美术,BIC,"BIC 铅笔刀,0,4.00
A1001801,2019/11/23,PP-18955,标准级,东北,黑龙江,办公用品,信封,Kraft,"Kraft 商业信封,0,4.00
A1001807,2019/11/25,VF-21715,一级,华东,安徽,技术,复印机,夏普,"夏普 复印机,0,4.00
A1001836,2019/12/3,SS-20140,标准级,中南,湖北,办公用品,信封,Ames,"Ames 外皮和封条,0,4.00
A1001855,2019/12/10,DM-12955,标准级,华北,北京,办公用品,收纳具,Eldon,"Eldon 搁板,0,4.00
A1001875,2019/12/12,MN-17935,二级,东北,黑龙江,技术,复印机,Brother,"Brother 传真复印机,0,4.00
A1001897,2019/12/20,KE-16420,二级,西北,陕西,办公用品,系固件,Advantus,"Advantus 橡皮筋,0,4.00
A1001908,2019/12/25,TC-21295,二级,东北,黑龙江,办公用品,标签,Smead,"Smead 合法证物标签,0,4.00
A1001930,2019/12/30,SC-20800,标准级,中南,广东,技术,复印机,惠普,"惠普 个人复印机,0,4.00
A1001989,2020/1/30,BT-11305,标准级,华东,江苏,办公用品,装订机,Acco,"Acco 标签,0,4.00
A1001992,2020/1/31,FH-14350,标准级,华北,天津,办公用品,美术,Boston,"Boston 荧光笔,0,4.00
A1002011,2020/2/8,CS-11845,标准级,华东,江苏,办公用品,器具,Hamilton Beach,"Hamilton Beach 微波炉,0,4.00
A1002051,2020/3/1,MM-17920,标准级,华北,河北,办公用品,纸张,Enermax,"Enermax 羊皮纸,0,4.00
A1002106,2020/3/22,TB-21400,标准级,华东,山东,技术,复印机,佳能,"佳能 传真机,0,4.00
A1002113,2020/3/25,NF-18475,标准级,东北,吉林,家具,椅子,Safco,"SAFCO 折叠椅,0,4.00
A1002130,2020/4/2,EP-13915,标准级,华北,河北,技术,设备,柯尼卡,"柯尼卡 卡片打印机,0,4.00
A1002132,2020/4/4,SH-20635,一级,华东,山东,家具,书架,Dania,"Dania 古典书架,0,4.00
A1002141,2020/4/8,CA-11965,标准级,中南,湖南,办公用品,信封,Cameo,"Cameo 马尼拉纸信封,0,4.00
A1002148,2020/4/10,PO-18850,一级,华东,山东,办公用品,标签,Harbour Creations,"Harbour Creations 运输标签,0,4.00
A1002186,2020/4/24,LL-16840,二级,中南,广东,办公用品,纸张,施乐,"施乐 备忘录便条,0,4.00
A1002204,2020/5/1,GZ-14470,标准级,西南,云南,办公用品,装订机,Cardinal,"Cardinal 订书机,0,4.00
A1002224,2020/5/5,AP-10915,标准级,东北,辽宁,办公用品,系固件,Accos,"Accos 图钉,0,4.00
A1002229,2020/5/6,DK-13375,标准级,东北,黑龙江,家具,用具,Advantus,"Advantus 闹钟,0,4.00
A1002259,2020/5/14,CA-12055,标准级,中南,海南,办公用品,装订机,Avery,"Avery 订书机,0,4.00
A1002257,2020/5/14,CC-12670,标准级,西南,四川,办公用品,信封,GlobeWeis,"GlobeWeis 外皮和封条,0,4.00
A1002273,2020/5/17,MB-17305,一级,华东,福建,技术,复印机,佳能,"佳能 无线传真机,0,4.00
A1002274,2020/5/17,MC-18130,标准级,东北,辽宁,家具,用具,Eldon,"Eldon 闹钟,0,4.00
A1002278,2020/5/20,ES-14080,当日,中南,广东,技术,复印机,惠普,"惠普 无线传真机,0,4.00
A1002283,2020/5/21,SG-20470,标准级,华东,浙江,家具,用具,Deflect-O,"Deflect-O 框架,0,4.00
A1002295,2020/5/23,MG-17650,一级,中南,湖北,办公用品,用品,Acme,"Acme 修剪器,0,4.00
A1002298,2020/5/23,AP-10720,标准级,中南,湖南,家具,椅子,Safco,"SAFCO 椅垫,0,4.00
A1002302,2020/5/24,NL-18310,一级,华北,河北,技术,配件,Memorex,"Memorex 记忆卡,0,4.00
A1002304,2020/5/24,NL-18310,二级,华东,山东,办公用品,收纳具,Fellowes,"Fellowes 文件夹,0,4.00
A1002306,2020/5/24,MC-18130,二级,华东,安徽,办公用品,系固件,Advantus,"Advantus 图钉,0,4.00
A1002306,2020/5/24,MG-17890,二级,华东,安徽,技术,电话,思科,"思科 耳机,0,4.00
A1002325,2020/5/29,SO-20335,二级,东北,黑龙江,办公用品,纸张,Enermax,"Enermax 信纸,0,4.00
A1002328,2020/5/29,CK-12760,二级,华东,山东,办公用品,装订机,Ibico,"Ibico 打孔机,0,4.00
A1002326,2020/5/29,GA-14725,标准级,东北,黑龙江,技术,电话,摩托罗拉,"摩托罗拉 充电器,0,4.00
A1002329,2020/5/30,BS-11380,标准级,西南,四川,办公用品,器具,Cuisinart,"Cuisinart 咖啡研磨机,0,4.00
A1002343,2020/5/31,Co-12640,二级,华东,江苏,办公用品,器具,KitchenAid,"KitchenAid 搅拌机,0,4.00
A1002338,2020/5/31,BC-11125,二级,东北,辽宁,办公用品,收纳具,Smead,"Smead 文件夹,0,4.00
A1002357,2020/6/4,JF-15295,标准级,中南,湖南,技术,配件,贝尔金,"贝尔金 键区,0,4.00
A1002360,2020/6/5,MV-18190,标准级,东北,吉林,办公用品,装订机,Wilson Jones,"Wilson Jones 打孔机,0,4.00
A1002368,2020/6/7,DH-13075,标准级,华北,北京,家具,书架,宜家,"宜家 书库,0,4.00
A1002378,2020/6/10,CK-12325,二级,东北,吉林,办公用品,标签,Smead,"Smead 文件夹标签,0,4.00
A1002378,2020/6/10,JF-15490,二级,东北,吉林,办公用品,用品,Elite,"Elite 大剪刀,0,4.00
A1002420,2020/6/18,MK-17905,标准级,中南,广东,家具,书架,Safco,"Safco 古典书架,0,4.00
A1002424,2020/6/19,PB-19210,标准级,中南,广东,办公用品,信封,Jiffy,"Jiffy 搭扣信封,0,4.00
A1002427,2020/6/20,MG-17695,二级,中南,湖南,技术,设备,StarTech,"StarTech 收据打印机,0,4.00
A1002449,2020/6/24,GK-14620,当日,中南,广西,办公用品,信封,Ames,"Ames 马尼拉纸信封,0,4.00
A1002457,2020/6/26,RF-19345,二级,华北,河北,办公用品,装订机,Ibico,"Ibico 订书机,0,4.00
A1002467,2020/6/28,ME-17725,标准级,中南,湖北,办公用品,器具,Hamilton Beach,"Hamilton Beach 冰箱,0,4.00
A1002476,2020/7/2,MO-17500,一级,华东,山东,办公用品,器具,Hamilton Beach,"Hamilton Beach 冰箱,0,4.00
A1002480,2020/7/2,AD-10180,一级,西北,陕西,办公用品,美术,Stanley,"Stanley 记号笔,0,4.00
A1002514,2020/7/18,TM-21010,标准级,西北,宁夏,技术,配件,罗技,"罗技 鼠标,0,4.00
A1002517,2020/7/19,TS-21370,标准级,中南,河南,办公用品,收纳具,Fellowes,"Fellowes 锁柜,0,4.00
A1002522,2020/7/23,RF-19735,标准级,东北,黑龙江,办公用品,装订机,Wilson Jones,"Wilson Jones 标签,0,4.00
A1002527,2020/7/24,BB-11545,标准级,中南,湖北,办公用品,用品,Elite,"Elite 剪刀,0,4.00
A1002539,2020/7/27,DD-13570,标准级,中南,广东,办公用品,纸张,Enermax,"Enermax 计划信息表,0,4.00
A1002564,2020/8/5,KN-16390,二级,中南,湖南,办公用品,美术,Binney & Smith,"Binney & Smith 画布,0,4.00
A1002567,2020/8/6,PN-18775,标准级,中南,河南,办公用品,系固件,Stockwell,"Stockwell 夹子,0,4.00
A1002582,2020/8/8,EP-13915,二级,华东,山东,办公用品,系固件,Stockwell,"Stockwell 图钉,0,4.00
A1002588,2020/8/9,JG-15160,标准级,华东,上海,办公用品,标签,Smead,"Smead 文件夹标签,0,4.00
A1002591,2020/8/10,CS-11860,当日,东北,辽宁,办公用品,信封,Ames,"Ames 商业信封,0,4.00
A1002594,2020/8/12,AG-10495,一级,华东,山东,办公用品,收纳具,Rogers,"Rogers 文件夹,0,4.00
A1002595,2020/8/12,CA-12265,二级,西北,甘肃,技术,电话,摩托罗拉,"摩托罗拉 耳机,0,4.00
A1002592,2020/8/12,BT-11395,二级,中南,海南,家具,椅子,Office Star,"Office Star 椅垫,0,4.00
A1002609,2020/8/15,AA-10315,标准级,华东,江西,家具,用具,Deflect-O,"Deflect-O 灯泡,0,4.00
A1002654,2020/8/22,KT-16465,标准级,华北,内蒙古,家具,椅子,Safco,"SAFCO 摇椅,0,4.00
A1002698,2020/9/2,NC-18625,标准级,西北,陕西,办公用品,收纳具,Fellowes,"Fellowes 文件车,0,4.00
A1002725,2020/9/6,DM-13345,一级,华东,安徽,技术,电话,三星,"三星 智能手机,0,4.00
A1002729,2020/9/9,JE-15715,二级,华北,天津,办公用品,装订机,Wilson Jones,"Wilson Jones 装订机盖,0,4.00
A1002741,2020/9/11,JM-15535,标准级,华北,山西,技术,复印机,Hewlett,"Hewlett 传真机,0,4.00
A1002755,2020/9/13,JM-16195,标准级,华东,山东,家具,用具,Eldon,"Eldon 框架,0,4.00
A1002776,2020/9/18,JE-15745,二级,华东,山东,办公用品,系固件,Advantus,"Advantus 橡皮筋,0,4.00
A1002773,2020/9/18,MS-17980,标准级,东北,吉林,家具,用具,Rubbermaid,"Rubvermaid 门挡,0,4.00
A1002803,2020/9/23,RF-19840,标准级,中南,湖南,家具,书架,Dania,"Dania 古典书架,0,4.00
A1002804,2020/9/23,LC-17050,标准级,华东,山东,家具,椅子,Hon,"Hon 扶手椅,0,4.00
A1002823,2020/9/27,DV-13045,二级,中南,湖南,家具,椅子,Novimex,"Novimex 扶手椅,0,4.00
A1002834,2020/9/30,ML-18040,标准级,中南,河南,办公用品,美术,BIC,"BIC 记号笔,0,4.00
A1002837,2020/10/1,AH-10690,二级,华东,山东,办公用品,美术,Stanley,"Stanley 画布,0,4.00
A1002844,2020/10/2,SE-20110,标准级,西南,四川,家具,书架,Dania,"Dania 墙角架,0,4.00
A1002897,2020/10/12,JM-16195,标准级,东北,黑龙江,家具,用具,Deflect-O,"Deflect-O 闹钟,0,4.00
A1002901,2020/10/14,SC-20440,标准级,华东,安徽,技术,设备,爱普生,"爱普生 电话,0,4.00
A1002903,2020/10/15,JD-15790,标准级,华北,内蒙古,家具,书架,Safco,"Safco 古典书架,0,4.00
A1002909,2020/10/16,MG-18205,标准级,中南,广东,技术,配件,Enermax,"Enermax 键区,0,4.00
A1002931,2020/10/22,RF-19735,二级,中南,湖北,办公用品,系固件,Stockwell,"Stockwell 按钉,0,4.00
A1002930,2020/10/22,MV-17485,标准级,西南,云南,家具,用具,Eldon,"Eldon 框架,0,4.00
A1002949,2020/10/24,RD-19900,标准级,华北,山西,办公用品,用品,Elite,"Elite 大剪刀,0,4.00
A1002969,2020/10/29,FM-14290,标准级,中南,广东,办公用品,系固件,Stockwell,"Stockwell 夹子,0,4.00
A1002965,2020/10/29,PF-19120,标准级,东北,辽宁,办公用品,美术,Stanley,"Stanley 钢笔,0,4.00
A1002977,2020/10/30,PF-19120,二级,中南,河南,办公用品,收纳具,Smead,"Smead 文件夹,0,4.00
A1002979,2020/10/31,CB-12535,标准级,西南,四川,办公用品,纸张,Eaton,"Eaton 备忘录便条,0,4.00
A1003033,2020/11/13,FH-14365,标准级,西南,云南,家具,椅子,Safco,"SAFCO 椅垫,0,4.00
A1003044,2020/11/14,EH-13945,标准级,华东,山东,办公用品,信封,Jiffy,"Jiffy 局间信封,0,4.00
A1003048,2020/11/15,SV-20365,标准级,华东,福建,办公用品,纸张,施乐,"施乐 计划信息表,0,4.00
A1003058,2020/11/17,SP-20920,标准级,中南,河南,办公用品,收纳具,Fellowes,"Fellowes 文件夹,0,4.00
A1003064,2020/11/18,SD-20485,标准级,东北,辽宁,办公用品,标签,Avery,"Avery 文件夹标签,0,4.00
A1003066,2020/11/19,KN-16705,标准级,中南,广东,办公用品,标签,Smead,"Smead 运输标签,0,4.00
A1003069,2020/11/19,PJ-18835,标准级,中南,广西,技术,设备,冲电器,"冲电器 卡片打印机,0,4.00
A1003083,2020/11/21,GM-14440,二级,华东,安徽,办公用品,系固件,Advantus,"Advantus 橡皮筋,0,4.00
A1003088,2020/11/21,MH-17440,标准级,华北,河北,办公用品,美术,BIC,"BIC 铅笔刀,0,4.00
A1003090,2020/11/22,GB-14575,标准级,华东,上海,技术,复印机,佳能,"佳能 个人复印机,0,4.00
A1003104,2020/11/25,JB-16000,标准级,西南,四川,家具,用具,Deflect-O,"Deflect-O 框架,0,4.00
A1003167,2020/12/6,CK-12205,二级,中南,湖南,技术,配件,Enermax,"Enermax 键区,0,4.00
A1003196,2020/12/16,BD-11620,标准级,华北,内蒙古,办公用品,美术,BIC,"BIC 钢笔,0,4.00
A1003242,2020/12/30,RD-19480,二级,华北,河北,技术,电话,三星,"三星 音频基座,0,4.00
A1003285,2021/1/12,ON-18715,二级,华东,福建,办公用品,纸张,Eaton,"Eaton 备忘录便条,0,4.00
A1003300,2021/1/17,NP-18685,标准级,华东,山东,技术,设备,柯尼卡,"柯尼卡 电话,0,4.00
A1003314,2021/1/22,KM-16375,标准级,华东,安徽,技术,复印机,Hewlett,"Hewlett 个人复印机,0,4.00
A1003325,2021/1/28,RP-19855,二级,中南,河南,办公用品,器具,KitchenAid,"KitchenAid 微波炉,0,4.00
A1003345,2021/2/4,DP-13105,一级,华东,山东,家具,桌子,Barricks,"Barricks 培训桌,0,4.00
A1003378,2021/2/11,JC-15775,二级,东北,黑龙江,办公用品,收纳具,Eldon,"Eldon 锁柜,0,4.00
A1003382,2021/2/13,MC-18100,标准级,中南,广东,办公用品,信封,Ames,"Ames 搭扣信封,0,4.00
A1003402,2021/2/21,BM-11575,标准级,华东,山东,家具,用具,Tenex,"Tenex 框架,0,4.00
A1003407,2021/2/24,RS-19420,一级,东北,黑龙江,办公用品,纸张,Enermax,"Enermax 备忘录便条,0,4.00
A1003416,2021/2/26,SC-20230,标准级,华北,河北,办公用品,器具,Hamilton Beach,"Hamilton Beach 烤面包机,0,4.00
A1003427,2021/3/2,JS-15595,二级,东北,黑龙江,家具,用具,Eldon,"Eldon 分层置放架,0,4.00
A1003474,2021/3/17,DB-12910,标准级,中南,湖南,办公用品,标签,Smead,"Smead 文件夹标签,0,4.00
A1003506,2021/3/27,GA-14515,标准级,东北,辽宁,技术,复印机,Hewlett,"Hewlett 复印机,0,4.00
A1003517,2021/3/30,KH-16330,标准级,东北,辽宁,办公用品,收纳具,Tenex,"Tenex 盒,0,4.00
A1003532,2021/4/2,TG-21640,标准级,华东,安徽,办公用品,用品,Fiskars,"Fiskars 尺子,0,4.00
A1003535,2021/4/3,MH-17290,一级,西南,四川,办公用品,系固件,Advantus,"Advantus 订书钉,0,4.00
A1003538,2021/4/4,AG-10330,一级,中南,湖南,技术,配件,SanDisk,"SanDisk 路由器,0,4.00
A1003545,2021/4/7,KT-16480,一级,华北,河北,办公用品,用品,Stiletto,"Stiletto 大剪刀,0,4.00
A1003551,2021/4/9,HK-14890,一级,中南,河南,办公用品,器具,Breville,"Breville 烤面包机,0,4.00
A1003560,2021/4/13,CM-12115,标准级,中南,广西,办公用品,美术,Sanford,"Sanford 画布,0,4.00
A1003581,2021/4/23,JS-15595,标准级,中南,广西,办公用品,美术,Binney & Smith,"Binney & Smith 画布,0,4.00
A1003587,2021/4/24,ML-17395,当日,华北,北京,办公用品,装订机,Avery,"Avery 打孔机,0,4.00
A1003599,2021/4/28,LC-17140,标准级,华北,山西,办公用品,美术,Boston,"Boston 速写本,0,4.00
A1003613,2021/4/30,DO-13645,一级,中南,湖南,技术,复印机,Hewlett,"Hewlett 复印机,0,4.00
A1003620,2021/5/2,CS-11950,标准级,中南,湖南,办公用品,标签,Novimex,"Novimex 可去除的标签,0,4.00
A1003622,2021/5/4,SM-20950,一级,西南,重庆,家具,书架,宜家,"宜家 书库,0,4.00
A1003631,2021/5/5,DV-13045,一级,西南,重庆,办公用品,标签,Harbour Creations,"Harbour Creations 文件夹标签,0,4.00
A1003650,2021/5/7,DD-13570,标准级,东北,黑龙江,办公用品,标签,Hon,"Hon 可去除的标签,0,4.00
A1003660,2021/5/8,JS-15880,二级,中南,湖北,办公用品,装订机,Wilson Jones,"Wilson Jones 装订机盖,0,4.00
A1003658,2021/5/8,AG-10270,标准级,中南,广东,办公用品,信封,GlobeWeis,"GlobeWeis 商业信封,0,4.00
A1003670,2021/5/11,LC-17140,当日,东北,辽宁,家具,用具,Eldon,"Eldon 分层置放架,0,4.00
A1003699,2021/5/14,ME-17320,一级,中南,湖南,办公用品,纸张,施乐,"施乐 备忘录便条,0,4.00
A1003699,2021/5/14,LB-16795,一级,中南,湖南,家具,椅子,Novimex,"Novimex 折叠椅,0,4.00
A1003695,2021/5/14,CM-12190,标准级,华北,河北,技术,电话,思科,"思科 耳机,0,4.00
A1003719,2021/5/18,RA-19885,一级,东北,黑龙江,家具,椅子,Harbour Creations,"Harbour Creations 扶手椅,0,4.00
A1003718,2021/5/18,SW-20245,二级,东北,黑龙江,办公用品,器具,Cuisinart,"Cuisinart 冰箱,0,4.00
A1003716,2021/5/18,SW-20245,标准级,东北,黑龙江,办公用品,信封,Cameo,"Cameo 局间信封,0,4.00
A1003717,2021/5/18,BS-11380,标准级,东北,吉林,办公用品,装订机,Wilson Jones,"Wilson Jones 装订机,0,4.00
A1003731,2021/5/19,DL-12925,标准级,西北,宁夏,办公用品,收纳具,Fellowes,"Fellowes 文件夹,0,4.00
A1003757,2021/5/22,BS-11665,标准级,东北,黑龙江,家具,用具,Rubbermaid,"Rubvermaid 闹钟,0,4.00
A1003762,2021/5/23,BH-11710,标准级,中南,广东,办公用品,纸张,Green Bar,"Green Bar 备忘录便条,0,4.00
A1003803,2021/5/30,BF-11170,一级,华东,上海,家具,书架,Safco,"Safco 书架,0,4.00
A1003816,2021/6/3,DG-13300,标准级,华北,天津,办公用品,装订机,Wilson Jones,"Wilson Jones 订书机,0,4.00
A1003835,2021/6/5,AB-10600,当日,华东,山东,办公用品,器具,Hamilton Beach,"Hamilton Beach 烤面包机,0,4.00
A1003838,2021/6/5,SP-20620,标准级,中南,河南,家具,椅子,Safco,"SAFCO 凳子,0,4.00
A1003864,2021/6/10,DP-13390,标准级,西南,重庆,办公用品,信封,GlobeWeis,"GlobeWeis 局间信封,0,4.00
A1003881,2021/6/13,LW-16825,标准级,中南,广东,办公用品,器具,Hamilton Beach,"Hamilton Beach 搅拌机,0,4.00
A1003887,2021/6/14,CA-11965,标准级,东北,辽宁,办公用品,器具,Breville,"Breville 微波炉,0,4.00
A1003890,2021/6/15,DR-12940,一级,中南,湖南,家具,书架,Dania,"Dania 墙角架,0,4.00
A1003893,2021/6/15,DC-12850,标准级,华北,天津,办公用品,收纳具,Rogers,"Rogers 文件车,0,4.00
A1003917,2021/6/19,DS-13180,一级,东北,吉林,办公用品,用品,Fiskars,"Fiskars 开信刀,0,4.00
A1003954,2021/6/25,NP-18670,标准级,中南,湖北,办公用品,信封,Kraft,"Kraft 局间信封,0,4.00
A1003962,2021/6/26,NM-18520,二级,西北,陕西,家具,椅子,Novimex,"Novimex 扶手椅,0,4.00
A1003960,2021/6/26,MV-17485,标准级,华东,江苏,办公用品,装订机,Avery,"Avery 装订机,0,4.00
A1003969,2021/6/27,HA-14905,标准级,华北,河北,家具,桌子,Chromcraft,"Chromcraft 电脑桌,0,4.00
A1003978,2021/6/29,CB-12025,标准级,中南,河南,技术,电话,苹果,"苹果 智能手机,0,4.00
A1004010,2021/7/9,JM-15865,标准级,西南,四川,办公用品,标签,Novimex,"Novimex 有色标签,0,4.00
A1004048,2021/7/21,BM-11575,标准级,中南,湖北,办公用品,美术,Stanley,"Stanley 画布,0,4.00
A1004056,2021/7/22,DB-13120,标准级,中南,河南,技术,配件,SanDisk,"SanDisk 记忆卡,0,4.00
A1004057,2021/7/23,LP-17095,二级,华东,福建,办公用品,装订机,Acco,"Acco 装订机盖,0,4.00
A1004058,2021/7/23,AF-10870,标准级,东北,黑龙江,家具,书架,宜家,"宜家 书库,0,4.00
A1004081,2021/8/1,BW-11200,二级,中南,河南,家具,椅子,Safco,"SAFCO 折叠椅,0,4.00
A1004087,2021/8/3,DK-12895,标准级,华北,山西,办公用品,收纳具,Eldon,"Eldon 搁板,0,4.00
A1004097,2021/8/4,MY-18295,一级,华东,福建,办公用品,纸张,Enermax,"Enermax 信纸,0,4.00
A1004104,2021/8/4,DH-13675,标准级,西南,四川,家具,椅子,Office Star,"Office Star 扶手椅,0,4.00
A1004110,2021/8/5,BG-11740,二级,西南,四川,家具,桌子,Bevis,"Bevis 木桌,0,4.00
A1004150,2021/8/12,EJ-14155,标准级,东北,黑龙江,技术,电话,摩托罗拉,"摩托罗拉 办公室电话机,0,4.00
A1004190,2021/8/20,AH-10075,标准级,中南,河南,办公用品,器具,Cuisinart,"Cuisinart 冰箱,0,4.00
A1004189,2021/8/20,AI-10855,标准级,中南,广东,办公用品,纸张,Green Bar,"Green Bar 笔记本,0,4.00
A1004199,2021/8/21,DR-12940,二级,华东,浙江,办公用品,收纳具,Rogers,"Rogers 文件夹,0,4.00
A1004206,2021/8/24,BD-11560,二级,中南,河南,技术,复印机,Brother,"Brother 个人复印机,0,4.00
A1004207,2021/8/24,SE-20110,标准级,东北,黑龙江,家具,椅子,Safco,"SAFCO 椅垫,0,4.00
A1004223,2021/8/26,SF-20200,标准级,西南,四川,办公用品,美术,Stanley,"Stanley 钢笔,0,4.00
A1004228,2021/8/27,DO-13645,当日,华东,山东,办公用品,标签,Harbour Creations,"Harbour Creations 合法证物标签,0,4.00
A1004238,2021/8/28,HR-14830,二级,华北,北京,技术,电话,苹果,"苹果 信号增强器,0,4.00
A1004242,2021/8/29,VB-21745,标准级,华东,山东,办公用品,信封,Jiffy,"Jiffy 马尼拉纸信封,0,4.00
A1004245,2021/8/30,LA-16780,二级,中南,湖南,技术,复印机,Hewlett,"Hewlett 复印机,0,4.00
A1004252,2021/8/31,MH-18115,一级,东北,吉林,办公用品,标签,Hon,"Hon 可去除的标签,0,4.00
A1004254,2021/8/31,BG-11035,二级,中南,广东,办公用品,用品,Stiletto,"Stiletto 开信刀,0,4.00
A1004279,2021/9/8,AG-10525,标准级,华北,河北,办公用品,收纳具,Rogers,"Rogers 文件车,0,4.00
A1004278,2021/9/8,PO-19180,标准级,华北,天津,办公用品,美术,Boston,"Boston 钢笔,0,4.00
A1004293,2021/9/9,RP-19390,二级,西北,陕西,办公用品,美术,Binney & Smith,"Binney & Smith 画布,0,4.00
A1004326,2021/9/15,SW-20275,当日,东北,辽宁,办公用品,用品,Fiskars,"Fiskars 尺子,0,4.00
A1004319,2021/9/15,PW-19030,二级,华北,内蒙古,家具,桌子,Barricks,"Barricks 培训桌,0,4.00
A1004334,2021/9/16,RB-19465,二级,华北,山西,家具,书架,Dania,"Dania 搁架,0,4.00
A1004329,2021/9/16,MF-17665,标准级,西南,云南,技术,配件,SanDisk,"SanDisk 键盘,0,4.00
A1004343,2021/9/17,PO-19180,一级,华北,北京,家具,桌子,Barricks,"Barricks 电脑桌,0,4.00
A1004339,2021/9/17,DB-13555,标准级,东北,黑龙江,办公用品,器具,Breville,"Breville 炉灶,0,4.00
A1004344,2021/9/17,LC-16960,二级,东北,黑龙江,办公用品,收纳具,Smead,"Smead 文件车,0,4.00
A1004348,2021/9/18,MJ-17740,标准级,华东,福建,办公用品,装订机,Wilson Jones,"Wilson Jones 订书机,0,4.00
A1004404,2021/9/29,BS-11590,标准级,华东,浙江,办公用品,纸张,SanDisk,"SanDisk 羊皮纸,0,4.00
A1004407,2021/9/30,BD-11320,标准级,华东,上海,办公用品,收纳具,Fellowes,"Fellowes 盘,0,4.00
A1004416,2021/10/1,SU-20665,二级,华东,山东,家具,用具,Eldon,"Eldon 分层置放架,0,4.00
A1004436,2021/10/5,NW-18400,标准级,中南,河南,办公用品,用品,Kleencut,"Kleencut 尺子,0,4.00
A1004440,2021/10/6,VG-21790,二级,西南,重庆,技术,电话,三星,"三星 智能手机,0,4.00
A1004444,2021/10/6,JH-15430,一级,中南,河南,办公用品,信封,Jiffy,"Jiffy 马尼拉纸信封,0,4.00
A1004446,2021/10/7,JP-16135,二级,华北,天津,家具,书架,Bush,"Bush 墙角架,0,4.00
A1004456,2021/10/8,JP-15460,标准级,中南,湖南,办公用品,信封,Jiffy,"Jiffy 外皮和封条,0,4.00
A1004456,2021/10/8,JP-15460,标准级,中南,湖南,办公用品,器具,Breville,"Breville 微波炉,0,4.00
A1004460,2021/10/9,VP-21760,二级,华北,河北,办公用品,美术,Stanley,"Stanley 荧光笔,0,4.00
A1004672,2021/11/13,RM-19375,标准级,华东,江苏,办公用品,系固件,Accos,"Accos 橡皮筋,0,4.00
A1004687,2021/11/17,LW-17215,标准级,华东,山东,办公用品,信封,Cameo,"Cameo 商业信封,0,4.00
A1004715,2021/11/23,CD-12280,标准级,中南,湖南,家具,书架,Safco,"Safco 书库,0,4.00
A1004747,2021/11/27,PB-18805,标准级,东北,辽宁,技术,设备,冲电器,"冲电器 电话,0,4.00
A1004841,2021/12/16,KM-16720,一级,华东,江苏,家具,书架,宜家,"宜家 书库,0,4.00
A1004869,2021/12/21,LF-17185,一级,华北,内蒙古,办公用品,收纳具,Rogers,"Rogers 盒,0,4.00
A1004877,2021/12/22,LS-16975,标准级,中南,河南,办公用品,器具,Hoover,"Hoover 咖啡研磨机,0,4.00
A1004886,2021/12/24,TH-21235,标准级,华北,北京,办公用品,装订机,Avery,"Avery 孔加固材料,0,4.00
A1000344,2018/6/29,JO-15550,标准级,华北,河北,办公用品,系固件,Stockwell,"Stockwell 图钉,0,3.00
A1000344,2018/6/29,JO-15550,标准级,华北,河北,技术,电话,苹果,"苹果 办公室电话机,0,3.00
A1000349,2018/7/1,DP-13165,一级,东北,辽宁,办公用品,纸张,Green Bar,"Green Bar 备忘录便条,0,3.00
A1000354,2018/7/4,RS-19765,二级,华东,山东,办公用品,收纳具,Tenex,"Tenex 搁板,0,3.00
A1000353,2018/7/4,SV-20365,标准级,华东,安徽,办公用品,美术,Binney & Smith,"Binney & Smith 记号笔,0,3.00
A1000360,2018/7/7,EG-13900,标准级,东北,吉林,技术,电话,诺基亚,"诺基亚 充电器,0,3.00
A1000363,2018/7/11,GZ-14470,标准级,华东,江西,家具,书架,Safco,"Safco 墙角架,0,3.00
A1000367,2018/7/13,PB-19105,一级,中南,广东,技术,电话,思科,"思科 智能手机,0,3.00
A1000368,2018/7/14,DC-13285,标准级,华东,江苏,家具,椅子,Harbour Creations,"Harbour Creations 沙滩椅,0,3.00
A1000371,2018/7/18,CS-12250,标准级,华北,北京,技术,配件,Enermax,"Enermax 鼠标,0,3.00
A1000377,2018/7/23,BV-11245,二级,华东,安徽,技术,配件,贝尔金,"贝尔金 路由器,0,3.00
A1000385,2018/7/28,SA-20830,标准级,华北,河北,办公用品,器具,Hamilton Beach,"Hamilton Beach 搅拌机,0,3.00
A1000387,2018/7/29,ES-14020,标准级,中南,广东,办公用品,美术,Sanford,"Sanford 画布,0,3.00
A1000399,2018/8/4,ZC-21910,标准级,东北,吉林,技术,配件,SanDisk,"SanDisk 路由器,0,3.00
A1000401,2018/8/5,BW-11110,二级,中南,广东,技术,复印机,惠普,"惠普 无线传真机,0,3.00
A1000405,2018/8/6,CA-12775,一级,东北,吉林,办公用品,收纳具,Smead,"Smead 搁板,0,3.00
A1000405,2018/8/6,CA-12775,一级,东北,吉林,家具,椅子,Harbour Creations,"Harbour Creations 扶手椅,0,3.00
A1000406,2018/8/6,TR-21325,二级,中南,湖北,办公用品,用品,Acme,"Acme 开信刀,0,3.00
A1000417,2018/8/9,JB-15400,一级,华东,山东,办公用品,纸张,SanDisk,"SanDisk 笔记本,0,3.00
A1000421,2018/8/10,EM-14095,二级,西北,陕西,办公用品,用品,Elite,"Elite 大剪刀,0,3.00
A1000429,2018/8/12,AJ-10780,二级,东北,吉林,技术,复印机,Hewlett,"Hewlett 传真机,0,3.00
A1000430,2018/8/12,PK-18910,标准级,华北,北京,办公用品,纸张,Eaton,"Eaton 羊皮纸,0,3.00
A1000432,2018/8/13,PK-18910,一级,中南,广东,办公用品,美术,Stanley,"Stanley 记号笔,0,3.00
A1000438,2018/8/16,DK-13090,标准级,中南,广西,技术,配件,Enermax,"Enermax 键盘,0,3.00
A1000437,2018/8/16,GZ-14470,二级,中南,湖北,家具,用具,Deflect-O,"Deflect-O 灯泡,0,3.00
A1000440,2018/8/17,JS-15595,一级,中南,河南,办公用品,用品,Kleencut,"Kleencut 开信刀,0,3.00
A1000440,2018/8/17,OT-18730,一级,中南,河南,家具,椅子,Harbour Creations,"Harbour Creations 摇椅,0,3.00
A1000441,2018/8/17,CK-12760,一级,西南,云南,办公用品,纸张,Green Bar,"Green Bar 备忘录便条,0,3.00
A1000446,2018/8/18,TH-21550,当日,中南,广东,技术,复印机,Brother,"Brother 个人复印机,0,3.00
A1000498,2018/9/8,FM-14290,当日,华北,山西,办公用品,装订机,Avery,"Avery 孔加固材料,0,3.00
A1000504,2018/9/10,KM-16225,标准级,华东,浙江,技术,配件,Enermax,"Enermax 键区,0,3.00
A1000507,2018/9/13,PB-19150,当日,东北,黑龙江,办公用品,器具,Breville,"Breville 炉灶,0,3.00
A1000508,2018/9/13,DE-13255,一级,东北,黑龙江,办公用品,信封,Ames,"Ames 外皮和封条,0,3.00
A1000513,2018/9/14,LA-16780,当日,华东,山东,办公用品,标签,Smead,"Smead 合法证物标签,0,3.00
A1000509,2018/9/14,JH-15430,标准级,华东,山东,办公用品,纸张,Green Bar,"Green Bar 笔记本,0,3.00
A1000522,2018/9/19,JD-16060,一级,华北,河北,技术,复印机,Brother,"Brother 墨水,0,3.00
A1000533,2018/9/21,MS-17710,一级,华东,浙江,办公用品,用品,Fiskars,"Fiskars 开信刀,0,3.00
A1000531,2018/9/21,KD-16270,标准级,中南,广西,家具,桌子,Hon,"Hon 木桌,0,3.00
A1000539,2018/9/23,CY-12745,标准级,华北,河北,办公用品,标签,Hon,"Hon 有色标签,0,3.00
A1000543,2018/9/24,EH-13945,二级,西南,重庆,办公用品,用品,Fiskars,"Fiskars 美工刀,0,3.00
A1000543,2018/9/24,EH-13945,二级,西南,重庆,办公用品,纸张,Enermax,"Enermax 笔记本,0,3.00
A1000551,2018/9/26,JS-15940,二级,华东,山东,技术,设备,松下,"松下 计算器,0,3.00
A1000552,2018/9/27,LR-16915,一级,华东,山东,办公用品,系固件,Stockwell,"Stockwell 图钉,0,3.00
A1000558,2018/9/28,AP-10915,标准级,华北,河北,办公用品,信封,Ames,"Ames 商业信封,0,3.00
A1000562,2018/9/29,NC-18340,标准级,华东,山东,办公用品,用品,Kleencut,"Kleencut 开信刀,0,3.00
A1000566,2018/9/30,PS-19045,标准级,华东,江苏,技术,电话,三星,"三星 办公室电话机,0,3.00
A1000572,2018/10/3,PM-18940,二级,中南,海南,办公用品,纸张,Green Bar,"Green Bar 笔记本,0,3.00
A1000573,2018/10/4,LT-17110,标准级,华北,北京,办公用品,器具,Hoover,"Hoover 炉灶,0,3.00
A1000585,2018/10/6,BT-11530,二级,华北,内蒙古,办公用品,装订机,Cardinal,"Cardinal 标签,0,3.00
A1000587,2018/10/6,BT-11530,一级,东北,黑龙江,办公用品,装订机,Wilson Jones,"Wilson Jones 装订机,0,3.00
A1000588,2018/10/6,LS-16945,标准级,中南,广东,家具,椅子,Safco,"SAFCO 扶手椅,0,3.00
A1000588,2018/10/6,LS-16945,标准级,中南,广东,技术,配件,贝尔金,"贝尔金 闪存驱动器,0,3.00
A1000590,2018/10/7,SP-20620,标准级,东北,黑龙江,办公用品,用品,Kleencut,"Kleencut 大剪刀,0,3.00
A1000593,2018/10/8,SP-20620,标准级,东北,辽宁,技术,复印机,惠普,"惠普 个人复印机,0,3.00
A1000597,2018/10/10,BF-11170,二级,东北,黑龙江,家具,椅子,Harbour Creations,"Harbour Creations 折叠椅,0,3.00
A1000595,2018/10/10,BM-11140,标准级,华北,北京,家具,桌子,Lesro,"Lesro 圆桌,0,3.00
A1000602,2018/10/11,ZC-21910,标准级,东北,吉林,办公用品,器具,Cuisinart,"Cuisinart 烤面包机,0,3.00
A1000601,2018/10/11,PG-18820,标准级,东北,黑龙江,办公用品,系固件,Stockwell,"Stockwell 图钉,0,3.00
A1000605,2018/10/12,GM-14680,二级,华北,山西,技术,配件,Memorex,"Memorex 鼠标,0,3.00
A1000604,2018/10/12,PG-18820,一级,华北,天津,技术,设备,柯尼卡,"柯尼卡 收据打印机,0,3.00
A1000608,2018/10/13,NP-18700,一级,东北,辽宁,办公用品,纸张,Green Bar,"Green Bar 笔记本,0,3.00
A1000610,2018/10/14,MH-18115,标准级,中南,河南,家具,用具,Eldon,"Eldon 灯泡,0,3.00
A1000621,2018/10/18,JC-16105,标准级,中南,广东,家具,用具,Rubbermaid,"Rubvermaid 框架,0,3.00
A1000622,2018/10/19,DC-12850,一级,华东,浙江,技术,复印机,佳能,"佳能 传真机,0,3.00
A1000628,2018/10/21,AD-10180,标准级,华北,天津,办公用品,标签,Harbour Creations,"Harbour Creations 运输标签,0,3.00
A1000640,2018/10/25,BM-11785,标准级,中南,湖南,技术,复印机,惠普,"惠普 传真机,0,3.00
A1000655,2018/10/31,LD-17005,当日,华东,浙江,办公用品,纸张,Green Bar,"Green Bar 计划信息表,0,3.00
A1000655,2018/10/31,CM-12115,标准级,华东,浙江,技术,电话,三星,"三星 充电器,0,3.00
A1000653,2018/10/31,AS-10045,标准级,东北,辽宁,家具,书架,Bush,"Bush 搁架,0,3.00
A1000660,2018/11/2,AS-10045,标准级,华北,山西,办公用品,美术,BIC,"BIC 铅笔刀,0,3.00
A1000663,2018/11/3,LW-16990,二级,华东,福建,家具,用具,Advantus,"Advantus 灯泡,0,3.00
A1000664,2018/11/4,AB-10600,标准级,华北,天津,办公用品,用品,Fiskars,"Fiskars 修剪器,0,3.00
A1000664,2018/11/4,AB-10600,标准级,华北,天津,技术,配件,SanDisk,"SanDisk 键区,0,3.00
A1000671,2018/11/7,CA-12265,标准级,西南,贵州,办公用品,纸张,Eaton,"Eaton 备忘录便条,0,3.00
A1000672,2018/11/7,PP-18955,标准级,华北,内蒙古,技术,电话,三星,"三星 充电器,0,3.00
A1000688,2018/11/11,AB-10105,标准级,华东,上海,办公用品,系固件,OIC,"OIC 夹子,0,3.00
A1000691,2018/11/11,HA-14905,标准级,中南,河南,办公用品,信封,Jiffy,"Jiffy 外皮和封条,0,3.00
A1000692,2018/11/11,SV-20815,标准级,中南,广东,办公用品,系固件,Stockwell,"Stockwell 回形针,0,3.00
A1000705,2018/11/16,JE-15745,标准级,华东,江苏,家具,椅子,Novimex,"Novimex 折叠椅,0,3.00
A1000713,2018/11/18,MC-17425,标准级,东北,辽宁,办公用品,美术,Sanford,"Sanford 荧光笔,0,3.00
A1000715,2018/11/19,LC-17140,标准级,中南,广东,办公用品,装订机,Avery,"Avery 标签,0,3.00
A1000719,2018/11/21,DK-12835,标准级,中南,广西,家具,椅子,Office Star,"Office Star 椅垫,0,3.00
A1000719,2018/11/21,DK-12835,标准级,中南,广西,家具,用具,Tenex,"Tenex 相框,0,3.00
A1000720,2018/11/22,NP-18685,二级,华东,安徽,办公用品,收纳具,Rogers,"Rogers 搁板,0,3.00
A1000720,2018/11/22,CG-12040,二级,华东,安徽,办公用品,装订机,Avery,"Avery 打孔机,0,3.00
A1000722,2018/11/22,MK-18160,标准级,华东,山东,办公用品,用品,Elite,"Elite 美工刀,0,3.00
A1000729,2018/11/24,JD-15790,标准级,华北,河北,办公用品,用品,Fiskars,"Fiskars 修剪器,0,3.00
A1000734,2018/11/25,PC-19000,标准级,东北,黑龙江,办公用品,器具,KitchenAid,"KitchenAid 冰箱,0,3.00
A1000741,2018/11/28,RA-19915,一级,华东,安徽,办公用品,装订机,Wilson Jones,"Wilson Jones 订书机,0,3.00
A1000740,2018/11/28,AI-10855,标准级,华东,山东,技术,设备,松下,"松下 喷墨打印机,0,3.00
A1000750,2018/11/29,VW-21775,二级,西北,甘肃,办公用品,装订机,Cardinal,"Cardinal 孔加固材料,0,3.00
A1000745,2018/11/29,CJ-12010,标准级,中南,广东,办公用品,器具,KitchenAid,"KitchenAid 微波炉,0,3.00
A1000757,2018/12/1,VB-21745,标准级,西南,云南,办公用品,用品,Acme,"Acme 剪刀,0,3.00
A1000757,2018/12/1,IG-15085,标准级,西南,云南,办公用品,装订机,Ibico,"Ibico 孔加固材料,0,3.00
A1000761,2018/12/2,JE-15475,二级,东北,辽宁,办公用品,用品,Acme,"Acme 剪刀,0,3.00
A1000769,2018/12/7,AH-10075,标准级,中南,河南,办公用品,美术,Boston,"Boston 画布,0,3.00
A1000776,2018/12/8,TT-21460,一级,东北,辽宁,办公用品,用品,Kleencut,"Kleencut 大剪刀,0,3.00
A1000770,2018/12/8,AP-10720,标准级,东北,辽宁,办公用品,信封,Jiffy,"Jiffy 外皮和封条,0,3.00
A1000775,2018/12/8,NP-18325,二级,华东,江西,办公用品,系固件,Stockwell,"Stockwell 订书钉,0,3.00
A1000773,2018/12/8,NP-18325,标准级,西南,四川,家具,椅子,Office Star,"Office Star 椅垫,0,3.00
A1000789,2018/12/13,JK-16120,标准级,东北,黑龙江,家具,椅子,Hon,"Hon 扶手椅,0,3.00
A1000798,2018/12/15,JG-15160,标准级,华东,安徽,家具,书架,Dania,"Dania 柜,0,3.00
A1000804,2018/12/17,VM-21685,标准级,中南,广东,家具,用具,Advantus,"Advantus 分层置放架,0,3.00
A1000808,2018/12/19,HH-15010,二级,东北,黑龙江,办公用品,装订机,Ibico,"Ibico 打孔机,0,3.00
A1000806,2018/12/19,CD-12280,标准级,华东,江苏,办公用品,系固件,Accos,"Accos 按钉,0,3.00
A1000806,2018/12/19,TH-21100,标准级,华东,江苏,家具,书架,Sauder,"Sauder 书架,0,3.00
A1000810,2018/12/21,NS-18505,一级,华东,山东,家具,书架,Bush,"Bush 搁架,0,3.00
A1000818,2018/12/22,RD-19585,二级,东北,辽宁,技术,设备,爱普生,"爱普生 计算器,0,3.00
A1000816,2018/12/22,SW-20455,一级,华东,安徽,技术,复印机,惠普,"惠普 传真复印机,0,3.00
A1000817,2018/12/22,SF-20965,标准级,中南,河南,办公用品,收纳具,Rogers,"Rogers 盒,0,3.00
A1000819,2018/12/23,SB-20290,一级,华北,内蒙古,办公用品,装订机,Avery,"Avery 标签,0,3.00
A1000823,2018/12/23,SB-20290,标准级,华北,北京,办公用品,标签,Harbour Creations,"Harbour Creations 圆形标签,0,3.00
A1000821,2018/12/23,CB-12535,标准级,东北,吉林,办公用品,系固件,Accos,"Accos 橡皮筋,0,3.00
A1000820,2018/12/23,HF-14995,标准级,华北,山西,办公用品,器具,Breville,"Breville 咖啡研磨机,0,3.00
A1000820,2018/12/23,HF-14995,标准级,华北,山西,办公用品,标签,Harbour Creations,"Harbour Creations 运输标签,0,3.00
A1000820,2018/12/23,HZ-14950,标准级,华北,山西,办公用品,用品,Stiletto,"Stiletto 开信刀,0,3.00
A1000829,2018/12/26,PG-18820,一级,东北,吉林,办公用品,信封,GlobeWeis,"GlobeWeis 商业信封,0,3.00
A1000829,2018/12/26,IM-15070,一级,东北,吉林,办公用品,器具,Hoover,"Hoover 咖啡研磨机,0,3.00
A1000836,2018/12/27,BN-11515,当日,中南,湖北,办公用品,纸张,SanDisk,"SanDisk 笔记本,0,3.00
A1000839,2018/12/28,AG-10675,标准级,中南,广东,办公用品,用品,Stiletto,"Stiletto 修剪器,0,3.00
A1000843,2018/12/30,MC-18100,标准级,华北,山西,办公用品,美术,BIC,"BIC 荧光笔,0,3.00
A1000847,2018/12/31,EM-14065,标准级,中南,河南,办公用品,信封,Cameo,"Cameo 局间信封,0,3.00
A1000883,2019/1/21,EA-14035,二级,中南,广西,办公用品,美术,BIC,"BIC 速写本,0,3.00
A1000886,2019/1/23,EA-14035,二级,华东,上海,家具,桌子,Bevis,"Bevis 圆桌,0,3.00
A1000888,2019/1/24,RM-19375,标准级,华北,河北,办公用品,收纳具,Tenex,"Tenex 盘,0,3.00
A1000904,2019/1/30,CH-12070,二级,东北,辽宁,办公用品,装订机,Ibico,"Ibico 打孔机,0,3.00
A1000907,2019/2/1,CK-12760,一级,中南,湖南,办公用品,系固件,Accos,"Accos 橡皮筋,0,3.00
A1000909,2019/2/2,DL-12865,标准级,华北,河北,办公用品,美术,Sanford,"Sanford 荧光笔,0,3.00
A1000917,2019/2/8,CD-11980,一级,华东,浙江,家具,用具,Tenex,"Tenex 分层置放架,0,3.00
A1000916,2019/2/8,AS-10090,标准级,东北,黑龙江,办公用品,信封,Jiffy,"Jiffy 搭扣信封,0,3.00
A1000918,2019/2/9,RA-19945,标准级,东北,辽宁,办公用品,标签,Harbour Creations,"Harbour Creations 可去除的标签,0,3.00
A1000920,2019/2/10,DK-12835,二级,东北,黑龙江,办公用品,标签,Avery,"Avery 有色标签,0,3.00
A1000933,2019/2/21,MZ-17515,标准级,中南,广东,办公用品,美术,Sanford,"Sanford 钢笔,0,3.00
A1000941,2019/2/24,AC-10615,一级,中南,广西,家具,用具,Deflect-O,"Deflect-O 门挡,0,3.00
A1000943,2019/2/24,AC-10615,标准级,东北,黑龙江,办公用品,器具,Cuisinart,"Cuisinart 冰箱,0,3.00
A1000943,2019/2/24,AC-10615,标准级,东北,黑龙江,办公用品,系固件,OIC,"OIC 订书钉,0,3.00
A1000943,2019/2/24,AC-10615,标准级,东北,黑龙江,办公用品,系固件,Stockwell,"Stockwell 橡皮筋,0,3.00
A1000948,2019/2/28,RW-19690,二级,西北,陕西,办公用品,器具,Hoover,"Hoover 搅拌机,0,3.00
A1000952,2019/3/1,DB-13210,标准级,华东,安徽,办公用品,器具,Cuisinart,"Cuisinart 咖啡研磨机,0,3.00
A1000954,2019/3/1,DB-13210,标准级,华东,江苏,技术,复印机,惠普,"惠普 复印机,0,3.00
A1000960,2019/3/2,AA-10375,标准级,中南,湖北,办公用品,收纳具,Smead,"Smead 锁柜,0,3.00
A1000963,2019/3/5,LW-16825,标准级,中南,湖南,技术,复印机,Hewlett,"Hewlett 传真机,0,3.00
A1000972,2019/3/10,ND-18460,标准级,华东,上海,办公用品,纸张,Eaton,"Eaton 信纸,0,3.00
A1000975,2019/3/12,SC-20800,标准级,华东,江苏,办公用品,装订机,Wilson Jones,"Wilson Jones 装订机盖,0,3.00
A1000982,2019/3/14,RH-19510,二级,华东,江苏,技术,配件,Memorex,"Memorex 记忆卡,0,3.00
A1000987,2019/3/15,GM-14500,标准级,华东,上海,办公用品,纸张,Enermax,"Enermax 令,0,3.00
A1000989,2019/3/16,GP-14740,标准级,华东,浙江,办公用品,收纳具,Rogers,"Rogers 锁柜,0,3.00
A1000998,2019/3/22,CK-12595,二级,西南,四川,办公用品,纸张,Enermax,"Enermax 计划信息表,0,3.00
A1000998,2019/3/22,CK-12595,二级,西南,四川,家具,桌子,Bevis,"Bevis 咖啡桌,0,3.00
A1001009,2019/3/26,DB-13270,标准级,中南,湖南,办公用品,标签,Harbour Creations,"Harbour Creations 有色标签,0,3.00
A1001008,2019/3/26,TR-21325,标准级,华北,河北,办公用品,收纳具,Fellowes,"Fellowes 锁柜,0,3.00
A1001011,2019/3/27,BF-11080,标准级,华东,山东,办公用品,收纳具,Smead,"Smead 文件车,0,3.00
A1001012,2019/3/28,IM-15070,标准级,华东,安徽,技术,设备,松下,"松下 喷墨打印机,0,3.00
A1001018,2019/4/1,SN-20710,标准级,华东,安徽,家具,用具,Advantus,"Advantus 框架,0,3.00
A1001026,2019/4/4,SG-20080,二级,华北,内蒙古,技术,电话,摩托罗拉,"摩托罗拉 办公室电话机,0,3.00
A1001030,2019/4/7,SG-20080,二级,华东,上海,家具,椅子,Novimex,"Novimex 椅垫,0,3.00
A1001038,2019/4/12,RF-19345,二级,西南,贵州,技术,电话,苹果,"苹果 智能手机,0,3.00
A1001040,2019/4/12,WB-21850,二级,华北,河北,技术,设备,爱普生,"爱普生 电话,0,3.00
A1001045,2019/4/17,DK-13225,标准级,华东,山东,办公用品,美术,Sanford,"Sanford 钢笔,0,3.00
A1001058,2019/4/24,LS-16975,标准级,华东,山东,办公用品,美术,BIC,"BIC 画布,0,3.00
A1001058,2019/4/24,PB-18805,标准级,华东,山东,技术,配件,SanDisk,"SanDisk 路由器,0,3.00
A1001057,2019/4/24,PB-18805,标准级,东北,黑龙江,技术,复印机,夏普,"夏普 个人复印机,0,3.00
A1001060,2019/4/25,CJ-12010,一级,西南,重庆,办公用品,收纳具,Eldon,"Eldon 文件夹,0,3.00
A1001067,2019/5/1,AG-10390,标准级,东北,黑龙江,技术,电话,思科,"思科 耳机,0,3.00
A1001076,2019/5/3,ML-17410,标准级,东北,辽宁,家具,桌子,Hon,"Hon 木桌,0,3.00
A1001080,2019/5/4,SW-20275,一级,东北,吉林,办公用品,信封,Jiffy,"Jiffy 外皮和封条,0,3.00
A1001083,2019/5/4,DK-13375,二级,中南,湖南,技术,复印机,惠普,"惠普 个人复印机,0,3.00
A1001091,2019/5/8,GM-14680,标准级,中南,广东,家具,椅子,Harbour Creations,"Harbour Creations 扶手椅,0,3.00
A1001090,2019/5/8,AA-10315,二级,中南,河南,办公用品,器具,Hoover,"Hoover 咖啡研磨机,0,3.00
A1001102,2019/5/11,JM-16195,标准级,华北,天津,家具,用具,Eldon,"Eldon 分层置放架,0,3.00
A1001103,2019/5/11,JM-16195,标准级,中南,广西,办公用品,纸张,施乐,"施乐 羊皮纸,0,3.00
A1001118,2019/5/16,DK-13225,一级,东北,黑龙江,技术,复印机,Brother,"Brother 复印机,0,3.00
A1001119,2019/5/16,AR-10405,二级,中南,湖南,办公用品,美术,Binney & Smith,"Binney & Smith 铅笔刀,0,3.00
A1001116,2019/5/16,LM-17065,标准级,东北,黑龙江,家具,椅子,Novimex,"Novimex 折叠椅,0,3.00
A1001123,2019/5/17,JK-15625,一级,中南,河南,办公用品,纸张,SanDisk,"SanDisk 令,0,3.00
A1001125,2019/5/17,QJ-19255,标准级,华东,山东,办公用品,用品,Fiskars,"Fiskars 尺子,0,3.00
A1001126,2019/5/18,VD-21670,标准级,华东,浙江,家具,椅子,Office Star,"Office Star 扶手椅,0,3.00
A1001128,2019/5/19,DL-13495,标准级,华东,山东,办公用品,用品,Elite,"Elite 开信刀,0,3.00
A1001128,2019/5/19,MO-17800,标准级,华东,山东,办公用品,系固件,Stockwell,"Stockwell 图钉,0,3.00
A1001153,2019/5/24,RW-19690,一级,东北,吉林,办公用品,器具,Hoover,"Hoover 烤面包机,0,3.00
A1001153,2019/5/24,KW-16570,一级,东北,吉林,办公用品,标签,Hon,"Hon 圆形标签,0,3.00
A1001150,2019/5/24,GM-14455,标准级,华东,安徽,办公用品,装订机,Cardinal,"Cardinal 订书机,0,3.00
A1001155,2019/5/24,PV-18985,标准级,华北,河北,家具,椅子,Hon,"Hon 沙滩椅,0,3.00
A1001144,2019/5/24,LT-17110,标准级,西北,陕西,家具,书架,Sauder,"Sauder 搁架,0,3.00
A1001151,2019/5/24,SC-20260,标准级,西北,新疆,办公用品,系固件,Accos,"Accos 夹子,0,3.00
A1001159,2019/5/25,RF-19840,二级,东北,辽宁,办公用品,器具,Breville,"Breville 微波炉,0,3.00
A1001162,2019/5/26,MN-17935,二级,东北,辽宁,办公用品,装订机,Cardinal,"Cardinal 装订机盖,0,3.00
A1001161,2019/5/26,MP-17965,一级,东北,吉林,办公用品,美术,Binney & Smith,"Binney & Smith 画布,0,3.00
A1001161,2019/5/26,BF-11020,一级,东北,吉林,办公用品,装订机,Ibico,"Ibico 订书机,0,3.00
A1001164,2019/5/27,MS-17770,二级,华东,山东,技术,配件,SanDisk,"SanDisk 键盘,0,3.00
A1001166,2019/5/28,SG-20605,标准级,中南,河南,办公用品,系固件,Accos,"Accos 订书钉,0,3.00
A1001166,2019/5/28,SG-20605,标准级,中南,河南,家具,桌子,Bevis,"Bevis 圆桌,0,3.00
A1001170,2019/5/29,SG-20605,标准级,中南,广西,家具,书架,Bush,"Bush 搁架,0,3.00
A1001172,2019/5/29,PJ-18835,标准级,华北,北京,办公用品,器具,Cuisinart,"Cuisinart 烤面包机,0,3.00
A1001180,2019/5/31,TM-21010,标准级,中南,湖南,办公用品,信封,Ames,"Ames 搭扣信封,0,3.00
A1001181,2019/5/31,ML-18040,标准级,西南,云南,办公用品,信封,Cameo,"Cameo 马尼拉纸信封,0,3.00
A1001187,2019/6/1,MZ-17515,标准级,华东,山东,办公用品,用品,Fiskars,"Fiskars 尺子,0,3.00
A1001187,2019/6/1,HM-14860,标准级,华东,山东,技术,复印机,夏普,"夏普 个人复印机,0,3.00
A1001183,2019/6/1,PJ-18835,标准级,华北,北京,办公用品,美术,Sanford,"Sanford 钢笔,0,3.00
A1001198,2019/6/6,DB-13405,一级,中南,广西,办公用品,系固件,Stockwell,"Stockwell 夹子,0,3.00
A1001199,2019/6/6,DB-13405,标准级,华东,福建,办公用品,收纳具,Tenex,"Tenex 文件车,0,3.00
A1001201,2019/6/7,DB-13405,标准级,东北,黑龙江,办公用品,收纳具,Smead,"Smead 搁板,0,3.00
A1001202,2019/6/7,DB-13405,标准级,中南,湖南,办公用品,装订机,Ibico,"Ibico 订书机,0,3.00
A1001200,2019/6/7,DB-13405,标准级,华北,天津,技术,配件,贝尔金,"贝尔金 键盘,0,3.00
A1001204,2019/6/8,DB-13405,二级,华东,江苏,家具,用具,Rubbermaid,"Rubvermaid 灯泡,0,3.00
A1001205,2019/6/8,SC-20380,标准级,华东,山东,技术,复印机,佳能,"佳能 个人复印机,0,3.00
A1001207,2019/6/8,CS-12460,标准级,西北,陕西,办公用品,美术,Boston,"Boston 画布,0,3.00
A1001212,2019/6/11,MK-18160,标准级,华东,安徽,办公用品,标签,Harbour Creations,"Harbour Creations 圆形标签,0,3.00
A1001210,2019/6/11,PF-19225,标准级,中南,湖北,家具,椅子,Harbour Creations,"Harbour Creations 扶手椅,0,3.00
A1001222,2019/6/13,KN-16705,标准级,华东,安徽,家具,用具,Deflect-O,"Deflect-O 门挡,0,3.00
A1001223,2019/6/13,KN-16705,标准级,东北,吉林,技术,配件,SanDisk,"SanDisk 记忆卡,0,3.00
A1001235,2019/6/15,KT-16480,一级,中南,湖南,办公用品,收纳具,Rogers,"Rogers 盘,0,3.00
A1001235,2019/6/15,SC-20575,一级,中南,湖南,办公用品,系固件,Accos,"Accos 回形针,0,3.00
A1001235,2019/6/15,BS-11800,一级,中南,湖南,办公用品,美术,Binney & Smith,"Binney & Smith 速写本,0,3.00
A1001231,2019/6/15,LS-17200,标准级,华东,山东,办公用品,用品,Kleencut,"Kleencut 剪刀,0,3.00
A1001230,2019/6/15,DW-13585,标准级,华北,内蒙古,办公用品,装订机,Wilson Jones,"Wilson Jones 装订机,0,3.00
A1001239,2019/6/16,CD-12790,二级,华东,上海,家具,书架,宜家,"宜家 墙角架,0,3.00
A1001238,2019/6/16,CD-12790,标准级,华北,内蒙古,技术,设备,StarTech,"StarTech 卡片打印机,0,3.00
A1001248,2019/6/18,TT-21220,一级,华东,江苏,办公用品,系固件,Stockwell,"Stockwell 回形针,0,3.00
A1001245,2019/6/18,SV-20365,标准级,华东,安徽,技术,电话,诺基亚,"诺基亚 音频基座,0,3.00
A1001246,2019/6/18,SV-20365,标准级,中南,河南,办公用品,信封,Kraft,"Kraft 外皮和封条,0,3.00
A1001247,2019/6/18,AP-10720,标准级,东北,黑龙江,家具,椅子,Safco,"SAFCO 椅垫,0,3.00
A1001251,2019/6/20,SP-20620,标准级,东北,辽宁,办公用品,纸张,Eaton,"Eaton 计划信息表,0,3.00
A1001258,2019/6/20,VM-21685,标准级,中南,广西,办公用品,美术,Sanford,"Sanford 速写本,0,3.00
A1001263,2019/6/23,SD-20485,二级,东北,辽宁,办公用品,纸张,Enermax,"Enermax 信纸,0,3.00
A1001264,2019/6/23,SE-20110,标准级,华东,山东,家具,用具,Advantus,"Advantus 框架,0,3.00
A1001264,2019/6/23,RS-19765,标准级,华东,山东,技术,电话,苹果,"苹果 智能手机,0,3.00
A1001275,2019/6/27,AG-10300,当日,中南,广西,办公用品,装订机,Acco,"Acco 装订机盖,0,3.00
A1001285,2019/6/29,BF-10975,标准级,东北,辽宁,家具,椅子,Harbour Creations,"Harbour Creations 摇椅,0,3.00
A1001285,2019/6/29,TT-21265,标准级,东北,辽宁,家具,椅子,Novimex,"Novimex 折叠椅,0,3.00
A1001289,2019/6/29,SB-20170,标准级,华北,北京,办公用品,用品,Acme,"Acme 美工刀,0,3.00
A1001295,2019/6/30,AS-10225,二级,华东,江西,家具,椅子,Novimex,"Novimex 摇椅,0,3.00
A1001301,2019/7/4,RR-19525,二级,华东,安徽,技术,配件,SanDisk,"SanDisk 路由器,0,3.00
A1001302,2019/7/4,RR-19525,二级,华北,天津,技术,设备,StarTech,"StarTech 喷墨打印机,0,3.00
A1001303,2019/7/4,TC-21295,标准级,中南,湖北,家具,用具,Advantus,"Advantus 灯泡,0,3.00
A1001305,2019/7/5,DB-13615,当日,华东,福建,办公用品,纸张,Enermax,"Enermax 笔记本,0,3.00
A1001304,2019/7/5,DB-13615,标准级,中南,湖北,办公用品,信封,Cameo,"Cameo 商业信封,0,3.00
A1001309,2019/7/6,MH-18115,一级,华东,江苏,办公用品,用品,Stiletto,"Stiletto 开信刀,0,3.00
A1001307,2019/7/6,MH-18115,二级,中南,广东,办公用品,纸张,Enermax,"Enermax 笔记本,0,3.00
A1001312,2019/7/7,YC-21895,二级,西北,新疆,办公用品,标签,Harbour Creations,"Harbour Creations 有色标签,0,3.00
A1001312,2019/7/7,RA-19915,二级,西北,新疆,家具,书架,Safco,"Safco 墙角架,0,3.00
A1001313,2019/7/9,DL-12865,标准级,华东,安徽,家具,用具,Deflect-O,"Deflect-O 闹钟,0,3.00
A1001314,2019/7/11,SM-20320,当日,华东,山东,办公用品,装订机,Wilson Jones,"Wilson Jones 打孔机,0,3.00
A1001315,2019/7/11,SM-20320,二级,华北,河北,办公用品,美术,Boston,"Boston 荧光笔,0,3.00
A1001322,2019/7/14,GH-14425,二级,华东,山东,办公用品,收纳具,Fellowes,"Fellowes 盘,0,3.00
A1001322,2019/7/14,GM-14440,二级,华东,山东,技术,复印机,佳能,"佳能 传真复印机,0,3.00
A1001322,2019/7/14,LC-16885,二级,华东,山东,技术,复印机,惠普,"惠普 传真复印机,0,3.00
A1001321,2019/7/14,DK-13375,标准级,中南,河南,家具,书架,Safco,"Safco 柜,0,3.00
A1001331,2019/7/19,JE-15715,二级,中南,广东,家具,书架,宜家,"宜家 古典书架,0,3.00
A1001331,2019/7/19,KL-16645,二级,中南,广东,家具,椅子,Hon,"Hon 凳子,0,3.00
A1001333,2019/7/19,MS-17530,标准级,华东,浙江,办公用品,美术,Binney & Smith,"Binney & Smith 钢笔,0,3.00
A1001334,2019/7/20,FM-14380,标准级,东北,辽宁,家具,书架,Sauder,"Sauder 墙角架,0,3.00
A1001337,2019/7/23,HF-14995,标准级,华北,山西,办公用品,用品,Kleencut,"Kleencut 大剪刀,0,3.00
A1001340,2019/7/25,ES-14020,标准级,西北,甘肃,办公用品,美术,BIC,"BIC 荧光笔,0,3.00
A1001342,2019/7/26,JP-16135,二级,华东,江苏,办公用品,标签,Hon,"Hon 可去除的标签,0,3.00
A1001345,2019/7/28,RW-19690,当日,华东,山东,技术,设备,爱普生,"爱普生 卡片打印机,0,3.00
A1001349,2019/7/31,JJ-15445,当日,西南,云南,家具,用具,Deflect-O,"Deflect-O 灯泡,0,3.00
A1001348,2019/7/31,BT-11680,二级,中南,河南,办公用品,系固件,Advantus,"Advantus 回形针,0,3.00
A1001350,2019/8/1,ER-13855,二级,华东,浙江,办公用品,信封,GlobeWeis,"GlobeWeis 商业信封,0,3.00
A1001354,2019/8/2,LD-17005,标准级,华东,福建,办公用品,器具,KitchenAid,"KitchenAid 烤面包机,0,3.00
A1001363,2019/8/5,KN-16450,标准级,中南,河南,技术,复印机,Hewlett,"Hewlett 无线传真机,0,3.00
A1001365,2019/8/6,IG-15085,标准级,华东,安徽,办公用品,纸张,Enermax,"Enermax 羊皮纸,0,3.00
A1001372,2019/8/7,DL-13330,二级,华东,上海,办公用品,信封,GlobeWeis,"GlobeWeis 邮寄品,0,3.00
A1001371,2019/8/7,MP-18175,标准级,西南,重庆,办公用品,收纳具,Eldon,"Eldon 盒,0,3.00
A1001374,2019/8/8,MP-18175,当日,东北,吉林,办公用品,信封,Ames,"Ames 商业信封,0,3.00
A1001376,2019/8/8,DR-12940,二级,中南,河南,家具,书架,Bush,"Bush 书库,0,3.00
A1001378,2019/8/8,DC-12850,标准级,西南,云南,技术,复印机,夏普,"夏普 传真复印机,0,3.00
A1001379,2019/8/9,DC-12850,二级,东北,吉林,办公用品,信封,Cameo,"Cameo 马尼拉纸信封,0,3.00
A1001380,2019/8/9,MT-18070,一级,中南,广东,家具,书架,Sauder,"Sauder 书库,0,3.00
A1001388,2019/8/10,RL-19615,二级,华东,山东,技术,复印机,夏普,"夏普 传真机,0,3.00
A1001388,2019/8/10,AC-10660,二级,华东,山东,技术,设备,StarTech,"StarTech 电话,0,3.00
A1001391,2019/8/11,DM-13345,二级,华东,福建,办公用品,用品,Fiskars,"Fiskars 尺子,0,3.00
A1001404,2019/8/13,JK-15370,一级,中南,湖南,技术,配件,贝尔金,"贝尔金 键区,0,3.00
A1001398,2019/8/13,SW-20275,标准级,东北,辽宁,办公用品,装订机,Cardinal,"Cardinal 孔加固材料,0,3.00
A1001415,2019/8/14,TM-21010,二级,中南,河南,办公用品,器具,Breville,"Breville 咖啡研磨机,0,3.00
A1001420,2019/8/15,JC-16105,二级,东北,辽宁,办公用品,纸张,SanDisk,"SanDisk 令,0,3.00
A1001418,2019/8/15,KM-16720,二级,华东,山东,家具,用具,Rubbermaid,"Rubvermaid 灯泡,0,3.00
A1001425,2019/8/16,CR-12730,标准级,华东,安徽,办公用品,标签,Harbour Creations,"Harbour Creations 合法证物标签,0,3.00
A1001433,2019/8/20,GT-14710,标准级,中南,广东,家具,书架,Bush,"Bush 柜,0,3.00
A1001439,2019/8/21,JD-16150,二级,华东,山东,办公用品,装订机,Cardinal,"Cardinal 孔加固材料,0,3.00
A1001438,2019/8/21,JD-16150,标准级,华东,山东,办公用品,用品,Acme,"Acme 大剪刀,0,3.00
A1001441,2019/8/22,EM-14140,标准级,东北,辽宁,家具,椅子,Hon,"Hon 摇椅,0,3.00
A1001445,2019/8/23,EM-14140,二级,中南,广东,家具,用具,Tenex,"Tenex 门挡,0,3.00
A1001450,2019/8/24,PO-19180,标准级,中南,广东,家具,用具,Deflect-O,"Deflect-O 分层置放架,0,3.00
A1001453,2019/8/25,Co-12640,二级,华北,天津,家具,椅子,Safco,"SAFCO 折叠椅,0,3.00
A1001458,2019/8/27,DV-13045,标准级,中南,广东,办公用品,信封,Ames,"Ames 邮寄品,0,3.00
A1001463,2019/8/28,RC-19960,标准级,华东,江苏,家具,桌子,Bevis,"Bevis 培训桌,0,3.00
A1001461,2019/8/28,RC-19960,标准级,华东,安徽,家具,椅子,Hon,"Hon 椅垫,0,3.00
A1001469,2019/8/29,MC-17635,标准级,中南,广东,办公用品,收纳具,Smead,"Smead 文件车,0,3.00
A1001470,2019/8/29,PB-19150,标准级,西北,甘肃,家具,用具,Tenex,"Tenex 框架,0,3.00
A1001485,2019/9/3,LS-16975,标准级,华东,浙江,办公用品,纸张,Green Bar,"Green Bar 备忘录便条,0,3.00
A1001488,2019/9/4,SC-20095,标准级,西南,云南,办公用品,装订机,Acco,"Acco 订书机,0,3.00
A1001488,2019/9/4,SC-20095,标准级,西南,云南,家具,椅子,Novimex,"Novimex 沙滩椅,0,3.00
A1001493,2019/9/5,DR-12880,标准级,东北,吉林,办公用品,收纳具,Smead,"Smead 搁板,0,3.00
A1001491,2019/9/5,DM-12955,标准级,华北,天津,办公用品,美术,BIC,"BIC 荧光笔,0,3.00
A1001501,2019/9/7,KF-16285,标准级,华东,福建,办公用品,系固件,Stockwell,"Stockwell 订书钉,0,3.00
A1001501,2019/9/7,KF-16285,标准级,华东,福建,办公用品,美术,Boston,"Boston 荧光笔,0,3.00
A1001500,2019/9/7,DB-13615,二级,西北,陕西,家具,椅子,Hon,"Hon 折叠椅,0,3.00
A1001506,2019/9/10,HH-15010,标准级,华东,山东,办公用品,标签,Novimex,"Novimex 文件夹标签,0,3.00
A1001512,2019/9/11,BF-11215,二级,中南,海南,技术,电话,思科,"思科 智能手机,0,3.00
A1001516,2019/9/12,KM-16375,一级,华北,天津,家具,用具,Deflect-O,"Deflect-O 灯泡,0,3.00
A1001518,2019/9/12,KB-16405,标准级,中南,广东,办公用品,纸张,施乐,"施乐 计划信息表,0,3.00
A1001528,2019/9/15,BH-11710,二级,华东,安徽,办公用品,美术,Stanley,"Stanley 荧光笔,0,3.00
A1001530,2019/9/15,TD-20995,一级,华东,江苏,家具,书架,宜家,"宜家 书架,0,3.00
A1001538,2019/9/18,FG-14260,二级,华东,浙江,技术,配件,罗技,"罗技 鼠标,0,3.00
A1001539,2019/9/18,AA-10480,标准级,华东,山东,办公用品,器具,KitchenAid,"KitchenAid 微波炉,0,3.00
A1001553,2019/9/21,JE-15610,标准级,中南,湖南,办公用品,信封,GlobeWeis,"GlobeWeis 搭扣信封,0,3.00
A1001548,2019/9/21,CC-12100,标准级,华东,山东,技术,设备,柯尼卡,"柯尼卡 打印机,0,3.00
A1001561,2019/9/25,LS-16975,一级,东北,辽宁,办公用品,器具,KitchenAid,"KitchenAid 搅拌机,0,3.00
A1001561,2019/9/25,CY-12745,一级,东北,辽宁,办公用品,美术,Sanford,"Sanford 记号笔,0,3.00
A1001568,2019/9/26,HF-14995,当日,西南,四川,办公用品,装订机,Wilson Jones,"Wilson Jones 装订机,0,3.00
A1001569,2019/9/26,KT-16465,二级,西南,四川,办公用品,装订机,Acco,"Acco 打孔机,0,3.00
A1001567,2019/9/26,KT-16465,标准级,中南,广东,办公用品,器具,Hoover,"Hoover 烤面包机,0,3.00
A1001578,2019/9/28,CM-12655,标准级,东北,黑龙江,办公用品,器具,KitchenAid,"KitchenAid 微波炉,0,3.00
A1001583,2019/9/28,EH-13945,标准级,华东,安徽,办公用品,用品,Kleencut,"Kleencut 开信刀,0,3.00
A1001587,2019/10/1,TH-21235,标准级,东北,辽宁,办公用品,纸张,施乐,"施乐 笔记本,0,3.00
A1001599,2019/10/2,JP-15460,一级,中南,湖南,技术,配件,贝尔金,"贝尔金 键盘,0,3.00
A1001596,2019/10/2,ES-14080,标准级,中南,广东,家具,用具,Advantus,"Advantus 相框,0,3.00
A1001606,2019/10/5,CK-12760,一级,中南,广东,办公用品,用品,Acme,"Acme 修剪器,0,3.00
A1001606,2019/10/5,BP-11185,一级,中南,广东,技术,电话,摩托罗拉,"摩托罗拉 信号增强器,0,3.00
A1001612,2019/10/6,CC-12220,一级,西北,陕西,家具,书架,Safco,"Safco 墙角架,0,3.00
A1001612,2019/10/6,RA-19885,一级,西北,陕西,家具,椅子,Safco,"SAFCO 沙滩椅,0,3.00
A1001610,2019/10/6,CM-11815,标准级,华东,山东,办公用品,纸张,施乐,"施乐 信纸,0,3.00
A1001610,2019/10/6,TS-21205,标准级,华东,山东,技术,复印机,Hewlett,"Hewlett 个人复印机,0,3.00
A1001613,2019/10/7,VW-21775,标准级,西南,四川,家具,书架,Safco,"Safco 柜,0,3.00
A1001616,2019/10/8,PS-19045,当日,中南,广东,办公用品,信封,Kraft,"Kraft 搭扣信封,0,3.00
A1001617,2019/10/8,GM-14695,一级,华东,山东,家具,椅子,Office Star,"Office Star 折叠椅,0,3.00
A1001620,2019/10/8,JP-16135,标准级,华东,浙江,家具,椅子,Harbour Creations,"Harbour Creations 扶手椅,0,3.00
A1001620,2019/10/8,JP-16135,标准级,华东,浙江,家具,椅子,Hon,"Hon 凳子,0,3.00
A1001631,2019/10/9,EB-13870,一级,中南,广西,家具,桌子,Hon,"Hon 咖啡桌,0,3.00
A1001631,2019/10/9,MW-18235,一级,中南,广西,家具,椅子,Office Star,"Office Star 凳子,0,3.00
A1001629,2019/10/9,SP-20620,标准级,华东,山东,办公用品,装订机,Avery,"Avery 孔加固材料,0,3.00
A1001638,2019/10/12,TH-21550,一级,西南,四川,办公用品,纸张,Eaton,"Eaton 计划信息表,0,3.00
A1001644,2019/10/15,KD-16270,当日,中南,河南,办公用品,信封,Jiffy,"Jiffy 商业信封,0,3.00
A1001644,2019/10/15,GM-14455,当日,中南,河南,办公用品,纸张,Eaton,"Eaton 计划信息表,0,3.00
A1001655,2019/10/18,BM-11650,当日,西北,宁夏,办公用品,信封,Cameo,"Cameo 外皮和封条,0,3.00
A1001657,2019/10/18,CA-12310,标准级,中南,广西,办公用品,用品,Elite,"Elite 剪刀,0,3.00
A1001657,2019/10/18,CA-12310,标准级,中南,广西,办公用品,装订机,Avery,"Avery 孔加固材料,0,3.00
A1001656,2019/10/18,TC-21535,标准级,华东,浙江,技术,配件,SanDisk,"SanDisk 键盘,0,3.00
A1001658,2019/10/18,TC-21535,标准级,东北,辽宁,技术,设备,爱普生,"爱普生 卡片打印机,0,3.00
A1001670,2019/10/22,CS-12490,二级,华北,天津,家具,椅子,Office Star,"Office Star 扶手椅,0,3.00
A1001676,2019/10/23,Dp-13240,二级,华东,浙江,技术,复印机,Brother,"Brother 无线传真机,0,3.00
A1001682,2019/10/24,DH-13075,一级,西北,甘肃,办公用品,纸张,SanDisk,"SanDisk 计划信息表,0,3.00
A1001684,2019/10/25,SS-20590,标准级,华东,山东,技术,电话,三星,"三星 智能手机,0,3.00
A1001692,2019/10/27,CL-12565,二级,华东,山东,办公用品,纸张,Green Bar,"Green Bar 备忘录便条,0,3.00
A1001698,2019/10/27,LF-17185,标准级,华东,江西,家具,椅子,Safco,"SAFCO 扶手椅,0,3.00
A1001698,2019/10/27,AB-10165,标准级,华东,江西,技术,设备,柯尼卡,"柯尼卡 打印机,0,3.00
A1001705,2019/10/30,KN-16705,标准级,华北,河北,家具,椅子,Office Star,"Office Star 沙滩椅,0,3.00
A1001707,2019/10/31,ST-20530,二级,华北,山西,办公用品,纸张,Green Bar,"Green Bar 令,0,3.00
A1001711,2019/10/31,AS-10090,标准级,中南,广东,办公用品,美术,Binney & Smith,"Binney & Smith 记号笔,0,3.00
A1001723,2019/11/2,PJ-19015,二级,华东,福建,办公用品,信封,Kraft,"Kraft 马尼拉纸信封,0,3.00
A1001724,2019/11/3,RH-19600,标准级,东北,黑龙江,办公用品,装订机,Avery,"Avery 装订机盖,0,3.00
A1001732,2019/11/5,JK-15730,标准级,华东,山东,办公用品,用品,Stiletto,"Stiletto 修剪器,0,3.00
A1001731,2019/11/5,RD-19930,标准级,西北,新疆,办公用品,纸张,施乐,"施乐 笔记本,0,3.00
A1001739,2019/11/6,SC-20020,一级,中南,广西,办公用品,装订机,Cardinal,"Cardinal 打孔机,0,3.00
A1001735,2019/11/6,SC-20020,一级,华东,安徽,办公用品,用品,Fiskars,"Fiskars 剪刀,0,3.00
A1001746,2019/11/8,GA-14515,标准级,中南,海南,办公用品,用品,Elite,"Elite 开信刀,0,3.00
A1001752,2019/11/9,JL-15835,一级,中南,河南,家具,椅子,Safco,"SAFCO 折叠椅,0,3.00
A1001762,2019/11/13,RD-19810,标准级,中南,河南,办公用品,器具,Breville,"Breville 炉灶,0,3.00
A1001759,2019/11/13,ME-17320,标准级,华东,福建,家具,书架,Safco,"Safco 书库,0,3.00
A1001759,2019/11/13,ME-17320,标准级,华东,福建,家具,用具,Deflect-O,"Deflect-O 分层置放架,0,3.00
A1001760,2019/11/13,FH-14275,标准级,华东,安徽,技术,配件,贝尔金,"贝尔金 键区,0,3.00
A1001772,2019/11/15,JK-15640,标准级,华东,浙江,家具,桌子,Chromcraft,"Chromcraft 会议桌,0,3.00
A1001773,2019/11/16,JW-15955,标准级,中南,广西,办公用品,收纳具,Tenex,"Tenex 盘,0,3.00
A1001775,2019/11/16,MT-17815,标准级,西北,陕西,办公用品,用品,Fiskars,"Fiskars 大剪刀,0,3.00
A1001776,2019/11/17,MT-17815,当日,中南,广东,家具,书架,Dania,"Dania 搁架,0,3.00
A1001778,2019/11/17,KD-16495,标准级,华北,天津,办公用品,器具,Cuisinart,"Cuisinart 炉灶,0,3.00
A1001783,2019/11/19,AC-10450,一级,华东,安徽,办公用品,用品,Fiskars,"Fiskars 开信刀,0,3.00
A1001789,2019/11/21,ST-20530,标准级,华北,河北,家具,椅子,Office Star,"Office Star 椅垫,0,3.00
A1001791,2019/11/22,GB-14530,标准级,华东,江苏,办公用品,收纳具,Fellowes,"Fellowes 锁柜,0,3.00
A1001795,2019/11/22,JC-15775,标准级,华北,天津,办公用品,系固件,Accos,"Accos 回形针,0,3.00
A1001804,2019/11/23,DB-12970,当日,中南,河南,家具,椅子,Harbour Creations,"Harbour Creations 椅垫,0,3.00
A1001811,2019/11/26,TB-21250,标准级,华东,山东,家具,椅子,Safco,"SAFCO 沙滩椅,0,3.00
A1001829,2019/11/30,QJ-19255,一级,中南,广东,办公用品,装订机,Ibico,"Ibico 装订机,0,3.00
A1001829,2019/11/30,QJ-19255,一级,中南,广东,家具,椅子,Safco,"SAFCO 椅垫,0,3.00
A1001838,2019/12/3,JK-15625,标准级,东北,黑龙江,办公用品,系固件,Stockwell,"Stockwell 夹子,0,3.00
A1001839,2019/12/4,JL-15235,标准级,中南,广东,技术,配件,Enermax,"Enermax 键区,0,3.00
A1001863,2019/12/10,TS-21160,二级,中南,河南,技术,复印机,夏普,"夏普 无线传真机,0,3.00
A1002038,2020/2/25,TB-21175,一级,华东,山东,办公用品,装订机,Ibico,"Ibico 订书机,0,3.00
A1002085,2020/3/15,CR-12820,标准级,华东,安徽,办公用品,美术,BIC,"BIC 记号笔,0,3.00
A1002155,2020/4/11,AB-10165,标准级,东北,辽宁,办公用品,美术,Boston,"Boston 钢笔,0,3.00
A1002257,2020/5/14,BF-11170,标准级,西南,四川,技术,配件,贝尔金,"贝尔金 键盘,0,3.00
A1002304,2020/5/24,MC-18130,二级,华东,山东,技术,复印机,Brother,"Brother 传真复印机,0,3.00
A1002339,2020/5/31,KB-16585,标准级,华东,上海,办公用品,用品,Kleencut,"Kleencut 剪刀,0,3.00
A1002367,2020/6/7,JK-16120,二级,中南,广西,办公用品,美术,Stanley,"Stanley 记号笔,0,3.00
A1002461,2020/6/27,EH-13765,标准级,华东,浙江,办公用品,收纳具,Smead,"Smead 文件夹,0,3.00
A1002461,2020/6/27,EH-13765,标准级,华东,浙江,技术,配件,Enermax,"Enermax 记忆卡,0,3.00
A1002491,2020/7/8,TS-21205,标准级,华东,安徽,办公用品,系固件,Stockwell,"Stockwell 夹子,0,3.00
A1002489,2020/7/8,JK-15730,标准级,华东,山东,办公用品,收纳具,Smead,"Smead 盘,0,3.00
A1002550,2020/7/31,CA-12265,标准级,东北,辽宁,办公用品,收纳具,Tenex,"Tenex 锁柜,0,3.00
A1002577,2020/8/8,DM-13015,一级,西南,云南,办公用品,装订机,Acco,"Acco 订书机,0,3.00
A1002585,2020/8/9,JL-15835,一级,华东,山东,办公用品,美术,Sanford,"Sanford 速写本,0,3.00
A1002640,2020/8/21,SZ-20035,二级,中南,广东,技术,复印机,夏普,"夏普 复印机,0,3.00
A1002675,2020/8/27,DJ-13510,二级,中南,广东,办公用品,装订机,Acco,"Acco 装订机,0,3.00
A1002686,2020/8/29,ME-18010,一级,中南,广东,家具,椅子,Novimex,"Novimex 扶手椅,0,3.00
A1002696,2020/9/2,DW-13195,标准级,中南,广西,家具,书架,宜家,"宜家 柜,0,3.00
A1002776,2020/9/18,JD-16015,二级,华东,山东,技术,电话,苹果,"苹果 音频基座,0,3.00
A1002806,2020/9/24,VP-21730,标准级,东北,吉林,家具,用具,Eldon,"Eldon 灯泡,0,3.00
A1002854,2020/10/3,PJ-18835,标准级,华东,山东,技术,复印机,夏普,"夏普 无线传真机,0,3.00
A1002859,2020/10/4,CK-12205,一级,中南,湖南,技术,复印机,Hewlett,"Hewlett 复印机,0,3.00
A1003032,2020/11/12,RA-19285,标准级,中南,湖北,家具,桌子,Chromcraft,"Chromcraft 木桌,0,3.00
A1003174,2020/12/9,CC-12430,一级,华东,山东,家具,用具,Tenex,"Tenex 灯泡,0,3.00
A1003193,2020/12/16,DO-13645,标准级,华东,上海,技术,电话,三星,"三星 办公室电话机,0,3.00
A1003241,2020/12/30,CC-12100,标准级,中南,河南,办公用品,器具,Hoover,"Hoover 烤面包机,0,3.00
A1003291,2021/1/14,SV-20785,标准级,西南,四川,办公用品,纸张,Green Bar,"Green Bar 羊皮纸,0,3.00
A1003417,2021/2/27,CG-12520,二级,中南,湖南,办公用品,系固件,Accos,"Accos 按钉,0,3.00
A1003429,2021/3/3,VG-21790,标准级,华东,江苏,办公用品,纸张,Enermax,"Enermax 笔记本,0,3.00
A1003486,2021/3/20,SP-20545,一级,华东,安徽,办公用品,信封,Cameo,"Cameo 马尼拉纸信封,0,3.00
A1003496,2021/3/24,MG-17890,标准级,西北,新疆,家具,桌子,Hon,"Hon 培训桌,0,3.00
A1003537,2021/4/3,VD-21670,二级,华东,山东,家具,书架,Sauder,"Sauder 墙角架,0,3.00
A1003538,2021/4/4,SR-20425,一级,中南,湖南,办公用品,器具,Hamilton Beach,"Hamilton Beach 冰箱,0,3.00
A1003560,2021/4/13,CM-12115,标准级,中南,广西,家具,桌子,Barricks,"Barricks 木桌,0,3.00
A1003568,2021/4/15,RB-19360,标准级,中南,河南,家具,桌子,Barricks,"Barricks 电脑桌,0,3.00
A1003595,2021/4/27,GH-14410,标准级,中南,广东,办公用品,系固件,Accos,"Accos 订书钉,0,3.00
A1003601,2021/4/28,BK-11260,标准级,中南,湖南,办公用品,信封,Jiffy,"Jiffy 外皮和封条,0,3.00
A1003601,2021/4/28,BS-11365,标准级,中南,湖南,办公用品,装订机,Avery,"Avery 订书机,0,3.00
A1003697,2021/5/14,PM-19135,标准级,西南,重庆,办公用品,收纳具,Fellowes,"Fellowes 盘,0,3.00
A1003737,2021/5/20,YS-21880,标准级,东北,辽宁,办公用品,用品,Acme,"Acme 开信刀,0,3.00
A1003783,2021/5/27,JM-15865,标准级,东北,辽宁,家具,椅子,Office Star,"Office Star 折叠椅,0,3.00
A1003781,2021/5/27,TC-21475,标准级,东北,黑龙江,技术,复印机,Brother,"Brother 墨水,0,3.00
A1003815,2021/6/2,BG-11695,二级,西北,青海,技术,设备,爱普生,"爱普生 打印机,0,3.00
A1003858,2021/6/9,MS-17710,标准级,中南,海南,办公用品,装订机,Acco,"Acco 打孔机,0,3.00
A1003860,2021/6/10,MG-17680,标准级,东北,辽宁,办公用品,用品,Elite,"Elite 大剪刀,0,3.00
A1003886,2021/6/14,LS-17245,标准级,中南,广西,办公用品,纸张,施乐,"施乐 信纸,0,3.00
A1003887,2021/6/14,DB-12910,标准级,东北,辽宁,办公用品,用品,Acme,"Acme 大剪刀,0,3.00
A1003942,2021/6/23,KD-16270,二级,东北,辽宁,技术,复印机,夏普,"夏普 复印机,0,3.00
A1003970,2021/6/27,PV-18985,一级,西南,四川,办公用品,收纳具,Fellowes,"Fellowes 盒,0,3.00
A1003979,2021/6/30,NS-18640,标准级,华北,河北,办公用品,信封,Ames,"Ames 邮寄品,0,3.00
A1004002,2021/7/7,SB-20185,标准级,中南,广西,家具,椅子,Harbour Creations,"Harbour Creations 椅垫,0,3.00
A1004100,2021/8/4,MC-17605,标准级,中南,海南,办公用品,收纳具,Smead,"Smead 盘,0,3.00
A1004099,2021/8/4,DH-13675,标准级,东北,黑龙江,技术,设备,冲电器,"冲电器 计算器,0,3.00
A1004108,2021/8/5,EM-14065,二级,华东,上海,办公用品,美术,Binney & Smith,"Binney & Smith 钢笔,0,3.00
A1004168,2021/8/17,NP-18670,标准级,中南,广东,技术,复印机,夏普,"夏普 传真机,0,3.00
A1004218,2021/8/25,SJ-20125,二级,华东,上海,技术,复印机,佳能,"佳能 个人复印机,0,3.00
A1004237,2021/8/28,KB-16315,标准级,华东,浙江,技术,设备,StarTech,"StarTech 喷墨打印机,0,3.00
A1004242,2021/8/29,CB-12025,标准级,华东,山东,办公用品,美术,Binney & Smith,"Binney & Smith 钢笔,0,3.00
A1004364,2021/9/21,PW-19240,标准级,华东,江苏,办公用品,装订机,Acco,"Acco 孔加固材料,0,3.00
A1004410,2021/9/30,LC-16960,标准级,华东,福建,技术,电话,苹果,"苹果 智能手机,0,3.00
A1004421,2021/10/2,CV-12805,二级,华北,天津,技术,复印机,Hewlett,"Hewlett 传真机,0,3.00
A1004431,2021/10/5,PG-18895,二级,中南,河南,办公用品,信封,Ames,"Ames 局间信封,0,3.00
A1004432,2021/10/5,JL-15130,标准级,华东,山东,办公用品,标签,Smead,"Smead 运输标签,0,3.00
A1004469,2021/10/10,BP-11050,标准级,中南,湖南,技术,复印机,Brother,"Brother 个人复印机,0,3.00
A1004467,2021/10/10,NS-18640,二级,华北,河北,家具,桌子,Hon,"Hon 会议桌,0,3.00
A1004470,2021/10/12,EM-13960,标准级,中南,河南,家具,椅子,Hon,"Hon 折叠椅,0,3.00
A1004473,2021/10/12,HZ-14950,标准级,东北,辽宁,技术,电话,诺基亚,"诺基亚 办公室电话机,0,3.00
A1004483,2021/10/13,DK-12835,标准级,华东,江苏,办公用品,收纳具,Eldon,"Eldon 盒,0,3.00
A1004483,2021/10/13,BK-11260,标准级,华东,江苏,技术,配件,Enermax,"Enermax 键盘,0,3.00
A1004498,2021/10/15,BM-11785,一级,东北,辽宁,技术,复印机,Brother,"Brother 复印机,0,3.00
A1004501,2021/10/16,AJ-10945,标准级,华东,山东,家具,用具,Deflect-O,"Deflect-O 框架,0,3.00
A1004509,2021/10/17,MM-18280,标准级,华东,上海,家具,用具,Eldon,"Eldon 闹钟,0,3.00
A1004522,2021/10/19,MA-17995,当日,华东,山东,办公用品,用品,Elite,"Elite 开信刀,0,3.00
A1004586,2021/10/30,NB-18655,标准级,东北,吉林,家具,书架,Sauder,"Sauder 柜,0,3.00
A1004580,2021/10/30,DS-13030,标准级,华东,上海,办公用品,纸张,Green Bar,"Green Bar 备忘录便条,0,3.00
A1004605,2021/11/3,HJ-14875,标准级,西北,甘肃,技术,电话,摩托罗拉,"摩托罗拉 充电器,0,3.00
A1004612,2021/11/4,LW-17215,标准级,东北,吉林,办公用品,用品,Acme,"Acme 尺子,0,3.00
A1004656,2021/11/11,PS-18970,二级,华东,山东,办公用品,美术,Stanley,"Stanley 钢笔,0,3.00
A1004658,2021/11/11,RD-19480,二级,中南,广东,家具,书架,Dania,"Dania 书架,0,3.00
A1004665,2021/11/12,CC-12670,标准级,西南,云南,办公用品,美术,Binney & Smith,"Binney & Smith 画布,0,3.00
A1004662,2021/11/12,CC-12670,标准级,华东,山东,办公用品,收纳具,Rogers,"Rogers 搁板,0,3.00
A1004673,2021/11/14,JC-15775,标准级,西南,重庆,技术,电话,摩托罗拉,"摩托罗拉 智能手机,0,3.00
A1004680,2021/11/16,JC-15775,一级,中南,河南,办公用品,用品,Elite,"Elite 开信刀,0,3.00
A1004712,2021/11/23,BS-11590,二级,中南,河南,技术,设备,StarTech,"StarTech 收据打印机,0,3.00
A1004712,2021/11/23,JS-16030,二级,中南,河南,技术,配件,罗技,"罗技 闪存驱动器,0,3.00
A1004744,2021/11/27,MS-17710,一级,中南,广东,技术,配件,SanDisk,"SanDisk 闪存驱动器,0,3.00
A1004744,2021/11/27,MS-17710,一级,中南,广东,技术,配件,罗技,"罗技 闪存驱动器,0,3.00
A1004775,2021/12/4,HG-14965,标准级,华东,安徽,办公用品,美术,BIC,"BIC 钢笔,0,3.00
A1004775,2021/12/4,SC-20095,标准级,华东,安徽,家具,用具,Deflect-O,"Deflect-O 门挡,0,3.00
A1004811,2021/12/10,MC-17635,标准级,东北,黑龙江,办公用品,美术,Boston,"Boston 速写本,0,3.00
A1004837,2021/12/15,CS-11950,一级,西南,云南,办公用品,纸张,Enermax,"Enermax 计划信息表,0,3.00
A1004834,2021/12/15,AT-10735,标准级,东北,黑龙江,办公用品,美术,Boston,"Boston 画布,0,3.00
A1004832,2021/12/15,AT-10735,二级,中南,湖南,办公用品,用品,Stiletto,"Stiletto 开信刀,0,3.00
A1004858,2021/12/18,LW-17215,标准级,中南,湖北,技术,复印机,Hewlett,"Hewlett 个人复印机,0,3.00
A1004858,2021/12/18,TC-21535,标准级,中南,湖北,技术,复印机,佳能,"佳能 无线传真机,0,3.00
A1004873,2021/12/22,PG-18820,当日,华北,内蒙古,办公用品,收纳具,Fellowes,"Fellowes 盒,0,3.00
A1004876,2021/12/22,DP-13390,当日,华东,福建,家具,椅子,Harbour Creations,"Harbour Creations 椅垫,0,3.00
A1004884,2021/12/23,PO-19195,标准级,西北,陕西,办公用品,标签,Harbour Creations,"Harbour Creations 可去除的标签,0,3.00
A1004884,2021/12/23,JK-16120,标准级,西北,陕西,技术,复印机,Brother,"Brother 墨水,0,3.00
A1004908,2021/12/29,MO-17800,二级,中南,湖北,办公用品,器具,KitchenAid,"KitchenAid 咖啡研磨机,0,3.00
A1000009,2018/1/5,EB-13870,二级,华北,河北,办公用品,收纳具,Smead,"Smead 盒,0,2.00
A1000340,2018/6/28,JO-15550,标准级,华东,上海,办公用品,器具,KitchenAid,"KitchenAid 炉灶,0,2.00
A1000343,2018/6/29,JO-15550,标准级,中南,湖南,家具,用具,Eldon,"Eldon 相框,0,2.00
A1000344,2018/6/29,Dl-13600,标准级,华北,河北,技术,设备,冲电器,"冲电器 喷墨打印机,0,2.00
A1000348,2018/7/1,DP-13165,标准级,华东,上海,技术,复印机,夏普,"夏普 传真复印机,0,2.00
A1000357,2018/7/6,SC-20695,标准级,中南,广东,家具,书架,Dania,"Dania 柜,0,2.00
A1000362,2018/7/8,DS-13030,一级,中南,湖北,技术,电话,诺基亚,"诺基亚 办公室电话机,0,2.00
A1000363,2018/7/11,DS-13030,标准级,华东,江西,家具,书架,Dania,"Dania 书架,0,2.00
A1000363,2018/7/11,PO-19195,标准级,华东,江西,家具,桌子,Chromcraft,"Chromcraft 圆桌,0,2.00
A1000364,2018/7/12,SS-20875,一级,中南,湖北,技术,复印机,夏普,"夏普 无线传真机,0,2.00
A1000365,2018/7/12,MH-17785,标准级,华东,安徽,办公用品,信封,Ames,"Ames 马尼拉纸信封,0,2.00
A1000368,2018/7/14,RF-19735,标准级,华东,江苏,办公用品,器具,KitchenAid,"KitchenAid 烤面包机,0,2.00
A1000368,2018/7/14,RF-19735,标准级,华东,江苏,办公用品,收纳具,Tenex,"Tenex 锁柜,0,2.00
A1000373,2018/7/20,AJ-10795,一级,华东,安徽,家具,用具,Tenex,"Tenex 相框,0,2.00
A1000374,2018/7/20,BV-11245,标准级,华北,河北,技术,复印机,Hewlett,"Hewlett 传真机,0,2.00
A1000378,2018/7/25,NZ-18565,标准级,中南,湖南,家具,椅子,Novimex,"Novimex 凳子,0,2.00
A1000380,2018/7/26,BM-11785,二级,中南,广东,办公用品,信封,Kraft,"Kraft 商业信封,0,2.00
A1000380,2018/7/26,BM-11785,二级,中南,广东,办公用品,器具,Breville,"Breville 炉灶,0,2.00
A1000383,2018/7/27,BM-11785,一级,中南,湖北,技术,电话,思科,"思科 智能手机,0,2.00
A1000384,2018/7/28,SA-20830,标准级,西南,云南,技术,电话,三星,"三星 智能手机,0,2.00
A1000388,2018/7/29,ES-14020,一级,华东,安徽,家具,用具,Advantus,"Advantus 闹钟,0,2.00
A1000387,2018/7/29,RH-19495,标准级,中南,广东,技术,配件,Enermax,"Enermax 鼠标,0,2.00
A1000394,2018/8/2,RA-19915,标准级,中南,河南,办公用品,信封,Ames,"Ames 商业信封,0,2.00
A1000395,2018/8/2,AA-10375,标准级,华东,安徽,技术,电话,摩托罗拉,"摩托罗拉 智能手机,0,2.00
A1000396,2018/8/3,ZC-21910,标准级,华东,山东,技术,复印机,夏普,"夏普 复印机,0,2.00
A1000403,2018/8/5,CA-12775,标准级,华东,福建,办公用品,标签,Harbour Creations,"Harbour Creations 可去除的标签,0,2.00
A1000403,2018/8/5,CA-12775,标准级,华东,福建,家具,椅子,Novimex,"Novimex 凳子,0,2.00
A1000414,2018/8/9,BM-11650,标准级,中南,湖南,办公用品,器具,KitchenAid,"KitchenAid 咖啡研磨机,0,2.00
A1000422,2018/8/11,BK-11260,标准级,东北,黑龙江,办公用品,用品,Kleencut,"Kleencut 修剪器,0,2.00
A1000422,2018/8/11,BK-11260,标准级,东北,黑龙江,家具,书架,Safco,"Safco 搁架,0,2.00
A1000425,2018/8/11,AJ-10795,标准级,中南,湖南,技术,配件,Memorex,"Memorex 路由器,0,2.00
A1000428,2018/8/12,AJ-10795,二级,东北,辽宁,家具,用具,Eldon,"Eldon 分层置放架,0,2.00
A1000427,2018/8/12,LS-16945,二级,中南,湖北,技术,配件,罗技,"罗技 鼠标,0,2.00
A1000435,2018/8/15,CC-12430,标准级,西北,陕西,家具,桌子,Chromcraft,"Chromcraft 咖啡桌,0,2.00
A1000436,2018/8/16,AG-10765,标准级,华东,上海,办公用品,装订机,Cardinal,"Cardinal 打孔机,0,2.00
A1000443,2018/8/17,JE-15475,二级,华东,山东,办公用品,器具,Cuisinart,"Cuisinart 炉灶,0,2.00
A1000447,2018/8/18,HL-15040,标准级,东北,辽宁,技术,配件,贝尔金,"贝尔金 鼠标,0,2.00
A1000450,2018/8/19,MS-17365,当日,西北,陕西,办公用品,用品,Stiletto,"Stiletto 大剪刀,0,2.00
A1000449,2018/8/19,JR-16210,二级,华东,江苏,技术,配件,Enermax,"Enermax 键区,0,2.00
A1000499,2018/9/9,AT-10735,标准级,华东,山东,技术,配件,SanDisk,"SanDisk 记忆卡,0,2.00
A1000504,2018/9/10,MO-17800,标准级,华东,浙江,办公用品,标签,Harbour Creations,"Harbour Creations 有色标签,0,2.00
A1000505,2018/9/11,GT-14710,一级,东北,黑龙江,家具,书架,Sauder,"Sauder 搁架,0,2.00
A1000506,2018/9/12,GT-14710,标准级,华北,北京,家具,椅子,Safco,"SAFCO 沙滩椅,0,2.00
A1000507,2018/9/13,HR-14770,当日,东北,黑龙江,办公用品,标签,Smead,"Smead 圆形标签,0,2.00
A1000513,2018/9/14,LA-16780,当日,华东,山东,办公用品,装订机,Avery,"Avery 订书机,0,2.00
A1000514,2018/9/15,NS-18640,二级,西北,甘肃,技术,电话,三星,"三星 信号增强器,0,2.00
A1000515,2018/9/15,ZC-21910,标准级,华东,江苏,办公用品,收纳具,Fellowes,"Fellowes 盘,0,2.00
A1000516,2018/9/15,BP-11185,标准级,东北,黑龙江,技术,配件,罗技,"罗技 键区,0,2.00
A1000521,2018/9/19,TS-21160,标准级,华北,北京,技术,复印机,Hewlett,"Hewlett 个人复印机,0,2.00
A1000523,2018/9/19,RB-19795,标准级,东北,黑龙江,家具,椅子,Novimex,"Novimex 折叠椅,0,2.00
A1000533,2018/9/21,MS-17710,一级,华东,浙江,办公用品,装订机,Acco,"Acco 标签,0,2.00
A1000529,2018/9/21,DW-13540,一级,华东,江苏,办公用品,装订机,Acco,"Acco 孔加固材料,0,2.00
A1000529,2018/9/21,BT-11395,一级,华东,江苏,家具,用具,Eldon,"Eldon 门挡,0,2.00
A1000529,2018/9/21,KD-16270,一级,华东,江苏,技术,配件,罗技,"罗技 路由器,0,2.00
A1000531,2018/9/21,KD-16270,标准级,中南,广西,家具,书架,Safco,"Safco 书库,0,2.00
A1000543,2018/9/24,EH-13945,二级,西南,重庆,家具,书架,Safco,"Safco 柜,0,2.00
A1000544,2018/9/24,EH-13945,标准级,华东,安徽,办公用品,美术,Binney & Smith,"Binney & Smith 荧光笔,0,2.00
A1000544,2018/9/24,EH-13945,标准级,华东,安徽,技术,电话,思科,"思科 音频基座,0,2.00
A1000546,2018/9/25,CS-12355,标准级,华东,福建,家具,书架,Bush,"Bush 墙角架,0,2.00
A1000546,2018/9/25,CS-12355,标准级,华东,福建,家具,椅子,Office Star,"Office Star 扶手椅,0,2.00
A1000546,2018/9/25,HL-15040,标准级,华东,福建,技术,电话,诺基亚,"诺基亚 充电器,0,2.00
A1000547,2018/9/26,HL-15040,一级,东北,黑龙江,办公用品,信封,GlobeWeis,"GlobeWeis 邮寄品,0,2.00
A1000551,2018/9/26,JS-15940,二级,华东,山东,技术,电话,三星,"三星 办公室电话机,0,2.00
A1000563,2018/9/29,NC-18340,标准级,华东,福建,办公用品,收纳具,Eldon,"Eldon 盒,0,2.00
A1000566,2018/9/30,KL-16555,标准级,华东,江苏,家具,椅子,Novimex,"Novimex 扶手椅,0,2.00
A1000570,2018/10/3,AP-10720,标准级,中南,河南,办公用品,系固件,Accos,"Accos 夹子,0,2.00
A1000574,2018/10/4,DL-13315,标准级,华东,上海,办公用品,器具,Cuisinart,"Cuisinart 微波炉,0,2.00
A1000581,2018/10/5,DB-13060,二级,东北,黑龙江,办公用品,标签,Avery,"Avery 合法证物标签,0,2.00
A1000581,2018/10/5,HR-14830,二级,东北,黑龙江,家具,用具,Advantus,"Advantus 门挡,0,2.00
A1000578,2018/10/5,HR-14830,标准级,中南,湖南,技术,电话,诺基亚,"诺基亚 智能手机,0,2.00
A1000586,2018/10/6,NG-18355,二级,东北,黑龙江,办公用品,系固件,Accos,"Accos 回形针,0,2.00
A1000584,2018/10/6,NG-18355,标准级,华东,安徽,办公用品,标签,Smead,"Smead 文件夹标签,0,2.00
A1000583,2018/10/6,LS-16945,标准级,华北,天津,办公用品,标签,Harbour Creations,"Harbour Creations 合法证物标签,0,2.00
A1000583,2018/10/6,SW-20755,标准级,华北,天津,家具,椅子,Novimex,"Novimex 摇椅,0,2.00
A1000592,2018/10/7,SW-20755,二级,华东,山东,办公用品,用品,Kleencut,"Kleencut 剪刀,0,2.00
A1000596,2018/10/10,BM-11140,一级,东北,辽宁,技术,配件,Memorex,"Memorex 键区,0,2.00
A1000601,2018/10/11,BG-11695,标准级,东北,黑龙江,办公用品,用品,Acme,"Acme 开信刀,0,2.00
A1000603,2018/10/11,PG-18820,标准级,东北,吉林,办公用品,收纳具,Fellowes,"Fellowes 锁柜,0,2.00
A1000610,2018/10/14,MH-18115,标准级,中南,河南,家具,椅子,Novimex,"Novimex 椅垫,0,2.00
A1000616,2018/10/17,RB-19795,二级,中南,湖北,办公用品,系固件,OIC,"OIC 订书钉,0,2.00
A1000617,2018/10/17,JR-15700,标准级,华北,河北,家具,用具,Rubbermaid,"Rubvermaid 分层置放架,0,2.00
A1000621,2018/10/18,JC-16105,标准级,中南,广东,办公用品,器具,Breville,"Breville 搅拌机,0,2.00
A1000618,2018/10/18,BG-11695,标准级,华东,山东,办公用品,标签,Smead,"Smead 文件夹标签,0,2.00
A1000624,2018/10/19,SP-20545,二级,东北,吉林,家具,椅子,Hon,"Hon 扶手椅,0,2.00
A1000631,2018/10/21,SA-20830,二级,东北,辽宁,家具,用具,Advantus,"Advantus 分层置放架,0,2.00
A1000630,2018/10/21,SA-20830,标准级,华东,福建,办公用品,用品,Fiskars,"Fiskars 大剪刀,0,2.00
A1000628,2018/10/21,GM-14500,标准级,华北,天津,办公用品,收纳具,Fellowes,"Fellowes 文件夹,0,2.00
A1000628,2018/10/21,CC-12430,标准级,华北,天津,技术,配件,Memorex,"Memorex 闪存驱动器,0,2.00
A1000636,2018/10/24,QJ-19255,标准级,中南,湖北,办公用品,用品,Acme,"Acme 剪刀,0,2.00
A1000641,2018/10/25,CS-12460,标准级,华北,河北,办公用品,标签,Harbour Creations,"Harbour Creations 有色标签,0,2.00
A1000643,2018/10/26,HG-14965,标准级,华北,河北,家具,用具,Advantus,"Advantus 灯泡,0,2.00
A1000651,2018/10/29,CP-12085,二级,华东,福建,家具,用具,Deflect-O,"Deflect-O 灯泡,0,2.00
A1000655,2018/10/31,MN-17935,标准级,华东,浙江,办公用品,收纳具,Tenex,"Tenex 搁板,0,2.00
A1000660,2018/11/2,BP-11290,标准级,华北,山西,办公用品,信封,Jiffy,"Jiffy 外皮和封条,0,2.00
A1000662,2018/11/3,DC-12850,二级,西南,贵州,技术,电话,思科,"思科 耳机,0,2.00
A1000668,2018/11/4,ND-18370,当日,东北,吉林,办公用品,信封,Cameo,"Cameo 局间信封,0,2.00
A1000668,2018/11/4,LB-16735,当日,东北,吉林,家具,用具,Deflect-O,"Deflect-O 相框,0,2.00
A1000666,2018/11/4,HM-14860,标准级,华北,河北,办公用品,器具,Breville,"Breville 炉灶,0,2.00
A1000672,2018/11/7,PP-18955,标准级,华北,内蒙古,家具,书架,Sauder,"Sauder 墙角架,0,2.00
A1000672,2018/11/7,PP-18955,标准级,华北,内蒙古,家具,书架,Sauder,"Sauder 墙角架,0,2.00
A1000670,2018/11/7,PP-18955,标准级,东北,吉林,办公用品,美术,Binney & Smith,"Binney & Smith 荧光笔,0,2.00
A1000679,2018/11/8,YS-21880,标准级,华北,河北,办公用品,装订机,Wilson Jones,"Wilson Jones 装订机,0,2.00
A1000693,2018/11/11,KD-16270,标准级,华东,山东,办公用品,装订机,Acco,"Acco 装订机盖,0,2.00
A1000687,2018/11/11,SZ-20035,标准级,中南,广东,办公用品,信封,GlobeWeis,"GlobeWeis 邮寄品,0,2.00
A1000687,2018/11/11,SV-20815,标准级,中南,广东,技术,电话,三星,"三星 办公室电话机,0,2.00
A1000694,2018/11/12,RW-19540,标准级,东北,黑龙江,办公用品,收纳具,Smead,"Smead 锁柜,0,2.00
A1000697,2018/11/14,RW-19540,标准级,华东,江西,办公用品,用品,Acme,"Acme 尺子,0,2.00
A1000699,2018/11/15,RW-19540,二级,华北,河北,家具,用具,Deflect-O,"Deflect-O 灯泡,0,2.00
A1000700,2018/11/16,DK-12835,一级,华东,山东,办公用品,器具,KitchenAid,"KitchenAid 烤面包机,0,2.00
A1000702,2018/11/16,IM-15070,标准级,华东,安徽,办公用品,信封,GlobeWeis,"GlobeWeis 外皮和封条,0,2.00
A1000703,2018/11/16,SC-20440,标准级,华东,江苏,家具,椅子,Novimex,"Novimex 摇椅,0,2.00
A1000723,2018/11/22,NP-18685,二级,东北,吉林,办公用品,装订机,Wilson Jones,"Wilson Jones 标签,0,2.00
A1000727,2018/11/23,DW-13540,当日,华东,山东,家具,用具,Eldon,"Eldon 门挡,0,2.00
A1000728,2018/11/23,CP-12340,标准级,华北,河北,办公用品,器具,KitchenAid,"KitchenAid 咖啡研磨机,0,2.00
A1000726,2018/11/23,CM-12655,标准级,华北,内蒙古,办公用品,器具,Hoover,"Hoover 冰箱,0,2.00
A1000726,2018/11/23,CM-12655,标准级,华北,内蒙古,办公用品,收纳具,Rogers,"Rogers 文件夹,0,2.00
A1000726,2018/11/23,DL-13495,标准级,华北,内蒙古,家具,桌子,Hon,"Hon 咖啡桌,0,2.00
A1000737,2018/11/25,JD-15790,当日,中南,广东,办公用品,收纳具,Fellowes,"Fellowes 文件夹,0,2.00
A1000737,2018/11/25,NG-18430,当日,中南,广东,技术,电话,苹果,"苹果 充电器,0,2.00
A1000733,2018/11/25,PC-19000,二级,华东,江西,家具,用具,Tenex,"Tenex 相框,0,2.00
A1000738,2018/11/25,CS-12505,标准级,中南,河南,办公用品,美术,BIC,"BIC 钢笔,0,2.00
A1000736,2018/11/25,NH-18610,标准级,华东,上海,技术,电话,苹果,"苹果 音频基座,0,2.00
A1000739,2018/11/26,NH-18610,标准级,华北,内蒙古,办公用品,信封,Kraft,"Kraft 搭扣信封,0,2.00
A1000743,2018/11/29,GH-14425,二级,华东,山东,办公用品,信封,GlobeWeis,"GlobeWeis 商业信封,0,2.00
A1000744,2018/11/29,GH-14425,一级,中南,广东,家具,椅子,Hon,"Hon 扶手椅,0,2.00
A1000748,2018/11/29,CJ-12010,标准级,华东,山东,技术,电话,三星,"三星 音频基座,0,2.00
A1000753,2018/11/30,MC-18130,一级,华东,江苏,办公用品,收纳具,Tenex,"Tenex 搁板,0,2.00
A1000754,2018/11/30,MP-18175,二级,华东,安徽,办公用品,装订机,Acco,"Acco 订书机,0,2.00
A1000758,2018/12/1,VB-21745,二级,中南,河南,技术,电话,思科,"思科 信号增强器,0,2.00
A1000757,2018/12/1,VW-21775,标准级,西南,云南,技术,配件,罗技,"罗技 键盘,0,2.00
A1000760,2018/12/2,JW-16075,标准级,中南,湖南,家具,椅子,Office Star,"Office Star 沙滩椅,0,2.00
A1000762,2018/12/3,SG-20470,标准级,华北,北京,办公用品,信封,Kraft,"Kraft 商业信封,0,2.00
A1000770,2018/12/8,NP-18325,标准级,东北,辽宁,技术,电话,诺基亚,"诺基亚 办公室电话机,0,2.00
A1000772,2018/12/8,NP-18325,标准级,华北,天津,办公用品,标签,Avery,"Avery 圆形标签,0,2.00
A1000781,2018/12/9,MY-18295,二级,中南,广西,办公用品,美术,Boston,"Boston 钢笔,0,2.00
A1000779,2018/12/9,AB-10150,标准级,华东,浙江,技术,复印机,佳能,"佳能 墨水,0,2.00
A1000784,2018/12/12,JO-15280,标准级,东北,黑龙江,家具,书架,Safco,"Safco 墙角架,0,2.00
A1000787,2018/12/12,ML-17395,标准级,华北,北京,家具,用具,Rubbermaid,"Rubvermaid 相框,0,2.00
A1000789,2018/12/13,PL-18925,标准级,东北,黑龙江,办公用品,器具,Cuisinart,"Cuisinart 炉灶,0,2.00
A1000794,2018/12/14,PN-18775,二级,东北,黑龙江,办公用品,美术,Boston,"Boston 画布,0,2.00
A1000791,2018/12/14,JC-15385,标准级,中南,湖南,技术,电话,思科,"思科 充电器,0,2.00
A1000798,2018/12/15,MC-17275,标准级,华东,安徽,家具,用具,Tenex,"Tenex 灯泡,0,2.00
A1000800,2018/12/15,CL-12565,标准级,中南,河南,办公用品,收纳具,Fellowes,"Fellowes 文件夹,0,2.00
A1000801,2018/12/16,FH-14365,当日,东北,辽宁,家具,椅子,Safco,"SAFCO 沙滩椅,0,2.00
A1000803,2018/12/17,VM-21685,标准级,华东,江苏,办公用品,收纳具,Tenex,"Tenex 锁柜,0,2.00
A1000805,2018/12/18,SF-20200,标准级,中南,湖北,家具,椅子,Office Star,"Office Star 折叠椅,0,2.00
A1000806,2018/12/19,HL-15040,标准级,华东,江苏,办公用品,美术,BIC,"BIC 荧光笔,0,2.00
A1000809,2018/12/20,MM-18055,标准级,西南,四川,办公用品,器具,Breville,"Breville 咖啡研磨机,0,2.00
A1000809,2018/12/20,MM-18055,标准级,西南,四川,技术,电话,思科,"思科 智能手机,0,2.00
A1000813,2018/12/21,NS-18505,一级,西南,云南,办公用品,标签,Novimex,"Novimex 运输标签,0,2.00
A1000813,2018/12/21,NS-18505,一级,西南,云南,办公用品,美术,Boston,"Boston 画布,0,2.00
A1000815,2018/12/22,RD-19480,一级,华东,山东,办公用品,装订机,Wilson Jones,"Wilson Jones 标签,0,2.00
A1000815,2018/12/22,RB-19645,一级,华东,山东,技术,配件,Memorex,"Memorex 闪存驱动器,0,2.00
A1000828,2018/12/24,PO-19195,标准级,华东,山东,办公用品,装订机,Wilson Jones,"Wilson Jones 标签,0,2.00
A1000826,2018/12/24,CD-12790,标准级,中南,湖南,办公用品,装订机,Avery,"Avery 标签,0,2.00
A1000829,2018/12/26,JK-15205,一级,东北,吉林,家具,椅子,Office Star,"Office Star 凳子,0,2.00
A1000832,2018/12/26,DC-13285,标准级,东北,吉林,办公用品,信封,Cameo,"Cameo 外皮和封条,0,2.00
A1000836,2018/12/27,BN-11515,当日,中南,湖北,家具,椅子,Novimex,"Novimex 椅垫,0,2.00
A1000835,2018/12/27,KD-16345,二级,西北,宁夏,办公用品,美术,Stanley,"Stanley 记号笔,0,2.00
A1000835,2018/12/27,KD-16345,二级,西北,宁夏,办公用品,装订机,Avery,"Avery 标签,0,2.00
A1000834,2018/12/27,JK-15370,标准级,华东,山东,办公用品,收纳具,Tenex,"Tenex 搁板,0,2.00
A1000837,2018/12/27,KD-16495,标准级,中南,广东,家具,桌子,Chromcraft,"Chromcraft 培训桌,0,2.00
A1000841,2018/12/29,DB-13120,一级,华东,山东,技术,设备,松下,"松下 喷墨打印机,0,2.00
A1000840,2018/12/29,ED-13885,标准级,华东,上海,办公用品,纸张,Eaton,"Eaton 计划信息表,0,2.00
A1000865,2019/1/10,RA-19915,标准级,中南,河南,家具,用具,Advantus,"Advantus 闹钟,0,2.00
A1000868,2019/1/12,MR-17545,一级,东北,辽宁,办公用品,纸张,施乐,"施乐 笔记本,0,2.00
A1000879,2019/1/18,LL-16840,二级,华东,安徽,办公用品,收纳具,Fellowes,"Fellowes 搁板,0,2.00
A1000880,2019/1/18,LL-16840,标准级,中南,广西,办公用品,美术,Boston,"Boston 速写本,0,2.00
A1000884,2019/1/21,EA-14035,标准级,中南,湖南,办公用品,标签,Novimex,"Novimex 合法证物标签,0,2.00
A1000885,2019/1/23,SL-20155,标准级,西南,云南,家具,椅子,Safco,"SAFCO 沙滩椅,0,2.00
A1000889,2019/1/24,AS-10045,一级,中南,湖北,办公用品,收纳具,Tenex,"Tenex 搁板,0,2.00
A1000888,2019/1/24,AS-10045,标准级,华北,河北,办公用品,器具,Hamilton Beach,"Hamilton Beach 搅拌机,0,2.00
A1000905,2019/1/31,BP-11230,标准级,华东,江苏,办公用品,用品,Fiskars,"Fiskars 大剪刀,0,2.00
A1000910,2019/2/2,CC-12430,标准级,华东,山东,办公用品,信封,Kraft,"Kraft 商业信封,0,2.00
A1000914,2019/2/6,DK-13225,二级,东北,吉林,办公用品,收纳具,Smead,"Smead 盘,0,2.00
A1000919,2019/2/9,RA-19945,标准级,东北,黑龙江,办公用品,系固件,Stockwell,"Stockwell 夹子,0,2.00
A1000919,2019/2/9,Co-12640,标准级,东北,黑龙江,家具,用具,Rubbermaid,"Rubvermaid 闹钟,0,2.00
A1000923,2019/2/13,DK-12835,标准级,西北,陕西,技术,设备,StarTech,"StarTech 收据打印机,0,2.00
A1000937,2019/2/22,SV-20365,标准级,华北,天津,办公用品,用品,Fiskars,"Fiskars 开信刀,0,2.00
A1000937,2019/2/22,SV-20365,标准级,华北,天津,办公用品,装订机,Avery,"Avery 装订机盖,0,2.00
A1000938,2019/2/22,JE-15715,标准级,华北,河北,办公用品,信封,Cameo,"Cameo 搭扣信封,0,2.00
A1000946,2019/2/28,RW-19690,二级,中南,广东,技术,电话,苹果,"苹果 办公室电话机,0,2.00
A1000949,2019/2/28,RW-19690,标准级,华东,安徽,办公用品,信封,Kraft,"Kraft 局间信封,0,2.00
A1000957,2019/3/2,AS-10225,标准级,西南,云南,家具,用具,Advantus,"Advantus 门挡,0,2.00
A1000963,2019/3/5,MM-18280,标准级,中南,湖南,办公用品,收纳具,Eldon,"Eldon 锁柜,0,2.00
A1000965,2019/3/6,LW-16825,二级,西南,云南,办公用品,标签,Avery,"Avery 有色标签,0,2.00
A1000969,2019/3/8,JS-16030,一级,西南,云南,技术,电话,摩托罗拉,"摩托罗拉 办公室电话机,0,2.00
A1000981,2019/3/14,BK-11260,一级,中南,湖北,办公用品,信封,Cameo,"Cameo 商业信封,0,2.00
A1000982,2019/3/14,RH-19510,二级,华东,江苏,家具,用具,Rubbermaid,"Rubvermaid 闹钟,0,2.00
A1000989,2019/3/16,GP-14740,标准级,华东,浙江,办公用品,用品,Acme,"Acme 尺子,0,2.00
A1000991,2019/3/19,CW-11905,标准级,东北,吉林,技术,电话,三星,"三星 充电器,0,2.00
A1000994,2019/3/20,JW-15220,标准级,中南,广东,家具,用具,Tenex,"Tenex 相框,0,2.00
A1001004,2019/3/23,GG-14650,标准级,华北,内蒙古,技术,设备,松下,"松下 打印机,0,2.00
A1001006,2019/3/26,CC-12610,当日,华东,江西,办公用品,标签,Avery,"Avery 有色标签,0,2.00
A1001014,2019/3/29,IM-15070,标准级,华北,天津,技术,配件,Enermax,"Enermax 闪存驱动器,0,2.00
A1001015,2019/3/30,MY-17380,二级,华东,安徽,办公用品,装订机,Acco,"Acco 订书机,0,2.00
A1001020,2019/4/2,RD-19900,标准级,华北,天津,办公用品,装订机,Ibico,"Ibico 孔加固材料,0,2.00
A1001023,2019/4/3,BM-11650,标准级,东北,吉林,家具,椅子,Novimex,"Novimex 折叠椅,0,2.00
A1001028,2019/4/4,BW-11200,当日,中南,湖南,家具,桌子,Lesro,"Lesro 培训桌,0,2.00
A1001035,2019/4/10,JB-15400,一级,华北,天津,办公用品,器具,KitchenAid,"KitchenAid 搅拌机,0,2.00
A1001039,2019/4/12,BS-11665,二级,华东,山东,家具,书架,Bush,"Bush 书库,0,2.00
A1001040,2019/4/12,JK-16120,二级,华北,河北,办公用品,收纳具,Rogers,"Rogers 搁板,0,2.00
A1001041,2019/4/13,WB-21850,标准级,华东,山东,办公用品,装订机,Wilson Jones,"Wilson Jones 打孔机,0,2.00
A1001044,2019/4/17,GT-14635,一级,中南,广东,办公用品,标签,Harbour Creations,"Harbour Creations 文件夹标签,0,2.00
A1001043,2019/4/17,DK-13225,一级,东北,吉林,技术,设备,冲电器,"冲电器 收据打印机,0,2.00
A1001048,2019/4/18,TS-21160,标准级,中南,河南,办公用品,装订机,Acco,"Acco 标签,0,2.00
A1001049,2019/4/19,RB-19435,二级,东北,吉林,办公用品,器具,Hamilton Beach,"Hamilton Beach 烤面包机,0,2.00
A1001051,2019/4/20,HA-14920,一级,中南,湖北,家具,用具,Advantus,"Advantus 门挡,0,2.00
A1001050,2019/4/20,HA-14920,标准级,中南,广东,技术,电话,思科,"思科 智能手机,0,2.00
A1001055,2019/4/21,JH-15820,标准级,东北,吉林,办公用品,信封,Cameo,"Cameo 邮寄品,0,2.00
A1001059,2019/4/24,LC-16930,一级,中南,广西,办公用品,美术,Stanley,"Stanley 荧光笔,0,2.00
A1001056,2019/4/24,IL-15100,标准级,华北,内蒙古,家具,书架,宜家,"宜家 柜,0,2.00
A1001061,2019/4/26,CJ-12010,标准级,华北,山西,办公用品,标签,Hon,"Hon 有色标签,0,2.00
A1001065,2019/4/28,RH-19600,二级,西南,四川,家具,用具,Advantus,"Advantus 相框,0,2.00
A1001068,2019/5/1,IL-15100,一级,华东,山东,办公用品,系固件,Stockwell,"Stockwell 按钉,0,2.00
A1001069,2019/5/1,AP-10915,标准级,华东,浙江,办公用品,美术,Boston,"Boston 铅笔刀,0,2.00
A1001074,2019/5/2,LT-17110,二级,华东,江苏,办公用品,信封,GlobeWeis,"GlobeWeis 搭扣信封,0,2.00
A1001077,2019/5/3,CG-12040,标准级,华东,上海,办公用品,器具,Hoover,"Hoover 烤面包机,0,2.00
A1001083,2019/5/4,NS-18505,二级,中南,湖南,办公用品,系固件,Stockwell,"Stockwell 夹子,0,2.00
A1001079,2019/5/4,MH-17620,标准级,中南,广东,办公用品,美术,Boston,"Boston 钢笔,0,2.00
A1001087,2019/5/7,BT-11440,标准级,东北,黑龙江,技术,配件,罗技,"罗技 键区,0,2.00
A1001091,2019/5/8,LA-16780,标准级,中南,广东,家具,桌子,Chromcraft,"Chromcraft 会议桌,0,2.00
A1001088,2019/5/8,JH-15820,标准级,西北,陕西,办公用品,用品,Elite,"Elite 大剪刀,0,2.00
A1001089,2019/5/8,DJ-13630,标准级,中南,湖北,家具,椅子,Office Star,"Office Star 椅垫,0,2.00
A1001096,2019/5/9,RH-19510,标准级,中南,河南,办公用品,收纳具,Rogers,"Rogers 搁板,0,2.00
A1001095,2019/5/9,TG-21310,标准级,中南,河南,办公用品,美术,Stanley,"Stanley 记号笔,0,2.00
A1001104,2019/5/11,JM-16195,二级,华东,安徽,家具,书架,Dania,"Dania 搁架,0,2.00
A1001107,2019/5/14,HG-14965,一级,东北,辽宁,办公用品,纸张,SanDisk,"SanDisk 备忘录便条,0,2.00
A1001113,2019/5/15,MV-17485,标准级,东北,黑龙江,技术,设备,StarTech,"StarTech 卡片打印机,0,2.00
A1001109,2019/5/15,AA-10375,标准级,东北,吉林,技术,配件,贝尔金,"贝尔金 闪存驱动器,0,2.00
A1001114,2019/5/15,AA-10375,标准级,华东,安徽,家具,椅子,Office Star,"Office Star 凳子,0,2.00
A1001117,2019/5/16,MK-17905,标准级,华东,江苏,办公用品,收纳具,Smead,"Smead 盒,0,2.00
A1001121,2019/5/17,LM-17065,当日,中南,河南,办公用品,器具,Hoover,"Hoover 炉灶,0,2.00
A1001122,2019/5/17,FM-14215,二级,华东,福建,办公用品,纸张,Enermax,"Enermax 信纸,0,2.00
A1001124,2019/5/17,CS-12355,标准级,西北,陕西,办公用品,用品,Fiskars,"Fiskars 剪刀,0,2.00
A1001127,2019/5/18,VD-21670,标准级,西南,云南,办公用品,系固件,OIC,"OIC 夹子,0,2.00
A1001129,2019/5/19,BP-11185,标准级,华东,山东,家具,书架,Dania,"Dania 墙角架,0,2.00
A1001129,2019/5/19,MS-17980,标准级,华东,山东,技术,电话,思科,"思科 充电器,0,2.00
A1001134,2019/5/22,EM-13825,标准级,东北,吉林,办公用品,系固件,Stockwell,"Stockwell 回形针,0,2.00
A1001136,2019/5/22,BD-11500,标准级,华东,山东,家具,书架,Bush,"Bush 柜,0,2.00
A1001138,2019/5/22,KC-16255,标准级,中南,河南,技术,设备,StarTech,"StarTech 计算器,0,2.00
A1001142,2019/5/23,BM-11575,二级,华东,安徽,技术,电话,思科,"思科 智能手机,0,2.00
A1001141,2019/5/23,LA-16780,标准级,中南,广东,技术,电话,摩托罗拉,"摩托罗拉 耳机,0,2.00
A1001153,2019/5/24,RH-19495,一级,东北,吉林,技术,复印机,佳能,"佳能 无线传真机,0,2.00
A1001145,2019/5/24,CL-11890,标准级,东北,黑龙江,办公用品,装订机,Wilson Jones,"Wilson Jones 孔加固材料,0,2.00
A1001149,2019/5/24,AM-10360,标准级,东北,辽宁,办公用品,装订机,Acco,"Acco 打孔机,0,2.00
A1001151,2019/5/24,SC-20260,标准级,西北,新疆,办公用品,收纳具,Tenex,"Tenex 盒,0,2.00
A1001151,2019/5/24,CP-12340,标准级,西北,新疆,家具,椅子,Hon,"Hon 沙滩椅,0,2.00
A1001152,2019/5/24,CP-12340,标准级,东北,吉林,家具,用具,Tenex,"Tenex 门挡,0,2.00
A1001159,2019/5/25,CP-12340,二级,东北,辽宁,办公用品,信封,Jiffy,"Jiffy 外皮和封条,0,2.00
A1001158,2019/5/25,AB-10060,标准级,华东,山东,技术,电话,苹果,"苹果 信号增强器,0,2.00
A1001156,2019/5/25,EH-13990,标准级,华北,河北,技术,配件,SanDisk,"SanDisk 路由器,0,2.00
A1001168,2019/5/28,KM-16375,一级,华北,河北,家具,书架,Bush,"Bush 书架,0,2.00
A1001165,2019/5/28,BE-11455,二级,中南,河南,办公用品,系固件,Accos,"Accos 按钉,0,2.00
A1001179,2019/5/31,MG-18145,一级,中南,湖南,办公用品,器具,Hamilton Beach,"Hamilton Beach 咖啡研磨机,0,2.00
A1001181,2019/5/31,MC-17590,标准级,西南,云南,技术,复印机,夏普,"夏普 无线传真机,0,2.00
A1001178,2019/5/31,CR-12580,标准级,东北,黑龙江,家具,椅子,Office Star,"Office Star 沙滩椅,0,2.00
A1001188,2019/6/2,PJ-18835,二级,华东,山东,办公用品,标签,Smead,"Smead 可去除的标签,0,2.00
A1001192,2019/6/4,AF-10870,标准级,东北,吉林,办公用品,装订机,Cardinal,"Cardinal 标签,0,2.00
A1001191,2019/6/4,AF-10870,标准级,西南,云南,办公用品,美术,Boston,"Boston 钢笔,0,2.00
A1001197,2019/6/5,CS-12400,标准级,华东,山东,技术,配件,SanDisk,"SanDisk 键区,0,2.00
A1001203,2019/6/7,DB-13405,标准级,华东,山东,办公用品,用品,Kleencut,"Kleencut 美工刀,0,2.00
A1001200,2019/6/7,DB-13405,标准级,华北,天津,办公用品,器具,Hamilton Beach,"Hamilton Beach 烤面包机,0,2.00
A1001210,2019/6/11,PF-19225,标准级,中南,湖北,办公用品,装订机,Ibico,"Ibico 孔加固材料,0,2.00
A1001221,2019/6/12,FO-14305,标准级,中南,广西,办公用品,装订机,Acco,"Acco 订书机,0,2.00
A1001241,2019/6/18,TT-21220,当日,东北,黑龙江,办公用品,用品,Elite,"Elite 开信刀,0,2.00
A1001246,2019/6/18,EM-13810,标准级,中南,河南,办公用品,装订机,Avery,"Avery 孔加固材料,0,2.00
A1001246,2019/6/18,JE-15745,标准级,中南,河南,技术,电话,三星,"三星 充电器,0,2.00
A1001250,2019/6/20,JM-15865,二级,中南,湖北,办公用品,信封,Cameo,"Cameo 商业信封,0,2.00
A1001250,2019/6/20,AB-10105,二级,中南,湖北,办公用品,纸张,Green Bar,"Green Bar 令,0,2.00
A1001255,2019/6/20,TM-21010,二级,中南,河南,技术,配件,Enermax,"Enermax 键盘,0,2.00
A1001252,2019/6/20,BD-11635,标准级,西南,云南,技术,配件,SanDisk,"SanDisk 记忆卡,0,2.00
A1001251,2019/6/20,SM-20320,标准级,东北,辽宁,技术,电话,三星,"三星 办公室电话机,0,2.00
A1001261,2019/6/22,SD-20485,标准级,中南,湖北,家具,用具,Tenex,"Tenex 相框,0,2.00
A1001264,2019/6/23,BF-11005,标准级,华东,山东,办公用品,收纳具,Eldon,"Eldon 文件车,0,2.00
A1001264,2019/6/23,SE-20110,标准级,华东,山东,办公用品,装订机,Wilson Jones,"Wilson Jones 孔加固材料,0,2.00
A1001266,2019/6/25,BM-11650,标准级,华北,山西,家具,书架,Safco,"Safco 书库,0,2.00
A1001273,2019/6/26,MC-17590,二级,华东,福建,办公用品,装订机,Cardinal,"Cardinal 孔加固材料,0,2.00
A1001274,2019/6/27,MS-17365,标准级,东北,黑龙江,办公用品,标签,Harbour Creations,"Harbour Creations 圆形标签,0,2.00
A1001282,2019/6/28,JM-15655,二级,华北,河北,家具,椅子,Safco,"SAFCO 折叠椅,0,2.00
A1001281,2019/6/28,JM-15655,一级,中南,广东,技术,电话,诺基亚,"诺基亚 办公室电话机,0,2.00
A1001283,2019/6/28,JM-15655,标准级,华东,安徽,办公用品,纸张,SanDisk,"SanDisk 计划信息表,0,2.00
A1001278,2019/6/28,SB-20290,标准级,西南,重庆,办公用品,美术,Boston,"Boston 速写本,0,2.00
A1001289,2019/6/29,SB-20170,标准级,华北,北京,办公用品,标签,Smead,"Smead 圆形标签,0,2.00
A1001289,2019/6/29,BF-11170,标准级,华北,北京,家具,用具,Advantus,"Advantus 相框,0,2.00
A1001295,2019/6/30,AS-10225,二级,华东,江西,办公用品,装订机,Ibico,"Ibico 订书机,0,2.00
A1001296,2019/7/2,DG-13300,二级,中南,广东,家具,书架,Bush,"Bush 书架,0,2.00
A1001298,2019/7/3,HG-15025,二级,西南,云南,技术,配件,罗技,"罗技 闪存驱动器,0,2.00
A1001306,2019/7/6,MH-18115,一级,西南,重庆,家具,用具,Tenex,"Tenex 相框,0,2.00
A1001310,2019/7/6,KB-16315,标准级,华东,安徽,家具,椅子,Safco,"SAFCO 摇椅,0,2.00
A1001313,2019/7/9,CS-12130,标准级,华东,安徽,办公用品,信封,Kraft,"Kraft 搭扣信封,0,2.00
A1001314,2019/7/11,BE-11410,当日,华东,山东,办公用品,收纳具,Fellowes,"Fellowes 文件车,0,2.00
A1001318,2019/7/12,SM-20320,二级,西南,四川,办公用品,收纳具,Fellowes,"Fellowes 文件车,0,2.00
A1001318,2019/7/12,RP-19390,二级,西南,四川,办公用品,系固件,Advantus,"Advantus 图钉,0,2.00
A1001319,2019/7/13,AB-10255,标准级,中南,湖南,办公用品,标签,Smead,"Smead 可去除的标签,0,2.00
A1001328,2019/7/18,FH-14350,标准级,东北,辽宁,技术,配件,SanDisk,"SanDisk 鼠标,0,2.00
A1001331,2019/7/19,KL-16645,二级,中南,广东,家具,椅子,Hon,"Hon 凳子,0,2.00
A1001336,2019/7/23,GA-14515,标准级,东北,辽宁,技术,复印机,Brother,"Brother 个人复印机,0,2.00
A1001341,2019/7/25,GA-14515,一级,中南,广东,办公用品,收纳具,Smead,"Smead 锁柜,0,2.00
A1001343,2019/7/27,PL-18925,标准级,西北,陕西,技术,电话,诺基亚,"诺基亚 信号增强器,0,2.00
A1001346,2019/7/30,MO-17950,一级,华东,安徽,办公用品,标签,Smead,"Smead 合法证物标签,0,2.00
A1001351,2019/8/1,JM-15535,标准级,中南,广东,办公用品,系固件,Stockwell,"Stockwell 夹子,0,2.00
A1001355,2019/8/2,TC-21295,二级,华东,浙江,技术,电话,思科,"思科 智能手机,0,2.00
A1001358,2019/8/3,CD-12790,标准级,中南,广东,办公用品,信封,Jiffy,"Jiffy 外皮和封条,0,2.00
A1001362,2019/8/4,BM-11650,标准级,西南,云南,家具,桌子,Bevis,"Bevis 会议桌,0,2.00
A1001366,2019/8/6,KN-16450,当日,中南,湖南,办公用品,美术,Stanley,"Stanley 钢笔,0,2.00
A1001370,2019/8/7,MH-18025,标准级,华东,安徽,技术,复印机,夏普,"夏普 无线传真机,0,2.00
A1001389,2019/8/10,ND-18370,当日,中南,广东,家具,书架,Bush,"Bush 搁架,0,2.00
A1001387,2019/8/10,ND-18370,当日,华东,山东,技术,设备,StarTech,"StarTech 收据打印机,0,2.00
A1001388,2019/8/10,GA-14725,二级,华东,山东,办公用品,装订机,Avery,"Avery 订书机,0,2.00
A1001383,2019/8/10,BH-11710,标准级,华东,上海,办公用品,标签,Novimex,"Novimex 圆形标签,0,2.00
A1001385,2019/8/10,BG-11695,二级,中南,湖南,技术,电话,摩托罗拉,"摩托罗拉 办公室电话机,0,2.00
A1001391,2019/8/11,DM-13345,二级,华东,福建,办公用品,用品,Acme,"Acme 美工刀,0,2.00
A1001397,2019/8/13,SC-20800,标准级,东北,吉林,技术,电话,诺基亚,"诺基亚 音频基座,0,2.00
A1001407,2019/8/14,BK-11260,标准级,中南,海南,家具,用具,Eldon,"Eldon 相框,0,2.00
A1001412,2019/8/14,EP-13915,二级,中南,河南,家具,椅子,Office Star,"Office Star 扶手椅,0,2.00
A1001416,2019/8/15,PW-19240,标准级,中南,湖南,家具,书架,Bush,"Bush 古典书架,0,2.00
A1001424,2019/8/16,PG-18895,一级,华北,内蒙古,办公用品,系固件,Stockwell,"Stockwell 按钉,0,2.00
A1001425,2019/8/16,KH-16330,标准级,华东,安徽,办公用品,系固件,OIC,"OIC 夹子,0,2.00
A1001425,2019/8/16,CS-12400,标准级,华东,安徽,办公用品,装订机,Cardinal,"Cardinal 订书机,0,2.00
A1001425,2019/8/16,DL-12925,标准级,华东,安徽,技术,电话,诺基亚,"诺基亚 信号增强器,0,2.00
A1001422,2019/8/16,CK-12205,标准级,中南,广东,办公用品,系固件,Accos,"Accos 图钉,0,2.00
A1001430,2019/8/19,MM-17920,当日,东北,黑龙江,家具,椅子,Harbour Creations,"Harbour Creations 摇椅,0,2.00
A1001435,2019/8/20,GT-14710,标准级,东北,吉林,办公用品,信封,Kraft,"Kraft 邮寄品,0,2.00
A1001440,2019/8/21,JD-16150,二级,中南,湖南,家具,椅子,Safco,"SAFCO 凳子,0,2.00
A1001439,2019/8/21,MC-18100,二级,华东,山东,家具,椅子,Harbour Creations,"Harbour Creations 沙滩椅,0,2.00
A1001441,2019/8/22,EM-14140,标准级,东北,辽宁,家具,用具,Tenex,"Tenex 相框,0,2.00
A1001446,2019/8/23,GG-14650,标准级,西南,重庆,家具,用具,Eldon,"Eldon 相框,0,2.00
A1001447,2019/8/24,MA-17995,一级,西南,四川,办公用品,收纳具,Tenex,"Tenex 文件夹,0,2.00
A1001450,2019/8/24,KT-16465,标准级,中南,广东,办公用品,纸张,SanDisk,"SanDisk 备忘录便条,0,2.00
A1001455,2019/8/27,AR-10510,二级,华东,山东,家具,椅子,Safco,"SAFCO 沙滩椅,0,2.00
A1001459,2019/8/28,GB-14575,标准级,东北,黑龙江,办公用品,装订机,Ibico,"Ibico 标签,0,2.00
A1001468,2019/8/29,NW-18400,标准级,东北,吉林,技术,复印机,惠普,"惠普 传真复印机,0,2.00
A1001467,2019/8/29,NW-18400,标准级,华北,河北,办公用品,纸张,Green Bar,"Green Bar 羊皮纸,0,2.00
A1001475,2019/8/31,RD-19810,标准级,华东,安徽,办公用品,器具,KitchenAid,"KitchenAid 冰箱,0,2.00
A1001477,2019/8/31,AA-10375,标准级,中南,广东,办公用品,装订机,Ibico,"Ibico 装订机盖,0,2.00
A1001482,2019/9/1,SR-20425,二级,华东,山东,办公用品,收纳具,Smead,"Smead 盘,0,2.00
A1001484,2019/9/3,MH-18115,标准级,华东,江西,技术,设备,柯尼卡,"柯尼卡 打印机,0,2.00
A1001491,2019/9/5,JH-16180,标准级,华北,天津,家具,椅子,Office Star,"Office Star 椅垫,0,2.00
A1001507,2019/9/10,TS-21370,二级,华北,天津,办公用品,装订机,Acco,"Acco 孔加固材料,0,2.00
A1001506,2019/9/10,DM-13345,标准级,华东,山东,办公用品,装订机,Wilson Jones,"Wilson Jones 打孔机,0,2.00
A1001506,2019/9/10,JD-16150,标准级,华东,山东,技术,电话,摩托罗拉,"摩托罗拉 智能手机,0,2.00
A1001511,2019/9/11,ML-17755,标准级,华北,河北,技术,电话,三星,"三星 耳机,0,2.00
A1001519,2019/9/12,KB-16405,标准级,中南,河南,办公用品,装订机,Wilson Jones,"Wilson Jones 打孔机,0,2.00
A1001524,2019/9/14,BH-11710,标准级,东北,辽宁,办公用品,纸张,Enermax,"Enermax 备忘录便条,0,2.00
A1001529,2019/9/15,TD-20995,标准级,东北,辽宁,家具,书架,宜家,"宜家 书库,0,2.00
A1001535,2019/9/17,CV-12805,二级,华东,山东,技术,复印机,Brother,"Brother 个人复印机,0,2.00
A1001544,2019/9/20,MS-17770,一级,华东,山东,办公用品,收纳具,Smead,"Smead 锁柜,0,2.00
A1001544,2019/9/20,MS-17770,一级,华东,山东,技术,电话,三星,"三星 耳机,0,2.00
A1001543,2019/9/20,MS-17770,标准级,中南,河南,办公用品,美术,Boston,"Boston 画布,0,2.00
A1001548,2019/9/21,JE-15610,标准级,华东,山东,办公用品,信封,GlobeWeis,"GlobeWeis 马尼拉纸信封,0,2.00
A1001549,2019/9/21,CC-12100,标准级,中南,广东,技术,配件,SanDisk,"SanDisk 键盘,0,2.00
A1001560,2019/9/25,CS-11845,标准级,中南,广东,办公用品,信封,Ames,"Ames 商业信封,0,2.00
A1001563,2019/9/25,NF-18385,标准级,西南,四川,家具,书架,宜家,"宜家 书架,0,2.00
A1001563,2019/9/25,DB-13210,标准级,西南,四川,技术,电话,苹果,"苹果 办公室电话机,0,2.00
A1001576,2019/9/27,SM-20950,二级,华东,安徽,办公用品,纸张,Eaton,"Eaton 令,0,2.00
A1001572,2019/9/27,SM-20950,二级,中南,河南,办公用品,信封,Cameo,"Cameo 搭扣信封,0,2.00
A1001574,2019/9/27,SM-20950,标准级,中南,广东,办公用品,系固件,Advantus,"Advantus 图钉,0,2.00
A1001573,2019/9/27,BM-11650,二级,东北,吉林,办公用品,标签,Smead,"Smead 有色标签,0,2.00
A1001571,2019/9/27,KB-16585,标准级,中南,广东,家具,椅子,Novimex,"Novimex 凳子,0,2.00
A1001577,2019/9/28,JL-15130,一级,中南,河南,家具,椅子,Harbour Creations,"Harbour Creations 扶手椅,0,2.00
A1001579,2019/9/28,TB-21280,标准级,华北,河北,技术,复印机,佳能,"佳能 无线传真机,0,2.00
A1001586,2019/10/1,RD-19900,标准级,华东,山东,家具,书架,Bush,"Bush 书架,0,2.00
A1001594,2019/10/2,JP-15460,当日,华东,山东,办公用品,美术,Stanley,"Stanley 铅笔刀,0,2.00
A1001597,2019/10/2,ES-14080,标准级,中南,河南,办公用品,装订机,Avery,"Avery 装订机盖,0,2.00
A1001602,2019/10/3,ND-18370,一级,华东,山东,技术,电话,三星,"三星 音频基座,0,2.00
A1001602,2019/10/3,JL-15130,一级,华东,山东,技术,配件,罗技,"罗技 闪存驱动器,0,2.00
A1001606,2019/10/5,SJ-20215,一级,中南,广东,办公用品,美术,BIC,"BIC 画布,0,2.00
A1001608,2019/10/5,SJ-20125,标准级,中南,河南,办公用品,标签,Hon,"Hon 有色标签,0,2.00
A1001613,2019/10/7,VW-21775,标准级,西南,四川,家具,书架,Bush,"Bush 书架,0,2.00
A1001620,2019/10/8,KT-16465,标准级,华东,浙江,办公用品,用品,Acme,"Acme 修剪器,0,2.00
A1001621,2019/10/8,RD-19585,标准级,华东,上海,办公用品,美术,Sanford,"Sanford 速写本,0,2.00
A1001628,2019/10/9,CK-12595,二级,东北,吉林,办公用品,收纳具,Rogers,"Rogers 锁柜,0,2.00
A1001631,2019/10/9,CS-11950,一级,中南,广西,技术,复印机,Brother,"Brother 个人复印机,0,2.00
A1001625,2019/10/9,CS-11950,标准级,华北,河北,家具,书架,Bush,"Bush 柜,0,2.00
A1001634,2019/10/10,GT-14635,一级,华东,山东,家具,椅子,Novimex,"Novimex 折叠椅,0,2.00
A1001639,2019/10/12,TS-21505,一级,中南,河南,办公用品,装订机,Ibico,"Ibico 装订机,0,2.00
A1001638,2019/10/12,TH-21550,一级,西南,四川,办公用品,收纳具,Rogers,"Rogers 盒,0,2.00
A1001640,2019/10/12,KD-16270,标准级,中南,广东,技术,配件,罗技,"罗技 鼠标,0,2.00
A1001648,2019/10/15,PR-18880,标准级,中南,河南,办公用品,收纳具,Smead,"Smead 文件车,0,2.00
A1001647,2019/10/15,PR-18880,标准级,中南,湖南,技术,电话,摩托罗拉,"摩托罗拉 办公室电话机,0,2.00
A1001652,2019/10/16,TB-21055,标准级,中南,河南,办公用品,收纳具,Rogers,"Rogers 盘,0,2.00
A1001653,2019/10/17,ON-18715,标准级,东北,吉林,办公用品,纸张,Enermax,"Enermax 计划信息表,0,2.00
A1001653,2019/10/17,AH-10195,标准级,东北,吉林,办公用品,美术,BIC,"BIC 画布,0,2.00
A1001658,2019/10/18,CA-12310,标准级,东北,辽宁,办公用品,标签,Avery,"Avery 可去除的标签,0,2.00
A1001658,2019/10/18,CA-12310,标准级,东北,辽宁,办公用品,用品,Fiskars,"Fiskars 开信刀,0,2.00
A1001659,2019/10/19,BM-11650,标准级,华北,天津,办公用品,标签,Hon,"Hon 圆形标签,0,2.00
A1001659,2019/10/19,NW-18400,标准级,华北,天津,办公用品,标签,Smead,"Smead 可去除的标签,0,2.00
A1001666,2019/10/20,BS-11755,二级,中南,河南,技术,配件,Enermax,"Enermax 记忆卡,0,2.00
A1001668,2019/10/22,SO-20335,一级,华东,上海,技术,配件,Memorex,"Memorex 闪存驱动器,0,2.00
A1001667,2019/10/22,PO-19180,二级,华北,北京,家具,书架,Dania,"Dania 书架,0,2.00
A1001679,2019/10/23,MS-17365,当日,东北,吉林,办公用品,纸张,Eaton,"Eaton 信纸,0,2.00
A1001672,2019/10/23,MS-17365,二级,华北,河北,办公用品,器具,KitchenAid,"KitchenAid 炉灶,0,2.00
A1001674,2019/10/23,DB-13660,标准级,华东,福建,办公用品,器具,Hamilton Beach,"Hamilton Beach 咖啡研磨机,0,2.00
A1001678,2019/10/23,MG-17650,标准级,中南,湖北,办公用品,装订机,Ibico,"Ibico 订书机,0,2.00
A1001677,2019/10/23,CL-11890,标准级,东北,辽宁,办公用品,装订机,Ibico,"Ibico 标签,0,2.00
A1001682,2019/10/24,DH-13075,一级,西北,甘肃,办公用品,美术,Sanford,"Sanford 画布,0,2.00
A1001683,2019/10/24,LB-16795,标准级,华北,山西,办公用品,用品,Acme,"Acme 尺子,0,2.00
A1001685,2019/10/25,GM-14695,标准级,中南,湖南,办公用品,装订机,Wilson Jones,"Wilson Jones 订书机,0,2.00
A1001685,2019/10/25,GM-14695,标准级,中南,湖南,家具,椅子,Harbour Creations,"Harbour Creations 折叠椅,0,2.00
A1001690,2019/10/26,SS-20590,一级,东北,辽宁,家具,用具,Advantus,"Advantus 灯泡,0,2.00
A1001686,2019/10/26,TC-21475,标准级,东北,黑龙江,办公用品,器具,Hoover,"Hoover 炉灶,0,2.00
A1001689,2019/10/26,TC-21475,标准级,西南,重庆,家具,用具,Deflect-O,"Deflect-O 门挡,0,2.00
A1001701,2019/10/29,RA-19945,标准级,中南,广东,办公用品,装订机,Ibico,"Ibico 标签,0,2.00
A1001704,2019/10/30,JD-16150,二级,华东,安徽,办公用品,装订机,Ibico,"Ibico 孔加固材料,0,2.00
A1001703,2019/10/30,TB-21250,二级,中南,湖北,办公用品,纸张,Eaton,"Eaton 羊皮纸,0,2.00
A1001710,2019/10/31,DP-13390,一级,中南,湖南,办公用品,系固件,Advantus,"Advantus 橡皮筋,0,2.00
A1001708,2019/10/31,DP-13390,二级,中南,河南,办公用品,标签,Avery,"Avery 合法证物标签,0,2.00
A1001707,2019/10/31,AH-10210,二级,华北,山西,办公用品,装订机,Avery,"Avery 孔加固材料,0,2.00
A1001709,2019/10/31,AS-10090,标准级,东北,黑龙江,办公用品,收纳具,Rogers,"Rogers 盒,0,2.00
A1001709,2019/10/31,HJ-14875,标准级,东北,黑龙江,技术,配件,罗技,"罗技 键区,0,2.00
A1001716,2019/11/1,ND-18370,一级,中南,湖北,办公用品,标签,Avery,"Avery 有色标签,0,2.00
A1001712,2019/11/1,EP-13915,标准级,华东,上海,家具,椅子,Office Star,"Office Star 椅垫,0,2.00
A1001714,2019/11/1,SP-20620,标准级,东北,辽宁,办公用品,装订机,Cardinal,"Cardinal 装订机盖,0,2.00
A1001717,2019/11/1,SP-20620,标准级,华北,河北,家具,用具,Deflect-O,"Deflect-O 闹钟,0,2.00
A1001723,2019/11/2,CC-12610,二级,华东,福建,办公用品,美术,Binney & Smith,"Binney & Smith 铅笔刀,0,2.00
A1001721,2019/11/2,MY-18295,标准级,华东,江苏,家具,椅子,Office Star,"Office Star 摇椅,0,2.00
A1001726,2019/11/3,RH-19600,当日,华东,安徽,家具,椅子,Hon,"Hon 扶手椅,0,2.00
A1001729,2019/11/5,CA-12055,标准级,东北,吉林,办公用品,装订机,Acco,"Acco 孔加固材料,0,2.00
A1001741,2019/11/7,DM-12955,标准级,华东,山东,办公用品,信封,Kraft,"Kraft 局间信封,0,2.00
A1001740,2019/11/7,DM-13345,标准级,华北,山西,办公用品,系固件,OIC,"OIC 回形针,0,2.00
A1001751,2019/11/8,SU-20665,二级,中南,河南,家具,书架,Safco,"Safco 书架,0,2.00
A1001747,2019/11/8,BD-11320,二级,华东,安徽,办公用品,装订机,Cardinal,"Cardinal 装订机,0,2.00
A1001750,2019/11/8,EH-13765,标准级,西北,陕西,技术,复印机,Brother,"Brother 墨水,0,2.00
A1001754,2019/11/11,FM-14380,标准级,西北,甘肃,办公用品,系固件,Stockwell,"Stockwell 图钉,0,2.00
A1001765,2019/11/13,MM-17920,二级,华东,福建,家具,椅子,Office Star,"Office Star 椅垫,0,2.00
A1001759,2019/11/13,RD-19810,标准级,华东,福建,办公用品,标签,Hon,"Hon 可去除的标签,0,2.00
A1001758,2019/11/13,CC-12550,二级,华北,内蒙古,办公用品,装订机,Cardinal,"Cardinal 装订机盖,0,2.00
A1001776,2019/11/17,DK-13090,当日,中南,广东,家具,书架,宜家,"宜家 古典书架,0,2.00
A1001778,2019/11/17,KD-16495,标准级,华北,天津,办公用品,信封,Kraft,"Kraft 商业信封,0,2.00
A1001783,2019/11/19,AG-10300,一级,华东,安徽,办公用品,器具,Breville,"Breville 炉灶,0,2.00
A1001783,2019/11/19,MH-18115,一级,华东,安徽,办公用品,收纳具,Rogers,"Rogers 盘,0,2.00
A1001782,2019/11/19,RA-19285,标准级,华东,上海,办公用品,装订机,Ibico,"Ibico 装订机盖,0,2.00
A1001781,2019/11/19,JG-15160,标准级,西南,云南,办公用品,纸张,Eaton,"Eaton 笔记本,0,2.00
A1001786,2019/11/20,LC-17140,二级,中南,河南,技术,复印机,佳能,"佳能 复印机,0,2.00
A1001785,2019/11/20,RB-19330,标准级,华东,山东,家具,椅子,Harbour Creations,"Harbour Creations 扶手椅,0,2.00
A1001795,2019/11/22,JC-15775,标准级,华北,天津,办公用品,标签,Harbour Creations,"Harbour Creations 可去除的标签,0,2.00
A1001795,2019/11/22,CC-12610,标准级,华北,天津,技术,电话,摩托罗拉,"摩托罗拉 充电器,0,2.00
A1001800,2019/11/23,DB-12970,标准级,中南,广东,家具,用具,Deflect-O,"Deflect-O 门挡,0,2.00
A1001800,2019/11/23,PP-18955,标准级,中南,广东,技术,电话,摩托罗拉,"摩托罗拉 信号增强器,0,2.00
A1001845,2019/12/5,KH-16630,二级,华北,河北,技术,复印机,佳能,"佳能 复印机,0,2.00
A1001939,2020/1/1,KD-16495,标准级,东北,吉林,家具,书架,宜家,"宜家 柜,0,2.00
A1001983,2020/1/24,DK-12895,二级,中南,河南,家具,用具,Deflect-O,"Deflect-O 灯泡,0,2.00
A1002072,2020/3/8,CB-12025,标准级,东北,黑龙江,家具,椅子,Office Star,"Office Star 折叠椅,0,2.00
A1002146,2020/4/10,DE-13255,标准级,东北,吉林,办公用品,器具,Hamilton Beach,"Hamilton Beach 搅拌机,0,2.00
A1002207,2020/5/1,SW-20245,一级,华东,江苏,办公用品,纸张,Enermax,"Enermax 令,0,2.00
A1002216,2020/5/2,JB-15400,一级,东北,黑龙江,办公用品,器具,Hoover,"Hoover 烤面包机,0,2.00
A1002234,2020/5/7,SR-20740,标准级,西北,陕西,办公用品,装订机,Ibico,"Ibico 订书机,0,2.00
A1002241,2020/5/10,MG-17680,标准级,华北,天津,技术,复印机,佳能,"佳能 复印机,0,2.00
A1002248,2020/5/11,XP-21865,标准级,华东,江苏,家具,椅子,Novimex,"Novimex 折叠椅,0,2.00
A1002330,2020/5/30,HA-14905,标准级,中南,广西,技术,设备,爱普生,"爱普生 卡片打印机,0,2.00
A1002355,2020/6/4,KL-16645,一级,西南,四川,家具,书架,宜家,"宜家 书库,0,2.00
A1002371,2020/6/7,JL-15835,标准级,华东,山东,办公用品,美术,BIC,"BIC 铅笔刀,0,2.00
A1002367,2020/6/7,JK-16120,二级,中南,广西,办公用品,用品,Fiskars,"Fiskars 大剪刀,0,2.00
A1002390,2020/6/13,Dl-13600,一级,华东,山东,办公用品,装订机,Avery,"Avery 打孔机,0,2.00
A1002429,2020/6/20,CK-12205,标准级,东北,黑龙江,办公用品,装订机,Avery,"Avery 订书机,0,2.00
A1002438,2020/6/21,FH-14350,标准级,中南,广东,家具,椅子,Safco,"SAFCO 扶手椅,0,2.00
A1002493,2020/7/8,JD-16015,一级,华北,河北,办公用品,装订机,Ibico,"Ibico 装订机,0,2.00
A1002509,2020/7/17,SC-20050,标准级,中南,湖南,家具,书架,Sauder,"Sauder 墙角架,0,2.00
A1002524,2020/7/23,RF-19735,二级,中南,湖南,办公用品,装订机,Cardinal,"Cardinal 打孔机,0,2.00
A1002535,2020/7/26,AI-10855,标准级,西北,陕西,办公用品,用品,Acme,"Acme 尺子,0,2.00
A1002560,2020/8/3,JM-15580,二级,东北,吉林,技术,设备,冲电器,"冲电器 喷墨打印机,0,2.00
A1002565,2020/8/5,BK-11260,标准级,西南,贵州,办公用品,器具,Breville,"Breville 烤面包机,0,2.00
A1002600,2020/8/13,JD-15790,标准级,东北,吉林,家具,用具,Eldon,"Eldon 相框,0,2.00
A1002614,2020/8/16,PP-18955,标准级,华北,河北,办公用品,标签,Avery,"Avery 圆形标签,0,2.00
A1002714,2020/9/5,ML-18265,二级,东北,辽宁,技术,设备,柯尼卡,"柯尼卡 喷墨打印机,0,2.00
A1002754,2020/9/13,TS-21340,标准级,东北,吉林,技术,配件,Memorex,"Memorex 路由器,0,2.00
A1002857,2020/10/4,KM-16225,二级,中南,广东,技术,电话,诺基亚,"诺基亚 音频基座,0,2.00
A1002881,2020/10/9,JP-15520,标准级,华东,山东,办公用品,收纳具,Tenex,"Tenex 文件车,0,2.00
A1003252,2020/12/31,TP-21130,标准级,东北,黑龙江,办公用品,器具,Breville,"Breville 搅拌机,0,2.00
A1003485,2021/3/20,EB-13750,标准级,华东,山东,办公用品,用品,Acme,"Acme 美工刀,0,2.00
A1003489,2021/3/21,SV-20365,标准级,华东,山东,办公用品,系固件,OIC,"OIC 订书钉,0,2.00
A1003490,2021/3/21,SV-20365,标准级,华北,北京,家具,用具,Deflect-O,"Deflect-O 相框,0,2.00
A1003522,2021/3/31,SO-20335,标准级,华北,河北,办公用品,收纳具,Fellowes,"Fellowes 盒,0,2.00
A1003604,2021/4/29,SC-20725,当日,华东,山东,办公用品,标签,Avery,"Avery 合法证物标签,0,2.00
A1003638,2021/5/6,JF-15295,标准级,中南,广东,办公用品,纸张,Eaton,"Eaton 备忘录便条,0,2.00
A1003645,2021/5/7,TT-21070,标准级,中南,湖南,办公用品,标签,Harbour Creations,"Harbour Creations 有色标签,0,2.00
A1003653,2021/5/8,CB-12535,标准级,华东,山东,技术,复印机,Hewlett,"Hewlett 墨水,0,2.00
A1003667,2021/5/11,MH-17440,一级,中南,广东,办公用品,纸张,Enermax,"Enermax 信纸,0,2.00
A1003714,2021/5/16,MD-17350,标准级,中南,湖南,办公用品,信封,Jiffy,"Jiffy 局间信封,0,2.00
A1003715,2021/5/16,RA-19885,标准级,西北,甘肃,办公用品,收纳具,Rogers,"Rogers 盘,0,2.00
A1003717,2021/5/18,BS-11380,标准级,东北,吉林,办公用品,标签,Hon,"Hon 合法证物标签,0,2.00
A1003748,2021/5/21,JA-15970,标准级,华北,内蒙古,办公用品,美术,Boston,"Boston 速写本,0,2.00
A1003844,2021/6/8,LB-16735,一级,东北,辽宁,家具,用具,Deflect-O,"Deflect-O 框架,0,2.00
A1003928,2021/6/20,CC-12610,标准级,华北,山西,办公用品,系固件,OIC,"OIC 图钉,0,2.00
A1003985,2021/7/1,RF-19345,二级,华北,山西,家具,用具,Eldon,"Eldon 灯泡,0,2.00
A1004009,2021/7/9,JM-15865,标准级,华东,江西,办公用品,装订机,Ibico,"Ibico 装订机盖,0,2.00
A1004090,2021/8/3,SN-20560,二级,华东,福建,办公用品,标签,Hon,"Hon 有色标签,0,2.00
A1004205,2021/8/24,DJ-13510,一级,西南,重庆,办公用品,信封,Kraft,"Kraft 外皮和封条,0,2.00
A1004238,2021/8/28,CC-12475,二级,华北,北京,办公用品,信封,Kraft,"Kraft 马尼拉纸信封,0,2.00
A1004293,2021/9/9,RP-19390,二级,西北,陕西,办公用品,用品,Acme,"Acme 大剪刀,0,2.00
A1004303,2021/9/11,TS-21205,标准级,华东,安徽,家具,书架,Safco,"Safco 书库,0,2.00
A1004317,2021/9/15,JG-15160,标准级,中南,广东,办公用品,标签,Smead,"Smead 运输标签,0,2.00
A1004463,2021/10/9,HG-14845,二级,西南,云南,技术,复印机,佳能,"佳能 个人复印机,0,2.00
A1004458,2021/10/9,NB-18655,标准级,华北,河北,办公用品,装订机,Acco,"Acco 打孔机,0,2.00
A1004468,2021/10/10,CS-11860,一级,东北,黑龙江,办公用品,纸张,施乐,"施乐 羊皮纸,0,2.00
A1004468,2021/10/10,ND-18460,一级,东北,黑龙江,家具,椅子,Hon,"Hon 折叠椅,0,2.00
A1004476,2021/10/12,MV-17485,二级,东北,黑龙江,办公用品,收纳具,Fellowes,"Fellowes 盒,0,2.00
A1004474,2021/10/12,PO-18865,标准级,华北,内蒙古,办公用品,收纳具,Tenex,"Tenex 盒,0,2.00
A1004470,2021/10/12,RW-19540,标准级,中南,河南,办公用品,收纳具,Eldon,"Eldon 搁板,0,2.00
A1004470,2021/10/12,RB-19465,标准级,中南,河南,办公用品,用品,Acme,"Acme 尺子,0,2.00
A1004471,2021/10/12,ND-18460,标准级,中南,湖北,办公用品,收纳具,Tenex,"Tenex 文件车,0,2.00
A1004491,2021/10/14,AR-10825,标准级,西南,云南,办公用品,系固件,Stockwell,"Stockwell 订书钉,0,2.00
A1004490,2021/10/14,RR-19525,标准级,华东,福建,家具,椅子,Novimex,"Novimex 折叠椅,0,2.00
A1004487,2021/10/14,BD-11500,标准级,西北,陕西,家具,书架,宜家,"宜家 古典书架,0,2.00
A1004493,2021/10/15,MB-18085,标准级,华东,安徽,技术,复印机,惠普,"惠普 传真机,0,2.00
A1004499,2021/10/16,LR-17035,一级,华东,山东,办公用品,系固件,Stockwell,"Stockwell 回形针,0,2.00
A1004506,2021/10/16,TS-21610,二级,华东,福建,办公用品,用品,Elite,"Elite 美工刀,0,2.00
A1004506,2021/10/16,AH-10210,二级,华东,福建,家具,书架,Dania,"Dania 书库,0,2.00
A1004513,2021/10/17,AB-10105,标准级,华北,河北,家具,书架,Dania,"Dania 书库,0,2.00
A1004510,2021/10/17,AB-10105,标准级,华东,山东,技术,配件,罗技,"罗技 鼠标,0,2.00
A1004512,2021/10/17,AB-10105,标准级,东北,黑龙江,技术,复印机,佳能,"佳能 无线传真机,0,2.00
A1004517,2021/10/19,MA-17995,一级,华东,山东,办公用品,用品,Acme,"Acme 尺子,0,2.00
A1004541,2021/10/23,MG-17695,标准级,华东,山东,家具,椅子,Hon,"Hon 扶手椅,0,2.00
A1004579,2021/10/29,LR-16915,标准级,东北,吉林,家具,椅子,Safco,"SAFCO 折叠椅,0,2.00
A1004583,2021/10/30,LR-16915,二级,华东,山东,办公用品,信封,Kraft,"Kraft 搭扣信封,0,2.00
A1004584,2021/10/30,LR-16915,标准级,东北,辽宁,办公用品,装订机,Cardinal,"Cardinal 打孔机,0,2.00
A1004585,2021/10/30,DS-13030,标准级,华东,江西,办公用品,美术,Stanley,"Stanley 荧光笔,0,2.00
A1004592,2021/11/2,FM-14380,标准级,中南,广东,家具,用具,Eldon,"Eldon 闹钟,0,2.00
A1004607,2021/11/3,AH-10210,标准级,中南,海南,办公用品,器具,KitchenAid,"KitchenAid 搅拌机,0,2.00
A1004606,2021/11/3,CP-12085,标准级,中南,湖北,家具,书架,Safco,"Safco 书架,0,2.00
A1004603,2021/11/3,SC-20305,标准级,东北,吉林,家具,用具,Advantus,"Advantus 闹钟,0,2.00
A1004612,2021/11/4,JH-15820,标准级,东北,吉林,办公用品,系固件,Stockwell,"Stockwell 按钉,0,2.00
A1004644,2021/11/10,JD-15895,标准级,中南,湖南,家具,用具,Advantus,"Advantus 灯泡,0,2.00
A1004645,2021/11/10,JD-15895,标准级,华东,山东,技术,复印机,Hewlett,"Hewlett 无线传真机,0,2.00
A1004649,2021/11/11,PS-18970,二级,华东,江苏,办公用品,纸张,Eaton,"Eaton 笔记本,0,2.00
A1004657,2021/11/11,KN-16390,二级,华东,安徽,家具,椅子,Harbour Creations,"Harbour Creations 折叠椅,0,2.00
A1004662,2021/11/12,CC-12670,标准级,华东,山东,办公用品,系固件,Stockwell,"Stockwell 订书钉,0,2.00
A1004664,2021/11/12,CC-12670,标准级,中南,河南,办公用品,美术,Stanley,"Stanley 铅笔刀,0,2.00
A1004661,2021/11/12,SJ-20125,标准级,东北,黑龙江,家具,用具,Rubbermaid,"Rubvermaid 相框,0,2.00
A1004672,2021/11/13,KM-16375,标准级,华东,江苏,技术,电话,摩托罗拉,"摩托罗拉 智能手机,0,2.00
A1004669,2021/11/13,MW-18220,标准级,西北,宁夏,家具,椅子,Safco,"SAFCO 折叠椅,0,2.00
A1004671,2021/11/13,MW-18220,标准级,西南,云南,技术,电话,三星,"三星 办公室电话机,0,2.00
A1004677,2021/11/14,NP-18700,二级,东北,辽宁,办公用品,器具,Hoover,"Hoover 烤面包机,0,2.00
A1004681,2021/11/16,RD-19810,一级,华东,浙江,家具,书架,Sauder,"Sauder 柜,0,2.00
A1004684,2021/11/16,SC-20695,标准级,中南,湖北,办公用品,标签,Novimex,"Novimex 圆形标签,0,2.00
A1004682,2021/11/16,SC-20695,标准级,华东,山东,办公用品,收纳具,Smead,"Smead 文件车,0,2.00
A1004685,2021/11/17,AH-10585,标准级,华东,江苏,家具,书架,Dania,"Dania 墙角架,0,2.00
A1004714,2021/11/23,JM-15265,二级,华东,福建,家具,书架,Sauder,"Sauder 书架,0,2.00
A1004717,2021/11/23,CD-12280,标准级,华东,山东,办公用品,标签,Harbour Creations,"Harbour Creations 运输标签,0,2.00
A1004716,2021/11/23,CD-12280,标准级,华东,山东,办公用品,用品,Fiskars,"Fiskars 剪刀,0,2.00
A1004715,2021/11/23,CD-12280,标准级,中南,湖南,技术,电话,诺基亚,"诺基亚 耳机,0,2.00
A1004736,2021/11/26,PW-19030,标准级,华北,北京,家具,椅子,Novimex,"Novimex 凳子,0,2.00
A1004741,2021/11/27,MM-18055,二级,华东,山东,办公用品,标签,Hon,"Hon 有色标签,0,2.00
A1004741,2021/11/27,JB-15400,二级,华东,山东,办公用品,美术,BIC,"BIC 铅笔刀,0,2.00
A1004740,2021/11/27,SG-20605,标准级,中南,湖南,办公用品,收纳具,Tenex,"Tenex 文件车,0,2.00
A1004743,2021/11/27,PB-18805,标准级,华东,山东,办公用品,信封,Jiffy,"Jiffy 马尼拉纸信封,0,2.00
A1004777,2021/12/4,TP-21130,标准级,中南,湖北,办公用品,系固件,Accos,"Accos 回形针,0,2.00
A1004775,2021/12/4,TD-20995,标准级,华东,安徽,办公用品,信封,Kraft,"Kraft 马尼拉纸信封,0,2.00
A1004775,2021/12/4,DM-13345,标准级,华东,安徽,办公用品,器具,KitchenAid,"KitchenAid 搅拌机,0,2.00
A1004775,2021/12/4,CS-11950,标准级,华东,安徽,技术,设备,松下,"松下 喷墨打印机,0,2.00
A1004789,2021/12/7,BS-11380,标准级,中南,湖北,办公用品,信封,Ames,"Ames 邮寄品,0,2.00
A1004817,2021/12/11,CS-12490,一级,中南,河南,办公用品,纸张,Green Bar,"Green Bar 计划信息表,0,2.00
A1004821,2021/12/11,AH-10030,标准级,中南,河南,办公用品,系固件,Stockwell,"Stockwell 订书钉,0,2.00
A1004820,2021/12/11,FW-14395,标准级,东北,吉林,家具,椅子,Hon,"Hon 折叠椅,0,2.00
A1004820,2021/12/11,KA-16525,标准级,东北,吉林,技术,配件,贝尔金,"贝尔金 闪存驱动器,0,2.00
A1004834,2021/12/15,CS-12250,标准级,东北,黑龙江,家具,书架,宜家,"宜家 书库,0,2.00
A1004834,2021/12/15,JF-15565,标准级,东北,黑龙江,技术,配件,Enermax,"Enermax 键盘,0,2.00
A1004832,2021/12/15,JF-15565,二级,中南,湖南,技术,电话,苹果,"苹果 音频基座,0,2.00
A1004841,2021/12/16,KM-16720,一级,华东,江苏,家具,椅子,Hon,"Hon 折叠椅,0,2.00
A1004853,2021/12/18,SC-20050,标准级,西南,重庆,技术,设备,冲电器,"冲电器 喷墨打印机,0,2.00
A1004859,2021/12/19,SC-20050,一级,华东,山东,办公用品,系固件,Stockwell,"Stockwell 回形针,0,2.00
A1004859,2021/12/19,FM-14215,一级,华东,山东,家具,椅子,Safco,"SAFCO 折叠椅,0,2.00
A1004869,2021/12/21,LF-17185,一级,华北,内蒙古,家具,椅子,Safco,"SAFCO 摇椅,0,2.00
A1004861,2021/12/21,CS-12490,标准级,西南,重庆,家具,书架,Bush,"Bush 墙角架,0,2.00
A1004876,2021/12/22,EN-13780,当日,华东,福建,技术,设备,StarTech,"StarTech 喷墨打印机,0,2.00
A1004873,2021/12/22,PB-19150,当日,华北,内蒙古,技术,设备,松下,"松下 喷墨打印机,0,2.00
A1004875,2021/12/22,BD-11560,二级,东北,辽宁,技术,设备,StarTech,"StarTech 打印机,0,2.00
A1004877,2021/12/22,LS-16975,标准级,中南,河南,办公用品,收纳具,Rogers,"Rogers 文件车,0,2.00
A1004882,2021/12/23,Dp-13240,标准级,华北,山西,家具,书架,Dania,"Dania 古典书架,0,2.00
A1004882,2021/12/23,LA-16780,标准级,华北,山西,技术,复印机,惠普,"惠普 复印机,0,2.00
A1004882,2021/12/23,LA-16780,标准级,华北,山西,技术,电话,三星,"三星 耳机,0,2.00
A1004886,2021/12/24,VG-21790,标准级,华北,北京,办公用品,装订机,Avery,"Avery 打孔机,0,2.00
A1004885,2021/12/24,FM-14380,标准级,华北,天津,家具,椅子,Office Star,"Office Star 摇椅,0,2.00
A1004900,2021/12/26,CC-12430,标准级,中南,广东,办公用品,器具,Breville,"Breville 微波炉,0,2.00
A1004914,2021/12/29,TH-21235,一级,中南,广东,家具,椅子,Hon,"Hon 椅垫,0,2.00
A1000001,2018/1/1,CG-12520,二级,中南,湖南,家具,桌子,Barricks,"Barricks 圆桌,0,1.00
A1000003,2018/1/2,BH-11710,二级,华东,福建,技术,复印机,佳能,"佳能 墨水,0,1.00
A1000004,2018/1/3,BH-11710,标准级,东北,辽宁,办公用品,器具,Cuisinart,"Cuisinart 炉灶,0,1.00
A1000004,2018/1/3,HP-14815,标准级,东北,辽宁,家具,椅子,Harbour Creations,"Harbour Creations 椅垫,0,1.00
A1000004,2018/1/3,HP-14815,标准级,东北,辽宁,技术,复印机,佳能,"佳能 墨水,0,1.00
A1000006,2018/1/4,ZD-21925,二级,华北,北京,家具,椅子,Hon,"Hon 摇椅,0,1.00
A1000010,2018/1/5,KB-16585,一级,西南,云南,办公用品,系固件,Accos,"Accos 按钉,0,1.00
A1000009,2018/1/5,SF-20065,二级,华北,河北,办公用品,收纳具,Rogers,"Rogers 锁柜,0,1.00
A1000009,2018/1/5,EH-13945,二级,华北,河北,家具,书架,Safco,"Safco 墙角架,0,1.00
A1000007,2018/1/5,TB-21520,标准级,东北,辽宁,办公用品,装订机,Ibico,"Ibico 装订机,0,1.00
A1000011,2018/1/6,TB-21520,一级,东北,吉林,办公用品,标签,Avery,"Avery 文件夹标签,0,1.00
A1000011,2018/1/6,TB-21520,一级,东北,吉林,技术,配件,SanDisk,"SanDisk 键区,0,1.00
A1000012,2018/1/7,TB-21520,标准级,东北,辽宁,办公用品,器具,Hoover,"Hoover 微波炉,0,1.00
A1000012,2018/1/7,TB-21520,标准级,东北,辽宁,办公用品,标签,Smead,"Smead 运输标签,0,1.00
A1000012,2018/1/7,TB-21520,标准级,东北,辽宁,办公用品,美术,Binney & Smith,"Binney & Smith 记号笔,0,1.00
A1000012,2018/1/7,TB-21520,标准级,东北,辽宁,家具,椅子,Harbour Creations,"Harbour Creations 扶手椅,0,1.00
A1000012,2018/1/7,MA-17560,标准级,东北,辽宁,技术,电话,思科,"思科 办公室电话机,0,1.00
A1000013,2018/1/8,GH-14485,一级,中南,广东,办公用品,用品,Kleencut,"Kleencut 尺子,0,1.00
A1000013,2018/1/8,GH-14485,一级,中南,广东,办公用品,系固件,Stockwell,"Stockwell 图钉,0,1.00
A1000013,2018/1/8,SN-20710,一级,中南,广东,办公用品,纸张,施乐,"施乐 计划信息表,0,1.00
A1000013,2018/1/8,SN-20710,一级,中南,广东,家具,书架,Sauder,"Sauder 书库,0,1.00
A1000013,2018/1/8,SN-20710,一级,中南,广东,技术,电话,三星,"三星 耳机,0,1.00
A1000014,2018/1/9,SN-20710,标准级,东北,辽宁,办公用品,系固件,Stockwell,"Stockwell 橡皮筋,0,1.00
A1000016,2018/1/9,LC-16930,二级,华东,福建,办公用品,用品,Stiletto,"Stiletto 尺子,0,1.00
A1000015,2018/1/9,RA-19885,二级,华东,山东,办公用品,器具,Hoover,"Hoover 微波炉,0,1.00
A1000014,2018/1/9,ES-14080,标准级,东北,辽宁,技术,电话,苹果,"苹果 音频基座,0,1.00
A1000016,2018/1/9,ON-18715,二级,华东,福建,技术,设备,松下,"松下 计算器,0,1.00
A1000015,2018/1/9,ON-18715,二级,华东,山东,技术,配件,Memorex,"Memorex 键盘,0,1.00
A1000017,2018/1/10,PO-18865,二级,华东,上海,办公用品,纸张,Enermax,"Enermax 信纸,0,1.00
A1000017,2018/1/10,LH-16900,二级,华东,上海,办公用品,纸张,Enermax,"Enermax 备忘录便条,0,1.00
A1000018,2018/1/10,LH-16900,标准级,华北,天津,办公用品,纸张,施乐,"施乐 备忘录便条,0,1.00
A1000019,2018/1/11,DP-13000,一级,华北,天津,办公用品,信封,Kraft,"Kraft 局间信封,0,1.00
A1000021,2018/1/11,DP-13000,标准级,中南,湖南,办公用品,收纳具,Eldon,"Eldon 盒,0,1.00
A1000021,2018/1/11,DP-13000,标准级,中南,湖南,办公用品,用品,Acme,"Acme 大剪刀,0,1.00
A1000020,2018/1/11,DP-13000,标准级,西北,陕西,办公用品,用品,Fiskars,"Fiskars 修剪器,0,1.00
A1000023,2018/1/11,JM-15265,标准级,东北,黑龙江,办公用品,用品,Acme,"Acme 美工刀,0,1.00
A1000023,2018/1/11,JM-15265,标准级,东北,黑龙江,办公用品,系固件,Accos,"Accos 按钉,0,1.00
A1000023,2018/1/11,TB-21055,标准级,东北,黑龙江,技术,配件,罗技,"罗技 键区,0,1.00
A1000022,2018/1/11,TB-21055,标准级,华北,山西,技术,配件,罗技,"罗技 鼠标,0,1.00
A1000025,2018/1/12,TB-21055,当日,中南,河南,办公用品,收纳具,Smead,"Smead 文件夹,0,1.00
A1000025,2018/1/12,TB-21055,当日,中南,河南,家具,椅子,Hon,"Hon 椅垫,0,1.00
A1000025,2018/1/12,TB-21055,当日,中南,河南,家具,椅子,Novimex,"Novimex 凳子,0,1.00
A1000024,2018/1/12,TB-21055,标准级,东北,辽宁,办公用品,系固件,Stockwell,"Stockwell 夹子,0,1.00
A1000026,2018/1/13,TB-21055,一级,华东,安徽,家具,椅子,Safco,"SAFCO 椅垫,0,1.00
A1000027,2018/1/13,KM-16720,一级,华北,天津,家具,用具,Deflect-O,"Deflect-O 分层置放架,0,1.00
A1000027,2018/1/13,KM-16720,一级,华北,天津,家具,用具,Rubbermaid,"Rubvermaid 闹钟,0,1.00
A1000028,2018/1/13,KM-16720,标准级,中南,广东,办公用品,系固件,Accos,"Accos 图钉,0,1.00
A1000028,2018/1/13,KM-16720,标准级,中南,广东,办公用品,纸张,Green Bar,"Green Bar 信纸,0,1.00
A1000028,2018/1/13,PS-18970,标准级,中南,广东,办公用品,装订机,Acco,"Acco 装订机,0,1.00
A1000028,2018/1/13,BS-11590,标准级,中南,广东,家具,用具,Deflect-O,"Deflect-O 框架,0,1.00
A1000029,2018/1/16,BS-11590,标准级,华北,北京,办公用品,美术,Binney & Smith,"Binney & Smith 铅笔刀,0,1.00
A1000032,2018/1/17,KD-16270,一级,华北,天津,家具,用具,Eldon,"Eldon 框架,0,1.00
A1000032,2018/1/17,HM-14980,一级,华北,天津,家具,用具,Eldon,"Eldon 灯泡,0,1.00
A1000033,2018/1/17,TB-21520,标准级,中南,河南,办公用品,用品,Acme,"Acme 开信刀,0,1.00
A1000033,2018/1/17,JE-15745,标准级,中南,河南,技术,电话,诺基亚,"诺基亚 音频基座,0,1.00
A1000030,2018/1/17,JE-15745,二级,华北,北京,办公用品,收纳具,Rogers,"Rogers 文件车,0,1.00
A1000030,2018/1/17,JE-15745,二级,华北,北京,家具,用具,Eldon,"Eldon 框架,0,1.00
A1000031,2018/1/17,KB-16600,标准级,中南,广东,家具,椅子,Office Star,"Office Star 扶手椅,0,1.00
A1000035,2018/1/18,KB-16600,二级,东北,吉林,办公用品,器具,KitchenAid,"KitchenAid 咖啡研磨机,0,1.00
A1000034,2018/1/18,KB-16600,二级,华东,安徽,办公用品,系固件,OIC,"OIC 订书钉,0,1.00
A1000039,2018/1/21,JE-15745,一级,东北,吉林,家具,书架,宜家,"宜家 搁架,0,1.00
A1000037,2018/1/21,SC-20770,一级,中南,广东,办公用品,标签,Harbour Creations,"Harbour Creations 运输标签,0,1.00
A1000037,2018/1/21,SC-20770,一级,中南,广东,办公用品,系固件,Stockwell,"Stockwell 回形针,0,1.00
A1000036,2018/1/21,DN-13690,二级,华东,安徽,办公用品,收纳具,Eldon,"Eldon 搁板,0,1.00
A1000038,2018/1/21,DN-13690,一级,东北,辽宁,办公用品,系固件,OIC,"OIC 按钉,0,1.00
A1000038,2018/1/21,JC-16105,一级,东北,辽宁,办公用品,装订机,Acco,"Acco 孔加固材料,0,1.00
A1000038,2018/1/21,CS-12400,一级,东北,辽宁,家具,用具,Deflect-O,"Deflect-O 相框,0,1.00
A1000040,2018/1/22,PO-18865,标准级,中南,河南,办公用品,收纳具,Rogers,"Rogers 盘,0,1.00
A1000040,2018/1/22,PG-18895,标准级,中南,河南,办公用品,装订机,Acco,"Acco 打孔机,0,1.00
A1000041,2018/1/23,PG-18895,二级,华北,山西,办公用品,器具,KitchenAid,"KitchenAid 炉灶,0,1.00
A1000041,2018/1/23,GM-14455,二级,华北,山西,家具,书架,宜家,"宜家 墙角架,0,1.00
A1000043,2018/1/25,JS-15685,二级,华东,山东,办公用品,器具,Breville,"Breville 搅拌机,0,1.00
A1000043,2018/1/25,JS-15685,二级,华东,山东,办公用品,装订机,Acco,"Acco 孔加固材料,0,1.00
A1000043,2018/1/25,JS-15685,二级,华东,山东,办公用品,装订机,Cardinal,"Cardinal 打孔机,0,1.00
A1000043,2018/1/25,KB-16315,二级,华东,山东,技术,复印机,夏普,"夏普 无线传真机,0,1.00
A1000042,2018/1/25,KB-16315,标准级,华北,山西,家具,书架,Dania,"Dania 搁架,0,1.00
A1000044,2018/1/26,KB-16315,一级,西南,重庆,办公用品,用品,Fiskars,"Fiskars 美工刀,0,1.00
A1000044,2018/1/26,RB-19705,一级,西南,重庆,办公用品,装订机,Avery,"Avery 装订机,0,1.00
A1000045,2018/1/26,PN-18775,二级,华北,河北,办公用品,装订机,Acco,"Acco 装订机盖,0,1.00
A1000044,2018/1/26,KD-16345,一级,西南,重庆,技术,电话,摩托罗拉,"摩托罗拉 信号增强器,0,1.00
A1000046,2018/1/26,ER-13855,二级,华东,上海,办公用品,用品,Fiskars,"Fiskars 开信刀,0,1.00
A1000046,2018/1/26,RB-19465,二级,华东,上海,办公用品,装订机,Avery,"Avery 装订机,0,1.00
A1000046,2018/1/26,RB-19465,二级,华东,上海,家具,桌子,Chromcraft,"Chromcraft 木桌,0,1.00
A1000046,2018/1/26,RB-19465,二级,华东,上海,技术,电话,三星,"三星 智能手机,0,1.00
A1000046,2018/1/26,GZ-14470,二级,华东,上海,技术,电话,思科,"思科 充电器,0,1.00
A1000047,2018/1/27,LC-16870,当日,中南,湖北,办公用品,信封,Cameo,"Cameo 商业信封,0,1.00
A1000047,2018/1/27,LC-16870,当日,中南,湖北,办公用品,装订机,Acco,"Acco 订书机,0,1.00
A1000049,2018/1/27,LC-16870,一级,华东,上海,办公用品,收纳具,Tenex,"Tenex 文件车,0,1.00
A1000049,2018/1/27,JM-15250,一级,华东,上海,办公用品,标签,Avery,"Avery 合法证物标签,0,1.00
A1000049,2018/1/27,JM-15250,一级,华东,上海,办公用品,美术,Boston,"Boston 画布,0,1.00
A1000049,2018/1/27,JM-15250,一级,华东,上海,技术,设备,爱普生,"爱普生 打印机,0,1.00
A1000048,2018/1/27,PA-19060,标准级,华东,山东,技术,电话,诺基亚,"诺基亚 信号增强器,0,1.00
A1000050,2018/1/30,CV-12805,二级,东北,黑龙江,办公用品,器具,Breville,"Breville 炉灶,0,1.00
A1000050,2018/1/30,CL-12565,二级,东北,黑龙江,办公用品,标签,Novimex,"Novimex 运输标签,0,1.00
A1000050,2018/1/30,CL-12565,二级,东北,黑龙江,办公用品,用品,Kleencut,"Kleencut 剪刀,0,1.00
A1000050,2018/1/30,RC-19960,二级,东北,黑龙江,办公用品,美术,BIC,"BIC 铅笔刀,0,1.00
A1000050,2018/1/30,RC-19960,二级,东北,黑龙江,办公用品,装订机,Acco,"Acco 标签,0,1.00
A1000050,2018/1/30,RC-19960,二级,东北,黑龙江,家具,椅子,Office Star,"Office Star 摇椅,0,1.00
A1000050,2018/1/30,RC-19960,二级,东北,黑龙江,技术,配件,罗技,"罗技 记忆卡,0,1.00
A1000050,2018/1/30,DK-13090,二级,东北,黑龙江,技术,配件,罗技,"罗技 闪存驱动器,0,1.00
A1000052,2018/1/30,GG-14650,标准级,西北,陕西,办公用品,用品,Fiskars,"Fiskars 开信刀,0,1.00
A1000052,2018/1/30,SC-20725,标准级,西北,陕西,技术,电话,苹果,"苹果 充电器,0,1.00
A1000051,2018/1/30,SC-20725,标准级,华东,山东,办公用品,收纳具,Tenex,"Tenex 盘,0,1.00
A1000051,2018/1/30,SC-20725,标准级,华东,山东,家具,椅子,Harbour Creations,"Harbour Creations 凳子,0,1.00
A1000051,2018/1/30,SC-20725,标准级,华东,山东,家具,椅子,Hon,"Hon 扶手椅,0,1.00
A1000053,2018/1/31,SC-20725,标准级,华东,江苏,家具,书架,Dania,"Dania 书架,0,1.00
A1000053,2018/1/31,AD-10180,标准级,华东,江苏,技术,设备,StarTech,"StarTech 卡片打印机,0,1.00
A1000053,2018/1/31,PF-19165,标准级,华东,江苏,技术,配件,Enermax,"Enermax 键盘,0,1.00
A1000054,2018/2/1,TS-21610,一级,西北,陕西,家具,椅子,Safco,"SAFCO 沙滩椅,0,1.00
A1000058,2018/2/1,TS-21610,二级,中南,广东,办公用品,装订机,Ibico,"Ibico 装订机,0,1.00
A1000057,2018/2/1,LS-16975,二级,中南,湖北,技术,设备,冲电器,"冲电器 打印机,0,1.00
A1000055,2018/2/1,LS-16975,标准级,华北,内蒙古,家具,椅子,Safco,"SAFCO 扶手椅,0,1.00
A1000055,2018/2/1,DW-13585,标准级,华北,内蒙古,技术,配件,贝尔金,"贝尔金 键盘,0,1.00
A1000056,2018/2/1,DW-13585,标准级,西南,云南,办公用品,信封,GlobeWeis,"GlobeWeis 局间信封,0,1.00
A1000056,2018/2/1,DW-13585,标准级,西南,云南,家具,书架,Safco,"Safco 书架,0,1.00
A1000063,2018/2/2,LC-16885,一级,华东,上海,办公用品,纸张,Green Bar,"Green Bar 笔记本,0,1.00
A1000059,2018/2/2,LC-16885,二级,华东,江苏,办公用品,用品,Elite,"Elite 大剪刀,0,1.00
A1000061,2018/2/2,LC-16885,标准级,东北,黑龙江,家具,用具,Tenex,"Tenex 闹钟,0,1.00
A1000064,2018/2/2,LC-16885,标准级,中南,广东,办公用品,用品,Elite,"Elite 剪刀,0,1.00
A1000062,2018/2/2,LC-16885,标准级,华北,河北,办公用品,信封,Jiffy,"Jiffy 邮寄品,0,1.00
A1000062,2018/2/2,LC-16885,标准级,华北,河北,办公用品,装订机,Avery,"Avery 装订机盖,0,1.00
A1000062,2018/2/2,LC-16885,标准级,华北,河北,家具,桌子,Bevis,"Bevis 会议桌,0,1.00
A1000062,2018/2/2,JD-15895,标准级,华北,河北,家具,用具,Rubbermaid,"Rubvermaid 框架,0,1.00
A1000060,2018/2/2,SH-19975,标准级,华东,山东,技术,复印机,佳能,"佳能 传真复印机,0,1.00
A1000065,2018/2/6,SH-19975,标准级,中南,湖南,办公用品,信封,Ames,"Ames 搭扣信封,0,1.00
A1000065,2018/2/6,SH-19975,标准级,中南,湖南,办公用品,标签,Harbour Creations,"Harbour Creations 合法证物标签,0,1.00
A1000065,2018/2/6,SG-20080,标准级,中南,湖南,办公用品,标签,Hon,"Hon 合法证物标签,0,1.00
A1000065,2018/2/6,HA-14920,标准级,中南,湖南,办公用品,装订机,Wilson Jones,"Wilson Jones 订书机,0,1.00
A1000065,2018/2/6,MG-17680,标准级,中南,湖南,技术,复印机,Hewlett,"Hewlett 墨水,0,1.00
A1000065,2018/2/6,JE-16165,标准级,中南,湖南,技术,电话,苹果,"苹果 办公室电话机,0,1.00
A1000065,2018/2/6,JE-16165,标准级,中南,湖南,技术,设备,柯尼卡,"柯尼卡 喷墨打印机,0,1.00
A1000066,2018/2/7,JE-16165,标准级,西南,四川,家具,书架,Safco,"Safco 书库,0,1.00
A1000066,2018/2/7,JE-16165,标准级,西南,四川,家具,书架,宜家,"宜家 书架,0,1.00
A1000069,2018/2/8,TW-21025,二级,西北,陕西,家具,椅子,Office Star,"Office Star 折叠椅,0,1.00
A1000067,2018/2/8,TW-21025,二级,中南,湖北,家具,桌子,Hon,"Hon 木桌,0,1.00
A1000068,2018/2/8,SP-20650,标准级,中南,湖南,办公用品,器具,Hoover,"Hoover 搅拌机,0,1.00
A1000068,2018/2/8,SP-20650,标准级,中南,湖南,办公用品,标签,Avery,"Avery 文件夹标签,0,1.00
A1000068,2018/2/8,SP-20650,标准级,中南,湖南,办公用品,装订机,Cardinal,"Cardinal 孔加固材料,0,1.00
A1000068,2018/2/8,NK-18490,标准级,中南,湖南,技术,设备,柯尼卡,"柯尼卡 计算器,0,1.00
A1000070,2018/2/11,DB-13060,标准级,华北,天津,家具,用具,Deflect-O,"Deflect-O 灯泡,0,1.00
A1000071,2018/2/12,NP-18670,一级,中南,广东,办公用品,信封,Kraft,"Kraft 马尼拉纸信封,0,1.00
A1000072,2018/2/13,NP-18670,一级,华东,山东,办公用品,装订机,Acco,"Acco 打孔机,0,1.00
A1000072,2018/2/13,TT-21070,一级,华东,山东,家具,书架,宜家,"宜家 搁架,0,1.00
A1000072,2018/2/13,EM-13960,一级,华东,山东,家具,椅子,Harbour Creations,"Harbour Creations 椅垫,0,1.00
A1000073,2018/2/13,RD-19900,二级,华北,山西,办公用品,装订机,Acco,"Acco 订书机,0,1.00
A1000073,2018/2/13,MJ-17740,二级,华北,山西,技术,电话,摩托罗拉,"摩托罗拉 耳机,0,1.00
A1000073,2018/2/13,BM-11140,二级,华北,山西,技术,配件,Enermax,"Enermax 鼠标,0,1.00
A1000073,2018/2/13,BM-11140,二级,华北,山西,技术,配件,贝尔金,"贝尔金 记忆卡,0,1.00
A1000076,2018/2/14,BM-11140,当日,东北,黑龙江,办公用品,装订机,Acco,"Acco 订书机,0,1.00
A1000075,2018/2/14,BM-11140,标准级,西南,四川,办公用品,信封,Jiffy,"Jiffy 局间信封,0,1.00
A1000074,2018/2/14,BM-11140,标准级,华北,河北,办公用品,信封,GlobeWeis,"GlobeWeis 局间信封,0,1.00
A1000074,2018/2/14,BM-11140,标准级,华北,河北,办公用品,系固件,Stockwell,"Stockwell 夹子,0,1.00
A1000077,2018/2/15,BM-11140,二级,中南,广东,家具,椅子,Office Star,"Office Star 折叠椅,0,1.00
A1000077,2018/2/15,CS-12130,二级,中南,广东,技术,电话,三星,"三星 音频基座,0,1.00
A1000078,2018/2/15,CS-12130,一级,华东,福建,办公用品,标签,Harbour Creations,"Harbour Creations 合法证物标签,0,1.00
A1000078,2018/2/15,CS-12130,一级,华东,福建,家具,用具,Tenex,"Tenex 分层置放架,0,1.00
A1000078,2018/2/15,JB-15400,一级,华东,福建,技术,配件,Memorex,"Memorex 闪存驱动器,0,1.00
A1000079,2018/2/16,JB-15400,二级,华北,北京,办公用品,器具,KitchenAid,"KitchenAid 烤面包机,0,1.00
A1000079,2018/2/16,SJ-20500,二级,华北,北京,办公用品,装订机,Ibico,"Ibico 装订机盖,0,1.00
A1000079,2018/2/16,JE-15745,二级,华北,北京,办公用品,装订机,Wilson Jones,"Wilson Jones 孔加固材料,0,1.00
A1000082,2018/2/17,JE-15745,一级,中南,湖南,办公用品,系固件,Advantus,"Advantus 按钉,0,1.00
A1000081,2018/2/17,JK-15640,二级,中南,广东,办公用品,用品,Elite,"Elite 美工刀,0,1.00
A1000080,2018/2/17,DK-13150,标准级,华东,山东,办公用品,收纳具,Eldon,"Eldon 文件夹,0,1.00
A1000083,2018/2/17,DK-13150,标准级,东北,辽宁,办公用品,用品,Elite,"Elite 开信刀,0,1.00
A1000084,2018/2/19,RM-19675,二级,中南,广东,办公用品,系固件,Stockwell,"Stockwell 订书钉,0,1.00
A1000084,2018/2/19,RM-19675,二级,中南,广东,办公用品,装订机,Cardinal,"Cardinal 订书机,0,1.00
A1000087,2018/2/20,RM-19675,二级,华东,福建,办公用品,系固件,Advantus,"Advantus 橡皮筋,0,1.00
A1000087,2018/2/20,SK-19990,二级,华东,福建,家具,书架,Dania,"Dania 搁架,0,1.00
A1000087,2018/2/20,FM-14290,二级,华东,福建,家具,书架,Sauder,"Sauder 搁架,0,1.00
A1000087,2018/2/20,AM-10360,二级,华东,福建,家具,用具,Rubbermaid,"Rubvermaid 分层置放架,0,1.00
A1000085,2018/2/20,AM-10360,标准级,东北,黑龙江,办公用品,信封,Cameo,"Cameo 局间信封,0,1.00
A1000085,2018/2/20,MP-17470,标准级,东北,黑龙江,办公用品,美术,Binney & Smith,"Binney & Smith 钢笔,0,1.00
A1000085,2018/2/20,MP-17470,标准级,东北,黑龙江,办公用品,装订机,Ibico,"Ibico 装订机,0,1.00
A1000085,2018/2/20,MP-17470,标准级,东北,黑龙江,家具,椅子,Safco,"SAFCO 凳子,0,1.00
A1000085,2018/2/20,MP-17470,标准级,东北,黑龙江,技术,设备,冲电器,"冲电器 喷墨打印机,0,1.00
A1000086,2018/2/20,MP-17470,标准级,华东,安徽,技术,复印机,惠普,"惠普 无线传真机,0,1.00
A1000088,2018/2/21,MZ-17515,标准级,中南,广东,办公用品,收纳具,Eldon,"Eldon 盒,0,1.00
A1000088,2018/2/21,CB-12025,标准级,中南,广东,家具,椅子,Hon,"Hon 椅垫,0,1.00
A1000090,2018/2/22,CB-12025,二级,华东,安徽,办公用品,信封,GlobeWeis,"GlobeWeis 马尼拉纸信封,0,1.00
A1000090,2018/2/22,VM-21685,二级,华东,安徽,办公用品,纸张,Green Bar,"Green Bar 信纸,0,1.00
A1000090,2018/2/22,FH-14365,二级,华东,安徽,办公用品,纸张,施乐,"施乐 计划信息表,0,1.00
A1000089,2018/2/22,FH-14365,标准级,华东,福建,办公用品,美术,BIC,"BIC 记号笔,0,1.00
A1000091,2018/2/23,MB-17305,二级,中南,广西,办公用品,装订机,Ibico,"Ibico 订书机,0,1.00
A1000092,2018/2/24,BS-11755,标准级,华东,山东,家具,椅子,Harbour Creations,"Harbour Creations 摇椅,0,1.00
A1000093,2018/2/24,BS-11755,标准级,中南,广东,办公用品,器具,Breville,"Breville 烤面包机,0,1.00
A1000093,2018/2/24,LC-17140,标准级,中南,广东,办公用品,标签,Novimex,"Novimex 运输标签,0,1.00
A1000093,2018/2/24,HK-14890,标准级,中南,广东,家具,书架,Bush,"Bush 书库,0,1.00
A1000094,2018/2/27,LE-16810,二级,东北,黑龙江,技术,电话,诺基亚,"诺基亚 信号增强器,0,1.00
A1000095,2018/3/1,JH-15985,二级,中南,湖北,办公用品,系固件,OIC,"OIC 橡皮筋,0,1.00
A1000095,2018/3/1,JH-15985,二级,中南,湖北,办公用品,系固件,Stockwell,"Stockwell 按钉,0,1.00
A1000096,2018/3/1,JH-15985,标准级,华东,安徽,办公用品,器具,KitchenAid,"KitchenAid 炉灶,0,1.00
A1000096,2018/3/1,JH-15985,标准级,华东,安徽,技术,配件,贝尔金,"贝尔金 记忆卡,0,1.00
A1000098,2018/3/2,JH-15985,一级,华东,山东,办公用品,纸张,Eaton,"Eaton 备忘录便条,0,1.00
A1000098,2018/3/2,MS-17980,一级,华东,山东,办公用品,装订机,Ibico,"Ibico 打孔机,0,1.00
A1000097,2018/3/2,VW-21775,标准级,华东,江苏,办公用品,用品,Stiletto,"Stiletto 尺子,0,1.00
A1000097,2018/3/2,VW-21775,标准级,华东,江苏,家具,书架,Bush,"Bush 墙角架,0,1.00
A1000097,2018/3/2,VW-21775,标准级,华东,江苏,家具,椅子,Novimex,"Novimex 沙滩椅,0,1.00
A1000097,2018/3/2,VW-21775,标准级,华东,江苏,技术,配件,Memorex,"Memorex 鼠标,0,1.00
A1000100,2018/3/3,VW-21775,二级,华东,山东,技术,复印机,佳能,"佳能 个人复印机,0,1.00
A1000099,2018/3/3,JH-15910,标准级,中南,湖南,办公用品,收纳具,Rogers,"Rogers 锁柜,0,1.00
A1000099,2018/3/3,JH-15910,标准级,中南,湖南,家具,椅子,Hon,"Hon 扶手椅,0,1.00
A1000101,2018/3/4,JB-15925,标准级,中南,广东,办公用品,纸张,Eaton,"Eaton 计划信息表,0,1.00
A1000102,2018/3/4,JB-15925,标准级,中南,湖北,技术,电话,诺基亚,"诺基亚 耳机,0,1.00
A1000105,2018/3/8,JB-15925,一级,华东,福建,家具,椅子,Safco,"SAFCO 椅垫,0,1.00
A1000103,2018/3/8,JB-15925,标准级,华东,福建,办公用品,装订机,Ibico,"Ibico 装订机盖,0,1.00
A1000103,2018/3/8,JB-15925,标准级,华东,福建,家具,椅子,Hon,"Hon 摇椅,0,1.00
A1000104,2018/3/8,JB-15925,标准级,东北,黑龙江,办公用品,系固件,Accos,"Accos 回形针,0,1.00
A1000107,2018/3/9,DS-13180,标准级,西北,甘肃,家具,书架,Safco,"Safco 搁架,0,1.00
A1000107,2018/3/9,DS-13180,标准级,西北,甘肃,技术,电话,摩托罗拉,"摩托罗拉 智能手机,0,1.00
A1000106,2018/3/9,DS-13180,标准级,中南,湖南,技术,配件,罗技,"罗技 键盘,0,1.00
A1000109,2018/3/11,VD-21670,一级,中南,广东,办公用品,器具,Cuisinart,"Cuisinart 微波炉,0,1.00
A1000109,2018/3/11,VD-21670,一级,中南,广东,办公用品,收纳具,Tenex,"Tenex 文件车,0,1.00
A1000108,2018/3/11,EA-14035,一级,华东,浙江,办公用品,美术,Binney & Smith,"Binney & Smith 速写本,0,1.00
A1000110,2018/3/12,CS-12400,标准级,西南,云南,技术,配件,Memorex,"Memorex 键区,0,1.00
A1000113,2018/3/15,CS-12400,二级,西南,重庆,家具,椅子,Office Star,"Office Star 凳子,0,1.00
A1000113,2018/3/15,CS-12400,二级,西南,重庆,家具,椅子,Office Star,"Office Star 扶手椅,0,1.00
A1000113,2018/3/15,CS-12400,二级,西南,重庆,技术,电话,三星,"三星 信号增强器,0,1.00
A1000113,2018/3/15,CS-12400,二级,西南,重庆,技术,电话,苹果,"苹果 耳机,0,1.00
A1000111,2018/3/15,DB-13120,二级,中南,广东,技术,电话,思科,"思科 办公室电话机,0,1.00
A1000112,2018/3/15,KL-16645,标准级,华北,内蒙古,家具,椅子,Novimex,"Novimex 折叠椅,0,1.00
A1000115,2018/3/16,KL-16645,标准级,东北,辽宁,办公用品,系固件,Stockwell,"Stockwell 橡皮筋,0,1.00
A1000114,2018/3/16,KL-16645,标准级,西南,重庆,办公用品,装订机,Wilson Jones,"Wilson Jones 订书机,0,1.00
A1000114,2018/3/16,KL-16645,标准级,西南,重庆,家具,椅子,Safco,"SAFCO 折叠椅,0,1.00
A1000116,2018/3/18,KL-16645,标准级,中南,广东,办公用品,美术,Binney & Smith,"Binney & Smith 钢笔,0,1.00
A1000116,2018/3/18,KL-16645,标准级,中南,广东,技术,电话,三星,"三星 办公室电话机,0,1.00
A1000120,2018/3/19,KL-16645,二级,华东,浙江,技术,设备,柯尼卡,"柯尼卡 喷墨打印机,0,1.00
A1000118,2018/3/19,DW-13480,二级,华北,河北,家具,椅子,Novimex,"Novimex 摇椅,0,1.00
A1000119,2018/3/19,DW-13480,标准级,东北,吉林,办公用品,信封,Jiffy,"Jiffy 邮寄品,0,1.00
A1000119,2018/3/19,DW-13480,标准级,东北,吉林,办公用品,器具,Cuisinart,"Cuisinart 微波炉,0,1.00
A1000119,2018/3/19,DW-13480,标准级,东北,吉林,办公用品,纸张,Green Bar,"Green Bar 信纸,0,1.00
A1000119,2018/3/19,DW-13480,标准级,东北,吉林,办公用品,装订机,Wilson Jones,"Wilson Jones 订书机,0,1.00
A1000119,2018/3/19,LH-17155,标准级,东北,吉林,家具,桌子,Lesro,"Lesro 会议桌,0,1.00
A1000119,2018/3/19,KC-16540,标准级,东北,吉林,技术,配件,罗技,"罗技 键区,0,1.00
A1000117,2018/3/19,KC-16540,标准级,中南,广东,办公用品,美术,Stanley,"Stanley 荧光笔,0,1.00
A1000117,2018/3/19,DL-13315,标准级,中南,广东,技术,电话,苹果,"苹果 音频基座,0,1.00
A1000122,2018/3/21,DL-13315,标准级,东北,黑龙江,办公用品,器具,KitchenAid,"KitchenAid 冰箱,0,1.00
A1000121,2018/3/21,DR-12880,标准级,中南,河南,办公用品,器具,KitchenAid,"KitchenAid 咖啡研磨机,0,1.00
A1000123,2018/3/22,DR-12880,二级,中南,广东,办公用品,标签,Novimex,"Novimex 可去除的标签,0,1.00
A1000124,2018/3/22,DR-12880,标准级,东北,黑龙江,办公用品,收纳具,Fellowes,"Fellowes 锁柜,0,1.00
A1000124,2018/3/22,DR-12880,标准级,东北,黑龙江,办公用品,收纳具,Smead,"Smead 文件夹,0,1.00
A1000124,2018/3/22,CC-12670,标准级,东北,黑龙江,办公用品,用品,Kleencut,"Kleencut 修剪器,0,1.00
A1000128,2018/3/23,CC-12670,二级,华东,福建,家具,书架,Bush,"Bush 书架,0,1.00
A1000125,2018/3/23,CC-12670,二级,华东,福建,技术,电话,苹果,"苹果 充电器,0,1.00
A1000126,2018/3/23,Dl-13600,标准级,中南,湖南,办公用品,标签,Harbour Creations,"Harbour Creations 可去除的标签,0,1.00
A1000127,2018/3/23,SB-20290,标准级,中南,广西,办公用品,器具,KitchenAid,"KitchenAid 冰箱,0,1.00
A1000130,2018/3/24,SB-20290,标准级,中南,河南,办公用品,装订机,Cardinal,"Cardinal 订书机,0,1.00
A1000129,2018/3/24,RC-19825,标准级,中南,广东,家具,用具,Eldon,"Eldon 闹钟,0,1.00
A1000131,2018/3/25,AH-10210,当日,西南,云南,办公用品,用品,Kleencut,"Kleencut 修剪器,0,1.00
A1000131,2018/3/25,CB-12535,当日,西南,云南,办公用品,系固件,Advantus,"Advantus 图钉,0,1.00
A1000131,2018/3/25,PG-18895,当日,西南,云南,办公用品,美术,BIC,"BIC 铅笔刀,0,1.00
A1000131,2018/3/25,CA-12310,当日,西南,云南,家具,椅子,Office Star,"Office Star 凳子,0,1.00
A1000131,2018/3/25,CA-12310,当日,西南,云南,技术,复印机,Hewlett,"Hewlett 传真复印机,0,1.00
A1000132,2018/3/25,KH-16690,标准级,中南,湖南,办公用品,器具,Cuisinart,"Cuisinart 炉灶,0,1.00
A1000132,2018/3/25,HA-14920,标准级,中南,湖南,办公用品,装订机,Acco,"Acco 装订机,0,1.00
A1000132,2018/3/25,HA-14920,标准级,中南,湖南,家具,桌子,Lesro,"Lesro 电脑桌,0,1.00
A1000132,2018/3/25,HA-14920,标准级,中南,湖南,技术,复印机,夏普,"夏普 个人复印机,0,1.00
A1000132,2018/3/25,BB-10990,标准级,中南,湖南,技术,设备,StarTech,"StarTech 电话,0,1.00
A1000132,2018/3/25,BB-10990,标准级,中南,湖南,技术,设备,松下,"松下 计算器,0,1.00
A1000134,2018/3/28,AG-10495,二级,中南,湖南,办公用品,信封,Kraft,"Kraft 商业信封,0,1.00
A1000133,2018/3/28,AG-10495,标准级,华东,山东,技术,设备,冲电器,"冲电器 卡片打印机,0,1.00
A1000135,2018/3/29,AG-10495,一级,西北,陕西,家具,用具,Deflect-O,"Deflect-O 分层置放架,0,1.00
A1000137,2018/3/30,AG-10495,一级,华东,江苏,办公用品,用品,Kleencut,"Kleencut 修剪器,0,1.00
A1000136,2018/3/30,SC-20725,标准级,华北,山西,技术,电话,思科,"思科 充电器,0,1.00
A1000139,2018/3/31,SC-20725,标准级,西北,甘肃,家具,书架,Dania,"Dania 墙角架,0,1.00
A1000139,2018/3/31,JO-15280,标准级,西北,甘肃,家具,椅子,Safco,"SAFCO 椅垫,0,1.00
A1000139,2018/3/31,TB-21520,标准级,西北,甘肃,技术,配件,贝尔金,"贝尔金 键盘,0,1.00
A1000138,2018/3/31,TB-21520,标准级,中南,湖北,办公用品,收纳具,Smead,"Smead 锁柜,0,1.00
A1000140,2018/4/1,TB-21520,标准级,中南,河南,办公用品,纸张,Green Bar,"Green Bar 信纸,0,1.00
A1000140,2018/4/1,AH-10195,标准级,中南,河南,办公用品,美术,Binney & Smith,"Binney & Smith 画布,0,1.00
A1000143,2018/4/1,AH-10195,标准级,中南,河南,办公用品,纸张,Green Bar,"Green Bar 令,0,1.00
A1000143,2018/4/1,AH-10195,标准级,中南,河南,办公用品,美术,Sanford,"Sanford 画布,0,1.00
A1000141,2018/4/1,NZ-18565,标准级,华北,河北,办公用品,系固件,Advantus,"Advantus 夹子,0,1.00
A1000141,2018/4/1,NZ-18565,标准级,华北,河北,办公用品,装订机,Avery,"Avery 孔加固材料,0,1.00
A1000143,2018/4/1,NZ-18565,标准级,中南,河南,家具,椅子,Hon,"Hon 凳子,0,1.00
A1000141,2018/4/1,NZ-18565,标准级,华北,河北,家具,椅子,Hon,"Hon 椅垫,0,1.00
A1000142,2018/4/1,KL-16555,标准级,华东,安徽,办公用品,信封,Jiffy,"Jiffy 局间信封,0,1.00
A1000142,2018/4/1,KL-16555,标准级,华东,安徽,家具,椅子,Hon,"Hon 凳子,0,1.00
A1000142,2018/4/1,KL-16555,标准级,华东,安徽,家具,椅子,Novimex,"Novimex 摇椅,0,1.00
A1000144,2018/4/2,KL-16555,二级,东北,辽宁,办公用品,纸张,施乐,"施乐 笔记本,0,1.00
A1000145,2018/4/4,KL-16555,标准级,华北,内蒙古,办公用品,信封,Jiffy,"Jiffy 搭扣信封,0,1.00
A1000145,2018/4/4,JD-15895,标准级,华北,内蒙古,办公用品,标签,Smead,"Smead 可去除的标签,0,1.00
A1000145,2018/4/4,JD-15895,标准级,华北,内蒙古,家具,用具,Tenex,"Tenex 分层置放架,0,1.00
A1000146,2018/4/5,JD-15895,二级,华东,浙江,办公用品,系固件,Advantus,"Advantus 按钉,0,1.00
A1000146,2018/4/5,JD-15895,二级,华东,浙江,办公用品,纸张,Enermax,"Enermax 备忘录便条,0,1.00
A1000146,2018/4/5,JD-15895,二级,华东,浙江,家具,椅子,Novimex,"Novimex 沙滩椅,0,1.00
A1000150,2018/4/5,JH-15910,标准级,中南,湖南,办公用品,标签,Avery,"Avery 有色标签,0,1.00
A1000149,2018/4/5,AS-10225,标准级,中南,湖南,办公用品,装订机,Ibico,"Ibico 标签,0,1.00
A1000147,2018/4/5,KB-16600,标准级,中南,河南,办公用品,美术,Boston,"Boston 画布,0,1.00
A1000147,2018/4/5,CR-12625,标准级,中南,河南,办公用品,装订机,Ibico,"Ibico 打孔机,0,1.00
A1000150,2018/4/5,CR-12625,标准级,中南,湖南,家具,书架,Sauder,"Sauder 墙角架,0,1.00
A1000148,2018/4/5,SH-20395,标准级,华东,浙江,家具,椅子,Safco,"SAFCO 折叠椅,0,1.00
A1000150,2018/4/5,BP-11185,标准级,中南,湖南,家具,椅子,Harbour Creations,"Harbour Creations 凳子,0,1.00
A1000149,2018/4/5,BP-11185,标准级,中南,湖南,技术,配件,贝尔金,"贝尔金 记忆卡,0,1.00
A1000151,2018/4/7,BP-11185,二级,华东,山东,办公用品,器具,Cuisinart,"Cuisinart 烤面包机,0,1.00
A1000152,2018/4/7,BP-11185,二级,华北,河北,办公用品,标签,Novimex,"Novimex 文件夹标签,0,1.00
A1000152,2018/4/7,TS-21205,二级,华北,河北,办公用品,标签,Novimex,"Novimex 运输标签,0,1.00
A1000152,2018/4/7,AG-10525,二级,华北,河北,办公用品,系固件,OIC,"OIC 按钉,0,1.00
A1000153,2018/4/7,AG-10525,二级,华北,河北,家具,用具,Tenex,"Tenex 分层置放架,0,1.00
A1000154,2018/4/7,SP-20860,标准级,华东,福建,技术,复印机,惠普,"惠普 个人复印机,0,1.00
A1000155,2018/4/8,NM-18445,二级,东北,吉林,办公用品,装订机,Cardinal,"Cardinal 打孔机,0,1.00
A1000156,2018/4/11,NM-18445,二级,华北,河北,办公用品,器具,Cuisinart,"Cuisinart 搅拌机,0,1.00
A1000156,2018/4/11,NM-18445,二级,华北,河北,办公用品,标签,Avery,"Avery 合法证物标签,0,1.00
A1000156,2018/4/11,NM-18445,二级,华北,河北,办公用品,用品,Elite,"Elite 美工刀,0,1.00
A1000156,2018/4/11,NM-18445,二级,华北,河北,家具,书架,Bush,"Bush 墙角架,0,1.00
A1000156,2018/4/11,FA-14230,二级,华北,河北,家具,书架,Sauder,"Sauder 柜,0,1.00
A1000156,2018/4/11,GK-14620,二级,华北,河北,家具,椅子,Safco,"SAFCO 凳子,0,1.00
A1000159,2018/4/12,GK-14620,当日,中南,河南,办公用品,信封,Jiffy,"Jiffy 局间信封,0,1.00
A1000158,2018/4/12,DJ-13510,标准级,东北,黑龙江,办公用品,美术,BIC,"BIC 速写本,0,1.00
A1000157,2018/4/12,PO-18850,标准级,华东,山东,办公用品,美术,Stanley,"Stanley 速写本,0,1.00
A1000157,2018/4/12,PO-18850,标准级,华东,山东,技术,复印机,Brother,"Brother 无线传真机,0,1.00
A1000160,2018/4/13,PO-18850,标准级,华北,天津,办公用品,信封,GlobeWeis,"GlobeWeis 商业信封,0,1.00
A1000160,2018/4/13,PO-18850,标准级,华北,天津,办公用品,器具,Hoover,"Hoover 搅拌机,0,1.00
A1000160,2018/4/13,PO-18850,标准级,华北,天津,办公用品,收纳具,Rogers,"Rogers 文件夹,0,1.00
A1000160,2018/4/13,JL-15850,标准级,华北,天津,办公用品,纸张,Green Bar,"Green Bar 计划信息表,0,1.00
A1000160,2018/4/13,JL-15850,标准级,华北,天津,家具,书架,Bush,"Bush 古典书架,0,1.00
A1000160,2018/4/13,JL-15850,标准级,华北,天津,家具,用具,Rubbermaid,"Rubvermaid 分层置放架,0,1.00
A1000160,2018/4/13,DB-13615,标准级,华北,天津,技术,配件,Memorex,"Memorex 键区,0,1.00
A1000161,2018/4/14,DB-13615,二级,华东,福建,家具,桌子,Lesro,"Lesro 培训桌,0,1.00
A1000162,2018/4/16,DB-13615,标准级,华东,浙江,办公用品,信封,Kraft,"Kraft 外皮和封条,0,1.00
A1000163,2018/4/19,AC-10420,标准级,华东,山东,家具,书架,Bush,"Bush 搁架,0,1.00
A1000163,2018/4/19,AC-10420,标准级,华东,山东,家具,书架,Dania,"Dania 墙角架,0,1.00
A1000163,2018/4/19,KL-16645,标准级,华东,山东,技术,复印机,夏普,"夏普 个人复印机,0,1.00
A1000165,2018/4/20,JD-15895,一级,华东,上海,办公用品,器具,Breville,"Breville 咖啡研磨机,0,1.00
A1000165,2018/4/20,JD-15895,一级,华东,上海,家具,椅子,Hon,"Hon 沙滩椅,0,1.00
A1000168,2018/4/20,JD-15895,一级,中南,广东,办公用品,收纳具,Fellowes,"Fellowes 文件夹,0,1.00
A1000168,2018/4/20,JD-15895,一级,中南,广东,办公用品,美术,Binney & Smith,"Binney & Smith 钢笔,0,1.00
A1000164,2018/4/20,CS-12130,一级,华东,山东,办公用品,装订机,Avery,"Avery 孔加固材料,0,1.00
A1000168,2018/4/20,CC-12550,一级,中南,广东,家具,椅子,Office Star,"Office Star 摇椅,0,1.00
A1000168,2018/4/20,TD-20995,一级,中南,广东,家具,椅子,Office Star,"Office Star 摇椅,0,1.00
A1000168,2018/4/20,TD-20995,一级,中南,广东,家具,用具,Deflect-O,"Deflect-O 框架,0,1.00
A1000166,2018/4/20,TD-20995,标准级,华东,安徽,办公用品,收纳具,Eldon,"Eldon 盘,0,1.00
A1000166,2018/4/20,AB-10060,标准级,华东,安徽,办公用品,纸张,Enermax,"Enermax 信纸,0,1.00
A1000166,2018/4/20,AB-10060,标准级,华东,安徽,家具,用具,Eldon,"Eldon 门挡,0,1.00
A1000166,2018/4/20,AB-10060,标准级,华东,安徽,家具,用具,Tenex,"Tenex 分层置放架,0,1.00
A1000167,2018/4/20,AB-10060,标准级,华东,上海,办公用品,信封,Kraft,"Kraft 局间信封,0,1.00
A1000170,2018/4/22,AB-10060,标准级,中南,湖南,办公用品,纸张,施乐,"施乐 信纸,0,1.00
A1000169,2018/4/22,JL-15505,标准级,华东,山东,办公用品,装订机,Avery,"Avery 孔加固材料,0,1.00
A1000171,2018/4/26,JL-15505,标准级,华东,浙江,家具,书架,Sauder,"Sauder 古典书架,0,1.00
A1000172,2018/4/26,JL-15505,标准级,中南,河南,技术,设备,冲电器,"冲电器 计算器,0,1.00
A1000173,2018/4/27,JL-15505,标准级,西南,云南,办公用品,装订机,Acco,"Acco 孔加固材料,0,1.00
A1000174,2018/4/27,HK-14890,标准级,华东,福建,办公用品,器具,Breville,"Breville 冰箱,0,1.00
A1000174,2018/4/27,VB-21745,标准级,华东,福建,办公用品,标签,Avery,"Avery 圆形标签,0,1.00
A1000174,2018/4/27,VB-21745,标准级,华东,福建,办公用品,用品,Fiskars,"Fiskars 尺子,0,1.00
A1000174,2018/4/27,KW-16435,标准级,华东,福建,办公用品,纸张,Green Bar,"Green Bar 羊皮纸,0,1.00
A1000174,2018/4/27,KW-16435,标准级,华东,福建,办公用品,纸张,施乐,"施乐 信纸,0,1.00
A1000174,2018/4/27,KW-16435,标准级,华东,福建,技术,配件,SanDisk,"SanDisk 键盘,0,1.00
A1000176,2018/4/28,KW-16435,二级,东北,吉林,办公用品,收纳具,Tenex,"Tenex 文件夹,0,1.00
A1000176,2018/4/28,JD-16060,二级,东北,吉林,技术,配件,贝尔金,"贝尔金 路由器,0,1.00
A1000175,2018/4/28,MK-17905,二级,西北,陕西,办公用品,收纳具,Rogers,"Rogers 锁柜,0,1.00
A1000179,2018/4/29,MK-17905,当日,华东,上海,办公用品,系固件,Advantus,"Advantus 按钉,0,1.00
A1000177,2018/4/29,MK-17905,一级,华东,上海,办公用品,用品,Kleencut,"Kleencut 修剪器,0,1.00
A1000177,2018/4/29,MK-17905,一级,华东,上海,家具,用具,Advantus,"Advantus 闹钟,0,1.00
A1000178,2018/4/29,GT-14755,标准级,华东,福建,办公用品,美术,Boston,"Boston 钢笔,0,1.00
A1000181,2018/4/30,GT-14755,标准级,中南,广东,办公用品,器具,Hamilton Beach,"Hamilton Beach 咖啡研磨机,0,1.00
A1000181,2018/4/30,AG-10900,标准级,中南,广东,办公用品,收纳具,Fellowes,"Fellowes 盘,0,1.00
A1000180,2018/4/30,AG-10900,标准级,西南,重庆,办公用品,纸张,Eaton,"Eaton 信纸,0,1.00
A1000183,2018/5/1,AG-10900,二级,华东,江苏,家具,椅子,Harbour Creations,"Harbour Creations 扶手椅,0,1.00
A1000184,2018/5/1,AG-10900,标准级,中南,广西,办公用品,标签,Novimex,"Novimex 文件夹标签,0,1.00
A1000182,2018/5/1,MM-18280,标准级,中南,湖北,家具,用具,Advantus,"Advantus 分层置放架,0,1.00
A1000182,2018/5/1,AR-10405,标准级,中南,湖北,技术,电话,摩托罗拉,"摩托罗拉 耳机,0,1.00
A1000185,2018/5/2,RA-19915,标准级,西南,重庆,办公用品,美术,Boston,"Boston 记号笔,0,1.00
A1000185,2018/5/2,RA-19915,标准级,西南,重庆,技术,设备,柯尼卡,"柯尼卡 电话,0,1.00
A1000186,2018/5/3,RA-19915,二级,华北,内蒙古,办公用品,信封,Kraft,"Kraft 外皮和封条,0,1.00
A1000186,2018/5/3,AS-10285,二级,华北,内蒙古,办公用品,器具,Cuisinart,"Cuisinart 咖啡研磨机,0,1.00
A1000186,2018/5/3,AS-10285,二级,华北,内蒙古,技术,复印机,惠普,"惠普 传真机,0,1.00
A1000189,2018/5/3,LA-16780,标准级,华东,山东,办公用品,标签,Hon,"Hon 文件夹标签,0,1.00
A1000189,2018/5/3,DO-13435,标准级,华东,山东,技术,电话,思科,"思科 办公室电话机,0,1.00
A1000187,2018/5/3,DO-13435,二级,华东,福建,办公用品,标签,Harbour Creations,"Harbour Creations 圆形标签,0,1.00
A1000187,2018/5/3,DK-13225,二级,华东,福建,办公用品,用品,Elite,"Elite 尺子,0,1.00
A1000188,2018/5/3,DK-13225,标准级,中南,广东,办公用品,纸张,Eaton,"Eaton 令,0,1.00
A1000193,2018/5/4,NG-18430,一级,华东,福建,技术,复印机,Brother,"Brother 墨水,0,1.00
A1000193,2018/5/4,MV-18190,一级,华东,福建,技术,电话,思科,"思科 耳机,0,1.00
A1000190,2018/5/4,MV-18190,二级,中南,广东,办公用品,系固件,Stockwell,"Stockwell 订书钉,0,1.00
A1000191,2018/5/4,JG-15115,二级,中南,广东,办公用品,器具,Cuisinart,"Cuisinart 炉灶,0,1.00
A1000190,2018/5/4,JG-15115,二级,中南,广东,家具,书架,宜家,"宜家 书架,0,1.00
A1000190,2018/5/4,BP-11095,二级,中南,广东,家具,椅子,Harbour Creations,"Harbour Creations 摇椅,0,1.00
A1000190,2018/5/4,VP-21730,二级,中南,广东,家具,椅子,Safco,"SAFCO 扶手椅,0,1.00
A1000191,2018/5/4,SS-20140,二级,中南,广东,家具,书架,Dania,"Dania 古典书架,0,1.00
A1000190,2018/5/4,SS-20140,二级,中南,广东,技术,配件,Enermax,"Enermax 闪存驱动器,0,1.00
A1000191,2018/5/4,HP-14815,二级,中南,广东,技术,设备,爱普生,"爱普生 喷墨打印机,0,1.00
A1000192,2018/5/4,AG-10675,标准级,西北,陕西,技术,设备,爱普生,"爱普生 计算器,0,1.00
A1000194,2018/5/4,AG-10675,标准级,华东,山东,办公用品,收纳具,Eldon,"Eldon 盒,0,1.00
A1000195,2018/5/5,AG-10675,标准级,中南,广东,家具,椅子,Novimex,"Novimex 扶手椅,0,1.00
A1000197,2018/5/6,AG-10675,当日,西南,云南,技术,配件,贝尔金,"贝尔金 鼠标,0,1.00
A1000196,2018/5/6,LF-17185,二级,中南,广东,办公用品,收纳具,Fellowes,"Fellowes 盒,0,1.00
A1000198,2018/5/6,SP-20650,标准级,东北,黑龙江,家具,用具,Deflect-O,"Deflect-O 相框,0,1.00
A1000199,2018/5/7,RF-19840,标准级,东北,吉林,办公用品,装订机,Avery,"Avery 孔加固材料,0,1.00
A1000202,2018/5/9,KH-16510,当日,华东,山东,技术,复印机,佳能,"佳能 传真复印机,0,1.00
A1000201,2018/5/9,KH-16510,二级,华北,北京,办公用品,收纳具,Fellowes,"Fellowes 搁板,0,1.00
A1000201,2018/5/9,KH-16510,二级,华北,北京,办公用品,用品,Kleencut,"Kleencut 尺子,0,1.00
A1000204,2018/5/9,KH-16510,一级,中南,湖北,技术,复印机,Hewlett,"Hewlett 个人复印机,0,1.00
A1000203,2018/5/9,KH-16510,标准级,中南,广东,办公用品,用品,Kleencut,"Kleencut 美工刀,0,1.00
A1000200,2018/5/9,KH-16510,二级,中南,广西,办公用品,收纳具,Rogers,"Rogers 锁柜,0,1.00
A1000200,2018/5/9,KH-16510,二级,中南,广西,办公用品,纸张,Green Bar,"Green Bar 信纸,0,1.00
A1000205,2018/5/10,KH-16510,二级,华北,天津,办公用品,器具,Cuisinart,"Cuisinart 咖啡研磨机,0,1.00
A1000206,2018/5/10,KH-16510,标准级,东北,辽宁,办公用品,系固件,Advantus,"Advantus 橡皮筋,0,1.00
A1000207,2018/5/11,KC-16675,标准级,西北,陕西,办公用品,系固件,Advantus,"Advantus 夹子,0,1.00
A1000208,2018/5/11,KC-16675,标准级,东北,黑龙江,技术,配件,贝尔金,"贝尔金 闪存驱动器,0,1.00
A1000212,2018/5/12,CJ-12010,一级,东北,吉林,办公用品,器具,Breville,"Breville 微波炉,0,1.00
A1000212,2018/5/12,PB-19150,一级,东北,吉林,办公用品,用品,Elite,"Elite 修剪器,0,1.00
A1000212,2018/5/12,VB-21745,一级,东北,吉林,办公用品,用品,Stiletto,"Stiletto 大剪刀,0,1.00
A1000210,2018/5/12,SP-20860,标准级,中南,广东,办公用品,纸张,施乐,"施乐 备忘录便条,0,1.00
A1000209,2018/5/12,SP-20860,标准级,华东,江苏,办公用品,标签,Avery,"Avery 可去除的标签,0,1.00
A1000209,2018/5/12,JE-15745,标准级,华东,江苏,办公用品,美术,Boston,"Boston 钢笔,0,1.00
A1000209,2018/5/12,MP-17965,标准级,华东,江苏,办公用品,装订机,Ibico,"Ibico 装订机,0,1.00
A1000209,2018/5/12,MP-17965,标准级,华东,江苏,家具,用具,Rubbermaid,"Rubvermaid 相框,0,1.00
A1000211,2018/5/12,NF-18385,标准级,中南,河南,办公用品,纸张,Enermax,"Enermax 信纸,0,1.00
A1000213,2018/5/12,JM-15265,标准级,中南,湖南,办公用品,器具,Hamilton Beach,"Hamilton Beach 炉灶,0,1.00
A1000217,2018/5/13,JM-15265,二级,东北,辽宁,办公用品,收纳具,Tenex,"Tenex 搁板,0,1.00
A1000216,2018/5/13,SD-20485,二级,华北,北京,家具,书架,Dania,"Dania 书库,0,1.00
A1000214,2018/5/13,KH-16630,标准级,中南,湖南,办公用品,收纳具,Tenex,"Tenex 文件夹,0,1.00
A1000215,2018/5/13,RB-19795,标准级,华北,河北,办公用品,器具,Hoover,"Hoover 微波炉,0,1.00
A1000215,2018/5/13,RB-19795,标准级,华北,河北,办公用品,用品,Stiletto,"Stiletto 修剪器,0,1.00
A1000215,2018/5/13,RB-19795,标准级,华北,河北,家具,桌子,Bevis,"Bevis 会议桌,0,1.00
A1000214,2018/5/13,RB-19795,标准级,中南,湖南,技术,设备,松下,"松下 卡片打印机,0,1.00
A1000218,2018/5/15,DB-13060,二级,华东,福建,办公用品,收纳具,Eldon,"Eldon 锁柜,0,1.00
A1000219,2018/5/16,MK-18160,标准级,华北,天津,办公用品,系固件,Stockwell,"Stockwell 橡皮筋,0,1.00
A1000219,2018/5/16,MK-18160,标准级,华北,天津,办公用品,纸张,Enermax,"Enermax 计划信息表,0,1.00
A1000219,2018/5/16,PO-19180,标准级,华北,天津,家具,椅子,Hon,"Hon 摇椅,0,1.00
A1000219,2018/5/16,PO-19180,标准级,华北,天津,技术,设备,StarTech,"StarTech 电话,0,1.00
A1000221,2018/5/16,BB-11545,标准级,东北,吉林,技术,设备,StarTech,"StarTech 计算器,0,1.00
A1000220,2018/5/16,CV-12805,标准级,东北,辽宁,家具,书架,Sauder,"Sauder 书架,0,1.00
A1000225,2018/5/17,PK-19075,二级,中南,河南,办公用品,纸张,Enermax,"Enermax 备忘录便条,0,1.00
A1000227,2018/5/17,PK-19075,标准级,华北,北京,办公用品,收纳具,Smead,"Smead 文件夹,0,1.00
A1000227,2018/5/17,PK-19075,标准级,华北,北京,办公用品,标签,Avery,"Avery 有色标签,0,1.00
A1000227,2018/5/17,PK-19075,标准级,华北,北京,办公用品,用品,Kleencut,"Kleencut 大剪刀,0,1.00
A1000222,2018/5/17,PK-19075,标准级,华北,天津,办公用品,信封,Kraft,"Kraft 商业信封,0,1.00
A1000223,2018/5/17,PK-19075,标准级,华东,安徽,办公用品,标签,Novimex,"Novimex 可去除的标签,0,1.00
A1000223,2018/5/17,TB-21595,标准级,华东,安徽,办公用品,纸张,施乐,"施乐 信纸,0,1.00
A1000222,2018/5/17,RB-19360,标准级,华北,天津,家具,椅子,Hon,"Hon 折叠椅,0,1.00
A1000227,2018/5/17,RB-19360,标准级,华北,北京,技术,设备,柯尼卡,"柯尼卡 打印机,0,1.00
A1000226,2018/5/17,RB-19360,二级,东北,辽宁,办公用品,收纳具,Fellowes,"Fellowes 锁柜,0,1.00
A1000226,2018/5/17,RB-19360,二级,东北,辽宁,办公用品,美术,Sanford,"Sanford 钢笔,0,1.00
A1000224,2018/5/17,RB-19360,标准级,东北,辽宁,办公用品,器具,KitchenAid,"KitchenAid 搅拌机,0,1.00
A1000224,2018/5/17,RB-19360,标准级,东北,辽宁,办公用品,收纳具,Rogers,"Rogers 盒,0,1.00
A1000224,2018/5/17,EB-13705,标准级,东北,辽宁,办公用品,纸张,Eaton,"Eaton 计划信息表,0,1.00
A1000228,2018/5/18,EB-13705,一级,中南,湖南,家具,用具,Tenex,"Tenex 分层置放架,0,1.00
A1000229,2018/5/19,KH-16630,标准级,西南,四川,办公用品,装订机,Avery,"Avery 打孔机,0,1.00
A1000229,2018/5/19,SC-20095,标准级,西南,四川,办公用品,装订机,Avery,"Avery 订书机,0,1.00
A1000230,2018/5/19,NF-18385,标准级,西南,四川,办公用品,器具,Hamilton Beach,"Hamilton Beach 烤面包机,0,1.00
A1000231,2018/5/20,NF-18385,当日,中南,河南,办公用品,纸张,Enermax,"Enermax 令,0,1.00
A1000231,2018/5/20,JH-15985,当日,中南,河南,家具,椅子,Harbour Creations,"Harbour Creations 摇椅,0,1.00
A1000231,2018/5/20,JH-15985,当日,中南,河南,家具,用具,Deflect-O,"Deflect-O 框架,0,1.00
A1000231,2018/5/20,JH-15985,当日,中南,河南,技术,配件,Enermax,"Enermax 键盘,0,1.00
A1000234,2018/5/20,TN-21040,二级,华北,河北,办公用品,标签,Avery,"Avery 运输标签,0,1.00
A1000233,2018/5/20,TN-21040,标准级,华东,浙江,办公用品,用品,Fiskars,"Fiskars 修剪器,0,1.00
A1000232,2018/5/20,TN-21040,标准级,中南,河南,技术,配件,Enermax,"Enermax 键盘,0,1.00
A1000235,2018/5/20,TN-21040,标准级,西南,云南,家具,椅子,Harbour Creations,"Harbour Creations 折叠椅,0,1.00
A1000237,2018/5/21,TN-21040,二级,华东,安徽,技术,配件,Enermax,"Enermax 鼠标,0,1.00
A1000238,2018/5/21,JS-15940,标准级,中南,河南,办公用品,装订机,Avery,"Avery 孔加固材料,0,1.00
A1000236,2018/5/21,DS-13180,标准级,华东,安徽,技术,电话,苹果,"苹果 耳机,0,1.00
A1000241,2018/5/23,CC-12670,当日,西北,甘肃,家具,椅子,Safco,"SAFCO 折叠椅,0,1.00
A1000241,2018/5/23,MH-17785,当日,西北,甘肃,技术,复印机,Hewlett,"Hewlett 墨水,0,1.00
A1000242,2018/5/23,JP-15520,二级,华东,安徽,家具,椅子,Office Star,"Office Star 椅垫,0,1.00
A1000239,2018/5/23,JP-15520,二级,华东,浙江,家具,用具,Eldon,"Eldon 框架,0,1.00
A1000240,2018/5/23,JP-15520,标准级,东北,辽宁,技术,配件,罗技,"罗技 闪存驱动器,0,1.00
A1000243,2018/5/23,JP-15520,二级,东北,吉林,办公用品,纸张,Eaton,"Eaton 计划信息表,0,1.00
A1000243,2018/5/23,JP-15520,二级,东北,吉林,办公用品,美术,Boston,"Boston 画布,0,1.00
A1000243,2018/5/23,JP-15520,二级,东北,吉林,家具,书架,Sauder,"Sauder 书库,0,1.00
A1000243,2018/5/23,KH-16690,二级,东北,吉林,技术,配件,Enermax,"Enermax 闪存驱动器,0,1.00
A1000247,2018/5/24,JE-15475,二级,华东,安徽,办公用品,纸张,Green Bar,"Green Bar 令,0,1.00
A1000247,2018/5/24,JG-15805,二级,华东,安徽,家具,椅子,Novimex,"Novimex 扶手椅,0,1.00
A1000246,2018/5/24,JG-15805,标准级,中南,海南,办公用品,收纳具,Smead,"Smead 文件车,0,1.00
A1000245,2018/5/24,XP-21865,标准级,华东,山东,办公用品,收纳具,Rogers,"Rogers 搁板,0,1.00
A1000244,2018/5/24,EM-14065,标准级,华北,北京,办公用品,标签,Harbour Creations,"Harbour Creations 文件夹标签,0,1.00
A1000249,2018/5/25,EM-14065,标准级,华北,内蒙古,办公用品,标签,Avery,"Avery 运输标签,0,1.00
A1000248,2018/5/25,MT-18070,标准级,华东,上海,办公用品,用品,Fiskars,"Fiskars 剪刀,0,1.00
A1000248,2018/5/25,MT-18070,标准级,华东,上海,技术,复印机,佳能,"佳能 传真机,0,1.00
A1000251,2018/5/27,MT-18070,标准级,华北,内蒙古,办公用品,信封,Jiffy,"Jiffy 搭扣信封,0,1.00
A1000251,2018/5/27,SA-20830,标准级,华北,内蒙古,办公用品,收纳具,Fellowes,"Fellowes 搁板,0,1.00
A1000250,2018/5/27,CW-11905,标准级,东北,辽宁,办公用品,标签,Smead,"Smead 圆形标签,0,1.00
A1000253,2018/5/28,CW-11905,标准级,华北,河北,办公用品,标签,Novimex,"Novimex 圆形标签,0,1.00
A1000253,2018/5/28,CW-11905,标准级,华北,河北,家具,书架,Dania,"Dania 墙角架,0,1.00
A1000253,2018/5/28,AJ-10960,标准级,华北,河北,家具,椅子,Harbour Creations,"Harbour Creations 凳子,0,1.00
A1000253,2018/5/28,AJ-10960,标准级,华北,河北,家具,椅子,Office Star,"Office Star 椅垫,0,1.00
A1000253,2018/5/28,SS-20590,标准级,华北,河北,家具,用具,Tenex,"Tenex 分层置放架,0,1.00
A1000253,2018/5/28,RO-19780,标准级,华北,河北,家具,用具,Tenex,"Tenex 门挡,0,1.00
A1000253,2018/5/28,MD-17350,标准级,华北,河北,技术,配件,Enermax,"Enermax 闪存驱动器,0,1.00
A1000253,2018/5/28,SC-20095,标准级,华北,河北,技术,配件,贝尔金,"贝尔金 路由器,0,1.00
A1000252,2018/5/28,SC-20095,标准级,中南,河南,办公用品,标签,Avery,"Avery 圆形标签,0,1.00
A1000252,2018/5/28,SC-20095,标准级,中南,河南,办公用品,美术,Boston,"Boston 荧光笔,0,1.00
A1000252,2018/5/28,SC-20095,标准级,中南,河南,办公用品,装订机,Acco,"Acco 孔加固材料,0,1.00
A1000303,2018/6/14,CK-12205,一级,华北,天津,技术,配件,贝尔金,"贝尔金 记忆卡,0,1.00
A1000305,2018/6/14,CK-12205,标准级,中南,湖北,办公用品,收纳具,Eldon,"Eldon 文件夹,0,1.00
A1000305,2018/6/14,AS-10240,标准级,中南,湖北,办公用品,装订机,Cardinal,"Cardinal 孔加固材料,0,1.00
A1000305,2018/6/14,AS-10240,标准级,中南,湖北,家具,书架,Safco,"Safco 书库,0,1.00
A1000305,2018/6/14,AR-10510,标准级,中南,湖北,技术,电话,三星,"三星 智能手机,0,1.00
A1000299,2018/6/14,AR-10510,标准级,东北,辽宁,办公用品,信封,Ames,"Ames 外皮和封条,0,1.00
A1000301,2018/6/14,NB-18655,标准级,西南,重庆,办公用品,信封,Cameo,"Cameo 马尼拉纸信封,0,1.00
A1000301,2018/6/14,GD-14590,标准级,西南,重庆,办公用品,美术,Sanford,"Sanford 速写本,0,1.00
A1000304,2018/6/14,GD-14590,标准级,华东,山东,家具,用具,Deflect-O,"Deflect-O 分层置放架,0,1.00
A1000308,2018/6/15,CK-12595,标准级,中南,广东,办公用品,信封,Cameo,"Cameo 马尼拉纸信封,0,1.00
A1000309,2018/6/16,NG-18355,一级,西南,四川,办公用品,装订机,Avery,"Avery 装订机,0,1.00
A1000309,2018/6/16,NG-18355,一级,西南,四川,办公用品,装订机,Ibico,"Ibico 订书机,0,1.00
A1000310,2018/6/16,CA-12265,标准级,西南,四川,家具,书架,Safco,"Safco 书架,0,1.00
A1000312,2018/6/17,SF-20965,标准级,东北,黑龙江,办公用品,器具,KitchenAid,"KitchenAid 微波炉,0,1.00
A1000312,2018/6/17,LC-17140,标准级,东北,黑龙江,办公用品,系固件,Stockwell,"Stockwell 订书钉,0,1.00
A1000315,2018/6/18,BD-11605,二级,中南,广东,办公用品,标签,Hon,"Hon 可去除的标签,0,1.00
A1000314,2018/6/18,BD-11605,二级,东北,辽宁,办公用品,系固件,Stockwell,"Stockwell 夹子,0,1.00
A1000314,2018/6/18,DJ-13420,二级,东北,辽宁,办公用品,美术,Sanford,"Sanford 钢笔,0,1.00
A1000314,2018/6/18,ME-17725,二级,东北,辽宁,技术,电话,思科,"思科 智能手机,0,1.00
A1000316,2018/6/19,RB-19465,标准级,中南,河南,办公用品,收纳具,Smead,"Smead 盒,0,1.00
A1000318,2018/6/20,JD-16150,标准级,西南,四川,办公用品,纸张,SanDisk,"SanDisk 信纸,0,1.00
A1000322,2018/6/22,SC-20305,标准级,华北,河北,办公用品,信封,GlobeWeis,"GlobeWeis 马尼拉纸信封,0,1.00
A1000322,2018/6/22,TW-21025,标准级,华北,河北,办公用品,器具,Cuisinart,"Cuisinart 搅拌机,0,1.00
A1000322,2018/6/22,BB-10990,标准级,华北,河北,办公用品,用品,Stiletto,"Stiletto 美工刀,0,1.00
A1000319,2018/6/22,AR-10825,标准级,华东,上海,办公用品,系固件,OIC,"OIC 图钉,0,1.00
A1000322,2018/6/22,AR-10405,标准级,华北,河北,家具,椅子,Office Star,"Office Star 椅垫,0,1.00
A1000324,2018/6/23,AR-10405,二级,华东,山东,办公用品,器具,Breville,"Breville 搅拌机,0,1.00
A1000328,2018/6/23,CB-12025,二级,中南,湖南,办公用品,系固件,Stockwell,"Stockwell 按钉,0,1.00
A1000323,2018/6/23,CB-12025,标准级,西南,云南,办公用品,信封,GlobeWeis,"GlobeWeis 局间信封,0,1.00
A1000323,2018/6/23,RC-19825,标准级,西南,云南,办公用品,系固件,Stockwell,"Stockwell 夹子,0,1.00
A1000323,2018/6/23,TH-21235,标准级,西南,云南,办公用品,纸张,Eaton,"Eaton 备忘录便条,0,1.00
A1000323,2018/6/23,TH-21235,标准级,西南,云南,办公用品,美术,Stanley,"Stanley 记号笔,0,1.00
A1000323,2018/6/23,TH-21235,标准级,西南,云南,家具,书架,Bush,"Bush 书库,0,1.00
A1000323,2018/6/23,RP-19390,标准级,西南,云南,家具,桌子,Barricks,"Barricks 培训桌,0,1.00
A1000323,2018/6/23,MO-17800,标准级,西南,云南,家具,椅子,Safco,"SAFCO 摇椅,0,1.00
A1000326,2018/6/23,MO-17800,标准级,东北,黑龙江,办公用品,器具,KitchenAid,"KitchenAid 咖啡研磨机,0,1.00
A1000327,2018/6/23,TD-20995,标准级,中南,湖南,家具,椅子,Office Star,"Office Star 摇椅,0,1.00
A1000332,2018/6/24,RB-19570,二级,东北,黑龙江,办公用品,纸张,Eaton,"Eaton 备忘录便条,0,1.00
A1000332,2018/6/24,CD-11980,二级,东北,黑龙江,技术,复印机,佳能,"佳能 墨水,0,1.00
A1000331,2018/6/24,DJ-13630,标准级,华东,江苏,办公用品,器具,KitchenAid,"KitchenAid 微波炉,0,1.00
A1000331,2018/6/24,DJ-13630,标准级,华东,江苏,办公用品,装订机,Cardinal,"Cardinal 孔加固材料,0,1.00
A1000330,2018/6/24,DJ-13630,标准级,中南,广东,家具,椅子,Novimex,"Novimex 椅垫,0,1.00
A1000334,2018/6/25,GT-14635,当日,华东,安徽,办公用品,美术,BIC,"BIC 画布,0,1.00
A1000333,2018/6/25,MC-17845,标准级,中南,广东,办公用品,纸张,SanDisk,"SanDisk 令,0,1.00
A1000333,2018/6/25,MC-17845,标准级,中南,广东,办公用品,装订机,Wilson Jones,"Wilson Jones 装订机盖,0,1.00
A1000345,2018/6/29,BN-11470,标准级,西南,云南,办公用品,信封,Ames,"Ames 邮寄品,0,1.00
A1000347,2018/6/30,BN-11470,一级,华东,山东,办公用品,用品,Kleencut,"Kleencut 尺子,0,1.00
A1000346,2018/6/30,BN-11470,标准级,华北,天津,办公用品,纸张,施乐,"施乐 计划信息表,0,1.00
A1000350,2018/7/2,TH-21550,一级,华北,山西,办公用品,信封,Kraft,"Kraft 外皮和封条,0,1.00
A1000355,2018/7/5,KC-16540,二级,西南,重庆,办公用品,用品,Kleencut,"Kleencut 美工刀,0,1.00
A1000358,2018/7/6,RD-19810,标准级,东北,吉林,技术,电话,思科,"思科 耳机,0,1.00
A1000362,2018/7/8,EG-13900,一级,中南,湖北,办公用品,标签,Avery,"Avery 可去除的标签,0,1.00
A1000362,2018/7/8,DS-13030,一级,中南,湖北,办公用品,装订机,Cardinal,"Cardinal 订书机,0,1.00
A1000373,2018/7/20,CS-12250,一级,华东,安徽,办公用品,装订机,Acco,"Acco 装订机盖,0,1.00
A1000374,2018/7/20,LE-16810,标准级,华北,河北,家具,椅子,Hon,"Hon 椅垫,0,1.00
A1000381,2018/7/27,EA-14035,二级,西北,新疆,办公用品,纸张,Eaton,"Eaton 令,0,1.00
A1000388,2018/7/29,SA-20830,一级,华东,安徽,办公用品,收纳具,Smead,"Smead 文件车,0,1.00
A1000392,2018/8/1,CD-11920,标准级,华北,河北,技术,电话,思科,"思科 充电器,0,1.00
A1000398,2018/8/3,ZC-21910,标准级,西南,四川,家具,用具,Deflect-O,"Deflect-O 门挡,0,1.00
A1000402,2018/8/5,PJ-19015,当日,华北,天津,办公用品,收纳具,Tenex,"Tenex 搁板,0,1.00
A1000404,2018/8/6,TR-21325,二级,中南,广西,家具,椅子,Novimex,"Novimex 扶手椅,0,1.00
A1000406,2018/8/6,PG-18820,二级,中南,湖北,家具,椅子,Safco,"SAFCO 摇椅,0,1.00
A1000412,2018/8/9,JB-15400,二级,华北,天津,办公用品,器具,Hamilton Beach,"Hamilton Beach 炉灶,0,1.00
A1000412,2018/8/9,LH-17020,二级,华北,天津,办公用品,用品,Elite,"Elite 开信刀,0,1.00
A1000421,2018/8/10,AF-10885,二级,西北,陕西,技术,配件,SanDisk,"SanDisk 鼠标,0,1.00
A1000420,2018/8/10,AF-10885,标准级,中南,广东,办公用品,收纳具,Eldon,"Eldon 文件夹,0,1.00
A1000426,2018/8/11,CM-12445,标准级,华东,山东,家具,书架,宜家,"宜家 柜,0,1.00
A1000425,2018/8/11,CM-12445,标准级,中南,湖南,技术,配件,Enermax,"Enermax 路由器,0,1.00
A1000428,2018/8/12,AJ-10795,二级,东北,辽宁,办公用品,标签,Smead,"Smead 可去除的标签,0,1.00
A1000435,2018/8/15,CC-12430,标准级,西北,陕西,家具,椅子,Hon,"Hon 凳子,0,1.00
A1000434,2018/8/15,CC-12430,标准级,东北,吉林,技术,电话,苹果,"苹果 智能手机,0,1.00
A1000501,2018/9/9,RH-19495,一级,华东,山东,办公用品,信封,Ames,"Ames 外皮和封条,0,1.00
A1000501,2018/9/9,RH-19495,一级,华东,山东,办公用品,收纳具,Smead,"Smead 盒,0,1.00
A1000499,2018/9/9,PO-18850,标准级,华东,山东,技术,设备,冲电器,"冲电器 卡片打印机,0,1.00
A1000503,2018/9/10,VG-21790,一级,东北,吉林,办公用品,收纳具,Fellowes,"Fellowes 文件夹,0,1.00
A1000503,2018/9/10,PF-19165,一级,东北,吉林,办公用品,装订机,Wilson Jones,"Wilson Jones 打孔机,0,1.00
A1000503,2018/9/10,PF-19165,一级,东北,吉林,办公用品,装订机,Wilson Jones,"Wilson Jones 装订机,0,1.00
A1000502,2018/9/10,JS-15880,标准级,华东,山东,办公用品,收纳具,Smead,"Smead 盒,0,1.00
A1000505,2018/9/11,KM-16225,一级,东北,黑龙江,办公用品,器具,Hoover,"Hoover 咖啡研磨机,0,1.00
A1000505,2018/9/11,GT-14710,一级,东北,黑龙江,办公用品,装订机,Ibico,"Ibico 打孔机,0,1.00
A1000508,2018/9/13,DE-13255,一级,东北,黑龙江,办公用品,系固件,Stockwell,"Stockwell 图钉,0,1.00
A1000517,2018/9/15,NS-18640,一级,西南,云南,家具,桌子,Barricks,"Barricks 电脑桌,0,1.00
A1000514,2018/9/15,SN-20710,二级,西北,甘肃,技术,电话,苹果,"苹果 音频基座,0,1.00
A1000515,2018/9/15,ZC-21910,标准级,华东,江苏,办公用品,器具,Breville,"Breville 咖啡研磨机,0,1.00
A1000524,2018/9/19,TS-21160,二级,西北,陕西,技术,电话,摩托罗拉,"摩托罗拉 办公室电话机,0,1.00
A1000533,2018/9/21,CC-12100,一级,华东,浙江,办公用品,装订机,Cardinal,"Cardinal 订书机,0,1.00
A1000530,2018/9/21,DW-13540,二级,华东,山东,办公用品,信封,Kraft,"Kraft 搭扣信封,0,1.00
A1000532,2018/9/21,KD-16270,标准级,华北,内蒙古,办公用品,用品,Acme,"Acme 大剪刀,0,1.00
A1000535,2018/9/22,LC-16870,二级,中南,河南,办公用品,标签,Novimex,"Novimex 可去除的标签,0,1.00
A1000539,2018/9/23,LW-16990,标准级,华北,河北,办公用品,系固件,Accos,"Accos 订书钉,0,1.00
A1000541,2018/9/23,PS-19045,标准级,中南,广东,办公用品,收纳具,Rogers,"Rogers 搁板,0,1.00
A1000541,2018/9/23,PV-18985,标准级,中南,广东,办公用品,系固件,Stockwell,"Stockwell 图钉,0,1.00
A1000540,2018/9/23,RP-19390,标准级,华东,上海,家具,椅子,Harbour Creations,"Harbour Creations 扶手椅,0,1.00
A1000541,2018/9/23,NM-18520,标准级,中南,广东,家具,椅子,Novimex,"Novimex 椅垫,0,1.00
A1000543,2018/9/24,EH-13945,二级,西南,重庆,办公用品,纸张,SanDisk,"SanDisk 笔记本,0,1.00
A1000544,2018/9/24,RA-19915,标准级,华东,安徽,技术,设备,柯尼卡,"柯尼卡 电话,0,1.00
A1000545,2018/9/25,HL-15040,标准级,中南,河南,办公用品,装订机,Avery,"Avery 孔加固材料,0,1.00
A1000547,2018/9/26,BD-11605,一级,东北,黑龙江,办公用品,装订机,Avery,"Avery 孔加固材料,0,1.00
A1000557,2018/9/27,AP-10915,标准级,西南,四川,办公用品,装订机,Acco,"Acco 装订机盖,0,1.00
A1000567,2018/9/30,PS-19045,标准级,华东,浙江,家具,用具,Advantus,"Advantus 闹钟,0,1.00
A1000565,2018/9/30,AA-10315,标准级,西南,西藏,办公用品,系固件,OIC,"OIC 按钉,0,1.00
A1000571,2018/10/3,KC-16540,标准级,中南,广东,家具,椅子,Hon,"Hon 折叠椅,0,1.00
A1000573,2018/10/4,DP-13105,标准级,华北,北京,技术,配件,Enermax,"Enermax 记忆卡,0,1.00
A1000576,2018/10/4,AB-10060,标准级,中南,河南,办公用品,装订机,Acco,"Acco 打孔机,0,1.00
A1000582,2018/10/5,AT-10435,二级,华东,山东,办公用品,器具,Cuisinart,"Cuisinart 微波炉,0,1.00
A1000579,2018/10/5,JE-15745,二级,东北,辽宁,技术,复印机,佳能,"佳能 无线传真机,0,1.00
A1000580,2018/10/5,HR-14830,标准级,华东,江西,办公用品,用品,Kleencut,"Kleencut 剪刀,0,1.00
A1000586,2018/10/6,NG-18355,二级,东北,黑龙江,办公用品,美术,Stanley,"Stanley 荧光笔,0,1.00
A1000596,2018/10/10,BF-11170,一级,东北,辽宁,家具,椅子,Safco,"SAFCO 凳子,0,1.00
A1000598,2018/10/11,ZC-21910,标准级,东北,黑龙江,办公用品,系固件,Accos,"Accos 图钉,0,1.00
A1000608,2018/10/13,PG-18820,一级,东北,辽宁,办公用品,信封,GlobeWeis,"GlobeWeis 马尼拉纸信封,0,1.00
A1000608,2018/10/13,EJ-14155,一级,东北,辽宁,办公用品,标签,Smead,"Smead 圆形标签,0,1.00
A1000616,2018/10/17,SM-20950,二级,中南,湖北,家具,椅子,Harbour Creations,"Harbour Creations 沙滩椅,0,1.00
A1000614,2018/10/17,CS-12355,标准级,中南,湖北,家具,书架,Safco,"Safco 柜,0,1.00
A1000626,2018/10/20,KC-16255,一级,西南,贵州,家具,椅子,Office Star,"Office Star 扶手椅,0,1.00
A1000631,2018/10/21,SA-20830,二级,东北,辽宁,办公用品,收纳具,Eldon,"Eldon 锁柜,0,1.00
A1000639,2018/10/25,TC-21535,标准级,中南,河南,办公用品,标签,Smead,"Smead 运输标签,0,1.00
A1000645,2018/10/26,RC-19825,二级,华东,浙江,技术,电话,诺基亚,"诺基亚 信号增强器,0,1.00
A1000642,2018/10/26,FM-14380,标准级,中南,湖南,办公用品,信封,Jiffy,"Jiffy 局间信封,0,1.00
A1000643,2018/10/26,HG-14965,标准级,华北,河北,办公用品,系固件,Stockwell,"Stockwell 图钉,0,1.00
A1000647,2018/10/27,EB-14170,标准级,华北,河北,办公用品,系固件,Stockwell,"Stockwell 按钉,0,1.00
A1000649,2018/10/28,LE-16810,当日,中南,广东,家具,用具,Tenex,"Tenex 相框,0,1.00
A1000655,2018/10/31,MN-17935,标准级,华东,浙江,办公用品,用品,Acme,"Acme 美工刀,0,1.00
A1000653,2018/10/31,CM-12115,标准级,东北,辽宁,办公用品,标签,Harbour Creations,"Harbour Creations 有色标签,0,1.00
A1000660,2018/11/2,LW-16990,标准级,华北,山西,技术,配件,罗技,"罗技 键区,0,1.00
A1000665,2018/11/4,AB-10600,标准级,华东,安徽,技术,复印机,夏普,"夏普 无线传真机,0,1.00
A1000664,2018/11/4,AB-10600,标准级,华北,天津,办公用品,装订机,Ibico,"Ibico 打孔机,0,1.00
A1000673,2018/11/7,KM-16720,一级,中南,广东,技术,电话,诺基亚,"诺基亚 耳机,0,1.00
A1000676,2018/11/7,KM-16720,标准级,中南,广东,办公用品,用品,Acme,"Acme 美工刀,0,1.00
A1000675,2018/11/7,PP-18955,标准级,中南,湖北,技术,电话,诺基亚,"诺基亚 音频基座,0,1.00
A1000678,2018/11/8,PP-18955,一级,东北,黑龙江,办公用品,收纳具,Eldon,"Eldon 盒,0,1.00
A1000678,2018/11/8,PP-18955,一级,东北,黑龙江,家具,书架,Safco,"Safco 书架,0,1.00
A1000683,2018/11/9,NC-18340,标准级,华北,河北,办公用品,用品,Stiletto,"Stiletto 剪刀,0,1.00
A1000686,2018/11/10,KM-16375,一级,中南,湖北,办公用品,收纳具,Tenex,"Tenex 锁柜,0,1.00
A1000687,2018/11/11,SV-20815,标准级,中南,广东,技术,复印机,夏普,"夏普 墨水,0,1.00
A1000695,2018/11/13,RW-19540,标准级,华东,福建,家具,椅子,Novimex,"Novimex 折叠椅,0,1.00
A1000700,2018/11/16,LT-17110,一级,华东,山东,家具,书架,Safco,"Safco 搁架,0,1.00
A1000705,2018/11/16,ST-20530,标准级,华东,江苏,家具,书架,Bush,"Bush 搁架,0,1.00
A1000708,2018/11/17,SD-20485,一级,华东,浙江,办公用品,系固件,Stockwell,"Stockwell 回形针,0,1.00
A1000708,2018/11/17,SD-20485,一级,华东,浙江,技术,复印机,夏普,"夏普 复印机,0,1.00
A1000707,2018/11/17,JB-15400,标准级,西南,四川,办公用品,收纳具,Rogers,"Rogers 盘,0,1.00
A1000714,2018/11/18,SC-20440,二级,东北,吉林,办公用品,收纳具,Rogers,"Rogers 文件车,0,1.00
A1000718,2018/11/21,MB-17305,二级,中南,海南,技术,电话,摩托罗拉,"摩托罗拉 信号增强器,0,1.00
A1000719,2018/11/21,MB-17305,标准级,中南,广西,办公用品,美术,Boston,"Boston 荧光笔,0,1.00
A1000724,2018/11/22,ON-18715,当日,东北,吉林,办公用品,系固件,Stockwell,"Stockwell 橡皮筋,0,1.00
A1000722,2018/11/22,MK-18160,标准级,华东,山东,办公用品,用品,Stiletto,"Stiletto 开信刀,0,1.00
A1000722,2018/11/22,MK-18160,标准级,华东,山东,技术,复印机,夏普,"夏普 传真复印机,0,1.00
A1000726,2018/11/23,Co-12640,标准级,华北,内蒙古,办公用品,纸张,Eaton,"Eaton 羊皮纸,0,1.00
A1000725,2018/11/23,TS-21370,标准级,华北,山西,办公用品,收纳具,Rogers,"Rogers 文件夹,0,1.00
A1000730,2018/11/24,RF-19840,标准级,中南,广西,家具,椅子,Harbour Creations,"Harbour Creations 椅垫,0,1.00
A1000733,2018/11/25,AR-10540,二级,华东,江西,技术,配件,Memorex,"Memorex 路由器,0,1.00
A1000738,2018/11/25,LS-16975,标准级,中南,河南,技术,复印机,佳能,"佳能 传真机,0,1.00
A1000749,2018/11/29,TB-21400,一级,华北,河北,办公用品,系固件,Advantus,"Advantus 按钉,0,1.00
A1000751,2018/11/30,JF-15490,二级,华东,山东,办公用品,标签,Hon,"Hon 可去除的标签,0,1.00
A1000755,2018/11/30,JM-15655,二级,华东,浙江,办公用品,美术,Sanford,"Sanford 荧光笔,0,1.00
A1000761,2018/12/2,PK-18910,二级,东北,辽宁,办公用品,装订机,Wilson Jones,"Wilson Jones 订书机,0,1.00
A1000765,2018/12/6,AW-10840,标准级,华东,山东,家具,椅子,Office Star,"Office Star 摇椅,0,1.00
A1000770,2018/12/8,NP-18325,标准级,东北,辽宁,办公用品,标签,Avery,"Avery 文件夹标签,0,1.00
A1000770,2018/12/8,NP-18325,标准级,东北,辽宁,家具,用具,Advantus,"Advantus 门挡,0,1.00
A1000781,2018/12/9,MY-18295,二级,中南,广西,办公用品,收纳具,Tenex,"Tenex 盒,0,1.00
A1000784,2018/12/12,ML-17395,标准级,东北,黑龙江,技术,复印机,Brother,"Brother 无线传真机,0,1.00
A1000794,2018/12/14,JK-16120,二级,东北,黑龙江,办公用品,信封,Ames,"Ames 商业信封,0,1.00
A1000794,2018/12/14,PN-18775,二级,东北,黑龙江,办公用品,器具,KitchenAid,"KitchenAid 搅拌机,0,1.00
A1000796,2018/12/15,CL-12565,标准级,华东,山东,家具,用具,Eldon,"Eldon 相框,0,1.00
A1000802,2018/12/17,FH-14365,标准级,西南,云南,办公用品,用品,Fiskars,"Fiskars 尺子,0,1.00
A1000805,2018/12/18,SF-20200,标准级,中南,湖北,家具,用具,Rubbermaid,"Rubvermaid 灯泡,0,1.00
A1000808,2018/12/19,CD-12280,二级,东北,黑龙江,技术,复印机,惠普,"惠普 个人复印机,0,1.00
A1000806,2018/12/19,CD-12280,标准级,华东,江苏,办公用品,用品,Fiskars,"Fiskars 尺子,0,1.00
A1000812,2018/12/21,QJ-19255,当日,西北,陕西,家具,书架,宜家,"宜家 古典书架,0,1.00
A1000811,2018/12/21,NS-18505,一级,西南,云南,办公用品,系固件,Stockwell,"Stockwell 订书钉,0,1.00
A1000815,2018/12/22,MM-17920,一级,华东,山东,办公用品,装订机,Ibico,"Ibico 订书机,0,1.00
A1000817,2018/12/22,SF-20965,标准级,中南,河南,家具,书架,宜家,"宜家 柜,0,1.00
A1000817,2018/12/22,EB-13930,标准级,中南,河南,技术,配件,Enermax,"Enermax 键盘,0,1.00
A1000822,2018/12/23,DK-12835,标准级,东北,辽宁,办公用品,装订机,Avery,"Avery 装订机盖,0,1.00
A1000820,2018/12/23,AB-10255,标准级,华北,山西,技术,复印机,佳能,"佳能 传真机,0,1.00
A1000827,2018/12/24,AG-10900,标准级,东北,黑龙江,办公用品,器具,Breville,"Breville 炉灶,0,1.00
A1000828,2018/12/24,ND-18370,标准级,华东,山东,家具,椅子,Safco,"SAFCO 折叠椅,0,1.00
A1000826,2018/12/24,ND-18370,标准级,中南,湖南,办公用品,系固件,Stockwell,"Stockwell 按钉,0,1.00
A1000831,2018/12/26,JK-15205,标准级,华北,内蒙古,办公用品,系固件,Accos,"Accos 夹子,0,1.00
A1000837,2018/12/27,KD-16495,标准级,中南,广东,家具,椅子,Office Star,"Office Star 折叠椅,0,1.00
A1000847,2018/12/31,EM-14065,标准级,中南,河南,办公用品,装订机,Avery,"Avery 标签,0,1.00
A1000848,2019/1/1,DA-13450,标准级,东北,黑龙江,办公用品,纸张,Eaton,"Eaton 令,0,1.00
A1000867,2019/1/11,BE-11455,二级,西北,甘肃,办公用品,美术,Binney & Smith,"Binney & Smith 钢笔,0,1.00
A1000869,2019/1/12,JF-15565,二级,华北,河北,技术,电话,三星,"三星 智能手机,0,1.00
A1000879,2019/1/18,SP-20620,二级,华东,安徽,办公用品,收纳具,Eldon,"Eldon 锁柜,0,1.00
A1000882,2019/1/20,MC-17575,标准级,东北,吉林,家具,椅子,Safco,"SAFCO 凳子,0,1.00
A1000887,2019/1/23,SA-20830,标准级,西南,重庆,办公用品,美术,Boston,"Boston 速写本,0,1.00
A1000900,2019/1/27,JB-15400,当日,华东,山东,办公用品,装订机,Wilson Jones,"Wilson Jones 装订机盖,0,1.00
A1000903,2019/1/30,NG-18355,二级,华东,山东,办公用品,装订机,Avery,"Avery 标签,0,1.00
A1000905,2019/1/31,ME-18010,标准级,华东,江苏,办公用品,收纳具,Smead,"Smead 文件车,0,1.00
A1000907,2019/2/1,JG-15160,一级,中南,湖南,办公用品,信封,GlobeWeis,"GlobeWeis 外皮和封条,0,1.00
A1000906,2019/2/1,LF-17185,二级,华东,山东,办公用品,系固件,Accos,"Accos 订书钉,0,1.00
A1000916,2019/2/8,AC-10450,标准级,东北,黑龙江,办公用品,标签,Smead,"Smead 合法证物标签,0,1.00
A1000933,2019/2/21,NP-18325,标准级,中南,广东,技术,电话,思科,"思科 耳机,0,1.00
A1000939,2019/2/22,CC-12670,一级,华东,江苏,技术,复印机,Hewlett,"Hewlett 传真机,0,1.00
A1000937,2019/2/22,LW-16990,标准级,华北,天津,家具,书架,宜家,"宜家 书架,0,1.00
A1000936,2019/2/22,CP-12085,标准级,华北,河北,家具,用具,Advantus,"Advantus 闹钟,0,1.00
A1000941,2019/2/24,EA-14035,一级,中南,广西,办公用品,器具,Cuisinart,"Cuisinart 搅拌机,0,1.00
A1000947,2019/2/28,RW-19690,标准级,中南,广西,家具,椅子,Harbour Creations,"Harbour Creations 椅垫,0,1.00
A1000953,2019/3/1,ML-17755,标准级,华东,山东,办公用品,装订机,Acco,"Acco 孔加固材料,0,1.00
A1000959,2019/3/2,JD-16015,二级,西南,四川,技术,电话,三星,"三星 办公室电话机,0,1.00
A1000962,2019/3/5,KT-16465,标准级,中南,广东,家具,书架,宜家,"宜家 古典书架,0,1.00
A1000968,2019/3/7,AS-10090,标准级,中南,广东,办公用品,收纳具,Eldon,"Eldon 搁板,0,1.00
A1000969,2019/3/8,ML-17755,一级,西南,云南,办公用品,系固件,OIC,"OIC 夹子,0,1.00
A1000970,2019/3/9,JS-16030,一级,华东,福建,技术,复印机,Brother,"Brother 复印机,0,1.00
A1000973,2019/3/10,JW-15955,标准级,华东,山东,家具,椅子,Office Star,"Office Star 折叠椅,0,1.00
A1000979,2019/3/12,JF-15190,标准级,中南,广东,家具,桌子,Chromcraft,"Chromcraft 木桌,0,1.00
A1000978,2019/3/12,JF-15190,标准级,华东,福建,技术,复印机,佳能,"佳能 墨水,0,1.00
A1000980,2019/3/13,AM-10705,标准级,中南,湖南,家具,椅子,Hon,"Hon 凳子,0,1.00
A1000982,2019/3/14,BK-11260,二级,华东,江苏,办公用品,纸张,施乐,"施乐 笔记本,0,1.00
A1000982,2019/3/14,RH-19510,二级,华东,江苏,办公用品,装订机,Wilson Jones,"Wilson Jones 装订机,0,1.00
A1000998,2019/3/22,CK-12595,二级,西南,四川,办公用品,信封,Jiffy,"Jiffy 搭扣信封,0,1.00
A1001006,2019/3/26,ZC-21910,当日,华东,江西,办公用品,信封,Jiffy,"Jiffy 局间信封,0,1.00
A1001006,2019/3/26,KA-16525,当日,华东,江西,办公用品,用品,Kleencut,"Kleencut 修剪器,0,1.00
A1001009,2019/3/26,DB-13270,标准级,中南,湖南,办公用品,装订机,Wilson Jones,"Wilson Jones 订书机,0,1.00
A1001011,2019/3/27,ED-13885,标准级,华东,山东,办公用品,美术,Stanley,"Stanley 速写本,0,1.00
A1001013,2019/3/28,IM-15070,标准级,东北,辽宁,办公用品,纸张,SanDisk,"SanDisk 笔记本,0,1.00
A1001022,2019/4/2,KT-16480,标准级,中南,广西,技术,设备,StarTech,"StarTech 收据打印机,0,1.00
A1001021,2019/4/2,AH-10120,标准级,西北,陕西,技术,设备,松下,"松下 电话,0,1.00
A1001024,2019/4/3,BM-11650,一级,华东,山东,技术,设备,StarTech,"StarTech 喷墨打印机,0,1.00
A1001033,2019/4/9,RK-19300,二级,华北,天津,办公用品,收纳具,Tenex,"Tenex 盒,0,1.00
A1001036,2019/4/11,EH-14005,标准级,华东,上海,办公用品,装订机,Avery,"Avery 装订机,0,1.00
A1001046,2019/4/17,GT-14635,二级,中南,湖北,家具,椅子,Safco,"SAFCO 扶手椅,0,1.00
A1001048,2019/4/18,TS-21160,标准级,中南,河南,技术,配件,罗技,"罗技 路由器,0,1.00
A1001047,2019/4/18,DO-13435,标准级,东北,吉林,技术,设备,松下,"松下 计算器,0,1.00
A1001053,2019/4/20,NK-18490,当日,中南,广东,办公用品,装订机,Cardinal,"Cardinal 订书机,0,1.00
A1001054,2019/4/21,JH-15820,二级,华东,安徽,办公用品,装订机,Avery,"Avery 装订机,0,1.00
A1001062,2019/4/27,CJ-12010,标准级,东北,辽宁,办公用品,标签,Novimex,"Novimex 合法证物标签,0,1.00
A1001063,2019/4/27,HK-14890,标准级,华北,山西,技术,设备,松下,"松下 电话,0,1.00
A1001068,2019/5/1,AS-10240,一级,华东,山东,办公用品,装订机,Acco,"Acco 订书机,0,1.00
A1001068,2019/5/1,AP-10915,一级,华东,山东,家具,用具,Advantus,"Advantus 闹钟,0,1.00
A1001067,2019/5/1,AP-10915,标准级,东北,黑龙江,办公用品,收纳具,Tenex,"Tenex 文件车,0,1.00
A1001075,2019/5/3,RB-19705,标准级,中南,河南,办公用品,用品,Elite,"Elite 尺子,0,1.00
A1001076,2019/5/3,VB-21745,标准级,东北,辽宁,家具,用具,Deflect-O,"Deflect-O 分层置放架,0,1.00
A1001083,2019/5/4,NS-18505,二级,中南,湖南,办公用品,信封,Jiffy,"Jiffy 搭扣信封,0,1.00
A1001079,2019/5/4,DB-13555,标准级,中南,广东,办公用品,信封,Cameo,"Cameo 商业信封,0,1.00
A1001079,2019/5/4,MH-17620,标准级,中南,广东,办公用品,标签,Novimex,"Novimex 文件夹标签,0,1.00
A1001084,2019/5/4,DK-13375,标准级,华东,江苏,家具,书架,Safco,"Safco 书架,0,1.00
A1001085,2019/5/7,LA-16780,标准级,东北,黑龙江,办公用品,用品,Kleencut,"Kleencut 尺子,0,1.00
A1001089,2019/5/8,DB-13405,标准级,中南,湖北,办公用品,美术,BIC,"BIC 钢笔,0,1.00
A1001100,2019/5/10,CT-11995,标准级,华东,山东,办公用品,用品,Elite,"Elite 剪刀,0,1.00
A1001106,2019/5/14,HG-14965,标准级,东北,黑龙江,家具,书架,Safco,"Safco 古典书架,0,1.00
A1001113,2019/5/15,MZ-17335,标准级,东北,黑龙江,办公用品,用品,Fiskars,"Fiskars 大剪刀,0,1.00
A1001110,2019/5/15,MZ-17335,标准级,西北,陕西,家具,椅子,Harbour Creations,"Harbour Creations 扶手椅,0,1.00
A1001124,2019/5/17,PJ-18835,标准级,西北,陕西,办公用品,标签,Hon,"Hon 合法证物标签,0,1.00
A1001124,2019/5/17,RS-19420,标准级,西北,陕西,家具,椅子,Novimex,"Novimex 凳子,0,1.00
A1001125,2019/5/17,TS-21160,标准级,华东,山东,办公用品,器具,Breville,"Breville 烤面包机,0,1.00
A1001125,2019/5/17,TS-21160,标准级,华东,山东,办公用品,收纳具,Eldon,"Eldon 文件车,0,1.00
A1001126,2019/5/18,VD-21670,标准级,华东,浙江,家具,用具,Rubbermaid,"Rubvermaid 灯泡,0,1.00
A1001130,2019/5/19,VD-21670,一级,中南,广西,家具,椅子,Office Star,"Office Star 凳子,0,1.00
A1001128,2019/5/19,JL-15505,标准级,华东,山东,办公用品,信封,GlobeWeis,"GlobeWeis 商业信封,0,1.00
A1001131,2019/5/20,SV-20935,标准级,中南,广东,技术,复印机,Brother,"Brother 墨水,0,1.00
A1001132,2019/5/21,BC-11125,标准级,华北,河北,家具,用具,Rubbermaid,"Rubvermaid 分层置放架,0,1.00
A1001135,2019/5/22,EM-13825,二级,华东,江苏,办公用品,用品,Acme,"Acme 开信刀,0,1.00
A1001140,2019/5/23,LA-16780,二级,中南,广东,技术,配件,Memorex,"Memorex 记忆卡,0,1.00
A1001145,2019/5/24,LT-17110,标准级,东北,黑龙江,家具,书架,Safco,"Safco 柜,0,1.00
A1001146,2019/5/24,AM-10360,标准级,华东,山东,家具,书架,Dania,"Dania 搁架,0,1.00
A1001152,2019/5/24,SC-20260,标准级,东北,吉林,办公用品,用品,Kleencut,"Kleencut 美工刀,0,1.00
A1001161,2019/5/26,TP-21130,一级,东北,吉林,技术,电话,摩托罗拉,"摩托罗拉 充电器,0,1.00
A1001174,2019/5/30,AS-10090,当日,中南,广西,办公用品,装订机,Cardinal,"Cardinal 装订机盖,0,1.00
A1001174,2019/5/30,AS-10090,当日,中南,广西,家具,书架,Sauder,"Sauder 搁架,0,1.00
A1001175,2019/5/31,MG-18145,当日,西北,陕西,家具,椅子,Hon,"Hon 椅垫,0,1.00
A1001180,2019/5/31,JA-15970,标准级,中南,湖南,办公用品,系固件,Stockwell,"Stockwell 图钉,0,1.00
A1001176,2019/5/31,PP-18955,标准级,西南,云南,技术,配件,贝尔金,"贝尔金 键区,0,1.00
A1001178,2019/5/31,MC-17590,标准级,东北,黑龙江,办公用品,器具,Cuisinart,"Cuisinart 咖啡研磨机,0,1.00
A1001186,2019/6/1,SV-20935,标准级,中南,广东,办公用品,用品,Kleencut,"Kleencut 美工刀,0,1.00
A1001182,2019/6/1,SV-20935,标准级,中南,广西,办公用品,用品,Acme,"Acme 开信刀,0,1.00
A1001187,2019/6/1,RB-19795,标准级,华东,山东,办公用品,装订机,Acco,"Acco 订书机,0,1.00
A1001189,2019/6/2,PW-19240,二级,华北,天津,技术,电话,苹果,"苹果 音频基座,0,1.00
A1001196,2019/6/5,AF-10870,标准级,中南,河南,办公用品,器具,Hoover,"Hoover 微波炉,0,1.00
A1001197,2019/6/5,AF-10870,标准级,华东,山东,办公用品,信封,Jiffy,"Jiffy 局间信封,0,1.00
A1001195,2019/6/5,AF-10870,二级,华东,山东,家具,书架,Bush,"Bush 柜,0,1.00
A1001209,2019/6/8,JG-15160,一级,中南,湖北,办公用品,信封,GlobeWeis,"GlobeWeis 马尼拉纸信封,0,1.00
A1001207,2019/6/8,SC-20380,标准级,西北,陕西,办公用品,信封,Cameo,"Cameo 局间信封,0,1.00
A1001207,2019/6/8,CS-12460,标准级,西北,陕西,办公用品,信封,Kraft,"Kraft 商业信封,0,1.00
A1001211,2019/6/11,CM-11935,二级,华北,内蒙古,办公用品,信封,Jiffy,"Jiffy 马尼拉纸信封,0,1.00
A1001219,2019/6/12,DC-12850,标准级,东北,吉林,技术,电话,摩托罗拉,"摩托罗拉 信号增强器,0,1.00
A1001221,2019/6/12,AH-10210,标准级,中南,广西,技术,电话,苹果,"苹果 办公室电话机,0,1.00
A1001224,2019/6/13,CB-12535,标准级,华北,河北,办公用品,装订机,Ibico,"Ibico 装订机,0,1.00
A1001227,2019/6/14,TB-21250,标准级,华东,山东,家具,用具,Rubbermaid,"Rubvermaid 门挡,0,1.00
A1001234,2019/6/15,BS-11800,二级,华东,浙江,办公用品,装订机,Avery,"Avery 装订机,0,1.00
A1001231,2019/6/15,KL-16645,标准级,华东,山东,家具,书架,Dania,"Dania 柜,0,1.00
A1001231,2019/6/15,RB-19435,标准级,华东,山东,家具,书架,Safco,"Safco 古典书架,0,1.00
A1001231,2019/6/15,MY-17380,标准级,华东,山东,家具,椅子,Novimex,"Novimex 沙滩椅,0,1.00
A1001229,2019/6/15,NP-18700,标准级,中南,湖北,办公用品,用品,Elite,"Elite 开信刀,0,1.00
A1001237,2019/6/16,CD-12790,标准级,中南,广东,办公用品,装订机,Avery,"Avery 订书机,0,1.00
A1001241,2019/6/18,TT-21220,当日,东北,黑龙江,办公用品,美术,Boston,"Boston 荧光笔,0,1.00
A1001243,2019/6/18,DB-12910,一级,西南,重庆,办公用品,信封,Cameo,"Cameo 局间信封,0,1.00
A1001242,2019/6/18,DJ-13510,二级,华东,山东,办公用品,美术,BIC,"BIC 铅笔刀,0,1.00
A1001246,2019/6/18,SV-20365,标准级,中南,河南,办公用品,系固件,OIC,"OIC 橡皮筋,0,1.00
A1001249,2019/6/19,JM-15865,二级,华东,福建,办公用品,纸张,施乐,"施乐 计划信息表,0,1.00
A1001250,2019/6/20,AB-10105,二级,中南,湖北,办公用品,用品,Fiskars,"Fiskars 大剪刀,0,1.00
A1001254,2019/6/20,PN-18775,二级,东北,辽宁,办公用品,用品,Fiskars,"Fiskars 尺子,0,1.00
A1001259,2019/6/20,MB-17305,一级,华东,安徽,办公用品,装订机,Cardinal,"Cardinal 装订机盖,0,1.00
A1001263,2019/6/23,SD-20485,二级,东北,辽宁,办公用品,标签,Harbour Creations,"Harbour Creations 文件夹标签,0,1.00
A1001265,2019/6/23,CS-12250,标准级,中南,广东,办公用品,纸张,Enermax,"Enermax 令,0,1.00
A1001263,2019/6/23,RA-19285,二级,东北,辽宁,家具,书架,Bush,"Bush 古典书架,0,1.00
A1001263,2019/6/23,RA-19285,二级,东北,辽宁,家具,书架,Sauder,"Sauder 书库,0,1.00
A1001267,2019/6/25,RS-19765,一级,华北,河北,办公用品,信封,Cameo,"Cameo 局间信封,0,1.00
A1001266,2019/6/25,BM-11650,标准级,华北,山西,家具,用具,Advantus,"Advantus 框架,0,1.00
A1001270,2019/6/26,EN-13780,二级,华东,山东,办公用品,美术,Binney & Smith,"Binney & Smith 画布,0,1.00
A1001270,2019/6/26,EN-13780,二级,华东,山东,家具,书架,Safco,"Safco 古典书架,0,1.00
A1001271,2019/6/26,KN-16450,一级,西北,陕西,家具,桌子,Hon,"Hon 圆桌,0,1.00
A1001271,2019/6/26,MG-17890,一级,西北,陕西,家具,椅子,Novimex,"Novimex 椅垫,0,1.00
A1001270,2019/6/26,MC-17590,二级,华东,山东,技术,复印机,佳能,"佳能 传真机,0,1.00
A1001269,2019/6/26,MC-17590,标准级,东北,黑龙江,办公用品,标签,Smead,"Smead 有色标签,0,1.00
A1001280,2019/6/28,SB-20290,标准级,东北,吉林,技术,配件,Enermax,"Enermax 路由器,0,1.00
A1001287,2019/6/29,AB-10150,一级,中南,广东,办公用品,收纳具,Eldon,"Eldon 搁板,0,1.00
A1001289,2019/6/29,TB-21400,标准级,华北,北京,技术,电话,思科,"思科 音频基座,0,1.00
A1001292,2019/6/29,TB-21400,标准级,中南,河南,技术,复印机,佳能,"佳能 传真机,0,1.00
A1001294,2019/6/30,AS-10225,标准级,中南,广西,家具,椅子,Hon,"Hon 椅垫,0,1.00
A1001296,2019/7/2,HR-14830,二级,中南,广东,办公用品,用品,Fiskars,"Fiskars 修剪器,0,1.00
A1001296,2019/7/2,DG-13300,二级,中南,广东,办公用品,装订机,Wilson Jones,"Wilson Jones 标签,0,1.00
A1001296,2019/7/2,CL-12700,二级,中南,广东,技术,复印机,Hewlett,"Hewlett 墨水,0,1.00
A1001300,2019/7/4,NL-18310,一级,东北,辽宁,家具,书架,Bush,"Bush 墙角架,0,1.00
A1001303,2019/7/4,RR-19525,标准级,中南,湖北,办公用品,器具,Hamilton Beach,"Hamilton Beach 烤面包机,0,1.00
A1001304,2019/7/5,SV-20785,标准级,中南,湖北,办公用品,美术,Boston,"Boston 速写本,0,1.00
A1001308,2019/7/6,MH-18115,一级,中南,广西,办公用品,用品,Elite,"Elite 修剪器,0,1.00
A1001313,2019/7/9,CS-12130,标准级,华东,安徽,家具,书架,宜家,"宜家 古典书架,0,1.00
A1001319,2019/7/13,CC-12145,标准级,中南,湖南,办公用品,装订机,Wilson Jones,"Wilson Jones 标签,0,1.00
A1001323,2019/7/16,SE-20110,标准级,华东,山东,技术,配件,贝尔金,"贝尔金 路由器,0,1.00
A1001330,2019/7/19,EB-13750,标准级,中南,河南,办公用品,标签,Harbour Creations,"Harbour Creations 可去除的标签,0,1.00
A1001334,2019/7/20,SC-20770,标准级,东北,辽宁,办公用品,收纳具,Rogers,"Rogers 文件车,0,1.00
A1001337,2019/7/23,TM-21010,标准级,华北,山西,办公用品,收纳具,Rogers,"Rogers 文件夹,0,1.00
A1001347,2019/7/31,RD-19585,标准级,华东,江苏,办公用品,用品,Elite,"Elite 美工刀,0,1.00
A1001348,2019/7/31,JE-15745,二级,中南,河南,技术,配件,罗技,"罗技 闪存驱动器,0,1.00
A1001356,2019/8/3,CD-12790,一级,中南,河南,技术,配件,罗技,"罗技 记忆卡,0,1.00
A1001358,2019/8/3,MD-17860,标准级,中南,广东,技术,配件,SanDisk,"SanDisk 闪存驱动器,0,1.00
A1001360,2019/8/4,BM-11650,标准级,西北,新疆,办公用品,收纳具,Rogers,"Rogers 文件夹,0,1.00
A1001370,2019/8/7,CS-12505,标准级,华东,安徽,办公用品,信封,GlobeWeis,"GlobeWeis 邮寄品,0,1.00
A1001370,2019/8/7,CC-12145,标准级,华东,安徽,办公用品,纸张,SanDisk,"SanDisk 令,0,1.00
A1001370,2019/8/7,MH-18025,标准级,华东,安徽,家具,椅子,Harbour Creations,"Harbour Creations 沙滩椅,0,1.00
A1001374,2019/8/8,MP-18175,当日,东北,吉林,办公用品,用品,Acme,"Acme 修剪器,0,1.00
A1001379,2019/8/9,MT-18070,二级,东北,吉林,家具,桌子,Hon,"Hon 圆桌,0,1.00
A1001382,2019/8/9,MJ-17740,标准级,中南,广西,家具,桌子,Chromcraft,"Chromcraft 培训桌,0,1.00
A1001386,2019/8/10,CA-11965,一级,华东,山东,办公用品,标签,Avery,"Avery 有色标签,0,1.00
A1001394,2019/8/11,AJ-10780,二级,西北,甘肃,办公用品,信封,Cameo,"Cameo 商业信封,0,1.00
A1001391,2019/8/11,VF-21715,二级,华东,福建,家具,书架,Sauder,"Sauder 柜,0,1.00
A1001392,2019/8/11,CC-12370,标准级,中南,湖南,技术,电话,思科,"思科 智能手机,0,1.00
A1001403,2019/8/13,JK-15370,二级,华东,山东,办公用品,标签,Smead,"Smead 文件夹标签,0,1.00
A1001405,2019/8/13,AF-10885,标准级,东北,吉林,家具,椅子,Safco,"SAFCO 沙滩椅,0,1.00
A1001406,2019/8/14,Dp-13240,二级,华东,江苏,办公用品,标签,Hon,"Hon 圆形标签,0,1.00
A1001406,2019/8/14,Dp-13240,二级,华东,江苏,办公用品,装订机,Acco,"Acco 订书机,0,1.00
A1001406,2019/8/14,SD-20485,二级,华东,江苏,家具,书架,宜家,"宜家 书架,0,1.00
A1001409,2019/8/14,EP-13915,标准级,西南,四川,办公用品,器具,Cuisinart,"Cuisinart 冰箱,0,1.00
A1001421,2019/8/15,PG-18895,标准级,东北,吉林,技术,设备,爱普生,"爱普生 喷墨打印机,0,1.00
A1001425,2019/8/16,KH-16330,标准级,华东,安徽,办公用品,美术,Sanford,"Sanford 铅笔刀,0,1.00
A1001425,2019/8/16,ME-17725,标准级,华东,安徽,技术,配件,Memorex,"Memorex 闪存驱动器,0,1.00
A1001434,2019/8/20,JM-16195,标准级,华北,内蒙古,办公用品,器具,Breville,"Breville 冰箱,0,1.00
A1001436,2019/8/21,GT-14710,二级,西北,甘肃,办公用品,收纳具,Fellowes,"Fellowes 锁柜,0,1.00
A1001442,2019/8/22,MP-18175,二级,东北,辽宁,办公用品,标签,Novimex,"Novimex 圆形标签,0,1.00
A1001441,2019/8/22,EM-14140,标准级,东北,辽宁,家具,椅子,Safco,"SAFCO 扶手椅,0,1.00
A1001444,2019/8/23,EM-14140,标准级,华东,山东,办公用品,收纳具,Rogers,"Rogers 文件夹,0,1.00
A1001448,2019/8/24,AY-10555,标准级,东北,黑龙江,办公用品,信封,Kraft,"Kraft 外皮和封条,0,1.00
A1001453,2019/8/25,Co-12640,二级,华北,天津,办公用品,系固件,Stockwell,"Stockwell 回形针,0,1.00
A1001452,2019/8/25,JF-15565,标准级,华北,河北,技术,复印机,惠普,"惠普 复印机,0,1.00
A1001456,2019/8/27,AG-10675,标准级,中南,广东,办公用品,装订机,Ibico,"Ibico 订书机,0,1.00
A1001460,2019/8/28,JB-16045,标准级,东北,黑龙江,家具,椅子,Office Star,"Office Star 摇椅,0,1.00
A1001470,2019/8/29,MC-17635,标准级,西北,甘肃,办公用品,收纳具,Smead,"Smead 文件车,0,1.00
A1001466,2019/8/29,MJ-17740,标准级,中南,广东,家具,书架,Sauder,"Sauder 书库,0,1.00
A1001480,2019/9/1,SR-20425,二级,华北,内蒙古,家具,椅子,Novimex,"Novimex 摇椅,0,1.00
A1001486,2019/9/3,SR-20425,一级,华北,河北,技术,设备,冲电器,"冲电器 打印机,0,1.00
A1001490,2019/9/4,JB-16000,标准级,西南,云南,家具,椅子,Novimex,"Novimex 凳子,0,1.00
A1001494,2019/9/5,AC-10450,二级,中南,广东,办公用品,纸张,Eaton,"Eaton 备忘录便条,0,1.00
A1001494,2019/9/5,AC-10450,二级,中南,广东,家具,椅子,Harbour Creations,"Harbour Creations 折叠椅,0,1.00
A1001495,2019/9/6,AB-10060,二级,华东,山东,办公用品,纸张,SanDisk,"SanDisk 信纸,0,1.00
A1001500,2019/9/7,TC-21475,二级,西北,陕西,技术,电话,苹果,"苹果 办公室电话机,0,1.00
A1001515,2019/9/12,YC-21895,一级,中南,广东,办公用品,装订机,Cardinal,"Cardinal 打孔机,0,1.00
A1001516,2019/9/12,BS-11755,一级,华北,天津,办公用品,用品,Fiskars,"Fiskars 剪刀,0,1.00
A1001516,2019/9/12,KM-16375,一级,华北,天津,家具,用具,Tenex,"Tenex 分层置放架,0,1.00
A1001516,2019/9/12,BT-11530,一级,华北,天津,技术,电话,思科,"思科 智能手机,0,1.00
A1001514,2019/9/12,DW-13480,标准级,中南,广东,办公用品,器具,Breville,"Breville 炉灶,0,1.00
A1001522,2019/9/13,TP-21415,标准级,华东,山东,技术,配件,罗技,"罗技 鼠标,0,1.00
A1001523,2019/9/14,TP-21415,二级,西南,重庆,办公用品,信封,Kraft,"Kraft 搭扣信封,0,1.00
A1001534,2019/9/17,JG-15310,一级,华北,天津,办公用品,装订机,Avery,"Avery 装订机盖,0,1.00
A1001540,2019/9/19,AA-10480,标准级,东北,辽宁,技术,电话,诺基亚,"诺基亚 音频基座,0,1.00
A1001544,2019/9/20,AA-10480,一级,华东,山东,办公用品,收纳具,Fellowes,"Fellowes 文件车,0,1.00
A1001550,2019/9/21,JE-15610,标准级,华北,山西,家具,椅子,Hon,"Hon 扶手椅,0,1.00
A1001551,2019/9/21,JE-15610,标准级,华东,山东,家具,椅子,Novimex,"Novimex 椅垫,0,1.00
A1001548,2019/9/21,BP-11155,标准级,华东,山东,家具,书架,Safco,"Safco 书库,0,1.00
A1001556,2019/9/22,LS-16975,二级,东北,黑龙江,办公用品,系固件,Advantus,"Advantus 橡皮筋,0,1.00
A1001562,2019/9/25,RD-19810,标准级,华东,山东,办公用品,装订机,Cardinal,"Cardinal 标签,0,1.00
A1001563,2019/9/25,NF-18385,标准级,西南,四川,办公用品,收纳具,Eldon,"Eldon 盘,0,1.00
A1001563,2019/9/25,EM-13810,标准级,西南,四川,家具,椅子,Novimex,"Novimex 折叠椅,0,1.00
A1001570,2019/9/26,HF-14995,一级,西南,四川,技术,配件,罗技,"罗技 闪存驱动器,0,1.00
A1001569,2019/9/26,PK-19075,二级,西南,四川,办公用品,系固件,Stockwell,"Stockwell 按钉,0,1.00
A1001569,2019/9/26,KT-16465,二级,西南,四川,办公用品,装订机,Acco,"Acco 装订机,0,1.00
A1001575,2019/9/27,AP-10915,一级,东北,辽宁,办公用品,美术,Boston,"Boston 记号笔,0,1.00
A1001571,2019/9/27,BM-11650,标准级,中南,广东,办公用品,信封,Kraft,"Kraft 邮寄品,0,1.00
A1001577,2019/9/28,RW-19630,一级,中南,河南,办公用品,用品,Kleencut,"Kleencut 美工刀,0,1.00
A1001595,2019/10/2,ES-14080,标准级,西南,重庆,办公用品,器具,Hamilton Beach,"Hamilton Beach 咖啡研磨机,0,1.00
A1001602,2019/10/3,ND-18370,一级,华东,山东,技术,电话,诺基亚,"诺基亚 充电器,0,1.00
A1001601,2019/10/3,RC-19825,一级,东北,辽宁,技术,复印机,夏普,"夏普 传真复印机,0,1.00
A1001600,2019/10/3,CC-12475,标准级,西南,四川,办公用品,用品,Stiletto,"Stiletto 大剪刀,0,1.00
A1001603,2019/10/3,CC-12475,标准级,中南,湖北,办公用品,器具,Hamilton Beach,"Hamilton Beach 咖啡研磨机,0,1.00
A1001612,2019/10/6,MA-17560,一级,西北,陕西,办公用品,收纳具,Smead,"Smead 盒,0,1.00
A1001611,2019/10/6,TS-21205,标准级,东北,吉林,技术,电话,摩托罗拉,"摩托罗拉 充电器,0,1.00
A1001616,2019/10/8,GM-14695,当日,中南,广东,技术,电话,诺基亚,"诺基亚 办公室电话机,0,1.00
A1001615,2019/10/8,KT-16465,标准级,东北,辽宁,办公用品,信封,Kraft,"Kraft 搭扣信封,0,1.00
A1001631,2019/10/9,CS-11950,一级,中南,广西,技术,配件,Memorex,"Memorex 鼠标,0,1.00
A1001629,2019/10/9,SP-20620,标准级,华东,山东,家具,用具,Tenex,"Tenex 闹钟,0,1.00
A1001624,2019/10/9,SP-20620,标准级,华北,天津,技术,电话,三星,"三星 耳机,0,1.00
A1001634,2019/10/10,LW-17215,一级,华东,山东,技术,配件,Memorex,"Memorex 键区,0,1.00
A1001632,2019/10/10,AH-10030,一级,华东,山东,技术,配件,Enermax,"Enermax 记忆卡,0,1.00
A1001633,2019/10/10,TH-21100,标准级,中南,广东,家具,书架,宜家,"宜家 书库,0,1.00
A1001642,2019/10/13,KD-16270,二级,华北,内蒙古,办公用品,装订机,Wilson Jones,"Wilson Jones 标签,0,1.00
A1001645,2019/10/15,KD-16270,当日,华东,山东,办公用品,装订机,Avery,"Avery 标签,0,1.00
A1001643,2019/10/15,GM-14455,二级,西北,陕西,办公用品,美术,BIC,"BIC 速写本,0,1.00
A1001653,2019/10/17,NM-18520,标准级,东北,吉林,技术,复印机,Hewlett,"Hewlett 复印机,0,1.00
A1001653,2019/10/17,AR-10510,标准级,东北,吉林,技术,配件,Enermax,"Enermax 闪存驱动器,0,1.00
A1001660,2019/10/19,NW-18400,标准级,华东,山东,技术,设备,柯尼卡,"柯尼卡 卡片打印机,0,1.00
A1001666,2019/10/20,BS-11755,二级,中南,河南,家具,书架,Bush,"Bush 古典书架,0,1.00
A1001665,2019/10/20,SO-20335,标准级,中南,湖南,技术,配件,Memorex,"Memorex 键盘,0,1.00
A1001669,2019/10/22,TD-20995,标准级,华东,安徽,办公用品,用品,Kleencut,"Kleencut 开信刀,0,1.00
A1001676,2019/10/23,Dp-13240,二级,华东,浙江,家具,书架,Safco,"Safco 书库,0,1.00
A1001674,2019/10/23,Dp-13240,标准级,华东,福建,办公用品,信封,Jiffy,"Jiffy 邮寄品,0,1.00
A1001677,2019/10/23,EH-14185,标准级,东北,辽宁,办公用品,装订机,Avery,"Avery 装订机,0,1.00
A1001681,2019/10/24,CM-12190,标准级,中南,湖北,办公用品,信封,GlobeWeis,"GlobeWeis 外皮和封条,0,1.00
A1001681,2019/10/24,LB-16795,标准级,中南,湖北,办公用品,用品,Fiskars,"Fiskars 开信刀,0,1.00
A1001683,2019/10/24,LB-16795,标准级,华北,山西,办公用品,美术,Stanley,"Stanley 画布,0,1.00
A1001696,2019/10/27,DE-13255,一级,华东,山东,家具,书架,Safco,"Safco 古典书架,0,1.00
A1001698,2019/10/27,LF-17185,标准级,华东,江西,办公用品,纸张,Green Bar,"Green Bar 计划信息表,0,1.00
A1001691,2019/10/27,AB-10165,标准级,中南,广东,技术,电话,三星,"三星 音频基座,0,1.00
A1001693,2019/10/27,NM-18520,二级,华东,江苏,办公用品,标签,Smead,"Smead 有色标签,0,1.00
A1001704,2019/10/30,JD-16150,二级,华东,安徽,办公用品,装订机,Acco,"Acco 标签,0,1.00
A1001705,2019/10/30,AH-10690,标准级,华北,河北,家具,椅子,Novimex,"Novimex 摇椅,0,1.00
A1001716,2019/11/1,EH-13765,一级,中南,湖北,办公用品,标签,Harbour Creations,"Harbour Creations 圆形标签,0,1.00
A1001715,2019/11/1,RW-19630,标准级,西南,云南,技术,配件,贝尔金,"贝尔金 路由器,0,1.00
A1001717,2019/11/1,RW-19630,标准级,华北,河北,办公用品,收纳具,Tenex,"Tenex 锁柜,0,1.00
A1001714,2019/11/1,SP-20620,标准级,东北,辽宁,办公用品,系固件,Stockwell,"Stockwell 按钉,0,1.00
A1001721,2019/11/2,MG-17875,标准级,华东,江苏,技术,设备,爱普生,"爱普生 打印机,0,1.00
A1001724,2019/11/3,KB-16240,标准级,东北,黑龙江,办公用品,装订机,Avery,"Avery 装订机盖,0,1.00
A1001731,2019/11/5,JK-16120,标准级,西北,新疆,家具,椅子,Novimex,"Novimex 凳子,0,1.00
A1001737,2019/11/6,HW-14935,标准级,东北,黑龙江,办公用品,器具,Cuisinart,"Cuisinart 微波炉,0,1.00
A1001743,2019/11/7,HA-14920,标准级,华东,上海,办公用品,标签,Novimex,"Novimex 文件夹标签,0,1.00
A1001751,2019/11/8,ML-17395,二级,中南,河南,办公用品,装订机,Wilson Jones,"Wilson Jones 标签,0,1.00
A1001751,2019/11/8,SU-20665,二级,中南,河南,技术,设备,爱普生,"爱普生 卡片打印机,0,1.00
A1001752,2019/11/9,JL-15835,一级,中南,河南,办公用品,信封,Ames,"Ames 邮寄品,0,1.00
A1001756,2019/11/12,SB-20290,一级,西北,甘肃,技术,电话,三星,"三星 智能手机,0,1.00
A1001764,2019/11/13,ME-17320,二级,华北,北京,家具,椅子,Novimex,"Novimex 扶手椅,0,1.00
A1001766,2019/11/14,MD-17350,标准级,中南,广东,办公用品,收纳具,Tenex,"Tenex 锁柜,0,1.00
A1001770,2019/11/15,GT-14755,标准级,华北,北京,办公用品,系固件,Advantus,"Advantus 回形针,0,1.00
A1001769,2019/11/15,JK-15640,标准级,华东,山东,技术,电话,思科,"思科 耳机,0,1.00
A1001769,2019/11/15,JK-15640,标准级,华东,山东,技术,电话,苹果,"苹果 智能手机,0,1.00
A1001779,2019/11/17,KD-16495,标准级,中南,湖南,办公用品,收纳具,Tenex,"Tenex 盒,0,1.00
A1001782,2019/11/19,FM-14290,标准级,华东,上海,办公用品,信封,Jiffy,"Jiffy 局间信封,0,1.00
A1001781,2019/11/19,NZ-18565,标准级,西南,云南,技术,设备,柯尼卡,"柯尼卡 打印机,0,1.00
A1001786,2019/11/20,NP-18700,二级,中南,河南,技术,电话,思科,"思科 办公室电话机,0,1.00
A1001792,2019/11/22,AB-10255,标准级,西南,四川,办公用品,纸张,施乐,"施乐 令,0,1.00
A1001794,2019/11/22,SC-20770,标准级,华北,河北,办公用品,收纳具,Tenex,"Tenex 搁板,0,1.00
A1001795,2019/11/22,JH-15985,标准级,华北,天津,办公用品,装订机,Wilson Jones,"Wilson Jones 打孔机,0,1.00
A1001798,2019/11/23,PP-18955,二级,华东,安徽,办公用品,收纳具,Rogers,"Rogers 文件夹,0,1.00
A1003007,2020/11/8,CL-12565,一级,华东,江苏,家具,椅子,Harbour Creations,"Harbour Creations 椅垫,0,1.00
A1003035,2020/11/13,CC-12430,一级,中南,广东,家具,椅子,Novimex,"Novimex 沙滩椅,0,1.00
A1003235,2020/12/27,VW-21775,一级,华东,山东,技术,复印机,Hewlett,"Hewlett 传真机,0,1.00
A1003251,2020/12/31,CA-11965,标准级,华东,福建,办公用品,收纳具,Rogers,"Rogers 文件车,0,1.00
A1003252,2020/12/31,GT-14710,标准级,东北,黑龙江,办公用品,收纳具,Eldon,"Eldon 盒,0,1.00
A1003252,2020/12/31,VF-21715,标准级,东北,黑龙江,家具,椅子,Hon,"Hon 扶手椅,0,1.00
A1003255,2020/12/31,JH-16180,标准级,华东,上海,办公用品,器具,Hamilton Beach,"Hamilton Beach 微波炉,0,1.00
A1003422,2021/2/28,HA-14905,一级,西北,陕西,办公用品,收纳具,Fellowes,"Fellowes 盒,0,1.00
A1004469,2021/10/10,ED-13885,标准级,中南,湖南,家具,用具,Eldon,"Eldon 闹钟,0,1.00
A1004469,2021/10/10,BP-11050,标准级,中南,湖南,技术,电话,思科,"思科 智能手机,0,1.00
A1004470,2021/10/12,SC-20095,标准级,中南,河南,办公用品,系固件,Stockwell,"Stockwell 图钉,0,1.00
A1004470,2021/10/12,RP-19390,标准级,中南,河南,家具,用具,Eldon,"Eldon 框架,0,1.00
A1004481,2021/10/13,DK-12835,标准级,华北,内蒙古,家具,用具,Tenex,"Tenex 分层置放架,0,1.00
A1004490,2021/10/14,BD-11500,标准级,华东,福建,技术,复印机,Brother,"Brother 个人复印机,0,1.00
A1004506,2021/10/16,DW-13585,二级,华东,福建,家具,书架,Sauder,"Sauder 墙角架,0,1.00
A1004511,2021/10/17,AB-10105,标准级,华东,福建,办公用品,信封,Kraft,"Kraft 马尼拉纸信封,0,1.00
A1004511,2021/10/17,MM-18280,标准级,华东,福建,家具,椅子,Safco,"SAFCO 椅垫,0,1.00
A1004519,2021/10/19,NS-18505,二级,华东,福建,办公用品,标签,Novimex,"Novimex 圆形标签,0,1.00
A1004532,2021/10/21,RD-19480,当日,东北,辽宁,办公用品,收纳具,Eldon,"Eldon 文件夹,0,1.00
A1004554,2021/10/26,BB-10990,标准级,华东,福建,家具,书架,宜家,"宜家 搁架,0,1.00
A1004568,2021/10/28,MH-18025,标准级,华东,浙江,办公用品,收纳具,Smead,"Smead 文件车,0,1.00
A1004582,2021/10/30,LR-16915,标准级,华北,内蒙古,办公用品,器具,Breville,"Breville 炉灶,0,1.00
A1004581,2021/10/30,NB-18655,标准级,华北,山西,办公用品,系固件,OIC,"OIC 夹子,0,1.00
A1004591,2021/11/1,KD-16615,标准级,中南,广东,家具,桌子,Barricks,"Barricks 电脑桌,0,1.00
A1004593,2021/11/2,GA-14725,标准级,华东,山东,技术,复印机,佳能,"佳能 传真机,0,1.00
A1004596,2021/11/2,SU-20665,标准级,华东,山东,家具,椅子,Novimex,"Novimex 折叠椅,0,1.00
A1004595,2021/11/2,FM-14380,标准级,华东,上海,技术,复印机,惠普,"惠普 复印机,0,1.00
A1004606,2021/11/3,SC-20305,标准级,中南,湖北,技术,电话,苹果,"苹果 信号增强器,0,1.00
A1004613,2021/11/4,CB-12025,二级,华东,山东,办公用品,收纳具,Rogers,"Rogers 文件夹,0,1.00
A1004609,2021/11/4,DB-13270,标准级,华东,山东,家具,椅子,Harbour Creations,"Harbour Creations 凳子,0,1.00
A1004615,2021/11/4,AM-10360,标准级,华东,福建,家具,椅子,Office Star,"Office Star 沙滩椅,0,1.00
A1004617,2021/11/5,MP-17965,标准级,华东,上海,办公用品,器具,Breville,"Breville 烤面包机,0,1.00
A1004622,2021/11/5,MH-17290,标准级,东北,黑龙江,技术,设备,柯尼卡,"柯尼卡 电话,0,1.00
A1004620,2021/11/5,CA-12265,标准级,华东,山东,技术,电话,思科,"思科 办公室电话机,0,1.00
A1004632,2021/11/6,AG-10495,二级,西北,甘肃,家具,桌子,Hon,"Hon 咖啡桌,0,1.00
A1004624,2021/11/6,JH-16180,一级,华东,山东,技术,复印机,Brother,"Brother 传真复印机,0,1.00
A1004635,2021/11/7,AG-10900,标准级,中南,河南,家具,书架,宜家,"宜家 书库,0,1.00
A1004641,2021/11/9,CK-12325,二级,中南,湖南,技术,设备,松下,"松下 打印机,0,1.00
A1004642,2021/11/9,CK-12325,标准级,中南,海南,办公用品,器具,Cuisinart,"Cuisinart 咖啡研磨机,0,1.00
A1004650,2021/11/11,PS-18970,二级,中南,广东,技术,复印机,惠普,"惠普 墨水,0,1.00
A1004658,2021/11/11,JF-15415,二级,中南,广东,办公用品,器具,KitchenAid,"KitchenAid 咖啡研磨机,0,1.00
A1004662,2021/11/12,CC-12670,标准级,华东,山东,办公用品,系固件,Stockwell,"Stockwell 橡皮筋,0,1.00
A1004659,2021/11/12,SF-20200,标准级,华东,山东,家具,椅子,Harbour Creations,"Harbour Creations 凳子,0,1.00
A1004677,2021/11/14,LC-17140,二级,东北,辽宁,家具,椅子,Novimex,"Novimex 摇椅,0,1.00
A1004673,2021/11/14,SC-20305,标准级,西南,重庆,办公用品,器具,Breville,"Breville 炉灶,0,1.00
A1004680,2021/11/16,RD-19810,一级,中南,河南,家具,用具,Eldon,"Eldon 分层置放架,0,1.00
A1004683,2021/11/16,NC-18535,标准级,东北,吉林,办公用品,收纳具,Fellowes,"Fellowes 盒,0,1.00
A1004711,2021/11/23,JC-15775,一级,中南,湖南,家具,椅子,Office Star,"Office Star 椅垫,0,1.00
A1004719,2021/11/23,CD-12280,标准级,西北,甘肃,办公用品,装订机,Avery,"Avery 孔加固材料,0,1.00
A1004737,2021/11/26,RD-19900,标准级,中南,湖北,家具,椅子,Office Star,"Office Star 沙滩椅,0,1.00
A1004744,2021/11/27,KT-16480,一级,中南,广东,办公用品,用品,Elite,"Elite 大剪刀,0,1.00
A1004741,2021/11/27,MS-17710,二级,华东,山东,办公用品,器具,Hamilton Beach,"Hamilton Beach 烤面包机,0,1.00
A1004746,2021/11/27,SG-20605,标准级,东北,吉林,办公用品,系固件,Advantus,"Advantus 图钉,0,1.00
A1004743,2021/11/27,MR-17545,标准级,华东,山东,技术,电话,三星,"三星 智能手机,0,1.00
A1004755,2021/11/30,SC-20020,二级,西北,新疆,办公用品,器具,Hamilton Beach,"Hamilton Beach 炉灶,0,1.00
A1004780,2021/12/4,BF-11005,标准级,华东,山东,办公用品,收纳具,Smead,"Smead 文件夹,0,1.00
A1004774,2021/12/4,KD-16495,二级,西南,四川,办公用品,器具,KitchenAid,"KitchenAid 咖啡研磨机,0,1.00
A1004775,2021/12/4,EG-13900,标准级,华东,安徽,办公用品,用品,Kleencut,"Kleencut 大剪刀,0,1.00
A1004775,2021/12/4,BF-11080,标准级,华东,安徽,家具,书架,Safco,"Safco 书库,0,1.00
A1004790,2021/12/7,MZ-17515,二级,西南,四川,技术,电话,苹果,"苹果 智能手机,0,1.00
A1004791,2021/12/7,ME-17725,标准级,东北,吉林,家具,椅子,Hon,"Hon 沙滩椅,0,1.00
A1004811,2021/12/10,GM-14500,标准级,东北,黑龙江,办公用品,器具,Cuisinart,"Cuisinart 微波炉,0,1.00
A1004811,2021/12/10,CS-12490,标准级,东北,黑龙江,技术,设备,柯尼卡,"柯尼卡 计算器,0,1.00
A1004821,2021/12/11,EP-13915,标准级,中南,河南,办公用品,装订机,Avery,"Avery 打孔机,0,1.00
A1004818,2021/12/11,EP-13915,标准级,华东,安徽,办公用品,器具,Cuisinart,"Cuisinart 炉灶,0,1.00
A1004839,2021/12/15,MD-17350,二级,西北,陕西,技术,电话,苹果,"苹果 耳机,0,1.00
A1004838,2021/12/15,DK-13375,标准级,东北,辽宁,办公用品,标签,Novimex,"Novimex 合法证物标签,0,1.00
A1004837,2021/12/15,TW-21025,标准级,西南,云南,办公用品,标签,Hon,"Hon 可去除的标签,0,1.00
A1004846,2021/12/16,EB-14170,二级,东北,黑龙江,家具,桌子,Hon,"Hon 电脑桌,0,1.00
A1004842,2021/12/16,NC-18535,标准级,东北,吉林,家具,桌子,Lesro,"Lesro 会议桌,0,1.00
A1004840,2021/12/16,NF-18475,标准级,东北,黑龙江,家具,椅子,Hon,"Hon 凳子,0,1.00
A1004855,2021/12/18,SC-20050,标准级,华东,福建,办公用品,收纳具,Rogers,"Rogers 搁板,0,1.00
A1004860,2021/12/19,PF-19225,标准级,华北,山西,办公用品,系固件,OIC,"OIC 图钉,0,1.00
A1004862,2021/12/21,CL-12565,一级,华东,江苏,办公用品,器具,Hoover,"Hoover 烤面包机,0,1.00
A1004864,2021/12/21,KH-16360,二级,华东,山东,家具,椅子,Harbour Creations,"Harbour Creations 椅垫,0,1.00
A1004861,2021/12/21,GM-14500,标准级,西南,重庆,技术,复印机,夏普,"夏普 个人复印机,0,1.00
A1004873,2021/12/22,SW-20245,当日,华北,内蒙古,办公用品,器具,Hoover,"Hoover 微波炉,0,1.00
A1004876,2021/12/22,DJ-13510,当日,华东,福建,技术,复印机,佳能,"佳能 复印机,0,1.00
A1004874,2021/12/22,BD-11560,二级,中南,湖北,技术,配件,罗技,"罗技 鼠标,0,1.00
A1004880,2021/12/23,RD-19720,当日,华东,安徽,办公用品,系固件,OIC,"OIC 橡皮筋,0,1.00
A1004882,2021/12/23,JP-16135,标准级,华北,山西,办公用品,系固件,Stockwell,"Stockwell 按钉,0,1.00
A1004881,2021/12/23,SH-19975,标准级,中南,河南,办公用品,装订机,Wilson Jones,"Wilson Jones 孔加固材料,0,1.00
A1004889,2021/12/24,JP-15460,标准级,华东,上海,家具,桌子,Bevis,"Bevis 圆桌,0,1.00
A1004893,2021/12/24,FM-14380,标准级,华东,安徽,技术,复印机,夏普,"夏普 传真机,0,1.00
A1004911,2021/12/29,GT-14635,二级,东北,黑龙江,家具,椅子,Office Star,"Office Star 扶手椅,0,1.00
A1004927,2021/12/30,JD-15895,当日,西北,甘肃,技术,配件,贝尔金,"贝尔金 路由器,0,1.00
A1004922,2021/12/30,IM-15070,标准级,中南,广西,家具,桌子,Chromcraft,"Chromcraft 培训桌,0,1.00
